CALSPHERE 1
1 00900U 64063C   26263.17531861  .00000431  00000+0  42837-3 0  9993
2 00900  90.2179  73.9688 0026099   9.2904 109.6118 13.76708315 84492
CALSPHERE 2
1 00902U 64063E   26262.94055013  .00000031  00000+0  34017-4 0  9997
2 00902  90.2290  78.0218 0017221 316.8762 200.2477 13.52906453869077
TEMPSAT 1
1 01512U 65065E   26263.11351894  .00000049  00000+0  81190-4 0  9997
2 01512  90.0070 212.6153 0069301 343.7234  27.3106 13.33598779972701
CALSPHERE 4A
1 01520U 65065H   26263.03818854  .00000070  00000+0  11630-3 0  9996
2 01520  89.8893 121.5283 0069001 194.5870 312.0989 13.36291672975370
OPS 5712 (P/L 160)
1 02826U 67053A   26263.18610824  .00004117  00000+0  56982-3 0  9993
2 02826  69.9161 165.2448 0003848 269.0330  91.0377 14.78769283 80277
SURCAL 159
1 02872U 67053F   26263.13762338  .00000030  00000+0  57054-4 0  9999
2 02872  69.9743 156.3658 0007837 331.9967  28.0718 13.99620997 23495
OPS 5712 (P/L 153)
1 02874U 67053H   26263.00520031  .00000003  00000+0  40390-4 0  9994
2 02874  69.9718 272.0683 0004698  61.0302 299.1275 13.96839607 20032
RIGIDSPHERE 2 (LCS 4)
1 05398U 71067E   26263.18156370  .00000349  00000+0  10766-3 0  9994
2 05398  87.6204 312.4428 0057429 277.8368  81.6314 14.37959703887538
OSCAR 7 (AO-7)
1 07530U 74089B   26263.01476802 -.00000045  00000+0  98815-5 0  9995
2 07530 101.9920 277.2524 0011997 311.4967  75.2520 12.53699604372408
STARLETTE
1 07646U 75010A   26263.01131149 -.00000144  00000+0  61063-7 0  9997
2 07646  49.8227  90.3072 0205607  16.3067 344.4315 13.82351658607651
LAGEOS 1
1 08820U 76039A   26261.95030091  .00000003  00000+0  00000+0 0  9998
2 08820 109.8183 211.4244 0044610 282.1745 255.4351  6.38664882919120
UOSAT 2 (UO-11)
1 14781U 84021B   26263.18935485  .00001052  00000+0  11210-3 0  9993
2 14781  97.8181 227.7740 0006408 221.8303 138.2426 14.91001415271285
AJISAI (EGS)
1 16908U 86061A   26263.19435279 -.00000088  00000+0  68458-4 0  9995
2 16908  50.0079 215.2503 0011359  62.0631 257.8383 12.44517426492212
COSMOS 1989 (ETALON 1)
1 19751U 89001C   26263.22323706  .00000034  00000+0  00000+0 0  9990
2 19751  65.0062  68.9487 0023421 217.3889 314.2906  2.13156097293391
COSMOS 2024 (ETALON 2)
1 20026U 89039C   26262.37526569 -.00000022  00000+0  00000+0 0  9993
2 20026  64.8728 307.2858 0020884 212.1962 202.8066  2.13204769290510
LUSAT (LO-19)
1 20442U 90005G   26263.06653483  .00000040  00000+0  30961-4 0  9996
2 20442  98.8820 287.4719 0010507 289.6266  70.3784 14.34144701915990
STELLA
1 22824U 93061B   26263.16296169 -.00000052  00000+0 -27346-5 0  9991
2 22824  98.7627 327.7091 0005745 329.3679  61.7613 14.27472482718324
EYESAT A (AO-27)
1 22825U 93061C   26263.16552080  .00000029  00000+0  28062-4 0  9996
2 22825  98.6789 330.5008 0008483 174.2728 185.8553 14.30962074720584
ITAMSAT (IO-26)
1 22826U 93061D   26263.11656110  .00000033  00000+0  29246-4 0  9991
2 22826  98.6736 330.3794 0009321 158.3201 201.8378 14.31391062720890
RADIO ROSTO (RS15)
1 23439U 94085A   26263.19065186 -.00000041  00000+0  32523-4 0  9996
2 23439  64.8154 149.5686 0159270 346.8269  12.8520 11.27583932306617
POLAR
1 23802U 96013A   26261.23665666  .00000151  00000+0  00000+0 0  9996
2 23802  79.9864 225.9326 6565887 205.8914  96.3393  1.29845729146060
USA 119
1 23893U 96029A   26263.10626720  .00000604  00000+0  11370-3 0  9998
2 23893  63.3176 303.5964 0855982  50.6880 316.6919 13.46509053118053
JAS-2 (FO-29)
1 24278U 96046B   26262.79767312  .00000004  00000+0  40673-4 0  9995
2 24278  98.5165  98.6980 0349339 210.7684 147.2558 13.53278316485961
NAVSTAR 43 (USA 132)
1 24876U 97035A   26262.43332015  .00000018  00000+0  00000+0 0  9997
2 24876  56.0492  94.8895 0106019  58.9668 302.1365  2.00564524213843
FORTE
1 24920U 97047A   26263.15070103  .00000088  00000+0  58767-4 0  9992
2 24920  69.9535 159.5198 0020521 155.5347 204.6754 14.27975783512249
ORBCOMM FM04
1 25159U 98007C   26263.21651523  .00000520  00000+0  22302-3 0  9998
2 25159 107.9603   5.0039 0040194 162.8880 197.3625 14.35870099490235
CELESTIS-02 & TAURUS R/B
1 25160U 98007D   26263.20383428 -.00000041  00000+0  38915-4 0  9992
2 25160 108.0050 164.1975 0063039 329.4936 185.0447 14.22506292484020
TECHSAT 1B (GO-32)
1 25397U 98043D   26262.96213589  .00000023  00000+0  29983-4 0  9990
2 25397  99.0159 258.1495 0000764   0.4741 359.6438 14.24443408464824
WESTPAC
1 25398U 98043E   26262.69482041 -.00000018  00000+0  12817-4 0  9995
2 25398  99.0243 251.0248 0000705 350.7840   9.3324 14.23057716464389
ISS (ZARYA)
1 25544U 98067A   26263.14255447  .00007470  00000+0  14267-3 0  9991
2 25544  51.6307 190.1401 0004820 160.6694 199.4478 15.49188396586472
SWAS
1 25560U 98071A   26263.21678850  .00002267  00000+0  14517-3 0  9996
2 25560  69.8974 342.3604 0002886 124.8031 235.3405 15.10124677511618
ISS (UNITY)
1 25575U 98069F   26263.14255447  .00007470  00000+0  14267-3 0  9997
2 25575  51.6307 190.1401 0004820 160.6694 199.4478 15.49188396586757
DLR-TUBSAT
1 25757U 99029B   26262.81034425  .00000044  00000+0  22726-4 0  9990
2 25757  98.6773 261.4635 0015232  64.6813 295.5957 14.52445628446980
CXO
1 25867U 99040B   26264.57838639  .00000964  00000+0  00000+0 0  9996
2 25867  57.4713 114.1840 7687429 309.3021   0.4302  0.37796833 17684
NAVSTAR 46 (USA 145)
1 25933U 99055A   26263.03501536 -.00000017  00000+0  00000+0 0  9999
2 25933  51.3778 291.3092 0104584 180.3861 186.3140  2.00557610197488
XMM-NEWTON
1 25989U 99066A   26265.08847595  .00000159  00000+0  00000+0 0  9993
2 25989  63.9806 281.7304 4648592  63.1557   0.0828  0.50124859 23497
TERRA
1 25994U 99068A   26263.13013920  .00000189  00000+0  47342-4 0  9990
2 25994  97.9361 308.8685 0001019 315.3518  67.2112 14.61162595423470
IMAGE
1 26113U 00017A   26258.39615380  .00000095  00000+0  00000+0 0  9991
2 26113  94.2859 316.5027 7374933 277.7380  11.9141  1.68668625163023
ISS (ZVEZDA)
1 26400U 00037A   26263.14255447  .00007470  00000+0  14267-3 0  9993
2 26400  51.6307 190.1401 0004820 160.6694 199.4478 15.49188396586878
NAVSTAR 48 (USA 151)
1 26407U 00040A   26262.83702515  .00000003  00000+0  00000+0 0  9993
2 26407  54.8377 211.4058 0117953 303.9320 280.2100  2.00558455191842
NAVSTAR 49 (USA 154)
1 26605U 00071A   26262.63440652  .00000019  00000+0  00000+0 0  9993
2 26605  55.6834  91.2244 0174558 267.0614  97.0546  2.00561456189413
ISS (DESTINY)
1 26700U 01006B   26263.14255447  .00007470  00000+0  14267-3 0  9993
2 26700  51.6307 190.1401 0004820 160.6694 199.4478 15.49188396586916
PCSAT (NO-44)
1 26931U 01043C   26263.21788789  .00000036  00000+0  44436-4 0  9991
2 26931  67.0532 358.4725 0005840 273.0140  87.0293 14.31985037304056
PROBA-1
1 26958U 01049B   26263.17654913  .00002090  00000+0  13649-3 0  9995
2 26958  97.9628 275.0624 0054852 160.1417 200.1963 15.07819267357937
TIMED
1 26998U 01055B   26263.14146050  .00000782  00000+0  74275-4 0  9990
2 26998  74.0679  43.7989 0001720 231.8310 128.2720 14.95464106345012
MAROC-TUBSAT
1 27004U 01056D   26263.01504132 -.00000025  00000+0  24372-4 0  9999
2 27004  99.8136  81.6981 0019055 259.9462 252.5485 13.70265688239170
COSMOS 2385
1 27056U 01058B   26263.23301852  .00000061  00000+0  29035-3 0  9995
2 27056  82.5404 159.0874 0007060  26.7214 102.3395 12.60566892137755
COSMOS 2386
1 27057U 01058C   26262.14368922  .00000008  00000+0 -14226-4 0  9995
2 27057  82.5470 154.0425 0000826  78.8792 281.2391 12.61617606138359
AQUA
1 27424U 02022A   26263.18009868  .00000461  00000+0  10136-3 0  9998
2 27424  98.4401 234.4168 0001472  65.2313  25.6303 14.62206868297155
COSMOS 2390
1 27464U 02036A   26263.13702078 -.00000011  00000+0 -15094-3 0  9996
2 27464  82.4803 285.5848 0026482  52.5370 307.8113 12.44624832 99483
COSMOS 2391
1 27465U 02036B   26263.12909012 -.00000008  00000+0 -12676-3 0  9992
2 27465  82.4793 282.0815 0027233  46.6391 313.6953 12.44947897 99666
LATINSAT B
1 27606U 02058B   26262.87641528  .00000332  00000+0  64463-4 0  9999
2 27606  64.5553 320.4793 0085429 251.4800 107.7006 14.77126711276088
SAUDISAT 1C (SO-50)
1 27607U 02058C   26262.21781256  .00000644  00000+0  93607-4 0  9999
2 27607  64.5523 198.0161 0071734 245.1928 114.1705 14.83218520278402
LATINSAT A
1 27612U 02058H   26263.07583431  .00000624  00000+0  88112-4 0  9998
2 27612  64.5556  26.9287 0047150 233.5800 126.0956 14.85610137281728
CORIOLIS
1 27640U 03001A   26262.97178205  .00000040  00000+0  39631-4 0  9999
2 27640  98.7172 268.4277 0013038 302.7517  57.2402 14.19967039227674
NAVSTAR 51 (USA 166)
1 27663U 03005A   26260.85852075  .00000017  00000+0  00000+0 0  9994
2 27663  54.8679 211.2898 0150561  53.6734 317.9316  2.00555608173172
NAVSTAR 52 (USA 168)
1 27704U 03010A   26262.25503685 -.00000078  00000+0  00000+0 0  9990
2 27704  54.7489 321.7127 0006739 254.0312 105.8607  1.91455025171721
MOST
1 27843U 03031D   26262.96473720  .00000029  00000+0  33243-4 0  9996
2 27843  98.7086 269.3835 0009513 345.4004  14.6897 14.21338419204173
CUTE-1 (CO-55)
1 27844U 03031E   26262.30825485  .00000177  00000+0  95427-4 0  9990
2 27844  98.6773 269.7000 0008369 273.0739  86.9482 14.24383016205071
CUBESAT XI-IV (CO-57)
1 27848U 03031J   26262.97670074  .00000139  00000+0  80276-4 0  9993
2 27848  98.6806 269.9965 0008369 292.3957  67.6334 14.23661736204865
SCISAT 1
1 27858U 03036A   26262.89903458  .00000295  00000+0  42268-4 0  9997
2 27858  73.9324 343.1469 0006939  14.1618 345.9752 14.81541737245476
COSMOS 2400
1 27868U 03037A   26263.19624866 -.00000042  00000+0 -36068-3 0  9998
2 27868  82.4659 270.2709 0020902 204.6833 155.3250 12.45191060 49365
COSMOS 2401
1 27869U 03037B   26263.13482243 -.00000020  00000+0 -20859-3 0  9991
2 27869  82.4650 266.6458 0021719 199.9326 160.0909 12.45504214 49595
MOZHAETS 4 (RS22)
1 27939U 03042A   26263.21982360  .00000295  00000+0  53533-4 0  9997
2 27939  98.3485  90.2931 0010780 333.7987 137.9700 14.73604688229545
LARETS
1 27944U 03042F   26263.19348411  .00000009  00000+0  11393-4 0  9994
2 27944  98.4268  67.4567 0013505  99.1715 261.1015 14.63881912227264
DMSP 5D-3 F16 (USA 172)
1 28054U 03048A   26263.16727037  .00000016  00000+0  31996-4 0  9994
2 28054  98.9861 287.6098 0006170 232.8767 207.2468 14.14491252182914
CHUANGXIN 1 (CX-1)
1 28058U 03049B   26263.14908562  .00000116  00000+0  43004-4 0  9995
2 28058  98.4948 162.8509 0011277 253.5824 106.4130 14.48622025210029
NAVSTAR 53 (USA 175)
1 28129U 03058A   26261.98473460 -.00000091  00000+0  00000+0 0  9995
2 28129  55.0787  19.8030 0000965 279.5326  80.4676  1.92678577166276
NAVSTAR 54 (USA 177)
1 28190U 04009A   26263.13051406  .00000023  00000+0  00000+0 0  9995
2 28190  54.7573 271.8427 0118151 176.6731 189.1111  2.00573600164851
SHIYAN-1 (SY-1)
1 28220U 04012A   26263.16950269  .00010065  00000+0  28959-3 0  9995
2 28220  97.8632 347.5403 0005949  52.6785 307.4998 15.35987592225662
NAVSTAR 55 (USA 178)
1 28361U 04023A   26260.88090086 -.00000006  00000+0  00000+0 0  9999
2 28361  54.9330  82.9684 0158724 304.2584  57.2172  2.00561299162902
APRIZESAT 2
1 28366U 04025A   26262.91219899  .00000077  00000+0  37520-4 0  9996
2 28366  98.1130  63.5905 0104734 324.7459  34.6831 14.38068300165257
SAUDICOMSAT 1
1 28369U 04025D   26263.02179067  .00000188  00000+0  54181-4 0  9999
2 28369  98.5791 275.7253 0033336  92.9514 267.5498 14.55528172177925
SAUDICOMSAT 2
1 28370U 04025E   26263.00754102  .00000148  00000+0  50139-4 0  9993
2 28370  98.6649 277.9383 0055030 333.4127  26.4246 14.50026441173843
SAUDISAT 2
1 28371U 04025F   26262.81875761  .00000152  00000+0  44885-4 0  9993
2 28371  98.5570 265.2755 0024873   8.9861 351.1776 14.56727729179529
APRIZESAT 1
1 28372U 04025G   26262.30158772  .00000120  00000+0  41601-4 0  9992
2 28372  98.6322 275.6000 0043656 228.1351 131.6114 14.51819093175562
AURA
1 28376U 04026A   26263.15729877  .00000471  00000+0  10488-3 0  9998
2 28376  98.3524 220.4501 0001422  68.1750 291.9602 14.61445755180087
COSMOS 2407
1 28380U 04028A   26263.21686950  .00000045  00000+0  30790-4 0  9992
2 28380  82.9650   4.4436 0038816 348.5813  21.4678 13.76340660112954
SHIJIAN-6 01A (SJ-6 01A)
1 28413U 04035A   26263.04986150  .00004357  00000+0  21063-3 0  9995
2 28413  97.5824 290.4619 0006701 152.8243 207.3343 15.19140942201860
SHIJIAN-6 01B (SJ-6 01B)
1 28414U 04035B   26263.22501897  .00001404  00000+0  98214-4 0  9990
2 28414  97.6052 279.9088 0004971 154.0936 206.0541 15.06880990201133
COSMOS 2408
1 28419U 04037A   26263.18373800  .00000011  00000+0  93663-5 0  9990
2 28419  82.4797 266.3457 0017113  62.2665 298.0150 12.45681897999739
COSMOS 2409
1 28420U 04037B   26263.17114995  .00000008  00000+0 -16083-4 0  9996
2 28420  82.4799 269.6226 0014812  73.2301 287.0404 12.45324383999379
JB-3 3 (ZY 2C)
1 28470U 04044A   26263.14680066  .00002576  00000+0  12159-3 0  9993
2 28470  97.2891  53.3897 0031381 247.0095 112.7829 15.19903073202201
NAVSTAR 56 (USA 180)
1 28474U 04045A   26263.10898169 -.00000067  00000+0  00000+0 0  9991
2 28474  55.0741 321.0674 0172362 318.7580  95.4273  2.00560172160331
NANOSAT-1
1 28493U 04049B   26262.60260794  .00000627  00000+0  89539-4 0  9997
2 28493  98.2414  41.6566 0003939   8.2830 351.8445 14.80314856169410
COSMOS 2414
1 28521U 05002A   26262.54339725  .00000046  00000+0  25349-4 0  9997
2 28521  82.9529 332.2793 0041323  61.5028 299.0287 13.87934379 96904
IRS-P5 (CARTOSAT-1)
1 28649U 05017A   26262.29199963  .00000731  00000+0  78799-4 0  9992
2 28649  97.5291 281.0901 0002628  97.6377 262.5141 14.91246654157840
SJ-7
1 28737U 05024A   26262.81910291  .00004804  00000+0  20854-3 0  9994
2 28737  97.7233 295.5228 0016640  66.0887 294.2090 15.22713094162420
REIMEI (INDEX)
1 28810U 05031B   26262.60714459  .00003110  00000+0  18623-3 0  9999
2 28810  98.0253  31.1833 0019922 147.9013 212.3433 15.11674242145253
NAVSTAR 57 (USA 183)
1 28874U 05038A   26263.09202426  .00000026  00000+0  00000+0 0  9995
2 28874  54.8075 269.3390 0128765 297.6760  69.7698  2.00559277153740
BEIJING 1
1 28890U 05043A   26263.18115350  .00000160  00000+0  40272-4 0  9997
2 28890  98.3050  36.9962 0014390 349.9334  10.1577 14.63578636114546
SINAH 1
1 28893U 05043D   26263.18055615  .00000175  00000+0  42595-4 0  9993
2 28893  98.2995  38.1342 0013973 343.8658  16.2097 14.64211334114421
CUBESAT XI-V
1 28895U 05043F   26263.18061347  .00000826  00000+0  13738-3 0  9993
2 28895  98.3108  60.8821 0012770 263.6618  96.3135 14.72835202115735
COSMOS 2416 (RODNIK-S 1)
1 28908U 05048A   26262.93114285  .00000029  00000+0  11557-3 0  9997
2 28908  82.4640 247.0579 0007221 327.2301  59.7996 12.55603265950797
RESURS-DK 1
1 29228U 06021A   26263.14777596  .00001429  00000+0  85642-4 0  9991
2 29228  69.9299  93.6741 0005132 211.0363 149.0501 15.13527039116943
ARIRANG-2 (KOMPSAT-2)
1 29268U 06031A   26263.19380384  .00000019  00000+0  12073-4 0  9998
2 29268  97.8343  83.0734 0015383 128.2238 351.7752 14.64706081 75384
HINODE (SOLAR-B)
1 29479U 06041A   26262.88519139  .00000339  00000+0  66585-4 0  9992
2 29479  98.0550 277.6475 0017156 352.2776   7.8163 14.68724446 68779
NAVSTAR 58 (USA 190)
1 29486U 06042A   26262.47493903 -.00000020  00000+0  00000+0 0  9999
2 29486  54.7158 147.5934 0108964  57.3279 124.8096  2.00565127146284
SHIJIAN-6 02A (SJ-6 02A)
1 29505U 06046A   26263.18153527  .00003945  00000+0  19832-3 0  9994
2 29505  97.6287 304.9808 0003636 145.4780 214.6689 15.17846825 86671
SHIJIAN-6 02B (SJ-6 02B)
1 29506U 06046B   26263.18053815  .00000479  00000+0  41627-4 0  9991
2 29506  97.6975 291.5796 0015944 110.2481 250.0459 15.01483111 84996
DMSP 5D-3 F17 (USA 191)
1 29522U 06050A   26263.20530147  .00000092  00000+0  69999-4 0  9998
2 29522  98.7428 267.8514 0010792 139.7583 220.4392 14.15008827 25867
NAVSTAR 59 (USA 192)
1 29601U 06052A   26262.15238766  .00000007  00000+0  00000+0 0  9992
2 29601  54.9225 210.2844 0085633  91.1420 269.8263  2.00563302145298
LAPAN-TUBSAT
1 29709U 07001A   26263.19815208  .00000014  00000+0  82105-5 0  9993
2 29709  98.1413 264.6000 0010826 233.5104 126.5114 14.86029771 65262
HAIYANG-1B
1 31113U 07010A   26263.16552230  .00000055  00000+0  36774-4 0  9990
2 31113  98.3617 241.3775 0012275 281.6911  78.2895 14.31046463 14229
SAUDISAT 3
1 31118U 07012B   26263.12007934  .00000165  00000+0  34924-4 0  9996
2 31118  98.1553 213.6256 0013332 287.5865  72.3885 14.71472583 41702
SAUDICOMSAT 7
1 31119U 07012C   26263.17935382  .00000339  00000+0  69975-4 0  9996
2 31119  98.3903 239.3166 0054301 258.6902 100.8196 14.66204455 36353
SAUDICOMSAT 6
1 31121U 07012E   26262.70417222  .00000407  00000+0  87288-4 0  9998
2 31121  98.4224 232.0370 0072423  33.4271 327.1471 14.62635293 34007
SAUDICOMSAT 5
1 31124U 07012H   26263.22441620  .00000323  00000+0  64388-4 0  9991
2 31124  98.3615 240.0927 0047088 185.0617 175.0117 14.68259676 37549
SAUDICOMSAT 3
1 31125U 07012J   26262.67990314  .00000442  00000+0  80256-4 0  9993
2 31125  98.3266 240.0769 0040229 112.4194 248.1281 14.70821183 38715
SAUDICOMSAT 4
1 31127U 07012L   26263.18874056  .00000382  00000+0  80009-4 0  9995
2 31127  98.4109 237.7547 0062556 322.6736  37.0127 14.64598926 35197
YAOGAN-2
1 31490U 07019A   26262.36291006  .00000461  00000+0  64044-4 0  9991
2 31490  98.2500 126.0213 0019945 333.3143  26.7041 14.82785920 41579
GLOBALSTAR M069
1 31573U 07020C   26263.19485852 -.00000057  00000+0  32592-3 0  9995
2 31573  52.0067 343.2173 0001504 354.5677  26.0091 12.23475085890430
GLOBALSTAR M072
1 31574U 07020D   26262.27193257 -.00000096  00000+0 -17025-3 0  9997
2 31574  51.9920 209.7657 0001334 110.1120  57.3763 11.91659952886192
COSMO-SKYMED 1
1 31598U 07023A   26263.16521312  .00001769  00000+0  15705-3 0  9991
2 31598  97.8839  95.8468 0001800  82.4681 277.6745 14.97465725 44006
TERRASAR-X
1 31698U 07026A   26262.44926509  .00000025  00000+0  43892-5 0  9996
2 31698  97.4471 268.8201 0001571  90.6154 269.5261 15.19151780 67537
COSMOS 2428
1 31792U 07029A   26263.15027556 -.00000016  00000+0  17300-4 0  9992
2 31792  70.9439 155.1169 0011164 322.7030  37.3315 14.12977218991568
SAR-LUPE 2
1 31797U 07030A   26263.23211358  .00048707  00000+0  53595-3 0  9996
2 31797  98.1094  20.5051 0003663 167.4418 192.6930 15.63014620 71727
WORLDVIEW-1 (WV-1)
1 32060U 07041A   26263.14085365  .00004181  00000+0  17218-3 0  9999
2 32060  97.3869  21.5296 0001923  88.2320 271.9138 15.24654519 57340
NAVSTAR 60 (USA 196)
1 32260U 07047A   26262.46094800  .00000003  00000+0  00000+0 0  9991
2 32260  54.1706  76.1824 0168996  89.5854 272.3947  2.00551358138706
GLOBALSTAR M066
1 32265U 07048C   26263.06109447 -.00000101  00000+0 -56970-4 0  9991
2 32265  51.9577 145.5568 0003985 238.9524 268.0412 12.30390837871900
COSMOS 2433 [GLONASS-M]
1 32275U 07052A   26263.17495690 -.00000027  00000+0  00000+0 0  9991
2 32275  65.5183 312.7330 0005568 227.7862 132.2396  2.13104420147089
YAOGAN-3
1 32289U 07055A   26263.22679678  .00001018  00000+0  10846-3 0  9998
2 32289  97.8109 292.1602 0001736  89.4957 270.6460 14.91071271 20034
COSMO-SKYMED 2
1 32376U 07059A   26263.14841343  .00000238  00000+0  36492-4 0  9999
2 32376  97.8915  85.3946 0001339  91.3248 268.8119 14.82152411 16078
RADARSAT-2
1 32382U 07061A   26263.05827800  .00000154  00000+0  76710-4 0  9995
2 32382  98.5828 268.6515 0001255  80.7965 279.3359 14.29983566979513
NAVSTAR 61 (USA 199)
1 32384U 07062A   26262.44044977  .00000024  00000+0  00000+0 0  9996
2 32384  54.9630 270.3556 0035955 170.2079 305.3937  2.00565342137402
COSMOS 2434 [GLONASS-M]
1 32393U 07065A   26261.11346348  .00000000  00000+0  00000+0 0  9993
2 32393  64.3188 188.7833 0001751  40.2628  67.6000  2.13101315145754
COSMOS 2436 [GLONASS-M]
1 32395U 07065C   26261.99902510 -.00000007  00000+0  00000+0 0  9998
2 32395  64.3275 188.8269 0017448 359.7210 199.4072  2.13100111145725
NAVSTAR 62 (USA 201)
1 32711U 08012A   26262.86764536 -.00000017  00000+0  00000+0 0  9995
2 32711  54.5044 146.1407 0211483 248.5888 109.2123  2.00552855135653
CARTOSAT-2A
1 32783U 08021A   26263.15010872  .00000259  00000+0  41515-4 0  9992
2 32783  97.7543 308.5757 0012178 155.9689 204.2093 14.79331437992841
CUTE-1.7+APD II (CO-65)
1 32785U 08021C   26263.21871522  .00003200  00000+0  19982-3 0  9999
2 32785  97.8388 246.7226 0010384  69.6600 290.5743 15.10202048999530
CANX-2
1 32790U 08021H   26262.37652270  .00002936  00000+0  20477-3 0  9994
2 32790  97.8747 244.0777 0011661  86.3399 273.9161 15.06167348998982
SEEDS II (CO-66)
1 32791U 08021J   26262.96547176  .00014057  00000+0  40691-3 0  9995
2 32791  97.7577 265.6353 0002394  30.6292 329.5090 15.35713894  1810
YUBILEINY (RS30)
1 32953U 08025A   26263.14309272  .00000034  00000+0  17043-3 0  9998
2 32953  82.5014 296.3825 0020713 104.0952 256.2431 12.43183099831491
COSMOS 2437
1 32954U 08025B   26263.21198411 -.00000006  00000+0 -11667-3 0  9995
2 32954  82.4999 298.4001 0021629 120.8492 326.3106 12.42760831831171
COSMOS 2438
1 32955U 08025C   26263.14532860  .00000021  00000+0  76266-4 0  9990
2 32955  82.4992 293.7336 0022490  97.0131 263.3508 12.43370558831637
COSMOS 2439
1 32956U 08025D   26263.14405038  .00000037  00000+0  19225-3 0  9995
2 32956  82.5049 298.7764 0022055 107.0987 253.2511 12.43071894831510
FENGYUN 3A
1 32958U 08026A   26263.12901505  .00000035  00000+0  37245-4 0  9997
2 32958  98.6940 202.2056 0008030 208.5119 151.5619 14.19587568948877
HUANJING 1A (HJ-1A)
1 33320U 08041A   26263.23274561  .00000382  00000+0  51723-4 0  9997
2 33320  97.6796 245.4581 0018554 181.7865 178.3287 14.84166398972504
HUANJING 1B (HJ-1B)
1 33321U 08041B   26263.24588714  .00000387  00000+0  52982-4 0  9990
2 33321  97.6627 248.3495 0034825 230.2010 129.6137 14.83466385972506
GEOEYE 1
1 33331U 08042A   26263.17873250  .00000204  00000+0  47283-4 0  9992
2 33331  98.1257 335.9624 0005773 113.4975 246.6835 14.64692738964059
THEOS
1 33396U 08049A   26263.15430029 -.00000128  00000+0 -40232-4 0  9995
2 33396  98.5473 317.3079 0001309  87.1022 273.0305 14.20142442931440
SHIJIAN-6 03A (SJ-6 03A)
1 33408U 08053A   26263.19545334  .00002939  00000+0  14828-3 0  9995
2 33408  97.8348 299.8395 0012262  50.3629 309.8684 15.17922397977379
SHIJIAN-6 03B (SJ-6 03B)
1 33409U 08053B   26263.21254752  .00001600  00000+0  11841-3 0  9996
2 33409  97.8555 284.6823 0020453  80.6116 279.7421 15.04512069977030
COSMO-SKYMED 3
1 33412U 08054A   26263.21225924  .00002120  00000+0  14396-3 0  9996
2 33412  97.8149 123.3327 0014460 308.8353  51.1583 15.07456215971252
SHIYAN-3 (SY-3)
1 33433U 08056A   26262.88441968  .00000066  00000+0  41782-4 0  9998
2 33433  98.6029 288.4846 0012991 211.6520 148.3883 14.30827238932345
CHUANGXIN 1-02 (CX-1-02)
1 33434U 08056B   26263.23601497  .00000145  00000+0  72764-4 0  9996
2 33434  98.6104 288.5380 0013409 217.6516 142.3728 14.30169309932205
YAOGAN-4
1 33446U 08061A   26263.08237271  .00000572  00000+0  76224-4 0  9992
2 33446  97.9331 195.9087 0015446 118.4157 241.8616 14.83348326959733
GOSAT (IBUKI)
1 33492U 09002A   26263.11619494  .00000296  00000+0  60730-4 0  9992
2 33492  98.0963  13.0415 0001571  94.1708 265.9676 14.67534170945383
STARS (KUKAI)
1 33498U 09002G   26263.12751279  .00002209  00000+0  20095-3 0  9992
2 33498  98.1626 214.3881 0007531 209.2985 150.7813 14.96307268952679
KKS-1 (KISEKI)
1 33499U 09002H   26263.10743781  .00000870  00000+0  11304-3 0  9995
2 33499  98.1164 187.0497 0007674 353.4641   6.6471 14.83323401950260
NAVSTAR 63 (USA 203)
1 34661U 09014A   26262.51138696  .00000000  00000+0  00000+0 0  9999
2 34661  54.4706 206.8757 0146367  61.6507 104.5082  2.00569996128170
COSMOS 2451
1 35498U 09036A   26263.15230171  .00000012  00000+0  19479-4 0  9992
2 35498  82.4903  33.4147 0006807  12.6113 347.5135 12.40872121779429
COSMOS 2453
1 35500U 09036C   26263.15806008  .00000045  00000+0  26000-3 0  9997
2 35500  82.4915  28.8844 0006242 326.0316  34.0362 12.41521648779761
DEIMOS-1
1 35681U 09041A   26263.20924623  .00000481  00000+0  78043-4 0  9992
2 35681  97.7539  56.3961 0000498 137.6978 222.4270 14.75318797920896
DUBAISAT-1
1 35682U 09041B   26263.18498257  .00000556  00000+0  89586-4 0  9996
2 35682  98.0184  35.4809 0011498 122.3912 237.8412 14.75257123919102
UK-DMC 2
1 35683U 09041C   26263.19561861  .00000150  00000+0  28884-4 0  9994
2 35683  97.8971  35.9177 0001141  71.3901 288.7432 14.76144918920581
APRIZESAT 4
1 35684U 09041D   26262.92768972  .00000394  00000+0  53568-4 0  9994
2 35684  98.1340 340.1032 0043494  16.0454 344.2126 14.83994133925418
NANOSAT 1B
1 35685U 09041E   26263.17727906  .00001074  00000+0  10629-3 0  9991
2 35685  98.1270  24.9297 0048457 210.3669 149.4741 14.93318347928590
APRIZESAT 3
1 35686U 09041F   26263.18838208  .00001576  00000+0  13927-3 0  9992
2 35686  98.2191  61.0570 0062745 113.0139 247.7715 14.96466671930589
NAVSTAR 64 (USA 206)
1 35752U 09043A   26262.79800720 -.00000078  00000+0  00000+0 0  9993
2 35752  56.2656  23.7437 0051319  86.2347 234.0759  2.00576743125258
OCEANSAT-2
1 35931U 09051A   26263.20409602 -.00000102  00000+0 -43691-4 0  9999
2 35931  98.2426 240.6082 0015117 330.5374  29.4939 13.99665853892624
SWISSCUBE
1 35932U 09051B   26263.19530078  .00000591  00000+0  12601-3 0  9996
2 35932  98.3943 172.7006 0005465 281.7132  78.3455 14.62630664903043
BEESAT-1
1 35933U 09051C   26262.98121095  .00000495  00000+0  10890-3 0  9999
2 35933  98.3868 171.9170 0004187 302.4264  57.6531 14.61845269903032
ITUPSAT1
1 35935U 09051E   26263.19243245  .00000456  00000+0  10381-3 0  9999
2 35935  98.3947 171.2198 0006546 311.8089  48.2551 14.60556516902608
WORLDVIEW-2 (WV-2)
1 35946U 09055A   26263.14796707  .00000048  00000+0  30250-4 0  9991
2 35946  98.4714 335.2906 0003313 308.6126  51.4764 14.37921106889293
DMSP 5D-3 F18 (USA 210)
1 35951U 09057A   26263.18169484  .00000148  00000+0  99648-4 0  9996
2 35951  98.9157 243.7949 0010892 347.6312  12.4592 14.14943067873020
SMOS
1 36036U 09059A   26262.98264521  .00000179  00000+0  71124-4 0  9991
2 36036  98.4434  88.9414 0001276  78.2335 281.8996 14.39767527887096
PROBA-2
1 36037U 09059B   26262.73700136  .00000098  00000+0  33410-4 0  9998
2 36037  98.2482  84.8067 0013109 354.3567   5.7481 14.54895045895275
POISK
1 36086U 09060A   26263.14255447  .00007470  00000+0  14267-3 0  9999
2 36086  51.6307 190.1401 0004820 160.6694 199.4478 15.49188396586958
SJ-11-01
1 36088U 09061A   26263.21147200  .00000298  00000+0  66070-4 0  9998
2 36088  98.0174 241.5590 0012336  83.0460 333.3282 14.63761709898393
COSMOS 2455
1 36095U 09063A   26263.07401308 -.00000052  00000+0  16718-4 0  9997
2 36095  67.1500  22.1330 0005655 296.7177  63.3328 13.97057641858385
YAOGAN-7
1 36110U 09069A   26263.00115016  .00000242  00000+0  40639-4 0  9991
2 36110  97.9909 148.2105 0025949  93.1010 267.3171 14.78081374903631
COSMOS 2456 [GLONASS-M]
1 36111U 09070A   26262.64742230  .00000028  00000+0  00000+0 0  9992
2 36111  65.0719  67.7525 0001438 346.3798  16.9615  2.13103735130445
COSMOS 2457 [GLONASS-M]
1 36112U 09070B   26262.24143014  .00000024  00000+0  00000+0 0  9990
2 36112  65.0575  67.6088 0005952 133.0189  45.4037  2.13101103130430
YAOGAN-8
1 36121U 09072A   26262.94115669 -.00000260  00000+0 -67508-3 0  9998
2 36121 100.1995 142.3739 0021557 109.5754 250.7683 13.05086285801031
XIWANG-1 (HOPE-1)
1 36122U 09072B   26263.16667453 -.00000190  00000+0 -38120-3 0  9997
2 36122 100.4129 215.5157 0007903  21.7777 338.3670 13.16440322805503
COSMOS 2460 [GLONASS-M]
1 36402U 10007C   26260.14752612 -.00000047  00000+0  00000+0 0  9997
2 36402  65.3621 311.3508 0002511 218.2925 155.7385  2.13101742128690
YAOGAN-9 01A
1 36413U 10009A   26263.01958682 -.00000036  00000+0  38823-4 0  9992
2 36413  63.3615 112.7812 0545561  22.5123 339.8881 13.45717542812736
YAOGAN-9 01B
1 36414U 10009B   26263.14745659 -.00000016  00000+0  52439-4 0  9992
2 36414  63.3628 112.0920 0546436  21.6659 340.6549 13.45725525812528
YAOGAN-9 01C
1 36415U 10009C   26262.99701316 -.00000028  00000+0  44124-4 0  9992
2 36415  63.3624 112.9854 0547086  22.0019 340.3545 13.45726615812666
CRYOSAT 2
1 36508U 10013A   26263.19127749  .00000122  00000+0  29446-4 0  9999
2 36508  92.0269 300.3681 0002301  85.6720 274.4750 14.51901705871869
COSMOS 2463
1 36519U 10017A   26262.14448013  .00000053  00000+0  42026-4 0  9991
2 36519  82.9644 180.6805 0034946 228.0560 199.5303 13.71670614820811
NAVSTAR 65 (USA 213)
1 36585U 10022A   26262.93209207 -.00000006  00000+0  00000+0 0  9997
2 36585  54.2581 204.7474 0115957  55.8469 123.8181  2.00610250119491
SERVIS 2
1 36588U 10023A   26263.03330649 -.00000005  00000+0  10296-3 0  9999
2 36588 100.4285  89.3658 0017885  59.5162  92.1869 13.16058305783249
SJ-12
1 36596U 10027A   26263.23520633  .00002772  00000+0  14203-3 0  9992
2 36596  97.7611 283.2259 0007854 121.8141 238.3857 15.17447309889276
TANDEM-X
1 36605U 10030A   26262.44926590  .00000024  00000+0  43503-5 0  9996
2 36605  97.4471 268.8219 0001926  88.9610 271.1846 15.19151721900955
CARTOSAT-2B
1 36795U 10035A   26263.14618889  .00000033  00000+0  11625-4 0  9997
2 36795  97.9860 313.0396 0010160 241.6463 118.3724 14.78650344873882
ALSAT-2A
1 36798U 10035D   26263.22208382  .00000189  00000+0  35439-4 0  9993
2 36798  97.7696 261.8995 0001116  69.1688 290.9640 14.74594850867767
TISAT 1
1 36799U 10035E   26262.67225219  .00016631  00000+0  49011-3 0  9999
2 36799  98.0779 217.8973 0000379  99.5988 260.5296 15.35118982882180
BEIDOU-2 IGSO-1
1 36828U 10036A   26256.66970756 -.00000130  00000+0  00000+0 0  9997
2 36828  54.3037 162.1610 0058541 217.4777 320.7749  1.00289463 58981
YAOGAN-10
1 36834U 10038A   26263.19919416  .00000972  00000+0  11863-3 0  9994
2 36834  97.8955 285.8466 0001591  89.0813   1.8838 14.85588895871312
COSMOS 2467
1 37152U 10043A   26263.07315029  .00000023  00000+0  94694-4 0  9992
2 37152  82.4627   5.6538 0000163 128.9327 347.7182 12.42989881727299
STRELA 3
1 37153U 10043B   26263.13385395  .00000080  00000+0  52139-3 0  9993
2 37153  82.4621  19.2576 0006954 231.9615 128.0836 12.40794358726146
COSMOS 2468 (RODNIK-S 3)
1 37154U 10043C   26262.58737765  .00000020  00000+0  70796-4 0  9998
2 37154  82.4666   3.1206 0015662 103.2699 267.9466 12.43749704727610
YAOGAN-11
1 37165U 10047A   26263.10460976  .00000419  00000+0  59637-4 0  9993
2 37165  98.3696 133.6197 0033485 298.4079  61.3759 14.82200180862156
ZHEDA PIXING 1B
1 37166U 10047B   26263.17200389  .00001819  00000+0  18711-3 0  9993
2 37166  97.9602 242.1438 0018623 332.2539  27.7684 14.91482217864572
ZHEDA PIXING 1C
1 37167U 10047C   26263.18087572  .00001678  00000+0  17427-3 0  9998
2 37167  97.9891 245.8907 0018455 339.4795  20.5679 14.91211871864582
SBSS (USA 216)
1 37168U 10048A   26263.19842718  .00002357  00000+0  11343-3 0  9998
2 37168  97.7171 150.4710 0078370 234.8924 221.9584 15.17173317866876
SHIJIAN-6 04A (SJ-6 04A)
1 37179U 10051A   26263.18128226  .00002970  00000+0  14534-3 0  9990
2 37179  97.8255 289.6951 0016374 256.4532 103.4877 15.18935508871363
SHIJIAN-6 04B (SJ-6 04B)
1 37180U 10051B   26263.18676719  .00000500  00000+0  45791-4 0  9994
2 37180  97.8784 269.6203 0012414   8.2985 351.8441 14.99482976869914
GLOBALSTAR M079
1 37188U 10054A   26263.18182229 -.00000098  00000+0  34737-4 0  9994
2 37188  52.0036 179.4926 0000442  87.6628  85.7403 12.62267589734548
GLOBALSTAR M074
1 37189U 10054B   26263.09417853 -.00000101  00000+0  15479-4 0  9996
2 37189  52.0010 179.0114 0000567  53.9641 319.9243 12.62263195735145
GLOBALSTAR M076
1 37190U 10054C   26262.52195569 -.00000102  00000+0  11193-4 0  9992
2 37190  52.0021 180.9647 0000324  59.5941 112.7979 12.62263733734789
GLOBALSTAR M077
1 37191U 10054D   26263.14527752 -.00000083  00000+0 -85043-4 0  9999
2 37191  51.9964 298.2804 0002639 355.3417  38.2228 11.67547817732237
GLOBALSTAR M075
1 37192U 10054E   26262.90052228 -.00000091  00000+0  69179-4 0  9994
2 37192  51.9934 221.8121 0000536  67.2731 327.1858 12.62260558733905
GLOBALSTAR M073
1 37193U 10054F   26263.00323148 -.00000104  00000+0 -15549-5 0  9998
2 37193  52.0046 135.6730 0000557  88.2783  52.0337 12.62268110735903
FENGYUN 3B
1 37214U 10059A   26263.21252251  .00000250  00000+0  15255-3 0  9998
2 37214  98.9530 309.5874 0021066 277.8602 168.2115 14.14858255820867
COSMO-SKYMED 4
1 37216U 10060A   26263.16106688  .00000228  00000+0  35240-4 0  9990
2 37216  97.8918  85.4099 0001422  81.4507 278.6867 14.82155967858634
O/OREOS (USA 219)
1 37224U 10062C   26261.60859184  .00001582  00000+0  15374-3 0  9993
2 37224  71.9686 228.6645 0016487 250.1883 109.7510 14.94047704130594
FASTSAT-HSV01 (USA 220)
1 37225U 10062D   26263.12436993  .00000194  00000+0  31683-4 0  9992
2 37225  71.9721 308.5586 0018288 305.6734  54.2728 14.82216968128194
BEIDOU-2 IGSO-3
1 37384U 11013A   26262.82000098 -.00000154  00000+0  00000+0 0  9995
2 37384  62.5493  39.2692 0034975 183.8049 177.1911  1.00291145 56616
RESOURCESAT-2
1 37387U 11015A   26263.17606069  .00000008  00000+0  23902-4 0  9997
2 37387  98.7553 329.9175 0010881 349.3128  10.7817 14.21610290799679
YOUTHSAT
1 37388U 11015B   26262.77533891  .00000121  00000+0  68296-4 0  9996
2 37388  98.3810 232.6179 0015672  66.0208  53.0677 14.25662229801111
X-SAT
1 37389U 11015C   26263.21270785 -.00000009  00000+0  13790-4 0  9992
2 37389  98.3640 235.7626 0015284  65.4078 294.8693 14.25228938801210
SJ-11-03
1 37730U 11030A   26263.19465464  .00000334  00000+0  71730-4 0  9994
2 37730  97.9458 223.8688 0009656  90.9026  39.0677 14.64414519811015
GLOBALSTAR M083
1 37739U 11033A   26261.99269097 -.00000085  00000+0  10738-3 0  9990
2 37739  51.9843  86.8492 0000620 106.4317  59.1513 12.62259421704793
GLOBALSTAR M088
1 37740U 11033B   26263.20050610 -.00000091  00000+0  69103-4 0  9995
2 37740  52.0244 349.8277 0000545 102.6477 274.8658 12.62270312700497
GLOBALSTAR M091
1 37741U 11033C   26263.13672537 -.00000094  00000+0  53887-4 0  9991
2 37741  52.0008 312.8507 0000496 116.7134 270.4362 12.62264869701274
GLOBALSTAR M085
1 37742U 11033D   26263.04224499 -.00000100  00000+0  19506-4 0  9990
2 37742  52.0120 264.5122 0000406 111.2856 266.2085 12.62265340701773
GLOBALSTAR M081
1 37743U 11033E   26262.98935205 -.00000076  00000+0  15489-3 0  9994
2 37743  51.9943 267.0004 0000209  81.0381 296.3102 12.62266414701913
GLOBALSTAR M089
1 37744U 11033F   26262.66662058 -.00000086  00000+0  10135-3 0  9997
2 37744  51.9918 222.1225 0000545  32.7997 138.2984 12.62263729702719
NAVSTAR 66 (USA 232)
1 37753U 11036A   26262.62341498 -.00000081  00000+0  00000+0 0  9999
2 37753  56.5136 328.3424 0140612  63.0508 315.4967  2.00561236111176
BEIDOU-2 IGSO-4
1 37763U 11038A   26262.67054707 -.00000111  00000+0  00000+0 0  9995
2 37763  54.6028 164.8329 0160394 230.8500 298.4616  1.00267304 55590
SJ-11-02
1 37765U 11039A   26262.48512461  .00000248  00000+0  56038-4 0  9990
2 37765  98.2467 152.7504 0009983 334.1812 199.2344 14.64556132807757
HAIYANG-2A
1 37781U 11043A   26263.22859150 -.00000255  00000+0 -23565-3 0  9993
2 37781  99.3461 263.5577 0003753 112.3858 247.7687 13.71332466759694
NIGERIASAT-2
1 37789U 11044B   26263.20346892  .00000360  00000+0  66918-4 0  9999
2 37789  97.8906 237.2735 0029789 175.5955 311.4516 14.70584151804533
NIGERIASAT-X
1 37790U 11044C   26263.20235005  .00000215  00000+0  52869-4 0  9993
2 37790  97.8665 242.5918 0013213  40.4694 319.7488 14.60921204804042
RASAT
1 37791U 11044D   26263.24769341  .00000427  00000+0  82463-4 0  9991
2 37791  98.0554 353.1872 0019183 250.0046 167.8191 14.68240347807139
APRIZESAT 5
1 37792U 11044E   26263.05843970  .00000676  00000+0  92202-4 0  9990
2 37792  98.2483 198.8056 0053265  57.9299 302.7069 14.81215502812831
APRIZESAT 6
1 37793U 11044F   26262.53916912  .00000378  00000+0  60662-4 0  9994
2 37793  98.2283 174.9314 0043767 142.5206  31.9123 14.77025845811078
TACSAT 4
1 37818U 11052A   26258.70440043  .00001259  00000+0  49095-3 0  9997
2 37818  62.8473  57.7712 4628448 286.5725  28.7829  6.15746560330360
GSAT0101 (GALILEO-PFM)
1 37846U 11060A   26261.11544614 -.00000096  00000+0  00000+0 0  9993
2 37846  56.9565 339.2412 0000201 333.5692  26.4822  1.70475808 92706
GSAT0102 (GALILEO-FM2)
1 37847U 11060B   26262.74194863 -.00000089  00000+0  00000+0 0  9993
2 37847  56.9563 339.1974 0002362 310.0842  13.8998  1.70476155 92737
SUOMI NPP
1 37849U 11061A   26263.14374844  .00000052  00000+0  45659-4 0  9993
2 37849  98.8011 203.3913 0002752  65.2893 294.8569 14.19534075771917
COSMOS 2476 [GLONASS-M]
1 37867U 11064A   26260.41229149  .00000009  00000+0  00000+0 0  9998
2 37867  65.3277  69.7606 0022592 230.6839 126.2452  2.13103742115729
COSMOS 2477 [GLONASS-M]
1 37868U 11064B   26262.56764334  .00000031  00000+0  00000+0 0  9992
2 37868  65.3351  69.7679 0019593 230.4390 160.0639  2.13103024115771
COSMOS 2475 [GLONASS-M]
1 37869U 11064C   26262.58335014  .00000031  00000+0  00000+0 0  9994
2 37869  65.3423  69.7899 0024728 245.7583 111.5105  2.13101769115778
YAOGAN-12
1 37875U 11066B   26263.21710016  .00002052  00000+0  79044-4 0  9997
2 37875  97.1074 297.3279 0008322 241.4596 118.5807 15.27401051826546
CHUANGXIN 1-03 (CX-1-03)
1 37930U 11068A   26263.22654203  .00000065  00000+0  41922-4 0  9993
2 37930  98.6983 280.8509 0014510 193.7330 233.3513 14.30554639774240
SHIYAN-4 (SY-4)
1 37931U 11068B   26262.91396218  .00000060  00000+0  39824-4 0  9991
2 37931  98.6941 282.0134 0022076 225.8160 252.9767 14.31156310772440
SSOT
1 38011U 11076E   26263.18036485  .00000201  00000+0  31263-4 0  9993
2 38011  97.7971 321.2798 0001478  93.9505 350.4019 14.82663886798455
PLEIADES 1A
1 38012U 11076F   26263.21187203  .00000091  00000+0  29418-4 0  9999
2 38012  98.1901 337.0009 0001266 103.6508 340.9653 14.58543329785840
ZIYUAN 1-02C (ZY 1-02C)
1 38038U 11079A   26263.18133802  .00000221  00000+0  86886-4 0  9999
2 38038  98.3981 328.4638 0007067  32.6084  52.8820 14.38275984772865
GLOBALSTAR M084
1 38040U 11080A   26262.91209440 -.00000109  00000+0 -30975-4 0  9991
2 38040  51.9995  88.9047 0000564  75.1929  71.9912 12.62264074680725
GLOBALSTAR M080
1 38041U 11080B   26262.96691174 -.00000113  00000+0 -53197-4 0  9992
2 38041  52.0051  90.4923 0001164  93.6638  70.6083 12.62268507680855
GLOBALSTAR M082
1 38042U 11080C   26262.71112377 -.00000106  00000+0 -10050-4 0  9992
2 38042  52.0084  46.7770 0000901 112.4178 260.9345 12.62262798681530
GLOBALSTAR M092
1 38043U 11080D   26263.02955031 -.00000108  00000+0 -20984-4 0  9999
2 38043  52.0069 136.2132 0000751  75.9496  64.5447 12.62266051680020
GLOBALSTAR M090
1 38044U 11080E   26263.16833156 -.00000111  00000+0 -38581-4 0  9994
2 38044  52.0135  39.3713 0000801 121.4887  49.6077 12.62268109681705
GLOBALSTAR M086
1 38045U 11080F   26262.15903812 -.00000088  00000+0  90058-4 0  9999
2 38045  51.9909  42.2173 0000559 229.8712 301.2429 12.62289248681521
LARES
1 38077U 12006A   26263.13714458 -.00000045  00000+0 -42755-4 0  9993
2 38077  69.4896 130.0683 0010924 303.3038  56.6942 12.54932315668980
BEIDOU-2 M3
1 38250U 12018A   26261.08240178 -.00000043  00000+0  00000+0 0  9993
2 38250  55.6740 301.7369 0023252 273.0823  86.7126  1.86230014 97679
BEIDOU-2 M4
1 38251U 12018B   26263.16267740 -.00000025  00000+0  00000+0 0  9999
2 38251  55.5721 300.8728 0014478 273.2663  86.6326  1.86229860 97714
YAOGAN-14
1 38257U 12021A   26263.22199255  .00004581  00000+0  16586-3 0  9991
2 38257  97.3162  38.7269 0004403 187.4799 172.6376 15.28888131800337
GCOM-W1 (SHIZUKU)
1 38337U 12025A   26262.67030301  .00000273  00000+0  70624-4 0  9996
2 38337  98.2074 201.8118 0001530  85.0910  34.8515 14.57136960762798
ARIRANG-3 (KOMPSAT-3)
1 38338U 12025B   26263.21726867  .00000251  00000+0  59099-4 0  9996
2 38338  98.1281 219.0888 0005523 162.6294 197.5098 14.62274471765237
SDS-4
1 38339U 12025C   26263.23280046  .00000480  00000+0  77456-4 0  9994
2 38339  98.1372 359.7813 0006887   5.0590 355.0687 14.75948422770006
YAOGAN-15
1 38354U 12029A   26263.18402590 -.00000190  00000+0 -36415-3 0  9998
2 38354 100.7254 109.6684 0025888  76.5648 283.8348 13.18386428687961
EXACTVIEW-1 (ADS-1B)
1 38709U 12039C   26262.32893715  .00000070  00000+0  49834-4 0  9996
2 38709  98.9876  21.8916 0009866 259.2150 100.7918 14.25006785736118
MKA-PN 1
1 38711U 12039E   26263.15894992  .00000080  00000+0  53575-4 0  9997
2 38711  98.9818  22.3953 0010477 252.8535 107.1497 14.25454080736376
COSMOS 2481
1 38733U 12041A   26263.23717448  .00000139  00000+0  93851-3 0  9998
2 38733  82.4794  15.9515 0018241 226.6446 133.3114 12.42437330641558
GONETS-M 3
1 38734U 12041B   26263.22404957  .00000095  00000+0  59591-3 0  9990
2 38734  82.4804   5.2750 0016440 210.2396 149.7737 12.44905744642493
GONETS-M 4
1 38736U 12041D   26263.17709192  .00000107  00000+0  69293-3 0  9999
2 38736  82.4844  11.4469 0025131 203.5106 156.4827 12.43907611634766
EXPRESS-MD2
1 38745U 12044B   26263.04669005  .00037132  57836-5  63584-3 0  9996
2 38745  49.8219 115.5466 1538169  70.3374 305.6601 12.50319549572641
SPOT 6
1 38755U 12047A   26263.14293449  .00000174  00000+0  47217-4 0  9993
2 38755  98.2030 329.2950 0001275  75.4472 284.6868 14.58534144746891
SMDC ONE 1.2
1 38759U 12048B   26262.90587686  .00004775  00000+0  19872-3 0  9996
2 38759  64.6557 228.0438 0077588 143.6144 217.0293 15.22346287130561
CINEMA
1 38764U 12048G   26262.33820865  .00029843  00000+0  45404-3 0  9991
2 38764  64.6395 122.9305 0024049 144.1541 216.1221 15.54085697131846
METOP-B
1 38771U 12049A   26263.14638354  .00000037  00000+0  36552-4 0  9999
2 38771  98.6407 312.7067 0003384  80.0627 280.0932 14.21459948726757
BEIDOU-2 M6
1 38775U 12050B   26262.33492105 -.00000013  00000+0  00000+0 0  9996
2 38775  56.6311  59.7868 0010791   3.8690 356.1589  1.86231049 95062
VRSS-1
1 38782U 12052A   26263.20274909  .00000290  00000+0  44586-4 0  9991
2 38782  97.6280 234.7339 0016301 289.1116  70.8332 14.80162583753660
NAVSTAR 67 (USA 239)
1 38833U 12053A   26262.54722215 -.00000015  00000+0  00000+0 0  9997
2 38833  53.5975 139.7304 0185891  67.4936 294.5409  2.00557208101335
GSAT0103 (GALILEO-FM3)
1 38857U 12055A   26261.15654390  .00000015  00000+0  00000+0 0  9998
2 38857  55.8637  98.9927 0001881 313.2661  46.7895  1.70473599 86593
SJ-9A
1 38860U 12056A   26263.20363935  .00000657  00000+0  81570-4 0  9991
2 38860  97.6836 231.7867 0024234 307.0517  52.8482 14.85648876713690
SJ-9B
1 38861U 12056B   26263.17758299  .00001263  00000+0  13105-3 0  9991
2 38861  97.6096 243.8943 0013556 257.9884 101.9816 14.91612017753880
YAOGAN-16 01A
1 39011U 12066A   26262.34398826 -.00000070  00000+0  19973-4 0  9990
2 39011  63.3530  46.5872 0443009  27.9423 334.4645 13.45521851678819
YAOGAN-16 01B
1 39012U 12066B   26262.94332476 -.00000082  00000+0  80234-5 0  9998
2 39012  63.3535  45.2636 0443237  27.6931 334.6956 13.45522389678851
YAOGAN-16 01C
1 39013U 12066C   26263.16679101 -.00000011  00000+0  74748-4 0  9997
2 39013  63.3541  44.1916 0443455  27.2515 335.1043 13.45513539678911
PLEIADES 1B
1 39019U 12068A   26263.23014179  .00000073  00000+0  25512-4 0  9993
2 39019  98.1871 336.9338 0001394 101.2260 258.9096 14.58567037734708
GOKTURK 2
1 39030U 12073A   26263.15212549 -.00000090  00000+0 -62465-5 0  9994
2 39030  97.6788  95.8211 0002046  66.9587 293.1839 14.75614717738513
COSMOS 2482 (RODNIK-S 4)
1 39057U 13001A   26263.17872694  .00000061  00000+0  36992-3 0  9990
2 39057  82.5019 161.2845 0026859 175.2966 184.8371 12.42998367620511
COSMOS 2483 (RODNIK-S 5)
1 39058U 13001B   26263.17663947  .00000085  00000+0  53287-3 0  9992
2 39058  82.5025 155.7328 0016250 160.9647 199.2044 12.44027044613408
COSMOS 2484 (RODNIK-S 6)
1 39059U 13001C   26263.20894544  .00000056  00000+0  33515-3 0  9996
2 39059  82.5056 162.8325 0025457 184.3395 175.7467 12.42942714620367
GLOBALSTAR M097
1 39072U 13005A   26263.18353198 -.00000092  00000+0  66096-4 0  9999
2 39072  52.0058 314.1580 0000469 122.0655 238.0258 12.62271306628908
GLOBALSTAR M093
1 39073U 13005B   26262.44436943 -.00000089  00000+0  80928-4 0  9994
2 39073  52.0113 309.7939 0000485 146.4860 213.6037 12.62267197628766
GLOBALSTAR M094
1 39074U 13005C   26262.91940171 -.00000101  00000+0  18147-4 0  9999
2 39074  51.9942 222.3680 0000325  90.7458 269.3446 12.62264786630435
GLOBALSTAR M096
1 39075U 13005D   26263.01189405 -.00000086  00000+0  10167-3 0  9992
2 39075  52.0063 270.9627 0000438 109.2303 250.8611 12.62264556629366
GLOBALSTAR M078
1 39076U 13005E   26262.51033204 -.00000160  00000+0 -31152-3 0  9993
2 39076  51.9902 356.3715 0001494 110.5301 249.5726 12.62258511627926
GLOBALSTAR M095
1 39077U 13005F   26262.29930793 -.00000103  00000+0  35649-5 0  9991
2 39077  52.0112 354.7499 0000926 125.2341 234.8613 12.62264457627758
LANDSAT 8
1 39084U 13008A   26263.13254286  .00000171  00000+0  47971-4 0  9996
2 39084  98.2214 332.0963 0001319  94.5169 265.6180 14.57101746711728
SARAL
1 39086U 13009A   26263.14779721  .00000038  00000+0  29819-4 0  9999
2 39086  98.5564  88.5295 0002357  37.5718 322.5631 14.32907970709202
SAPPHIRE
1 39088U 13009C   26263.18254898  .00000058  00000+0  35093-4 0  9991
2 39088  98.4314  80.4192 0010595 331.7551  28.3059 14.35260937710205
NEOSSAT
1 39089U 13009D   26262.98218234  .00000089  00000+0  45449-4 0  9993
2 39089  98.4227  80.7964 0010406 329.4723  30.5857 14.35854253710341
STRAND-1
1 39090U 13009E   26262.94884637  .00000167  00000+0  70421-4 0  9992
2 39090  98.3970  80.8876 0007750 313.4931  46.5611 14.37208561710670
BRITE-AUSTRIA
1 39091U 13009F   26262.72457591  .00000096  00000+0  47116-4 0  9990
2 39091  98.4048  79.8578 0009442 323.6501  36.4043 14.36572650710625
GAOFEN-1
1 39150U 13018A   26263.20848411 -.00000010  00000+0  58347-5 0  9991
2 39150  97.9010 333.3011 0016305 324.1354  35.8760 14.76540058722265
NEE-01 PEGASO
1 39151U 13018B   26262.37488305  .00001891  00000+0  18282-3 0  9990
2 39151  98.1360  49.7412 0011740 208.4985 151.5593 14.94039522724768
COSMOS 2485 [GLONASS-M]
1 39155U 13019A   26260.82327476  .00000015  00000+0  00000+0 0  9996
2 39155  65.4768  70.4982 0023248 226.0562 133.7810  2.13103120104251
PROBA-V
1 39159U 13021A   26263.21377426  .00000042  00000+0  36617-4 0  9997
2 39159  98.3713 237.1825 0003532 199.3490 160.7556 14.23613670694637
VNREDSAT 1
1 39160U 13021B   26263.17559854  .00000173  00000+0  41023-4 0  9993
2 39160  97.8987 312.8889 0001234  83.8211 276.3133 14.64747163714191
NAVSTAR 68 (USA 242)
1 39166U 13023A   26262.41453644  .00000027  00000+0  00000+0 0  9990
2 39166  54.4382 265.1277 0142581  51.1509 310.1360  2.00563299 97775
COSMOS 2486
1 39177U 13028A   26263.17986328  .00000081  00000+0  28198-4 0  9994
2 39177  98.0266 226.9396 0012329  80.6785 279.5807 14.56226636705201
IRIS
1 39197U 13033A   26262.97594126  .00000582  00000+0  72632-4 0  9998
2 39197  97.9274 101.9501 0024725  12.0271 348.1530 14.86042907714455
SJ-11-05
1 39202U 13035A   26263.20220990  .00000206  00000+0  47734-4 0  9997
2 39202  98.2877  88.7027 0008903 302.5068  57.5274 14.64973062703142
SHIYAN-7 (SY-7)
1 39208U 13037A   26262.77556930  .00000284  00000+0  52849-4 0  9991
2 39208  98.0940 265.5868 0007360 195.2265 164.8721 14.72373555706127
CHUANGXIN-3 (CX-3)
1 39209U 13037B   26261.97020707  .00000582  00000+0  94673-4 0  9993
2 39209  98.0854 268.0383 0004008 173.7684 186.3575 14.74751537706177
SHIJIAN-15 (SJ-15)
1 39210U 13037C   26263.22121269  .00000325  00000+0  60398-4 0  9992
2 39210  98.1100 265.8538 0005659 192.8158 167.2905 14.71599240708302
ARIRANG-5 (KOMPSAT-5)
1 39227U 13042A   26263.14015529  .00001087  00000+0  82050-4 0  9993
2 39227  97.6203  88.5211 0003387 147.2172 212.9265 15.04474560718135
YAOGAN-17 01A
1 39239U 13046A   26263.21142300  .00000005  00000+0  90792-4 0  9997
2 39239  63.3842 205.0958 0434637  12.3426 348.7847 13.45515079641077
YAOGAN-17 01B
1 39240U 13046B   26263.18471766  .00000034  00000+0  11888-3 0  9996
2 39240  63.3852 205.8105 0434789  11.8566 349.2309 13.45480967641110
YAOGAN-17 01C
1 39241U 13046C   26263.23098063 -.00000076  00000+0  14214-4 0  9992
2 39241  63.3849 204.4791 0435589  11.9508 349.1463 13.45486429641163
GONETS-M 5
1 39249U 13048A   26263.18149101 -.00000056  00000+0 -47802-3 0  9993
2 39249  82.4784 284.1633 0016675  10.6230 349.5198 12.42894098590680
GONETS-M 6
1 39250U 13048B   26263.13969262 -.00000057  00000+0 -48228-3 0  9992
2 39250  82.4813 285.0926 0019872  42.2332 318.0274 12.43032777590748
GONETS-M 7
1 39251U 13048C   26263.14271676 -.00000030  00000+0 -29126-3 0  9996
2 39251  82.4855 287.1610 0017506  11.6503 348.4979 12.42917184590630
FENGYUN 3C
1 39260U 13052A   26263.16987310  .00000073  00000+0  58036-4 0  9990
2 39260  98.5110 232.7367 0015742 108.4017 251.8871 14.15772605672001
CASSIOPE
1 39265U 13055A   26263.15284809  .00031489 -71199-6  31045-3 0  9990
2 39265  80.9123 310.8143 0268417 100.6970 262.4610 15.31928533682176
POPACS 2
1 39269U 13055E   26263.09411065  .00013014  00000+0  21596-3 0  9992
2 39269  80.9916  35.3003 0405215 248.3628 107.3978 14.94006793677376
POPACS 3
1 39270U 13055F   26262.96539420  .00007527  00000+0  17556-3 0  9998
2 39270  80.9996 126.2880 0546226 140.7045 223.5161 14.57504325652354
SHIJIAN-16 (SJ-16)
1 39358U 13057A   26263.21087240  .00001280  00000+0  12638-3 0  9990
2 39358  74.9732 176.6853 0015776 355.4219   4.6822 14.92789509700523
YAOGAN-19
1 39410U 13065A   26263.22479120 -.00000016  00000+0  69329-4 0  9998
2 39410 100.1248 235.4279 0008742 226.9507 133.0875 13.15585705616144
APRIZESAT 7
1 39416U 13066A   26262.33537238  .00000809  00000+0  85233-4 0  9992
2 39416  97.7808 214.2569 0034105 258.8826 100.8558 14.91754967695263
ZACUBE-1 (TSHEPISOSAT)
1 39417U 13066B   26263.17297214  .00003336  00000+0  25646-3 0  9992
2 39417  97.8156 226.0092 0038977 295.0993  64.6188 15.01846354694980
SKYSAT-A
1 39418U 13066C   26263.08327541  .00001808  00000+0  10433-3 0  9990
2 39418  97.3721 309.4352 0020809 350.3996   9.6835 15.13419610702838
DUBAISAT-2
1 39419U 13066D   26263.19989596  .00001981  00000+0  12305-3 0  9999
2 39419  97.4662 250.9422 0012779  69.3320 290.9279 15.10753173700733
OPTOS
1 39420U 13066E   26263.07780985  .00000889  00000+0  13286-3 0  9994
2 39420  97.6666 122.6878 0117530  65.7224 295.6209 14.72520947685482
STSAT-3
1 39422U 13066G   26263.18322684  .00002039  00000+0  15503-3 0  9999
2 39422  97.6343 231.6102 0011455  74.9835 285.2657 15.03204674698472
WNISAT-1
1 39423U 13066H   26262.35976267  .00000400  00000+0  81956-4 0  9996
2 39423  97.7342  44.9087 0161436 295.4991  62.9588 14.58196804680454
APRIZESAT 8
1 39425U 13066K   26263.10980007  .00000732  00000+0  84969-4 0  9994
2 39425  97.8304 209.2960 0045172 335.3898  24.5163 14.87802529693782
TRITON-1
1 39427U 13066M   26263.16586664  .00001558  00000+0  19037-3 0  9993
2 39427  97.8144 170.7800 0087864 285.1022  74.0484 14.82061504688152
GOMX-1
1 39430U 13066Q   26263.16835800  .00001266  00000+0  19453-3 0  9994
2 39430  97.6439  97.6452 0128912 131.7046 229.5275 14.69709394683862
CUBEBUG-2 (LO-74)
1 39440U 13066AA  26263.09835216  .00002265  00000+0  20952-3 0  9994
2 39440  97.8991 212.5547 0058631  72.8867 287.8762 14.94295020691161
NEE-02 KRYSAOR
1 39441U 13066AB  26262.29494417  .00001183  00000+0  13340-3 0  9991
2 39441  97.8943 200.8808 0066945 120.2607 240.5258 14.86916825690187
FUNCUBE-1 (AO-73)
1 39444U 13066AE  26261.88615229  .00005265  00000+0  31844-3 0  9998
2 39444  97.8389 235.4218 0033773 243.5172 116.2592 15.10630929693800
UWE-3
1 39446U 13066AG  26262.30973042  .00003310  00000+0  28185-3 0  9991
2 39446  97.8815 219.0999 0048795   8.1790 352.0216 14.97587625691664
SWARM B
1 39451U 13067A   26263.17520652  .00002044  00000+0  71185-4 0  9991
2 39451  87.7430 313.4724 0003298  84.8720 275.2906 15.29060666697754
SWARM A
1 39452U 13067B   26263.14699878  .00008175  00000+0  14091-3 0  9999
2 39452  87.3356  20.9610 0002528 102.0142 258.1402 15.50854822720968
SWARM C
1 39453U 13067C   26263.14689197  .00008171  00000+0  14084-3 0  9991
2 39453  87.3358  19.5442 0002533 101.8140 258.3405 15.50853676720926
SHIYAN-5 (SY-5)
1 39455U 13068A   26263.16372547  .00000060  00000+0  29449-4 0  9995
2 39455  98.0559 129.3488 0014811  19.4178 340.7575 14.43715646675330
ALICE
1 39467U 13072F   26263.09621909  .00008142  00000+0  36641-3 0  9994
2 39467 120.4643 301.5782 0169372  94.8591 267.1839 15.10364071129603
SMDC ONE 2.4
1 39469U 13072H   26263.21787919  .00014474  00000+0  50453-3 0  9996
2 39469 120.4884 359.6784 0142877 117.5710 243.9956 15.20890648132279
TACSAT 6
1 39473U 13072M   26263.02155547  .03280919  13712-4  12005-2 0  9997
2 39473 120.4369 176.7071 0007409 137.8604 222.3088 16.24044687134354
COSMOS 2488 (RODNIK-S 7)
1 39483U 13076A   26263.18372245 -.00000028  00000+0 -27457-3 0  9994
2 39483  82.4806 109.5085 0018505 249.4178 110.4916 12.42907914577694
COSMOS 2489 (RODNIK-S 8)
1 39484U 13076B   26263.16091105  .00000036  00000+0  18658-3 0  9996
2 39484  82.4845 110.9338 0020323 249.3138 110.5763 12.42882503577744
COSMOS 2490 (RODNIK-S 9)
1 39485U 13076C   26263.21338426  .00000044  00000+0  24424-3 0  9990
2 39485  82.4789 108.9258 0020592 265.7615  94.1112 12.42880917577685
COSMOS 2493 (SKRL-756 1)
1 39490U 13078A   26263.19456668  .00001542  00000+0  11380-3 0  9995
2 39490  82.4152 168.2208 0011208 286.0235  73.9755 15.02573736692220
COSMOS 2494 (SKRL-756 2)
1 39491U 13078B   26263.15272479  .00001442  00000+0  98572-4 0  9996
2 39491  82.4139 157.2521 0014338 238.8094 121.1727 15.05342177693094
NAVSTAR 69 (USA 248)
1 39533U 14008A   26262.91468678 -.00000017  00000+0  00000+0 0  9990
2 39533  53.6634 145.4534 0083595 231.5511 127.7665  2.00566052 91589
GPM-CORE
1 39574U 14009C   26263.17352228  .00007246  00000+0  15769-3 0  9990
2 39574  64.9723 349.8374 0011015 263.1262  96.8625 15.45026362712481
COSMOS 2492 [GLONASS-M]
1 39620U 14012A   26261.72072632 -.00000035  00000+0  00000+0 0  9991
2 39620  65.2379 310.7526 0011995 306.9531  53.0076  2.13103532 97232
SJ-11-06
1 39624U 14014A   26263.10133963  .00000243  00000+0  57499-4 0  9995
2 39624  97.9447 286.2256 0014993  50.8017 309.4514 14.61923912664565
SENTINEL-1A
1 39634U 14016A   26263.18597931  .00000070  00000+0  24140-4 0  9990
2 39634  98.1601 269.2310 0001466  83.2885 276.8482 14.59806332663874
KAZEOSAT 1
1 39731U 14024A   26263.21913720  .00000106  00000+0  45111-4 0  9990
2 39731  98.3122 333.2588 0001438  88.7244 271.4110 14.42065195652254
NAVSTAR 70 (USA 251)
1 39741U 14026A   26263.19411272 -.00000077  00000+0  00000+0 0  9996
2 39741  56.4448 327.8153 0039523 324.0995  35.6978  2.00554320 90446
COSMOS 2496 (RODNIK-S *)
1 39761U 14028A   26263.17084916  .00000064  00000+0  39497-3 0  9990
2 39761  82.4450  49.2148 0019435 231.0380 128.8968 12.42881401559314
COSMOS 2497 (RODNIK-S *)
1 39762U 14028B   26263.14491480  .00000084  00000+0  53306-3 0  9993
2 39762  82.4494  50.9570 0020015 225.9138 134.0294 12.42897725559317
COSMOS 2498 (RODNIK-S *)
1 39763U 14028C   26263.19645499  .00000075  00000+0  47022-3 0  9998
2 39763  82.4458  49.3710 0020756 225.4330 134.5055 12.42983373559356
ALOS-2
1 39766U 14029A   26263.23095921  .00000880  00000+0  12463-3 0  9991
2 39766  97.9222 359.0337 0001530  92.8994 267.2393 14.79476547665636
UNIFORM 1
1 39767U 14029B   26262.58725180  .00000915  00000+0  86350-4 0  9992
2 39767  97.8062 359.6697 0005120   9.6449 350.4870 14.96191978668339
SOCRATES
1 39768U 14029C   26262.54637761  .00001427  00000+0  13569-3 0  9996
2 39768  97.9155  16.7930 0006828  37.8925 322.2775 14.95068650668502
RISING 2
1 39769U 14029D   26263.13628538  .00003810  00000+0  31644-3 0  9997
2 39769  97.6439 329.8811 0002909  35.8790 324.2628 14.99333240667776
COSMOS 2500 [GLONASS-M]
1 40001U 14032A   26260.95096204 -.00000040  00000+0  00000+0 0  9999
2 40001  65.1732 310.5189 0009401 207.5444 152.4753  2.13101309 95436
KAZEOSAT 2
1 40010U 14033A   26263.13767612 -.00000045  00000+0  63093-6 0  9994
2 40010  97.5364  97.7257 0009161  15.7370 344.4129 14.85561613663055
HODOYOSHI-4
1 40011U 14033B   26263.17251557  .00000278  00000+0  35602-4 0  9995
2 40011  97.5486  83.4478 0023576 354.3733   5.7216 14.88315095662933
UNISAT-6
1 40012U 14033C   26263.19028738  .00001765  00000+0  19161-3 0  9994
2 40012  97.8006  54.3314 0045888 114.5582 246.0428 14.88647709660291
DEIMOS-2
1 40013U 14033D   26263.16552492  .00000149  00000+0  19059-4 0  9993
2 40013  97.5664 134.2545 0002039  53.6739 306.4669 14.93931211651907
BUGSAT-1 (TITA)
1 40014U 14033E   26263.21266499  .00004248  00000+0  22067-3 0  9995
2 40014  98.0424   1.3762 0026724 213.8133 146.1395 15.16407697670232
HODOYOSHI-3
1 40015U 14033F   26263.16256973  .00000679  00000+0  83823-4 0  9998
2 40015  97.6535  62.4585 0033708  43.6589 316.7284 14.85565093661722
SAUDISAT 4
1 40016U 14033G   26263.13532631  .00000458  00000+0  66811-4 0  9997
2 40016  97.7726  46.0721 0045891 123.4649 237.0963 14.79645010660118
APRIZESAT 9
1 40018U 14033J   26263.09165736  .00000376  00000+0  62869-4 0  9990
2 40018  97.9194  34.0465 0064670 254.9034 104.5014 14.74309538657542
APRIZESAT 10
1 40019U 14033K   26263.15796299  .00000233  00000+0  44759-4 0  9992
2 40019  97.9769  28.0633 0077977 331.4503  28.2443 14.70968705656211
BRITE-CA1 (TORONTO)
1 40020U 14033L   26262.61179648  .00000416  00000+0  70281-4 0  9999
2 40020  97.9862  29.8689 0077788 335.5571  24.1956 14.72817661656116
NANOSATC-BR1
1 40024U 14033Q   26263.05528318  .00012159  00000+0  36999-3 0  9998
2 40024  98.0653 304.0238 0003272 188.2084 171.9104 15.34184642668515
QB50P1
1 40025U 14033R   26263.01404549  .00004872  00000+0  23303-3 0  9992
2 40025  98.0973 280.9069 0006905 257.7849 102.2611 15.19503230667422
DTUSAT-2
1 40030U 14033W   26262.98142672  .00004216  00000+0  22294-3 0  9999
2 40030  98.0927 266.8360 0006024 272.2482  87.8059 15.16068449667048
QB50P2
1 40032U 14033Y   26262.96581628  .00004654  00000+0  24451-3 0  9990
2 40032  98.0815 265.8585 0006591 199.5801 160.5178 15.16232050667029
PERSEUS-M2
1 40037U 14033AD  26263.13164815  .00000865  00000+0  83077-4 0  9990
2 40037  98.0058 215.6641 0011868 351.3602   8.7412 14.95744513664972
PERSEUS-M1
1 40039U 14033AF  26263.09638213  .00000673  00000+0  65627-4 0  9993
2 40039  97.9721 208.8348 0011328 349.7929  10.3060 14.95889046664824
POLYITAN-1
1 40042U 14033AJ  26261.80553679  .00013247  00000+0  37736-3 0  9996
2 40042  98.0888 297.1259 0006839 166.6824 193.4599 15.36223873667950
TIGRISAT
1 40043U 14033AK  26262.36322822  .00001451  00000+0  17091-3 0  9999
2 40043  97.7966  50.3110 0050084 124.7244 235.8703 14.85446619659600
LEMUR-1
1 40044U 14033AL  26262.67040816  .00001500  00000+0  17621-3 0  9998
2 40044  97.8010  50.4710 0049127 127.1703 233.4014 14.85538328659497
AEROCUBE 6A
1 40045U 14033AM  26263.17610941  .00002684  00000+0  22345-3 0  9990
2 40045  97.7322  69.2315 0038575  56.3851 304.1044 14.98951825660849
AEROCUBE 6B
1 40046U 14033AN  26262.68501548  .00004325  00000+0  34221-3 0  9998
2 40046  97.7359  68.7125 0041087  42.9812 317.4609 15.00482742660927
SPOT 7
1 40053U 14034A   26263.17357973  .00000250  00000+0  60151-4 0  9998
2 40053  98.0532 323.1729 0001167  79.9347 280.1986 14.61023780651000
CANX-4
1 40055U 14034C   26263.12345514  .00000520  00000+0  73746-4 0  9997
2 40055  98.2954 141.8528 0014009  67.7816 292.4880 14.81400152658582
CANX-5
1 40056U 14034D   26263.12077424  .00000520  00000+0  73719-4 0  9990
2 40056  98.2957 141.8993 0014002  67.9688 292.3009 14.81417535649398
OCO 2
1 40059U 14035A   26263.12497153  .00000229  00000+0  60959-4 0  9997
2 40059  98.2074 202.9930 0001611  75.6220 284.5157 14.57092570649872
GONETS-M 8
1 40061U 14036A   26263.18683308 -.00000036  00000+0 -33208-3 0  9990
2 40061  82.5061 248.5563 0028826 303.6614  56.1717 12.42987393554253
GONETS-M 9
1 40062U 14036B   26263.15015809 -.00000042  00000+0 -37086-3 0  9998
2 40062  82.5059 248.6609 0022205 311.1297  48.7866 12.42953059554253
GONETS-M 10
1 40063U 14036C   26263.21334579 -.00000040  00000+0 -36079-3 0  9993
2 40063  82.5064 248.6403 0020718 296.9184  62.9778 12.42947463554054
METEOR-M 2
1 40069U 14037A   26263.17138090  .00000123  00000+0  75309-4 0  9995
2 40069  98.5244 235.5994 0006769 114.3646 245.8239 14.21485089632818
DX1
1 40071U 14037C   26263.17703486  .00000605  00000+0  68852-4 0  9995
2 40071  98.3986 230.7150 0006676 334.8570  25.2320 14.90223228660256
SKYSAT-B
1 40072U 14037D   26263.13398625  .00000870  00000+0  10099-3 0  9990
2 40072  98.3957 227.5786 0005124 344.3307  15.7748 14.88226333660081
UKUBE-1
1 40074U 14037F   26262.79806562  .00005089  00000+0  27849-3 0  9995
2 40074  98.4270 276.1250 0001599 148.3450 211.7875 15.14785129662872
TECHDEMOSAT-1 (TDS-1)
1 40076U 14037H   26262.80679583  .00005289  00000+0  29168-3 0  9998
2 40076  98.3887 264.5257 0004806 320.8514  39.2367 15.14474002662545
NAVSTAR 71 (USA 256)
1 40105U 14045A   26262.78474157  .00000017  00000+0  00000+0 0  9991
2 40105  55.4212  84.6969 0036495 120.1919 240.2241  2.00564672 87971
YAOGAN-20 01A
1 40109U 14047A   26263.19924997  .00000026  00000+0  12204-3 0  9998
2 40109  63.3768 134.1539 0398537  15.2100 346.0508 13.45449623595229
YAOGAN-20 01B
1 40110U 14047B   26263.20107653  .00000008  00000+0  10353-3 0  9997
2 40110  63.3767 135.0289 0398405  15.2307 346.0312 13.45447071595065
YAOGAN-20 01C
1 40111U 14047C   26263.19092215 -.00000032  00000+0  61246-4 0  9999
2 40111  63.3761 134.7228 0398442  15.6303 345.6616 13.45456829595074
WORLDVIEW-3 (WV-3)
1 40115U 14048A   26263.16941334  .00000441  00000+0  57790-4 0  9998
2 40115  97.8487 336.6576 0002030  48.1272 312.0116 14.85145635656004
GAOFEN-2
1 40118U 14049A   26263.17303807  .00000246  00000+0  38702-4 0  9995
2 40118  98.0015 327.2463 0006024 291.0350  69.0217 14.81003665653292
BRITE-PL2 (HEWELIUSZ)
1 40119U 14049B   26262.56145318  .00000789  00000+0  77727-4 0  9991
2 40119  97.9169  15.3445 0014499 151.5260 208.6756 14.94868370655546
LING QIAO
1 40136U 14051A   26263.19811760  .00000056  00000+0  38813-4 0  9994
2 40136  98.7122 265.0907 0019670 254.4062 105.4949 14.30283142628589
CHUANGXIN 1-04 (CX-1-04)
1 40137U 14051B   26263.22131663 -.00000055  00000+0 -39700-5 0  9994
2 40137  98.7121 265.1786 0021096 255.5972 104.2869 14.30427159628139
YAOGAN-21
1 40143U 14053A   26263.18479767  .00004023  00000+0  15239-3 0  9994
2 40143  97.1402 299.3735 0009542 111.0429 249.1832 15.27412969669458
SJ-11-07
1 40261U 14059A   26263.18428231  .00000353  00000+0  76411-4 0  9993
2 40261  97.9852 329.6114 0009928 204.1169 155.9570 14.63813334638816
YAOGAN-22
1 40275U 14063A   26263.17330968 -.00000018  00000+0  77057-4 0  9997
2 40275 100.7871  56.0883 0006109 341.5539  18.5350 13.15533442572300
SJ-11-08
1 40286U 14066A   26263.18083532  .00000351  00000+0  72894-4 0  9998
2 40286  98.3662  49.7420 0010909 297.3544  62.6549 14.66262189635130
NAVSTAR 72 (USA 258)
1 40294U 14068A   26261.65873906 -.00000074  00000+0  00000+0 0  9999
2 40294  57.0484  27.3623 0066984  73.8716 286.8719  2.00557440 87088
MERIDIAN 7
1 40296U 14069A   26262.40099480  .00000223  00000+0  00000+0 0  9998
2 40296  63.4472 206.1668 6615480 269.9190  20.2140  2.00605686 87124
ASNARO
1 40298U 14070A   26263.18009841  .00001119  00000+0  55930-4 0  9992
2 40298  97.3375 336.6970 0004890 181.3518 178.7705 15.19454692658438
YAOGAN-24
1 40310U 14072A   26263.18393116  .00000227  00000+0  40598-4 0  9993
2 40310  98.1627  41.3890 0013692 325.1279  34.9031 14.76185698637739
COSMOS 2501 [GLONASS-K]
1 40315U 14075A   26261.68330106 -.00000007  00000+0  00000+0 0  9990
2 40315  63.6167 187.1376 0021997 209.8790 150.0114  2.13101498 91843
CBERS 4
1 40336U 14079A   26263.17978829  .00000088  00000+0  45207-4 0  9994
2 40336  98.3434 316.9840 0002000  91.9138 268.2277 14.35514770617581
YAOGAN-25 01A
1 40338U 14080A   26263.19610100 -.00000008  00000+0  91086-4 0  9994
2 40338  63.3860  65.9666 0374988   9.6527 351.1449 13.45419182578445
YAOGAN-25 01B
1 40339U 14080B   26263.18266581  .00000052  00000+0  15696-3 0  9994
2 40339  63.3867  66.1232 0375295   9.4361 351.3464 13.45440546578415
YAOGAN-25 01C
1 40340U 14080C   26263.20471911 -.00000032  00000+0  64526-4 0  9990
2 40340  63.3852  66.4746 0375243  10.1263 350.7058 13.45356119578534
COSMOS 2502
1 40358U 14086A   26263.16205464 -.00000180  00000+0 -73903-4 0  9992
2 40358  67.1521 136.0168 0005736 244.5301 115.5191 13.97831922597222
YAOGAN-26
1 40362U 14088A   26263.15121480  .00018596  00000+0  32200-3 0  9995
2 40362  97.0707 261.4066 0005591  71.6483 288.5377 15.50947629652406
SMAP
1 40376U 15003A   26263.19116771  .00000230  00000+0  53547-4 0  9993
2 40376  98.1318 268.9569 0001456  90.5984 269.5385 14.63373466621514
COSMOS 2503
1 40420U 15009A   26262.96627779  .00000989  00000+0  70701-4 0  9990
2 40420  97.8207 321.2182 0014662 292.7878  67.1800 15.06821782633202
MMS 1
1 40482U 15011A   26263.25002315 -.00001959  00000+0  00000+0 0  9996
2 40482  72.8933 347.7201 8250750 169.3950 276.1602  0.28314066  1393
MMS 2
1 40483U 15011B   26263.25002315 -.00001960  00000+0  00000+0 0  9999
2 40483  72.8977 347.7190 8253594 169.3964 276.1379  0.28314050  1397
MMS 3
1 40484U 15011C   26263.25002315 -.00001960  00000+0  00000+0 0  9990
2 40484  72.8971 347.7311 8251963 169.4050 276.1119  0.28314085  1392
MMS 4
1 40485U 15011D   26263.25002315 -.00001960  00000+0  00000+0 0  9991
2 40485  72.8908 347.7150 8252043 169.4149 276.1067  0.28314037  1392
NAVSTAR 73 (USA 260)
1 40534U 15013A   26260.79652516  .00000004  00000+0  00000+0 0  9995
2 40534  53.1567 200.3502 0113122  41.2003 319.6409  2.00570574 83684
KOMPSAT-3A
1 40536U 15014A   26263.19844501  .00018508  00000+0  22794-3 0  9998
2 40536  97.6940 261.9037 0049517 185.2870 174.7869 15.58755623636598
GSAT0203 (GALILEO 7)
1 40544U 15017A   26260.89286681 -.00000097  00000+0  00000+0 0  9990
2 40544  56.7489 339.0688 0004460 252.0601 107.9439  1.70476597 70786
GSAT0204 (GALILEO 8)
1 40545U 15017B   26258.80260670 -.00000102  00000+0  00000+0 0  9996
2 40545  56.7566 339.1450 0004699 240.9831 119.0222  1.70476021 33792
GONETS-M 11
1 40552U 15020A   26263.23698274  .00000094  00000+0  60349-3 0  9991
2 40552  82.4902 331.7762 0017013 152.2416 207.9575 12.42881616520545
GONETS-M 12
1 40553U 15020B   26263.20949154  .00000050  00000+0  28917-3 0  9992
2 40553  82.4938 332.9419 0016173 137.6489 222.5843 12.42893986520533
GONETS-M 13
1 40554U 15020C   26263.18418970  .00000068  00000+0  42027-3 0  9994
2 40554  82.4897 331.5448 0014958 123.2931 236.9583 12.42887418520507
COSMOS 2504
1 40555U 15020D   26263.14331772  .00000322  00000+0  11238-3 0  9998
2 40555  82.5195 157.9269 0608673  16.2838 345.6942 13.61425818563116
SENTINEL-2A
1 40697U 15028A   26263.17969583  .00000118  00000+0  61692-4 0  9996
2 40697  98.5664 336.6484 0001133  82.2970 277.8342 14.30816920587317
COSMOS 2506
1 40699U 15029A   26263.17955608  .00000039  00000+0  19368-4 0  9997
2 40699  98.0390 300.3726 0006294 212.4109 147.6703 14.54411498596694
GAOFEN-8
1 40701U 15030A   26263.20155211  .00012603  00000+0  23329-3 0  9990
2 40701  97.6857 102.4984 0007379 202.8753 157.2169 15.49145856626145
DMC3-FM1
1 40715U 15032A   26263.16331676  .00000145  00000+0  22586-4 0  9996
2 40715  97.6311 124.5508 0007017  96.2198 263.9818 14.85820526604010
DMC3-FM2
1 40716U 15032B   26263.18491091  .00000586  00000+0  73256-4 0  9996
2 40716  97.6361 126.2085 0007535 101.1617 259.0446 14.85831082604014
DMC3-FM3
1 40717U 15032C   26263.14161240  .00000515  00000+0  65131-4 0  9998
2 40717  97.6410 127.9783 0006744  99.8512 260.3466 14.85819680604018
CARBONITE 1 (CBNT-1)
1 40718U 15032D   26263.20513822  .00000832  00000+0  10640-3 0  9999
2 40718  97.6573  77.3496 0014248 348.8045  11.2850 14.83833057603431
NAVSTAR 74 (USA 262)
1 40730U 15033A   26262.95529459  .00000028  00000+0  00000+0 0  9990
2 40730  53.9163 263.1722 0117513  30.5847 330.1153  2.00551382 81899
BEIDOU-3S M2S
1 40748U 15037A   26261.75261352 -.00000033  00000+0  00000+0 0  9992
2 40748  54.7847 298.8170 0011787 260.8778  99.0481  1.86232221 75861
BEIDOU-3S M1S
1 40749U 15037B   26263.02234091 -.00000024  00000+0  00000+0 0  9995
2 40749  54.7806 298.7593 0001771  39.9707 320.1045  1.86255110 75893
YAOGAN-27
1 40878U 15040A   26263.20640149 -.00000255  00000+0 -56005-3 0  9994
2 40878 100.1281 245.5060 0008381   0.6665 359.4458 13.16074180530161
GSAT0206 (GALILEO 10)
1 40890U 15045B   26259.96432677  .00000017  00000+0  00000+0 0  9990
2 40890  54.9240 219.0714 0002624 353.2075   6.7586  1.70473245 68605
GAOFEN-9 01
1 40894U 15047A   26263.20101223  .00000494  00000+0  66684-4 0  9992
2 40894  97.6217 294.5556 0027091 185.0417 175.0529 14.83025692594276
LILACSAT-2
1 40908U 15049K   26263.18543957  .00013422  00000+0  20581-3 0  9991
2 40908  97.4557 303.7944 0004614 259.0623 101.0112 15.54434736610490
COSMOS 2507 (RODNIK-S *)
1 40920U 15050A   26263.13514971  .00000097  00000+0  62697-3 0  9994
2 40920  82.4964  20.5401 0010599 140.0857 220.1004 12.42929684498659
COSMOS 2508 (RODNIK-S *)
1 40921U 15050B   26263.17154060  .00000088  00000+0  56709-3 0  9995
2 40921  82.4919  18.9870 0014568 173.2440 186.8838 12.42918322498646
COSMOS 2509 (RODNIK-S *)
1 40922U 15050C   26263.19421315  .00000091  00000+0  58824-3 0  9992
2 40922  82.4927  19.0852 0014681 190.2935 169.7846 12.42887156498685
LINGQIAO VIDEO A
1 40959U 15057B   26263.17761331  .00000189  00000+0  33246-4 0  9992
2 40959  97.6719 253.3407 0016016 325.7716  34.2461 14.77495617589437
LINGQIAO VIDEO B
1 40960U 15057C   26263.21510560  .00000648  00000+0  97317-4 0  9994
2 40960  97.6680 254.5129 0016102 325.5271  34.4894 14.77606819589485
JILIN-1
1 40961U 15057D   26263.18555858  .00000419  00000+0  64312-4 0  9995
2 40961  97.6585 257.8760 0015883 318.4295  41.5708 14.78280777589642
AEROCUBE 5C
1 40965U 15058B   26263.17008792  .00001084  00000+0  10430-3 0  9999
2 40965  64.7672 326.9880 0138296  27.4892 333.3446 14.91877397379826
AEROCUBE 7
1 40966U 15058C   26262.55472950  .00001793  00000+0  14818-3 0  9993
2 40966  64.7609 309.0761 0127845  25.7955 334.9459 14.96322129380079
FOX-1A (AO-85)
1 40967U 15058D   26263.18130433  .00001073  00000+0  10450-3 0  9990
2 40967  64.7756 343.6540 0138828  21.1010 339.5751 14.91402790127733
SINOD-D 1
1 40968U 15058E   26263.18931115  .00001759  00000+0  14500-3 0  9998
2 40968  64.7744 321.2382 0127575  17.2660 343.2733 14.96520052130879
LMRST-SAT
1 40971U 15058H   26262.69210362  .00000992  00000+0  98513-4 0  9996
2 40971  64.7763 341.6992 0140203  23.1817 337.5536 14.90998480127646
PROPCUBE 3
1 40973U 15058K   26263.16062314  .00001469  00000+0  12790-3 0  9995
2 40973  64.7675 315.6615 0131881  23.9706 336.7471 14.94780284128993
BISONSAT
1 40974U 15058L   26261.36600774  .00012801  00000+0  57430-3 0  9996
2 40974  64.7569 231.8868 0086289   7.5240 352.7156 15.18160864129753
SNAP-3 JIMI
1 40975U 15058M   26263.01876590  .00003704  00000+0  24929-3 0  9991
2 40975  64.7638 279.4916 0114117  18.8737 341.6557 15.03180502128476
PROPCUBE 1 (FLORA)
1 40976U 15058N   26262.73444575  .00000975  00000+0  10093-3 0  9998
2 40976  64.7753   2.1036 0138564  25.4186 335.3654 14.89618916130348
SINOD-D 3
1 40977U 15058P   26263.20656650  .00001486  00000+0  13132-3 0  9996
2 40977  64.7724 338.9534 0127244  22.0902 338.5625 14.94582694128958
NAVSTAR 75 (USA 265)
1 41019U 15062A   26262.50788541 -.00000072  00000+0  00000+0 0  9993
2 41019  57.0198  27.1858 0116217 231.1367 127.8323  2.00567094 79723
YAOGAN-28
1 41026U 15064A   26263.21573010  .00005400  00000+0  19715-3 0  9991
2 41026  97.3204  39.6920 0009616 206.9832 153.0909 15.28497452605196
COSMOS 2510 (EKS 1)
1 41032U 15066A   26259.58298563 -.00001249  00000+0  00000+0 0  9993
2 41032  63.4427 333.5696 7191932 274.8926  13.9360  2.00657368 79301
YAOGAN-29
1 41038U 15069A   26263.23823206  .00000244  00000+0  36551-4 0  9995
2 41038  97.9989 292.0006 0002929  80.3489 279.8055 14.83146272584711
DAMPE
1 41173U 15078A   26263.20694007  .00000915  00000+0  33107-4 0  9996
2 41173  97.4606 269.1755 0013679  96.8101 263.4697 15.30986855599084
GSAT0209 (GALILEO 12)
1 41174U 15079A   26261.89271932  .00000020  00000+0  00000+0 0  9997
2 41174  55.8868  98.6896 0003620  19.3368 340.7495  1.70474078 66378
GSAT0208 (GALILEO 11)
1 41175U 15079B   26258.59360649  .00000004  00000+0  00000+0 0  9997
2 41175  55.8828  98.7769 0003251  27.6372 332.4529  1.70473800 66730
JASON-3
1 41240U 16002A   26263.14837306 -.00000045  00000+0  69310-4 0  9993
2 41240  66.0403 286.1889 0008622 267.1574  92.8458 12.87627598499478
NAVSTAR 76 (USA 266)
1 41328U 16007A   26261.59930688  .00000005  00000+0  00000+0 0  9990
2 41328  55.5881  85.7564 0097723 247.2828 111.7321  2.00572654 77717
COSMOS 2514 [GLONASS-M]
1 41330U 16008A   26263.07573413 -.00000022  00000+0  00000+0 0  9998
2 41330  64.9604 309.7448 0013736 210.8516 149.1400  2.13102932 82642
SENTINEL-3A
1 41335U 16011A   26263.17239590  .00000036  00000+0  33109-4 0  9998
2 41335  98.6276 329.1806 0001160 106.6100 253.5208 14.26735676551606
COSMOS 2515
1 41394U 16020A   26263.20025235  .00001602  00000+0  10753-3 0  9995
2 41394  97.9753 282.2661 0023164 344.5593  15.4925 15.08193025574735
BEIDOU-2 IGSO-6
1 41434U 16021A   26262.87908074 -.00000139  00000+0  00000+0 0  9999
2 41434  60.3651  37.1053 0061975 228.1851 146.4566  1.00281482 38439
YAOGAN-30 01
1 41473U 16029A   26263.18135448  .00000587  00000+0  91968-4 0  9996
2 41473  97.8920 310.9735 0014346 287.3488  72.6153 14.76246805557680
GSAT0211 (GALILEO 14)
1 41549U 16030A   26262.23641377  .00000017  00000+0  00000+0 0  9990
2 41549  55.0739 219.1095 0003823 336.6356  23.3205  1.70473155 64276
GSAT0210 (GALILEO 13)
1 41550U 16030B   26261.90693267  .00000017  00000+0  00000+0 0  9990
2 41550  55.0730 219.1166 0003822 254.6532 105.2782  1.70473632 64261
ZIYUAN 3-02 (ZY 3-02)
1 41556U 16033A   26263.16833119  .00003282  00000+0  14954-3 0  9995
2 41556  97.3759 337.0743 0012143 333.0400  27.0203 15.21303188572420
COSMOS 2517 (GEO-IK 2)
1 41579U 16034A   26263.22220822 -.00000001  00000+0  37153-4 0  9993
2 41579  99.1926 270.2183 0001112  84.5596 275.5687 13.85910746520796
CARTOSAT-2C
1 41599U 16040A   26263.16824480  .00002348  00000+0  11441-3 0  9991
2 41599  97.4386 321.7854 0009590 155.1010 205.0689 15.19292327568137
SKYSAT-C1
1 41601U 16040C   26262.03129568  .00006234  00000+0  17061-3 0  9997
2 41601  96.9520 288.7244 0003918  66.4506 293.7151 15.37663665572288
LAPAN-A3
1 41603U 16040E   26263.20689046  .00002433  00000+0  77054-4 0  9997
2 41603  97.1574 256.3061 0011338  42.7812 317.4312 15.33623958569378
SJ 16-02
1 41634U 16043A   26263.18764088  .00000496  00000+0  49519-4 0  9993
2 41634  75.0011  99.1142 0007412 166.9486 193.1896 14.93752712555322
GAOFEN-3
1 41727U 16049A   26263.20090094 -.00000017  00000+0  81577-5 0  9995
2 41727  98.4059 269.5689 0000889  89.5077 270.6214 14.42225748532342
PERUSAT 1
1 41770U 16058A   26263.18157431  .00000223  00000+0  57734-4 0  9994
2 41770  98.1944 335.5655 0001409  82.8487 277.2872 14.58560490532949
SKYSAT-C4
1 41771U 16058B   26262.78324250  .00013165  00000+0  22574-3 0  9997
2 41771  96.9170 280.7606 0000651 172.4662 187.6601 15.51309509560124
SKYSAT-C5
1 41772U 16058C   26263.07081255  .00004599  00000+0  14096-3 0  9997
2 41772  97.0399 299.3852 0000753  11.6123 348.5138 15.34251121558293
SKYSAT-C2
1 41773U 16058D   26263.00416530  .00008526  00000+0  18903-3 0  9994
2 41773  97.0153 281.6442 0004916  76.7788 283.4009 15.43966626559675
SKYSAT-C3
1 41774U 16058E   26263.02939769  .00018567  00000+0  26423-3 0  9993
2 41774  96.8957 290.4487 0001634  79.6304 280.5137 15.56395662560843
PISAT
1 41784U 16059B   26261.93408832  .00000591  00000+0  10799-3 0  9992
2 41784  97.8252 258.3977 0027454 265.9754  93.8313 14.69129661533508
ALSAT-1B
1 41785U 16059C   26263.18290769  .00000264  00000+0  49256-4 0  9998
2 41785  97.7797 267.8666 0007823 285.0081  75.0261 14.72334615534557
ALSAT-2B
1 41786U 16059D   26263.17434215  .00000343  00000+0  63857-4 0  9995
2 41786  97.9802 323.5772 0000683  80.1191 280.0093 14.70968852534733
PATHFINDER 1
1 41787U 16059E   26262.69430776  .00000377  00000+0  73990-4 0  9996
2 41787  97.8237 257.7397 0026888 264.8211  94.9925 14.67759846533579
SCATSAT 1
1 41790U 16059H   26262.41573866  .00000619  00000+0  88063-4 0  9994
2 41790  98.1098 327.1164 0053259 305.0675  54.5547 14.79709404115521
CAS-2T & KS-1Q
1 41847U 16066G   26262.98022853  .00000835  00000+0  12613-3 0  9999
2 41847  98.3748 337.6227 0340814 201.6995 156.9462 14.44849840518482
RAVAN
1 41849U 16067B   26263.18701024  .00072485  00000+0  71551-3 0  9995
2 41849  97.9709 164.4319 0004795  60.6175 299.5561 15.65676600542502
CELTEE 1
1 41850U 16067C   26262.07619514  .00003658  00000+0  17115-3 0  9998
2 41850  98.0512 135.0306 0000682  74.6552 285.4757 15.20468990540144
OPTICUBE 04
1 41851U 16067D   26263.04942595  .00001151  00000+0  75086-4 0  9993
2 41851  98.0576 120.2545 0016010 151.9131 208.2964 15.09986355539485
AEROCUBE 8D
1 41852U 16067E   26262.90426758  .00004691  00000+0  18822-3 0  9992
2 41852  98.0513 140.2881 0003930 143.7037 216.4467 15.25546241540501
AEROCUBE 8C
1 41853U 16067F   26263.11018480  .00004835  00000+0  19229-3 0  9998
2 41853  98.0391 137.6182 0006655  90.9925 269.2074 15.25809784540533
YUNHAI-1 01
1 41857U 16068A   26263.22073690  .00000208  00000+0  92888-4 0  9992
2 41857  98.5876 273.3570 0004114 103.7606 256.4035 14.32516831515437
GSAT0207 (GALILEO 15)
1 41859U 16069A   26262.77251045  .00000026  00000+0  00000+0 0  9994
2 41859  55.5593  98.4673 0002822   1.3168 358.7589  1.70474001 61018
GSAT0212 (GALILEO 16)
1 41860U 16069B   26262.62584153  .00000024  00000+0  00000+0 0  9997
2 41860  55.5577  98.4663 0003871  42.1200 317.9843  1.70474171 61261
GSAT0213 (GALILEO 17)
1 41861U 16069C   26258.30017772  .00000003  00000+0  00000+0 0  9993
2 41861  55.5571  98.5941 0002003 331.4312  28.6313  1.70474479 61056
GSAT0214 (GALILEO 18)
1 41862U 16069D   26263.13926051  .00000028  00000+0  00000+0 0  9997
2 41862  55.5560  98.4527 0001689   2.9500 357.1272  1.70474227 61260
GOKTURK 1A
1 41875U 16073A   26263.19039244  .00000265  00000+0  61273-4 0  9998
2 41875  98.1526 156.5048 0001572  74.1297 286.0078 14.62752119522718
RESOURCESAT-2A
1 41877U 16074A   26263.22772914 -.00000037  00000+0  31519-5 0  9992
2 41877  98.7451 335.9179 0002720 141.6249 218.5122 14.21613710507805
TANSAT
1 41898U 16081A   26263.23704303  .00000149  00000+0  41463-4 0  9992
2 41898  98.5428 266.3331 0021080  18.9014 341.2963 14.60005586518496
YIJIAN
1 41899U 16081B   26262.78996078  .00000366  00000+0  84984-4 0  9990
2 41899  98.5444 263.6544 0021282  19.7008 340.5009 14.60855978518409
SPARK 1
1 41900U 16081C   26262.93751264  .00000325  00000+0  78281-4 0  9994
2 41900  98.5566 260.3652 0024296  30.4200 329.8403 14.59868893518094
SPARK 2
1 41901U 16081D   26262.69269516  .00000369  00000+0  88473-4 0  9994
2 41901  98.5585 255.3186 0026024  35.3288 324.9629 14.59247324517908
JILIN-1 03
1 41914U 17002B   26263.18427582  .00009325  00000+0  20867-3 0  9999
2 41914  97.1985 269.0900 0005857 164.4664 195.6765 15.43669238536507
IRIDIUM 106
1 41917U 17003A   26263.12021308  .00000097  00000+0  27422-4 0  9995
2 41917  86.3949  48.8335 0001847  86.5950 273.5457 14.34216892506810
IRIDIUM 103
1 41918U 17003B   26263.17729559  .00000172  00000+0  54349-4 0  9996
2 41918  86.3948  48.7092 0002254  88.9868 271.1586 14.34217779506841
IRIDIUM 109
1 41919U 17003C   26263.18364994  .00000165  00000+0  51841-4 0  9992
2 41919  86.3949  48.7674 0002155  91.8621 268.2822 14.34215286506817
IRIDIUM 102
1 41920U 17003D   26263.15192360  .00000172  00000+0  54405-4 0  9994
2 41920  86.3949  48.7022 0002075  93.0062 267.1372 14.34216753506896
IRIDIUM 105
1 41921U 17003E   26262.69191246  .00000028  00000+0  31066-5 0  9994
2 41921  86.4015  17.3510 0002354  97.4895 262.6569 14.34217771508686
IRIDIUM 104
1 41922U 17003F   26263.16461560  .00000140  00000+0  43076-4 0  9995
2 41922  86.3949  48.7411 0002463  92.6544 267.4933 14.34220591506881
IRIDIUM 114
1 41923U 17003G   26263.17095785  .00000171  00000+0  53820-4 0  9991
2 41923  86.3950  48.7212 0002206  90.7072 269.4377 14.34217456506861
IRIDIUM 108
1 41924U 17003H   26262.85039928  .00000062  00000+0  15107-4 0  9998
2 41924  86.4010  17.1692 0002161  96.3269 263.8172 14.34217790508675
IRIDIUM 112
1 41925U 17003J   26263.15826742  .00000091  00000+0  25608-4 0  9990
2 41925  86.3947  48.5643 0002167  92.9589 267.1854 14.34217775506889
IRIDIUM 111
1 41926U 17003K   26263.14558655  .00000165  00000+0  51738-4 0  9990
2 41926  86.3948  48.6424 0002130  90.7679 269.3761 14.34217378506863
CARTOSAT-2D
1 41948U 17008A   26263.19910588  .00001397  00000+0  69524-4 0  9991
2 41948  97.4010 320.6757 0003391 276.3007  83.7842 15.19237363532002
SENTINEL-2B
1 42063U 17013A   26263.17253223  .00000165  00000+0  79495-4 0  9990
2 42063  98.5708 336.5798 0001196  86.1088 274.0232 14.30815652498223
COSMOS 2518 (EKS 2)
1 42719U 17027A   26247.78515787  .00000008  00000+0  00000+0 0  9995
2 42719  63.0194 238.9677 6930005 273.8909  16.0991  2.00742015 68002
CARTOSAT-2E
1 42767U 17036C   26263.15148287  .00001673  00000+0  82494-4 0  9995
2 42767  97.4180 321.3337 0002936   6.4121 353.7150 15.19299541512562
IRIDIUM 113
1 42803U 17039A   26263.05577734  .00000024  00000+0  16371-5 0  9992
2 42803  86.3918 282.5216 0002339  92.3845 267.7618 14.34217603484787
IRIDIUM 123
1 42804U 17039B   26263.09725625  .00000044  00000+0  87226-5 0  9990
2 42804  86.3973 313.9858 0002226  90.6018 269.5433 14.34217724483551
IRIDIUM 120
1 42805U 17039C   26262.90989730  .00000049  00000+0  10473-4 0  9993
2 42805  86.3907 282.3524 0002142  90.8873 269.2568 14.34217704484753
IRIDIUM 115
1 42806U 17039D   26263.17115125  .00000071  00000+0  15075-4 0  9991
2 42806  86.4444 282.3849 0002287  86.3280 273.8182 14.43279630487968
IRIDIUM 118
1 42807U 17039E   26262.08244138  .00000107  00000+0  31297-4 0  9992
2 42807  86.3975 314.4077 0002248  94.9692 265.1760 14.34218072483400
IRIDIUM 117
1 42808U 17039F   26263.14799698  .00000046  00000+0  93377-5 0  9997
2 42808  86.3973 313.9189 0002243  92.6780 267.4673 14.34217678483583
IRIDIUM 126
1 42809U 17039G   26262.89429370  .00000045  00000+0  90366-5 0  9990
2 42809  86.3974 314.0778 0002345  92.8947 267.2517 14.34217622483529
IRIDIUM 124
1 42810U 17039H   26262.20366951  .00000122  00000+0  30186-4 0  9991
2 42810  86.4439 251.0277 0002346  86.6306 273.5163 14.43280405488670
IRIDIUM 128
1 42811U 17039J   26262.95480034 -.00000141  00000+0 -57321-4 0  9996
2 42811  86.4017 345.5516 0002009  92.9055 267.2371 14.34217037483560
IRIDIUM 121
1 42812U 17039K   26262.91332205  .00000138  00000+0  42119-4 0  9992
2 42812  86.3974 314.0981 0002166  94.6833 265.4610 14.34217832483408
KANOPUS-V-IK
1 42825U 17042A   26263.18531635  .00001410  00000+0  63955-4 0  9993
2 42825  97.3468 166.6846 0001872  87.3036 272.8414 15.22432075509825
NORSAT 1
1 42826U 17042B   26262.74827761  .00004647  00000+0  25186-3 0  9991
2 42826  97.4542  68.4801 0008140 111.5348 248.6752 15.15053111501540
NORSAT 2
1 42828U 17042D   26262.91675919  .00006898  00000+0  29112-3 0  9991
2 42828  97.4109  75.0168 0010467  80.1786 280.0633 15.23553105502156
TECHNOSAT
1 42829U 17042E   26263.18030308  .00002833  00000+0  20081-3 0  9990
2 42829  97.4407  57.3277 0018464 127.3163 232.9750 15.05426030500992
FLYING LAPTOP
1 42831U 17042G   26263.22309278  .00001272  00000+0  10225-3 0  9998
2 42831  97.5017  55.3651 0017149 154.6277 205.5794 15.01608668500714
WNISAT 1R
1 42835U 17042L   26263.16311125  .00001704  00000+0  13398-3 0  9993
2 42835  97.4949  55.9281 0008878 164.0938 196.0568 15.02110174500763
LEMUR-2-GREENBERG
1 42837U 17042N   26262.94875551  .00012046  00000+0  36770-3 0  9998
2 42837  97.3865  83.3660 0008712  33.6442 326.5353 15.34026769502906
LEMUR-2-ANDIS
1 42838U 17042P   26262.73471869  .00017277  00000+0  45693-3 0  9995
2 42838  97.3697  83.7090 0008242  30.9988 329.1742 15.38434442502977
LEMUR-2-MONSON
1 42839U 17042Q   26262.97530248  .00012724  00000+0  43477-3 0  9999
2 42839  97.4126  83.2011 0006730  28.2997 331.8608 15.30405555502655
LEMUR-2-FURIAUS
1 42840U 17042R   26262.67798663  .00012839  00000+0  40344-3 0  9992
2 42840  97.3809  80.8401 0007911  86.3487 273.8660 15.33094687502679
LEMUR-2-PETERG
1 42841U 17042S   26262.77214779  .00016848  00000+0  45793-3 0  9992
2 42841  97.4007  88.2422 0003780  18.0717 342.0662 15.37622715502959
LEMUR-2-DEMBITZ
1 42842U 17042T   26262.96212545  .00011725  00000+0  37018-3 0  9993
2 42842  97.3850  84.2020 0007032  47.4728 312.7107 15.32972267502859
NANOACE
1 42844U 17042V   26262.94708476  .00008397  00000+0  32515-3 0  9994
2 42844  97.3803  75.8968 0004968  52.1105 308.0583 15.26411804502521
LEMUR-2-ZACHARY
1 42845U 17042W   26263.00406794  .00056126  00000+0  70837-3 0  9993
2 42845  97.3529  97.2503 0002953  36.0269 324.1186 15.59401326503932
CORVUS BC2
1 42846U 17042X   26262.90797977  .00002290  00000+0  15752-3 0  9996
2 42846  97.4186  60.6776 0013837 142.3125 217.9075 15.06791491501328
CORVUS BC1
1 42847U 17042Y   26262.89245962  .00001601  00000+0  11090-3 0  9993
2 42847  97.4212  61.5370 0013182 120.0810 240.1727 15.06940483501358
FORMOSAT-5
1 42920U 17049A   26263.15307882  .00000052  00000+0  24215-4 0  9995
2 42920  98.2181 336.3174 0012167 146.3531 213.8439 14.50909033480449
COSMOS 2522 [GLONASS-M]
1 42939U 17055A   26262.91323200 -.00000013  00000+0  00000+0 0  9996
2 42939  64.0794 188.6622 0009277 236.0970 123.8276  2.13102003 69998
VRSS-2
1 42954U 17060A   26263.23350968 -.00002550  00000+0 -32144-3 0  9993
2 42954  98.0229 297.0605 0019961 141.3694 218.8950 14.80977328482522
IRIDIUM 133
1 42955U 17061A   26263.19581880  .00000019  00000+0 -22382-6 0  9992
2 42955  86.4023 345.5710 0002172  94.4402 265.7042 14.34217687468399
IRIDIUM 100
1 42956U 17061B   26262.98017023  .00000069  00000+0  17571-4 0  9998
2 42956  86.4022 345.5774 0002202  95.1026 265.0421 14.34218010468365
IRIDIUM 122
1 42957U 17061C   26263.08799462  .00000144  00000+0  44275-4 0  9990
2 42957  86.4022 345.5329 0002238  92.8034 267.3417 14.34217972468382
IRIDIUM 129
1 42958U 17061D   26262.97382823  .00000053  00000+0  11938-4 0  9996
2 42958  86.4024 345.6485 0002394  97.8630 262.2838 14.34217855468380
IRIDIUM 119
1 42959U 17061E   26262.94211509  .00000054  00000+0  12141-4 0  9994
2 42959  86.4023 345.6580 0002264  94.0464 266.0990 14.34217843468395
IRIDIUM 107
1 42960U 17061F   26263.17044867  .00000167  00000+0  52614-4 0  9997
2 42960  86.4023 345.5840 0002173  89.6096 270.5348 14.34217587468432
IRIDIUM 132
1 42961U 17061G   26263.17679080  .00000014  00000+0 -20316-5 0  9996
2 42961  86.4023 345.5605 0002215  95.4165 264.7284 14.34217706468438
IRIDIUM 136
1 42962U 17061H   26262.92942909  .00000063  00000+0  15256-4 0  9991
2 42962  86.4024 345.6710 0002182  95.2325 264.9119 14.34218101468414
IRIDIUM 139
1 42963U 17061J   26263.21484650  .00000033  00000+0  48321-5 0  9996
2 42963  86.4026 345.6154 0002180  93.9719 266.1726 14.34217745468465
IRIDIUM 125
1 42964U 17061K   26263.20216176  .00000014  00000+0 -19915-5 0  9999
2 42964  86.4029 345.6835 0002595  86.2930 273.8563 14.34217800468472
SENTINEL-5P
1 42969U 17064A   26262.22975166  .00000034  00000+0  37207-4 0  9993
2 42969  98.7988 203.7133 0001145  76.1378 283.9925 14.19532043462904
COSMOS 2523
1 42986U 17037E   26263.20773656  .00000195  00000+0  22003-4 0  9997
2 42986  97.5014 272.2651 0064855 271.0470  88.3321 14.95694165483168
SKYSAT-C11
1 42987U 17068A   26262.65082968  .00028553  00000+0  31628-3 0  9999
2 42987  97.4464  56.0198 0000709  52.6617 307.4705 15.62952990497978
SKYSAT-C10
1 42988U 17068B   26262.33481534  .00006936  00000+0  19941-3 0  9992
2 42988  97.4631  40.2791 0001353  87.4165 272.7233 15.36129779496802
SKYSAT-C9
1 42989U 17068C   26263.13938774  .00010388  00000+0  23230-3 0  9997
2 42989  97.4550  42.9784 0008566 146.4310 213.7482 15.43649484497399
SKYSAT-C8
1 42990U 17068D   26263.13457936  .00007815  00000+0  20708-3 0  9993
2 42990  97.4648  41.2621 0001511  88.7696 271.3722 15.38629904496901
SKYSAT-C7
1 42991U 17068E   26263.19653487  .00007745  00000+0  20543-3 0  9998
2 42991  97.4659  42.3217 0006769 120.5052 239.6862 15.38580391496973
SKYSAT-C6
1 42992U 17068F   26263.17979338  .00006141  00000+0  18824-3 0  9991
2 42992  97.4701  41.7954 0002054 134.4397 225.7014 15.34155364496881
BEIDOU-3 M1
1 43001U 17069A   26262.63717400 -.00000010  00000+0  00000+0 0  9997
2 43001  56.7791  59.9784 0007184 321.3049  38.6640  1.86231322 60369
BEIDOU-3 M2
1 43002U 17069B   26262.57615733 -.00000010  00000+0  00000+0 0  9997
2 43002  56.7786  60.0164 0006006   2.5387 357.4847  1.86230841 60359
MOHAMMED VI-A
1 43005U 17070A   26263.18497148  .00000565  00000+0  87211-4 0  9996
2 43005  97.9477 334.1657 0001464  79.6517 280.4858 14.77075681478006
FENGYUN 3D
1 43010U 17072A   26263.21729269 -.00000059  00000+0 -58459-5 0  9993
2 43010  99.0254 239.4092 0002231 113.4231 246.7179 14.19755169458473
HEAD-1
1 43011U 17072B   26263.19598904  .00000125  00000+0  67983-4 0  9994
2 43011  98.9542 284.2376 0008975 235.5652 124.4681 14.28846453460929
NOAA 20 (JPSS-1)
1 43013U 17073A   26263.15743023  .00000047  00000+0  43324-4 0  9993
2 43013  98.7823 201.7936 0001361  43.5262 316.6021 14.19526713457948
MAKERSAT 0
1 43016U 17073D   26260.62841509  .00017546  00000+0  43528-3 0  9990
2 43016  97.4452 144.0022 0097352 303.9900  55.2122 15.35579152480631
RADFXSAT (FOX-1B)
1 43017U 17073E   26262.89417123  .00006111  00000+0  26021-3 0  9998
2 43017  97.4551 128.1747 0147209   1.9522 358.2253 15.13974742479719
JILIN-1 04
1 43022U 17074A   26263.18750255  .00011193  00000+0  24191-3 0  9996
2 43022  97.4911  15.5226 0003252 194.4284 165.6871 15.44675960488921
JILIN-1 05
1 43023U 17074B   26263.19456168  .00006339  00000+0  18800-3 0  9990
2 43023  97.4906  10.7486 0003684 245.2990 114.7869 15.35185859488575
JILIN-1 06
1 43024U 17074C   26263.18807947  .00004463  00000+0  13531-3 0  9997
2 43024  97.4825   7.6026 0005285 258.9418 101.1231 15.34655678488401
COSMOS 2524
1 43032U 17076A   26263.21870475  .00000141  00000+0  15351-3 0  9999
2 43032  67.1477 321.2045 0002441 300.1685  59.9158 13.97437698448883
LKW-1
1 43034U 17077A   26263.21975249  .00003757  00000+0  15438-3 0  9999
2 43034  97.0937 292.4380 0001947 110.0283 250.1165 15.24753798489175
GSAT0215 (GALILEO 19)
1 43055U 17079A   26262.45516027  .00000016  00000+0  00000+0 0  9994
2 43055  55.0517 218.9141 0003150 284.3874  75.5511  1.70473929 54592
GSAT0216 (GALILEO 20)
1 43056U 17079B   26261.57308682  .00000017  00000+0  00000+0 0  9994
2 43056  55.0524 218.9383 0004508 291.1911  68.7342  1.70474064 54592
GSAT0217 (GALILEO 21)
1 43057U 17079C   26262.96708459  .00000016  00000+0  00000+0 0  9994
2 43057  55.0501 218.8978 0003944 307.3513  52.5857  1.70473993 54602
GSAT0218 (GALILEO 22)
1 43058U 17079D   26262.01399380  .00000017  00000+0  00000+0 0  9991
2 43058  55.0505 218.9215 0004890 286.1652  73.7546  1.70474004 54616
GCOM-C (SHIKISAI)
1 43065U 17082A   26263.20792372  .00000014  00000+0  23728-4 0  9997
2 43065  98.6200 335.5604 0001130  94.0374 266.0936 14.27272057455499
IRIDIUM 135
1 43070U 17083A   26263.03674957  .00000017  00000+0 -97002-6 0  9995
2 43070  86.3911 282.3598 0002269  91.8512 268.2944 14.34217545457744
IRIDIUM 138
1 43071U 17083B   26263.06212042  .00000028  00000+0  27693-5 0  9991
2 43071  86.3927 282.0594 0002400  90.9817 269.1653 14.34217499457734
IRIDIUM 116
1 43072U 17083C   26262.96063775  .00000000  00000+0 -69199-5 0  9995
2 43072  86.3910 282.3765 0001897  90.1279 270.0134 14.34217471457750
IRIDIUM 130
1 43073U 17083D   26263.06846271 -.00000001  00000+0 -73318-5 0  9998
2 43073  86.3919 282.6163 0002017  87.0502 273.0925 14.34217363457711
IRIDIUM 151
1 43074U 17083E   26262.76401788 -.00000050  00000+0 -24785-4 0  9992
2 43074  86.3912 282.5186 0002087  90.5464 269.5971 14.34217609457693
IRIDIUM 134
1 43075U 17083F   26263.01137965 -.00000025  00000+0 -16147-4 0  9990
2 43075  86.3913 282.4246 0002123  90.0448 270.0991 14.34217125457691
IRIDIUM 137
1 43076U 17083G   26263.02406413  .00000115  00000+0  33956-4 0  9994
2 43076  86.3916 282.5142 0002007  97.9943 262.1481 14.34217760457767
IRIDIUM 141
1 43077U 17083H   26263.01772156 -.00000011  00000+0 -10975-4 0  9997
2 43077  86.3909 282.3418 0002205  92.1046 268.0402 14.34217337457763
IRIDIUM 153
1 43078U 17083J   26262.96989875  .00000022  00000+0  95573-6 0  9998
2 43078  86.3918 250.8231 0002411  86.9404 273.2067 14.34217335458860
IRIDIUM 131
1 43079U 17083K   26263.00503661 -.00000014  00000+0 -11900-4 0  9993
2 43079  86.3917 282.5398 0002157  92.2259 267.9184 14.34217136457690
LKW-2
1 43080U 17084A   26263.18479280  .00004222  00000+0  15997-3 0  9996
2 43080  97.1121 298.5707 0000247 196.0478 164.0754 15.27404532486181
SUPERVIEW-1 03
1 43099U 18002A   26263.18347623  .00013896  00000+0  31662-3 0  9996
2 43099  97.3079 348.0432 0043532 195.7905 164.1988 15.42025029482998
BEIDOU-3 M7
1 43107U 18003A   26261.78161568 -.00000035  00000+0  00000+0 0  9993
2 43107  54.2411 299.0431 0003125 103.1957 256.8981  1.86228337 59091
BEIDOU-3 M8
1 43108U 18003B   26262.26187818 -.00000031  00000+0  00000+0 0  9990
2 43108  54.2335 299.0074 0004263 263.5699  96.4414  1.86231277 59117
CARTOSAT-2F
1 43111U 18004A   26263.18535678  .00001582  00000+0  78445-4 0  9992
2 43111  97.4689 321.8378 0000690 355.8105   4.3124 15.19188473481755
LEO 1 (LEO VANTAGE 1)
1 43113U 18004C   26263.05337194  .00001323  00000+0  95950-4 0  9996
2 43113  99.2417 193.7685 0348934 147.9856 214.3073 14.68283911451403
LKW-3
1 43146U 18006A   26263.22747891  .00006740  00000+0  18946-3 0  9999
2 43146  97.6718  67.7008 0002613 355.5409   4.5811 15.36866886483303
ASNARO-2
1 43152U 18007A   26263.22799911  .00004994  00000+0  21915-3 0  9996
2 43152  97.4007 268.6813 0001936  83.6209 276.5248 15.22401612481871
JILIN-1 07
1 43159U 18008E   26263.17745891  .00005769  00000+0  16620-3 0  9994
2 43159  97.1762 280.6561 0010028  79.4934 280.7439 15.36071605479570
JILIN-1 08
1 43160U 18008F   26263.18661823  .00004401  00000+0  13286-3 0  9996
2 43160  97.1804 279.8614 0008139  93.0283 267.1892 15.34745746479515
KANOPUS-V 3
1 43180U 18014A   26263.16884758  .00001545  00000+0  69883-4 0  9998
2 43180  97.3470 166.6694 0001797  89.2238 270.9205 15.22378725479177
KANOPUS-V 4
1 43181U 18014B   26263.20178111  .00001505  00000+0  68173-4 0  9990
2 43181  97.3482 166.8716 0001850  84.2999 275.8449 15.22365428479199
S-NET D
1 43186U 18014G   26262.98087634  .00002878  00000+0  14724-3 0  9994
2 43186  97.5248 167.1722 0009539  57.0805 303.1345 15.17414145473136
S-NET B
1 43187U 18014H   26263.19209606  .00002915  00000+0  14918-3 0  9991
2 43187  97.5253 167.3715 0010124  51.8522 308.3622 15.17383788473163
S-NET A
1 43188U 18014J   26263.04517653  .00002960  00000+0  15127-3 0  9993
2 43188  97.5264 167.4530 0010002  52.9335 307.2811 15.17423286473145
S-NET C
1 43189U 18014K   26263.06466219  .00003131  00000+0  15999-3 0  9995
2 43189  97.5281 167.5615 0011177  45.6933 314.5215 15.17373649471691
ZHANGHENG 1-01 (CSES-1)
1 43194U 18015C   26263.21372354  .00004581  00000+0  21154-3 0  9995
2 43194  97.6964  70.8156 0013222 309.8221  50.1849 15.20665247479089
BEIDOU-3 M4
1 43207U 18018A   26262.16852574 -.00000014  00000+0  00000+0 0  9994
2 43207  56.7373  60.0544 0005723  43.5560 316.5088  1.86231163 58496
BEIDOU-3 M3
1 43208U 18018B   26262.77198661 -.00000009  00000+0  00000+0 0  9996
2 43208  56.7379  60.0386 0005301 344.8593  15.1456  1.86231229 58508
PAZ
1 43215U 18020A   26263.22084029  .00001133  00000+0  57164-4 0  9996
2 43215  97.4468 269.2626 0001732  90.2412 269.9021 15.19147078475434
LKW-4
1 43236U 18025A   26262.95684581  .00047534  00000+0  38695-3 0  9994
2 43236  97.6373  81.8835 0001880 313.9083  46.2024 15.70536544474869
BEIDOU-3 M9
1 43245U 18029A   26262.99049486 -.00000021  00000+0  00000+0 0  9997
2 43245  54.1054 296.6241 0001767 237.2935 122.7492  1.86228592 57665
BEIDOU-3 M10
1 43246U 18029B   26261.31349715 -.00000034  00000+0  00000+0 0  9995
2 43246  54.1047 296.7096 0002780  11.5114 348.5513  1.86229398 57617
IRIDIUM 144
1 43249U 18030A   26262.97624235  .00000001  00000+0 -66280-5 0  9998
2 43249  86.3913 250.7473 0002057  88.0829 272.0603 14.34217573443728
IRIDIUM 149
1 43250U 18030B   26262.49420566  .00000056  00000+0  12864-4 0  9995
2 43250  86.3913 250.9150 0002339  88.4051 271.7413 14.34217793443671
IRIDIUM 157
1 43251U 18030C   26263.21091808  .00000098  00000+0  27915-4 0  9999
2 43251  86.3915 250.6701 0002259  87.9043 272.2412 14.34217949443756
IRIDIUM 140
1 43252U 18030D   26262.95087073  .00000082  00000+0  22121-4 0  9996
2 43252  86.3915 250.7915 0002280  87.2268 272.9188 14.34217801443777
IRIDIUM 145
1 43253U 18030E   26263.14749242 -.00000021  00000+0 -14591-4 0  9999
2 43253  86.3915 250.6813 0001902  86.0741 274.0672 14.34217217443735
IRIDIUM 146
1 43254U 18030F   26263.19823068  .00000114  00000+0  33557-4 0  9998
2 43254  86.3916 250.6718 0002180  87.9495 272.1951 14.34217857443757
IRIDIUM 148
1 43255U 18030G   26262.53860367  .00000084  00000+0  22803-4 0  9997
2 43255  86.3915 250.9925 0002260  90.9711 269.1744 14.34217408443695
IRIDIUM 142
1 43256U 18030H   26263.20457347  .00000011  00000+0 -29609-5 0  9996
2 43256  86.3912 250.5994 0002010  88.6635 271.4791 14.34217465443755
IRIDIUM 150
1 43257U 18030J   26262.96355583  .00000031  00000+0  38728-5 0  9991
2 43257  86.3917 250.8197 0002229  87.1232 273.0219 14.34217526443748
IRIDIUM 143
1 43258U 18030K   26263.01429617  .00000042  00000+0  77612-5 0  9996
2 43258  86.3920 250.8948 0002206  85.2752 274.8695 14.34217343443685
GAOFEN-1 02
1 43259U 18031A   26263.17745163  .00000154  00000+0  29489-4 0  9994
2 43259  98.0432 325.3897 0004156  73.2102 286.9563 14.76484883456714
GAOFEN-1 03
1 43260U 18031B   26263.22338681  .00000356  00000+0  58580-4 0  9993
2 43260  98.0423 325.2824 0003983 113.6947 246.4681 14.76452089456713
GAOFEN-1 04
1 43262U 18031D   26263.19906941  .00000293  00000+0  49457-4 0  9994
2 43262  98.0433 325.4616 0002482  96.6031 263.5461 14.76446542456706
YAOGAN-31 01A
1 43275U 18034A   26263.19748684  .00000070  00000+0  21184-3 0  9998
2 43275  63.3932 206.7916 0283663   7.7377 352.7889 13.45467470414887
YAOGAN-31 01B
1 43276U 18034B   26263.19898978  .00000024  00000+0  15147-3 0  9992
2 43276  63.3934 206.7985 0283685   7.6875 352.8363 13.45462940415002
YAOGAN-31 01C
1 43277U 18034C   26263.20250854  .00000010  00000+0  13307-3 0  9991
2 43277  63.3944 206.1655 0283934   7.4135 353.0956 13.45450557415020
WEINA 1B
1 43279U 18034E   26263.21934757 -.00000031  00000+0  78108-4 0  9990
2 43279  63.3938 207.3763 0283609   8.1167 352.4307 13.45376471414990
TESS
1 43435U 18038A   26264.61819158 -.00000879  00000+0  00000+0 0  9991
2 43435  56.2338  32.1610 4943752  64.1731  11.1423  0.07023037  1923
SENTINEL-3B
1 43437U 18039A   26263.14552002  .00000037  00000+0  33229-4 0  9992
2 43437  98.6272 329.3035 0001255  75.1152 285.0167 14.26738279437660
ZHUHAI-1 OVS-02
1 43440U 18040B   26263.20725693  .00003652  00000+0  14436-3 0  9997
2 43440  97.0389 274.8663 0001574 290.1592  69.9478 15.26070667467206
ZHUHAI-1 OHS-02
1 43441U 18040C   26263.20179155  .00004080  00000+0  15641-3 0  9999
2 43441  97.0347 281.8879 0007239 247.4679 112.5795 15.27005437128770
GAOFEN-5 01
1 43461U 18043A   26263.21349397  .00000204  00000+0  52051-4 0  9993
2 43461  98.4697 236.8549 0002630 121.3663 238.7795 14.60659395445566
GRACE-FO 1
1 43476U 18047A   26263.18058324  .00002973  00000+0  73627-4 0  9993
2 43476  88.9997 184.9160 0009817  93.8357 266.4022 15.39990817464407
GRACE-FO 2
1 43477U 18047B   26263.18085272  .00002994  00000+0  74177-4 0  9990
2 43477  88.9997 184.9155 0009847  93.8288 266.4094 15.39988749464408
IRIDIUM 161
1 43478U 18047C   26263.15224376  .00000176  00000+0  46351-4 0  9991
2 43478  86.4469  48.7285 0002302  95.5689 264.5774 14.43279434438830
IRIDIUM 152
1 43479U 18047D   26262.77771115  .00000143  00000+0  43851-4 0  9993
2 43479  86.3945  48.7477 0002180  92.3894 267.7551 14.34218428436044
IRIDIUM 147
1 43480U 18047E   26263.13291626  .00000169  00000+0  53133-4 0  9992
2 43480  86.3947  48.6060 0002023  91.8013 268.3415 14.34214316436091
IRIDIUM 110
1 43481U 18047F   26263.13923927  .00000068  00000+0  17083-4 0  9991
2 43481  86.3951  48.6976 0002337  95.3133 264.8329 14.34217968436083
IRIDIUM 162
1 43482U 18047G   26262.72994524  .00000216  00000+0  58357-4 0  9991
2 43482  86.4471  48.7950 0002352  93.2418 266.9052 14.43275392438763
GAOFEN-6
1 43484U 18048A   26263.22346872  .00000617  00000+0  96139-4 0  9992
2 43484  98.0875 326.0519 0009627 220.1968 139.8531 14.76445283447414
LUOJIA-1 01
1 43485U 18048B   26263.22845133  .00001069  00000+0  12361-3 0  9993
2 43485  97.8035 339.8740 0009266 160.2386 199.9191 14.87562516448348
COSMOS 2527 [GLONASS-M]
1 43508U 18053A   26262.40626616  .00000031  00000+0  00000+0 0  9998
2 43508  65.6353  70.7673 0007297 213.1488 146.8386  2.13102231 64283
PAKTES 1A
1 43529U 18056A   26263.17570116  .00001012  00000+0  87611-4 0  9990
2 43529  98.1379  63.8035 0021808 159.3599 200.8508 14.99421680446154
PRSS-1
1 43530U 18056B   26263.18397378  .00000024  00000+0  94022-5 0  9997
2 43530  97.7728 328.3833 0001753  80.8320 279.3091 14.82104220442504
BEIDOU-2 IGSO-7
1 43539U 18057A   26262.67380615 -.00000165  00000+0  00000+0 0  9990
2 43539  55.2127 162.2531 0107678 236.4201 315.0789  1.00275683 30070
GSAT0221 (GALILEO 25)
1 43564U 18060A   26263.09151191 -.00000088  00000+0  00000+0 0  9998
2 43564  57.1307 339.2176 0004716 270.4507  89.5496  1.70476424 50787
GSAT0222 (GALILEO 26)
1 43565U 18060B   26262.13813266 -.00000092  00000+0  00000+0 0  9996
2 43565  57.1349 339.2474 0006474 251.3713 108.6116  1.70475875 50810
GSAT0219 (GALILEO 23)
1 43566U 18060C   26261.18573624 -.00000095  00000+0  00000+0 0  9995
2 43566  57.1346 339.2746 0003548 271.8636  88.1484  1.70476457 50772
GSAT0220 (GALILEO 24)
1 43567U 18060D   26259.06046670 -.00000101  00000+0  00000+0 0  9994
2 43567  57.1353 339.3319 0003785 270.1259  89.8832  1.70476413 50726
IRIDIUM 160
1 43569U 18061A   26263.08507274  .00000119  00000+0  35445-4 0  9990
2 43569  86.4010  17.1116 0002149  95.6569 264.4872 14.34218443426976
IRIDIUM 166
1 43570U 18061B   26262.69183335  .00000100  00000+0  28589-4 0  9997
2 43570  86.4009  17.2249 0002092  94.5070 265.6365 14.34217836426948
IRIDIUM 158
1 43571U 18061C   26263.07873308  .00000081  00000+0  21779-4 0  9999
2 43571  86.4011  17.0731 0002181  92.1990 267.9455 14.34217433426960
IRIDIUM 165
1 43572U 18061D   26263.10410277  .00000033  00000+0  48164-5 0  9991
2 43572  86.4009  17.1109 0002082  93.4427 266.7007 14.34217729426998
IRIDIUM 155
1 43573U 18061E   26263.06604698  .00000038  00000+0  63935-5 0  9997
2 43573  86.4008  16.9915 0002133  92.1273 268.0167 14.34217741426954
IRIDIUM 154
1 43574U 18061F   26262.27956538  .00000010  00000+0 -34343-5 0  9995
2 43574  86.4009  17.4581 0001957  94.7713 265.3706 14.34217612426890
IRIDIUM 163
1 43575U 18061G   26263.02799193  .00000143  00000+0  44170-4 0  9996
2 43575  86.4009  17.0577 0002183  94.8112 265.3333 14.34217868426976
IRIDIUM 156
1 43576U 18061H   26263.14215727  .00000108  00000+0  31364-4 0  9998
2 43576  86.4008  17.0173 0002117  91.2561 268.8878 14.34216505426984
IRIDIUM 164
1 43577U 18061J   26262.84405433  .00000100  00000+0  28626-4 0  9999
2 43577  86.4011  17.1838 0002033  95.4727 264.6701 14.34218554426980
IRIDIUM 159
1 43578U 18061K   26263.09141785  .00000031  00000+0  40106-5 0  9996
2 43578  86.4007  17.0152 0002222  94.9097 265.2352 14.34217565426988
BEIDOU-3 M5
1 43581U 18062A   26262.07439141 -.00000025  00000+0  00000+0 0  9991
2 43581  54.0825 179.1139 0003909 314.9426  45.0471  1.86229013 55382
BEIDOU-3 M6
1 43582U 18062B   26261.40128551 -.00000021  00000+0  00000+0 0  9994
2 43582  54.0821 179.1259 0006579  30.9685 329.0923  1.86228376 55377
GAOFEN-11 01
1 43585U 18063A   26263.18778688  .00011437  00000+0  15483-3 0  9994
2 43585  97.1190 329.9156 0003147   7.3552 352.7750 15.57858464455125
BEIDOU-3 M12
1 43602U 18067A   26262.95074140 -.00000029  00000+0  00000+0 0  9995
2 43602  54.1778 177.8282 0008956  37.1570 322.9275  1.86227644 54880
BEIDOU-3 M11
1 43603U 18067B   26262.01213459 -.00000025  00000+0  00000+0 0  9997
2 43603  54.1754 177.8234 0005362  26.2544 333.7964  1.86227188 54899
HAIYANG-1C
1 43609U 18068A   26263.19852946 -.00000036  00000+0  25007-5 0  9996
2 43609  98.5106 334.0880 0011266 165.9510 194.1990 14.34139821420704
ICESAT-2
1 43613U 18070A   26263.16516409  .00005962  00000+0  21654-3 0  9996
2 43613  92.0023 316.6286 0005968 102.4701 257.7216 15.28255516446969
SSTL S1-4
1 43618U 18071A   26263.17655794  .00000730  00000+0  67164-4 0  9999
2 43618  97.4858 130.7888 0004423 229.2521 130.8318 14.97618374437149
NOVASAR 1
1 43619U 18071B   26263.21595253 -.00000550  00000+0 -43825-4 0  9998
2 43619  97.4908 131.5668 0002011  81.3286 278.8164 14.96326054437149
BEIDOU-3 M13
1 43622U 18072A   26261.96604742 -.00000016  00000+0  00000+0 0  9996
2 43622  56.7109  59.5699 0004097 325.8897  34.1026  1.86231216 54401
BEIDOU-3 M14
1 43623U 18072B   26262.90537860 -.00000009  00000+0  00000+0 0  9990
2 43623  56.7136  59.5333 0003529  24.4495 335.5877  1.86231218 54417
CENTISPACE-1 S1
1 43636U 18075A   26263.16333843  .00000278  00000+0  66858-4 0  9996
2 43636  97.8706 282.1712 0008654 172.8124 187.3202 14.60072321424416
SAOCOM 1A
1 43641U 18076A   26263.19091271 -.00000323  00000+0 -34023-4 0  9994
2 43641  97.8898  88.5760 0001434  82.8051 277.3325 14.82145687430179
YAOGAN-32 A
1 43642U 18077A   26263.17569076  .00000307  00000+0  68739-4 0  9998
2 43642  98.1436 290.5612 0001086  94.5292 265.6034 14.63269134423737
YAOGAN-32 B
1 43643U 18077B   26263.17555755  .00000294  00000+0  66102-4 0  9995
2 43643  98.1439 290.5206 0004498 286.6938  73.3770 14.63270466423721
BEIDOU-3 M16
1 43647U 18078A   26263.05940067 -.00000021  00000+0  00000+0 0  9990
2 43647  54.0017 296.6507 0006083  31.0628 329.0331  1.86232520 53924
BEIDOU-3 M15
1 43648U 18078B   26262.65321395 -.00000024  00000+0  00000+0 0  9996
2 43648  53.9977 296.6651 0002666  34.4420 325.6342  1.86227621 53939
HAIYANG-2B
1 43655U 18081A   26263.18877748  .00000010  00000+0  53103-4 0  9996
2 43655  99.3330 270.5231 0001783  57.3902 302.7422 13.79305788398020
COSMOS 2528
1 43657U 18082A   26262.24542374 -.00000056  00000+0  13574-4 0  9998
2 43657  67.1482 209.1436 0007761 259.6494 100.3716 13.96714664403080
CFOSAT
1 43662U 18083A   26263.18172299  .00001864  00000+0  99313-4 0  9996
2 43662  97.3661 264.9365 0002841 113.6380 246.5152 15.16398617436833
GOSAT 2 (IBUKI 1)
1 43672U 18084B   26262.27239207  .00000877  00000+0  11111-3 0  9992
2 43672  97.8861  12.6526 0001574  96.8080 263.3313 14.84231123427512
KHALIFASAT
1 43676U 18084F   26263.16242253  .00000266  00000+0  25582-4 0  9990
2 43676  98.0830  89.4442 0005808 160.1233 200.0217 15.01559291430023
TEN-KOH
1 43677U 18084G   26262.78631928  .00000737  00000+0  59286-4 0  9990
2 43677  98.0719  99.1525 0009818 153.9496 206.2224 15.03252584430377
DIWATA-2B
1 43678U 18084H   26263.18965072  .00000913  00000+0  77117-4 0  9995
2 43678  98.1174 103.5804 0011959 209.8877 150.1664 15.00738558430469
STARS-AO
1 43679U 18084J   26262.36579402  .00004044  00000+0  20304-3 0  9997
2 43679  98.0375 122.1533 0001892 159.9693 200.1614 15.17934405431755
AUTCUBE 2
1 43681U 18084K   26263.03462391  .00001714  00000+0  10795-3 0  9997
2 43681  98.0609 114.2385 0010341  82.5128 277.7275 15.10616752431240
COSMOS 2529 [GLONASS-M]
1 43687U 18086A   26262.97148942 -.00000012  00000+0  00000+0 0  9995
2 43687  64.2958 189.3960 0010258 254.5016 105.3970  2.13102042 61309
METOP-C
1 43689U 18087A   26263.16159757  .00000035  00000+0  36226-4 0  9994
2 43689  98.7333 321.0624 0000648  55.8960 304.2279 14.21473530408328
BEIDOU-3 M17
1 43706U 18093A   26259.89153147 -.00000007  00000+0  00000+0 0  9999
2 43706  54.1660 179.1872 0008397 303.8235 256.2060  1.86228478 53241
BEIDOU-3 M18
1 43707U 18093B   26257.30952002  .00000009  00000+0  00000+0 0  9992
2 43707  54.1670 179.2666 0007508 338.2106  21.7735  1.86226671 53198
SHIYAN-6 01 (SY-6 01)
1 43711U 18094B   26263.18726939  .00003197  00000+0  11107-3 0  9994
2 43711  97.3605 276.4557 0013053 163.4175 196.7495 15.30413990436013
MOHAMMED VI-B
1 43717U 18095A   26263.15122087  .00000145  00000+0  27639-4 0  9990
2 43717  97.9474 334.1242 0001258 101.8003 258.3349 14.77097114422207
HYSIS
1 43719U 18096A   26263.15304892  .00000773  00000+0  11262-3 0  9990
2 43719  97.9750 329.1093 0001369 112.8465 247.2891 14.78659164421456
COSMOS 2530 (RODNIK-S *)
1 43751U 18097A   26263.20262420  .00000080  00000+0  50565-3 0  9993
2 43751  82.5180 163.3293 0018645 185.7109 174.3761 12.42883568354095
COSMOS 2531 (RODNIK-S *)
1 43752U 18097B   26263.22248916  .00000131  00000+0  87148-3 0  9994
2 43752  82.5226 164.4074 0015500 205.2960 154.7362 12.42915286354111
COSMOS 2532 (RODNIK-S *)
1 43753U 18097C   26263.17046499  .00000019  00000+0  69479-4 0  9994
2 43753  82.5169 163.1826 0016858 208.0555 151.9618 12.42912033354072
MINXSS-2
1 43758U 18099A   26263.17371860  .00034574  00000+0  54110-3 0  9992
2 43758  97.4442 342.6631 0005490 267.5189  92.5436 15.53663568428843
SIRION PATHFINDER-2
1 43759U 18099B   26262.37305856  .00002637  00000+0  14377-3 0  9992
2 43759  97.4163 309.1879 0007939 343.9211  16.1769 15.15221255426885
STPSAT-5
1 43762U 18099E   26263.06800102  .00002816  00000+0  15700-3 0  9997
2 43762  97.3995 310.2638 0003613  34.3411 325.8054 15.14375436427221
HAWK-A
1 43765U 18099H   26263.08568679  .00004155  00000+0  16355-3 0  9997
2 43765  97.3815 314.1004 0032571 312.7755  47.0744 15.25699978427562
SPAWAR-CAL-O
1 43766U 18099J   26263.13175584  .00014872  00000+0  39466-3 0  9998
2 43766  97.4228 328.0814 0006038 315.0210  45.0546 15.38381934428109
CORVUS BC4
1 43767U 18099K   26262.83968109  .00002424  00000+0  14030-3 0  9998
2 43767  97.3985 303.0459 0009156  43.1702 317.0246 15.13125543426715
AISTECHSAT 2
1 43768U 18099L   26263.07816375  .00003561  00000+0  18744-3 0  9992
2 43768  97.4205 309.0407 0003921 350.6992   9.4167 15.16257823426659
FOX-1CLIFF (AO-95)
1 43770U 18099N   26263.12239024  .00007863  00000+0  28592-3 0  9992
2 43770  97.4285 323.0885 0008479  22.9515 337.2102 15.28501039427712
RANGE-A
1 43773U 18099R   26262.70620593  .00002601  00000+0  14640-3 0  9997
2 43773  97.3887 302.5206 0010744  28.8984 331.2841 15.14056656426790
SPAWAR-CAL-R
1 43776U 18099U   26263.04264286  .00001482  00000+0  10546-3 0  9998
2 43776  97.4306 300.0629 0020810  40.2972 319.9793 15.05959114426275
SPAWAR-CAL-OR
1 43778U 18099W   26262.92686543  .00005763  00000+0  23511-3 0  9992
2 43778  97.3706 309.6517 0010433 351.6542   8.4520 15.24767331427080
SNUSAT-2
1 43782U 18099AA  26261.13610748  .00004914  00000+0  21133-3 0  9998
2 43782  97.3962 313.1241 0009052 338.1889  21.8961 15.23071167427174
KAZSTSAT
1 43783U 18099AB  26263.02598028  .00001278  00000+0  10702-3 0  9995
2 43783  97.4219 290.6393 0013898  90.8400 269.4417 15.00038253425529
SNUGLITE
1 43784U 18099AC  26263.09352208  .00007326  00000+0  26327-3 0  9991
2 43784  97.3771 316.5096 0001658 348.3480  11.7721 15.28939619427816
ITASAT
1 43786U 18099AE  26261.39700705  .00004670  00000+0  21918-3 0  9993
2 43786  97.3931 311.0652 0012942  33.8772 326.3287 15.20055674427063
EAGLET-I
1 43790U 18099AJ  26262.94200169  .00002623  00000+0  14977-3 0  9992
2 43790  97.4138 310.0893 0011528  26.3027 333.8788 15.13535269426662
ESEO
1 43792U 18099AL  26263.09719876  .00000995  00000+0  75187-4 0  9992
2 43792  97.3909 296.3985 0012286  17.7578 342.4076 15.04480750426079
HAWK-B
1 43794U 18099AN  26263.09241584  .00003830  00000+0  16021-3 0  9992
2 43794  97.3867 313.3170 0030333 332.6891  27.2750 15.23780527427489
THEA
1 43796U 18099AQ  26263.15161770  .00014064  00000+0  37773-3 0  9997
2 43796  97.4351 333.9302 0005535 310.1126  49.9634 15.38027293427272
SKYSAT-C12
1 43797U 18099AR  26262.33052996  .00012966  00000+0  21923-3 0  9995
2 43797  96.9249 281.9488 0004769 151.7601 208.3912 15.51697827436445
ASTROCAST 0.1
1 43798U 18099AS  26263.18323153  .00035282  00000+0  50252-3 0  9999
2 43798  97.4297 345.0708 0003533 219.3144 140.7854 15.56254136429176
HAWK-C
1 43799U 18099AT  26262.38230987  .00005124  00000+0  17871-3 0  9995
2 43799  97.3791 314.7978 0037824 313.1713  46.6367 15.29391356428305
ICEYE-X2
1 43800U 18099AU  26263.18057375  .00004991  00000+0  24284-3 0  9992
2 43800  97.4262 315.3617 0009134 340.3972  19.6910 15.18811674427234
JY1SAT (JO-97)
1 43803U 18099AX  26262.41966991  .00012286  00000+0  34786-3 0  9997
2 43803  97.4022 325.7200 0003853 296.9693  63.1158 15.36423222428082
SUOMI-100
1 43804U 18099AY  26261.11207821  .00008636  00000+0  29651-3 0  9993
2 43804  97.4086 321.2390 0008211 316.6515  43.4079 15.30348668427626
EUCROPIS
1 43807U 18099BB  26262.92092750  .00004531  00000+0  20288-3 0  9996
2 43807  97.4128 317.2860 0004356 342.4190  17.6895 15.21758097426860
POLAR SCOUT YUKON
1 43808U 18099BC  26263.07685845  .00017807  00000+0  42352-3 0  9993
2 43808  97.4607 337.7621 0003671 358.7662   1.3575 15.41698091428112
CENTAURI-1
1 43809U 18099BD  26262.41261222  .00003561  00000+0  18230-3 0  9990
2 43809  97.4126 312.1113 0013871   7.5338 352.6101 15.17171366426786
NEXTSAT-1
1 43811U 18099BF  26263.09421720  .00001230  00000+0  81537-4 0  9991
2 43811  97.3986 302.4665 0012452  18.2363 341.9310 15.09015056426199
GLOBAL-2
1 43812U 18099BG  26263.03778817  .00002012  00000+0  13062-3 0  9994
2 43812  97.3491 295.6003 0005859 172.1465 187.9857 15.09118132426212
FALCONSAT-6
1 43815U 18099BK  26261.14578428  .00002391  00000+0  90503-4 0  9999
2 43815  97.3726 336.1592 0014416 339.1220  82.4211 15.27835700427922
EXCITE
1 43819U 18099BP  26263.04941019  .00001749  00000+0  12092-3 0  9996
2 43819  97.3895 298.0522 0018894  30.9463 329.2874 15.06830011426036
SEAHAWK-1
1 43820U 18099BQ  26263.10968873  .00005529  00000+0  23001-3 0  9994
2 43820  97.3863 314.1879 0007248 346.9169  13.1879 15.24156361426989
SAUDISAT 5A
1 43831U 18102A   26263.22261034  .00003541  00000+0  12872-3 0  9995
2 43831  97.2968 322.9723 0010267 148.4308 211.7551 15.28867146430191
SAUDISAT 5B
1 43833U 18102C   26263.22685802  .00003469  00000+0  12532-3 0  9992
2 43833  97.3079 326.2184 0010942 151.0100 209.1750 15.29082212430315
HONGYUN 1
1 43871U 18108A   26263.22737413  .00000013  00000+0  87483-4 0  9996
2 43871  99.7456 283.2124 0011392 183.5841 176.5214 13.51561831381926
NAVSTAR 77 (USA 289)
1 43873U 18109A   26262.98442110  .00000023  00000+0  00000+0 0  9994
2 43873  55.7438  88.4468 0040336 196.2461 335.8843  2.00565512 56979
KANOPUS-V 5
1 43876U 18111A   26263.21847132  .00001519  00000+0  68790-4 0  9996
2 43876  97.3469 166.7042 0001836  90.2942 269.8505 15.22364717429242
KANOPUS-V 6
1 43877U 18111B   26263.20696036  .00008785  00000+0  22235-3 0  9996
2 43877  97.3648 181.0466 0001865  88.6019 271.5440 15.39992203430155
ISAT
1 43879U 18111D   26262.10681972  .00593785  16054-3  11229-2 0  9998
2 43879  97.5724 206.3379 0009428 140.9659 219.2301 16.00711699425979
UWE-4
1 43880U 18111E   26260.79047191  .00032620  00000+0  54348-3 0  9998
2 43880  97.5815 193.8360 0006557  15.6860 344.4594 15.51924947425112
GRUS-1A
1 43890U 18111Q   26263.17052103  .00001278  00000+0  11043-3 0  9993
2 43890  97.4357 126.0074 0007415 180.9184 179.2027 14.98870457421939
YUNHAI-2 01A
1 43909U 18112A   26263.20726002  .00000063  00000+0  88172-4 0  9994
2 43909  50.0115   0.8442 0000465 186.7076 173.3833 14.29053319404673
YUNHAI-2 01B
1 43910U 18112B   26263.01890862 -.00000149  00000+0  48136-5 0  9994
2 43910  50.0106  65.3071 0005016 194.5188 165.5584 14.29033183403804
YUNHAI-2 01C
1 43911U 18112C   26263.18651391 -.00000077  00000+0  33164-4 0  9999
2 43911  50.0125 304.1973 0000531 140.8547 219.2407 14.29028964405377
YUNHAI-2 01D
1 43912U 18112D   26263.22798779 -.00000044  00000+0  46236-4 0  9995
2 43912  50.0093 243.9776 0015803 319.1461  40.8269 14.29062098401171
YUNHAI-2 01E
1 43913U 18112E   26263.18640877 -.00000077  00000+0  33033-4 0  9993
2 43913  50.0057 123.4515 0005135 342.3522  17.7214 14.29041975402746
HONGYAN 1 (CHONGQING)
1 43914U 18112F   26263.20620333 -.00000113  00000+0  28450-4 0  9990
2 43914  50.0062 247.5179 0006697 187.1737 172.9047 13.43824501379317
YUNHAI-2 01F
1 43915U 18112G   26263.20491963 -.00000167  00000+0 -22426-5 0  9994
2 43915  50.0105 184.3039 0007185 302.9467  57.0757 14.29059351401897
IRIDIUM 180
1 43922U 19002A   26262.88160834  .00000038  00000+0  64481-5 0  9996
2 43922  86.3971 314.0355 0002248  95.6796 264.4656 14.34217763402563
IRIDIUM 176
1 43923U 19002B   26263.10989111  .00000396  00000+0  58924-4 0  9991
2 43923  86.6092 313.8703 0002412  92.6738 267.4755 14.72250131413216
IRIDIUM 168
1 43924U 19002C   26263.01480267  .00000088  00000+0  24293-4 0  9990
2 43924  86.3974 314.0597 0002253  95.3022 264.8430 14.34217176402563
IRIDIUM 173
1 43925U 19002D   26263.00211804  .00000022  00000+0  71386-6 0  9994
2 43925  86.3970 313.9500 0002274  93.3035 266.8421 14.34217365402547
IRIDIUM 169
1 43926U 19002E   26263.19587172  .00000167  00000+0  48110-4 0  9996
2 43926  86.4279 345.4949 0002236  84.8019 275.3435 14.38607007403881
IRIDIUM 172
1 43927U 19002F   26262.85623697  .00000128  00000+0  38471-4 0  9998
2 43927  86.3971 314.0194 0002278  94.6675 265.4781 14.34218799402534
IRIDIUM 175
1 43928U 19002G   26262.88929485  .00000121  00000+0  29813-4 0  9999
2 43928  86.4469 250.9136 0000920 272.2355  87.8741 14.43646429412643
IRIDIUM 171
1 43929U 19002H   26262.97674669  .00000103  00000+0  29838-4 0  9998
2 43929  86.3982 314.2858 0002172  93.4339 266.7105 14.34218167402548
IRIDIUM 170
1 43930U 19002J   26263.11605461  .00000048  00000+0  36296-5 0  9996
2 43930  86.6097 313.8700 0002505  93.7345 266.4159 14.72251154413229
IRIDIUM 167
1 43931U 19002K   26263.10994157  .00000047  00000+0  97320-5 0  9993
2 43931  86.3970 313.9364 0002060  89.9366 270.2066 14.34217408402567
JILIN-1 09
1 43943U 19005B   26263.18596663  .00002946  00000+0  13521-3 0  9996
2 43943  97.4730 357.3800 0003634 109.1711 250.9918 15.21208430423589
JILIN-1 10
1 43946U 19005E   26263.19563877  .00003746  00000+0  14582-3 0  9998
2 43946  97.4796   2.0686 0006727 310.8786  49.1869 15.26616603423807
EGYPTSAT-A (MISRSAT-A)
1 44047U 19008A   26263.15266056  .00000389  00000+0  69395-4 0  9992
2 44047  98.0101 326.5963 0001038  85.5724 274.5602 14.72295654407212
ONEWEB-0012
1 44057U 19010A   26263.17337988  .00000015  00000+0  55715-5 0  9999
2 44057  87.9147 209.9231 0002489  82.7853 277.3561 13.16594043364066
ONEWEB-0010
1 44058U 19010B   26263.19871234 -.00000015  00000+0 -73708-4 0  9992
2 44058  87.9153 209.9186 0001842  69.0769 291.0559 13.16593421364114
ONEWEB-0008
1 44059U 19010C   26262.31208408  .00000159  00000+0  38128-3 0  9996
2 44059  87.9155 210.0887 0001915  88.8092 271.3258 13.16593807364112
ONEWEB-0007
1 44060U 19010D   26262.72618547 -.00000097  00000+0 -29199-3 0  9993
2 44060  87.8983 240.3676 0002219  78.5075 281.6304 13.15548095363808
ONEWEB-0006
1 44061U 19010E   26262.73013456 -.00000079  00000+0 -24458-3 0  9996
2 44061  87.8995 240.3411 0001869  82.7324 277.4019 13.15547255363851
ONEWEB-0011
1 44062U 19010F   26262.92662142  .00000127  00000+0  30455-3 0  9996
2 44062  87.8997 240.3132 0001778  82.7170 277.4163 13.15549280363874
PRISMA
1 44072U 19015A   26263.16661534  .00000638  00000+0  83709-4 0  9991
2 44072  97.8716 336.5687 0001431  85.4233 274.7144 14.83669003406132
EMISAT
1 44078U 19018A   26263.16647862  .00000051  00000+0  27900-4 0  9998
2 44078  98.4550 321.3957 0017229 293.6626  66.2756 14.43669745393760
BEIDOU-3 IGSO-1
1 44204U 19023A   26262.76458361 -.00000194  00000+0  00000+0 0  9990
2 44204  58.8307  36.6835 0027935 223.2345 132.5629  1.00264640  8150
TIANHUI 2-01A
1 44207U 19024A   26262.50020193  .00001118  00000+0  60392-4 0  9995
2 44207  97.4852 265.2033 0001549 103.7857 256.3548 15.16759886116439
TIANHUI 2-01B
1 44209U 19024C   26262.56617509  .00001099  00000+0  59427-4 0  9991
2 44209  97.4851 265.2662 0002017  91.7185 268.4279 15.16759906409016
COSMOS 2534 [GLONASS-M]
1 44299U 19030A   26262.57023321 -.00000010  00000+0  00000+0 0  9992
2 44299  64.3695 189.4408 0011586 276.2227 270.4820  2.13102458 56938
RCM-1
1 44322U 19033A   26263.21315516  .00000249  00000+0  29592-4 0  9999
2 44322  97.7604 269.3163 0001520  90.8747   0.8062 14.92588417396253
RCM-3
1 44323U 19033B   26263.21871856  .00000495  00000+0  53565-4 0  9994
2 44323  97.7600 269.4160 0001524  90.8611 269.2782 14.92587954396279
RCM-2
1 44324U 19033C   26263.24092558  .00000629  00000+0  66555-4 0  9994
2 44324  97.7599 269.3882 0001497  90.1378 270.0013 14.92591257396266
BEIDOU-3 IGSO-2
1 44337U 19035A   26260.71948286 -.00000147  00000+0  00000+0 0  9991
2 44337  55.2501 158.0504 0038481 210.6001   6.7827  1.00272052 26599
METEOR-M2 2
1 44387U 19038A   26263.21675690  .00000228  00000+0  11865-3 0  9997
2 44387  98.9256 251.9500 0002318  92.4942 267.6501 14.24387750374825
ICEYE-X4
1 44390U 19038D   26263.21007917  .00007733  00000+0  25937-3 0  9995
2 44390  97.8692 301.8113 0011705 337.2965  22.7756 15.31142661396332
MOMENTUS-X1
1 44408U 19038Y   26262.38622086  .00061907  00000+0  40120-3 0  9996
2 44408  97.6630 316.9697 0005165  32.4612 327.6969 15.75838369401348
COSMOS 2538
1 44424U 19039D   26263.22553192  .00003914  00000+0  17243-3 0  9994
2 44424  97.5817 343.3046 0042577  74.0002 286.5917 15.21608936394351
MERIDIAN 8
1 44453U 19046A   26258.94560896  .00000060  00000+0  00000+0 0  9994
2 44453  63.2088  38.9430 7098206 275.0635  14.5857  2.00609275 52161
NAVSTAR 78 (USA 293)
1 44506U 19056A   26262.38037515 -.00000082  00000+0  00000+0 0  9999
2 44506  55.5845 327.3954 0066001 200.1969 161.5484  2.00571711 51960
COSMOS 2540
1 44517U 19057A   26263.19430431  .00000038  00000+0  71174-4 0  9991
2 44517  99.2085 273.1351 0014686 276.8797  83.0688 13.85961816357038
KX-09
1 44520U 19058B   26263.18247422  .00001071  00000+0  98513-4 0  9995
2 44520  97.7779 275.9594 0011037  34.6881 325.5058 14.96852095384244
ZY-1 02D
1 44528U 19059A   26263.22609481  .00000081  00000+0  44019-4 0  9998
2 44528  98.6632 325.0717 0005395  91.5262 268.6541 14.35283036367970
BNU-1 (JINGSHI 1)
1 44529U 19059B   26263.13882288  .00000224  00000+0  72010-4 0  9998
2 44529  98.6192  34.0526 0014426  86.5875 273.6968 14.48446819370737
TAURUS-1 (JINNIUZUO 1)
1 44530U 19059C   26263.16956932  .00002390  00000+0  38148-3 0  9990
2 44530  98.6507  74.0102 0008667  20.1016 340.0529 14.72920933372627
ZHUHAI-1 03B
1 44536U 19060C   26263.19073480  .00027566  00000+0  35098-3 0  9992
2 44536  97.5620  66.5379 0006885 331.2241  28.8634 15.59294002391104
ZHUHAI-1 03D
1 44538U 19060E   26263.16535706  .00030569  00000+0  45031-3 0  9990
2 44538  97.5474  57.8004 0005748 313.1360  46.9412 15.55353961390817
ZHUHAI-1 03E
1 44539U 19060F   26263.21707338  .00013281  00000+0  29446-3 0  9993
2 44539  97.5729  56.7422 0006098  47.7022 312.4742 15.43862185390410
BEIDOU-3 M24
1 44542U 19061A   26258.98781159  .00000002  00000+0  00000+0 0  9997
2 44542  54.3935 179.6672 0009331  13.2260 346.8192  1.86229429 47487
BEIDOU-3 M23
1 44543U 19061B   26263.11035623 -.00000028  00000+0  00000+0 0  9996
2 44543  54.3919 179.4968 0006091   4.2991 150.6914  1.86227918 47560
YUNHAI-1 02
1 44547U 19063A   26263.18468291  .00000195  00000+0  87653-4 0  9998
2 44547  98.4149 270.8796 0005108 232.2011 127.8712 14.32600947365474
COSMOS 2541 (EKS 3)
1 44552U 19065A   26261.99162707  .00000090  00000+0  00000+0 0  9996
2 44552  62.7124 148.1966 6509060 272.0546  20.2621  2.00578380 51104
GAOFEN-10R
1 44622U 19066A   26263.21562652  .00000689  00000+0  91225-4 0  9993
2 44622  98.0603 217.5367 0005525 171.5352 188.5955 14.83173592376468
PALISADE
1 44634U 19069A   26262.92781286  .00000100  00000+0  24308-3 0  9997
2 44634  87.8808 260.8636 0009715 161.8735 198.2741 13.11907086331539
GAOFEN-7
1 44703U 19072A   26263.18465925  .00002572  00000+0  11758-3 0  9996
2 44703  97.5622 324.2300 0020009  77.3053 283.0417 15.21312906382087
BEIDOU-3 IGSO-3
1 44709U 19073A   26260.45701998 -.00000154  00000+0  00000+0 0  9992
2 44709  54.6463 279.8914 0046811 198.1327 161.7370  1.00262156 25381
JILIN-1 GAOFEN 2A
1 44777U 19075A   26263.16730922  .00010244  00000+0  24517-3 0  9992
2 44777  97.4914 349.3116 0007162 100.8081 259.3972 15.41629936379503
KL-ALPHA A
1 44785U 19077A   26263.23269969  .00000057  00000+0  63620-4 0  9999
2 44785  88.9315 212.1825 0010175 181.2451 178.8679 13.56050174338610
KL-ALPHA B
1 44786U 19077B   26263.16964694  .00000088  00000+0  10798-3 0  9990
2 44786  88.9184 209.6508 0024337 231.5615 128.3355 13.56009717338056
BEIDOU-3 M22
1 44793U 19078A   26263.12452366 -.00000021  00000+0  00000+0 0  9992
2 44793  53.8468 296.4789 0004896  40.1336 319.9624  1.86227529 46413
BEIDOU-3 M21
1 44794U 19078B   26261.11635668 -.00000036  00000+0  00000+0 0  9994
2 44794  53.8218 296.5089 0002880  29.9713 330.1007  1.86228016 46384
CARTOSAT-3
1 44804U 19081A   26263.19855775  .00000964  00000+0  48918-4 0  9997
2 44804  97.4206 323.4820 0011581 175.6103 184.5236 15.19233950377892
GAOFEN-12 01
1 44819U 19082A   26263.24136177  .00000225  00000+0  36034-4 0  9994
2 44819  97.8151 267.1361 0002483  88.3180 271.8317 14.80521174368155
JILIN-1 GAOFEN 2B
1 44836U 19086A   26263.19953316  .00003638  00000+0  16389-3 0  9994
2 44836  97.4797 334.6119 0013378 354.1059   6.0017 15.21627488374930
COSMOS 2544 [GLONASS-M]
1 44850U 19088A   26261.41207061  .00000021  00000+0  00000+0 0  9996
2 44850  65.6225  70.6223 0012069 244.9635 114.9418  2.13103007 52709
BEIDOU-3 M19
1 44864U 19090A   26260.82197579 -.00000026  00000+0  00000+0 0  9996
2 44864  56.6443  59.7336 0015783 291.7296  68.9891  1.86231606 45967
BEIDOU-3 M20
1 44865U 19090B   26262.84536137 -.00000009  00000+0  00000+0 0  9999
2 44865  56.6486  59.7016 0012975 307.5103  59.3559  1.86231559 45987
CSG-1
1 44873U 19092A   26263.17373640  .00000234  00000+0  36025-4 0  9995
2 44873  97.8916  85.4265 0001440  86.6866 273.4512 14.82146296365547
CHEOPS
1 44874U 19092B   26263.01171267  .00000179  00000+0  45118-4 0  9991
2 44874  98.1511  89.9714 0010943 156.2819 203.8889 14.62016382359751
TIANQIN 1 (CAS-6)
1 44879U 19093A   26263.22493154  .00001073  00000+0  10124-3 0  9994
2 44879  97.7755 346.3780 0012205  95.9865 264.2747 14.95815456366259
ETRSS-1
1 44880U 19093B   26263.20274088  .00001657  00000+0  15156-3 0  9995
2 44880  97.7787 346.9037 0012952  95.6953 264.5745 14.96302591366265
TIANYAN 01
1 44881U 19093C   26263.15342491  .00000638  00000+0  77760-4 0  9992
2 44881  97.7446 333.0332 0014586 130.1550 230.0946 14.86638406365521
TIANYAN 02
1 44882U 19093D   26263.21601676  .00004735  00000+0  32673-3 0  9998
2 44882  97.7929 358.9824 0014387  64.2708 296.0002 15.06204435366914
CBERS 4A
1 44883U 19093E   26263.18818583  .00000218  00000+0  34612-4 0  9990
2 44883  98.0103 330.6712 0001605  45.6259 314.5085 14.81532474365149
WEILAI 1R
1 44884U 19093F   26263.25017227  .00002663  00000+0  21094-3 0  9990
2 44884  97.7909 353.3703 0017667  72.8016 287.5140 15.01333018366687
FLORIPASAT-1
1 44885U 19093G   26263.21222698  .00003472  00000+0  25074-3 0  9998
2 44885  97.7920 358.1917 0012488 107.6861 252.5729 15.04706762366938
SHUNTIAN
1 44886U 19093H   26263.22781969  .00000600  00000+0  59394-4 0  9994
2 44886  97.7978 350.9114 0012884 106.1476 254.1164 14.95525092366381
GONETS-M 14
1 44905U 19096A   26263.19690414  .00000053  00000+0  30914-3 0  9997
2 44905  82.5270  25.7211 0012552 307.4391  52.5546 12.42872693305489
GONETS-M 15
1 44906U 19096B   26263.14509528  .00000119  00000+0  78660-3 0  9991
2 44906  82.5288  26.2287 0014674 331.4373  28.5901 12.42884643305444
GONETS-M 16
1 44907U 19096C   26263.25091775  .00014452  00000+0  10412+0 0  9996
2 44907  82.5235  25.0718 0010840  15.3451 344.7955 12.42899521305442
RS-44 & BREEZE-KM R/B
1 44909U 19096E   26263.07123823  .00000019  00000+0  40325-4 0  9993
2 44909  82.5167 276.6553 0216349 282.6062  75.0925 12.79749405314488
JILIN-1 KUANFU 01
1 45016U 20003A   26263.18614510  .00001649  00000+0  10203-3 0  9994
2 45016  97.4948 335.2731 0009057 344.8775  15.2182 15.11166062369671
YINHE-1
1 45024U 20004A   26263.18364814  .00000522  00000+0  66600-4 0  9995
2 45024  86.3888  72.8035 0015021  35.6023 324.6196 14.79220808359965
ONEWEB-0013
1 45131U 20008A   26263.14852318 -.00000224  00000+0 -68586-3 0  9990
2 45131  87.8555  33.6561 0002705 103.1285 257.0143 13.09457717318493
ONEWEB-0017
1 45132U 20008B   26263.14120802  .00000322  00000+0  88716-3 0  9991
2 45132  87.8909  17.3656 0001533 102.7183 257.4116 13.10375771320387
ONEWEB-0020
1 45133U 20008C   26263.03429933 -.00000515  00000+0 -15118-2 0  9998
2 45133  87.8898  17.3881 0001754 101.8811 258.2513 13.10370450320769
ONEWEB-0021
1 45134U 20008D   26263.12592308 -.00000529  00000+0 -15522-2 0  9990
2 45134  87.8902  17.3798 0001771  97.7408 262.3921 13.10375759321089
ONEWEB-0023
1 45136U 20008F   26263.06060279  .00000009  00000+0 -10074-4 0  9993
2 45136  87.8912  17.3808 0001817 107.1649 252.9677 13.10377017320506
ONEWEB-0024
1 45137U 20008G   26263.10909980 -.00000509  00000+0 -14945-2 0  9995
2 45137  87.8913  17.3698 0001729  99.5130 260.6193 13.10370835320674
ONEWEB-0025
1 45138U 20008H   26263.10881425 -.00000541  00000+0 -15866-2 0  9998
2 45138  87.8912  17.3583 0001567 115.9506 244.1783 13.10370931321004
ONEWEB-0026
1 45139U 20008J   26263.07188155 -.00000437  00000+0 -12677-2 0  9996
2 45139  87.8971   2.2051 0001643 100.2225 259.9088 13.11415707323548
ONEWEB-0028
1 45140U 20008K   26263.04618668  .00000577  00000+0  15928-2 0  9997
2 45140  87.8964   2.2136 0002313 104.2687 255.8698 13.11414793321057
ONEWEB-0032
1 45141U 20008L   26263.14303139  .00000321  00000+0  88386-3 0  9999
2 45141  87.8910  17.3673 0002189 106.0256 254.1112 13.10376585320737
ONEWEB-0033
1 45142U 20008M   26263.04107979 -.00000658  00000+0 -19216-2 0  9993
2 45142  87.8902  17.3903 0001313  90.4193 269.7085 13.10372566320634
ONEWEB-0035
1 45143U 20008N   26263.06158502  .00000016  00000+0  92698-5 0  9998
2 45143  87.8909  17.3815 0001721  97.7207 262.4115 13.10377054320364
ONEWEB-0036
1 45144U 20008P   26263.11559709 -.00000635  00000+0 -18565-2 0  9996
2 45144  87.8922  17.3988 0001897 104.8974 255.2364 13.10371194320798
ONEWEB-0038
1 45145U 20008Q   26263.08205825 -.00000445  00000+0 -12917-2 0  9994
2 45145  87.8981   2.2248 0002685  63.9063 296.2341 13.11417710322761
ONEWEB-0039
1 45146U 20008R   26263.12082882 -.00000598  00000+0 -17488-2 0  9993
2 45146  87.8908  17.3692 0002267 101.1594 258.9788 13.10374497320593
ONEWEB-0040
1 45147U 20008S   26263.03767941 -.00000596  00000+0 -17427-2 0  9991
2 45147  87.8895  17.3914 0001817 110.0568 250.0755 13.10371132320282
ONEWEB-0043
1 45149U 20008U   26263.11587514 -.00000636  00000+0 -18591-2 0  9996
2 45149  87.8912  17.3727 0002252 103.1848 256.9531 13.10371336320614
ONEWEB-0044
1 45150U 20008V   26263.14460727  .00000336  00000+0  92551-3 0  9991
2 45150  87.8903  17.3667 0001867 103.2232 256.9104 13.10375559320918
ONEWEB-0045
1 45151U 20008W   26263.07683331 -.00000527  00000+0 -15227-2 0  9990
2 45151  87.8973   2.2019 0001912 100.0853 260.0491 13.11416780322847
ONEWEB-0047
1 45152U 20008X   26263.06130148  .00000063  00000+0  14457-3 0  9991
2 45152  87.8917  17.3856 0001637  93.8480 266.2835 13.10377249320620
ONEWEB-0048
1 45153U 20008Y   26263.13271602 -.00000235  00000+0 -70866-3 0  9990
2 45153  87.8904  17.3830 0001825  96.4466 263.6869 13.10375743320244
ONEWEB-0049
1 45154U 20008Z   26263.13596558 -.00000057  00000+0 -20044-3 0  9996
2 45154  87.8906  17.3718 0001837 113.9034 246.2286 13.10376704320463
ONEWEB-0051
1 45155U 20008AA  26263.07513713 -.00000522  00000+0 -15096-2 0  9999
2 45155  87.8968   2.2057 0001785 102.0705 258.0623 13.11417263323520
ONEWEB-0052
1 45156U 20008AB  26263.08025771  .00000632  00000+0  17743-2 0  9994
2 45156  87.8907  17.3751 0001985 110.4700 249.6640 13.10374615320368
ONEWEB-0053
1 45157U 20008AC  26263.11234758 -.00000534  00000+0 -15668-2 0  9993
2 45157  87.8895  17.3833 0002174 107.0165 253.1201 13.10371378320348
ONEWEB-0054
1 45158U 20008AD  26263.14800882  .00000467  00000+0  13012-2 0  9998
2 45158  87.8900  17.3656 0001719 102.6779 257.4540 13.10376852320463
ONEWEB-0056
1 45159U 20008AE  26263.11898832 -.00000607  00000+0 -17741-2 0  9999
2 45159  87.8914  17.3684 0001516 107.7476 252.3817 13.10372259320610
ONEWEB-0057
1 45160U 20008AF  26263.05989590  .00000524  00000+0  14636-2 0  9992
2 45160  87.8908  17.3893 0002141 110.7008 249.4349 13.10374023320772
ONEWEB-0058
1 45161U 20008AG  26263.12267661 -.00000636  00000+0 -18588-2 0  9995
2 45161  87.8896  17.3754 0001698  92.8934 267.2388 13.10373540320852
ONEWEB-0059
1 45162U 20008AH  26263.04290759 -.00000611  00000+0 -17870-2 0  9997
2 45162  87.8910  17.3927 0002136 105.1231 255.0132 13.10372422320746
ONEWEB-0062
1 45163U 20008AJ  26263.06640903  .00000234  00000+0  63366-3 0  9991
2 45163  87.8912  17.3819 0001515  92.9669 267.1632 13.10374865320615
ONEWEB-0065
1 45164U 20008AK  26262.64218973 -.00000163  00000+0 -50399-3 0  9998
2 45164  87.8906  17.4740 0001853 110.4908 249.6419 13.10369528320258
MERIDIAN 9
1 45254U 20015A   26262.18185925  .00000026  00000+0  00000+0 0  9991
2 45254  65.5409 309.1171 6829482 276.3211  16.1200  2.00616821 48170
COSMOS 2545 [GLONASS-M]
1 45358U 20018A   26263.01477116 -.00000022  00000+0  00000+0 0  9995
2 45358  64.2932 309.0810 0011946 236.7664 123.1908  2.13102750 50683
ONEWEB-0066
1 45424U 20020A   26263.21247921 -.00000086  00000+0 -27853-3 0  9993
2 45424  87.8965   2.1786 0001882  97.7571 262.3770 13.11414194315132
ONEWEB-0067
1 45425U 20020B   26263.02074760  .00004735  00000+0  13307-1 0  9992
2 45425  87.8994   2.1590 0002959 111.2969 248.8476 13.11470254315161
ONEWEB-0080
1 45426U 20020C   26263.02102807  .00000091  00000+0  22199-3 0  9999
2 45426  87.8979   2.2245 0001555  95.1033 265.0272 13.11417194315132
ONEWEB-0090
1 45427U 20020D   26263.04985499  .00000317  00000+0  85833-3 0  9993
2 45427  87.8979   2.2221 0001735 100.4742 259.6581 13.11415850315100
ONEWEB-0061
1 45428U 20020E   26263.08178325 -.00000413  00000+0 -12017-2 0  9992
2 45428  87.8976   2.1970 0001777  99.9951 260.1378 13.11417157315066
ONEWEB-0081
1 45429U 20020F   26263.06327046 -.00000224  00000+0 -66837-3 0  9997
2 45429  87.8969   2.2093 0001991 104.2957 255.8392 13.11414535315176
ONEWEB-0069
1 45430U 20020G   26263.21770227 -.00000218  00000+0 -65122-3 0  9998
2 45430  87.8974   2.1834 0001975  97.2400 262.8953 13.11415450315125
ONEWEB-0031
1 45431U 20020H   26263.10057861  .00000287  00000+0  77336-3 0  9993
2 45431  87.8964   2.2026 0001629  98.2918 261.8394 13.11419189315097
ONEWEB-0027
1 45432U 20020J   26263.18122176  .00000071  00000+0  15052-3 0  9992
2 45432  87.9203 347.0034 0001490 105.8367 254.2929 13.17648504318862
ONEWEB-0064
1 45433U 20020K   26263.09888189  .00000129  00000+0  32718-3 0  9998
2 45433  87.8972   2.2001 0001628 100.4467 259.6844 13.11418644315129
ONEWEB-0018
1 45434U 20020L   26263.20725753  .00000180  00000+0  47135-3 0  9995
2 45434  87.8971   2.1787 0002042  92.4439 267.6923 13.11415732315086
ONEWEB-0083
1 45435U 20020M   26262.96847836  .00000413  00000+0  11282-2 0  9997
2 45435  87.8974   2.2248 0001802  99.1309 261.0022 13.11415148315096
ONEWEB-0095
1 45436U 20020N   26262.57850842  .00000513  00000+0  14125-2 0  9996
2 45436  87.8967   2.3047 0001567 122.3287 237.7993 13.11417674315047
ONEWEB-0092
1 45437U 20020P   26263.06679089 -.00000387  00000+0 -11275-2 0  9998
2 45437  87.8974   2.2042 0001892  94.2164 265.9180 13.11415223315221
ONEWEB-0085
1 45438U 20020Q   26263.04449000  .00000502  00000+0  13803-2 0  9991
2 45438  87.8972   2.2104 0001782 103.3467 256.7859 13.11414654315100
ONEWEB-0096
1 45439U 20020R   26263.04646672  .00000397  00000+0  10837-2 0  9992
2 45439  87.8972   2.2101 0001746 104.7945 255.3377 13.11414657315095
ONEWEB-0037
1 45440U 20020S   26263.07161414 -.00000439  00000+0 -12741-2 0  9998
2 45440  87.8984   2.1837 0001684 106.4527 253.6786 13.11415672315139
ONEWEB-0042
1 45441U 20020T   26263.03602312  .00000599  00000+0  16552-2 0  9991
2 45441  87.8974   2.2085 0001912 102.6192 257.5149 13.11417399315094
ONEWEB-0098
1 45442U 20020U   26263.03190372  .00000481  00000+0  13206-2 0  9993
2 45442  87.8959   2.2160 0001757 100.2292 259.9034 13.11418830315072
ONEWEB-0055
1 45443U 20020V   26263.08687630 -.00000343  00000+0 -10042-2 0  9991
2 45443  87.8978   2.2074 0001807 103.0997 257.0332 13.11418076315057
ONEWEB-0093
1 45444U 20020W   26263.08008468 -.00000425  00000+0 -12347-2 0  9999
2 45444  87.8974   2.2085 0002062  98.3479 261.7882 13.11417723315118
ONEWEB-0029
1 45445U 20020X   26263.09394208 -.00000012  00000+0 -68610-4 0  9999
2 45445  87.8969   2.2011 0002015  98.2821 261.8535 13.11418107315090
ONEWEB-0068
1 45446U 20020Y   26263.06652902 -.00000353  00000+0 -10317-2 0  9992
2 45446  87.8967   2.2080 0001979  99.0090 261.1262 13.11414794315032
ONEWEB-0046
1 45447U 20020Z   26262.60040918 -.00000154  00000+0 -46958-3 0  9990
2 45447  87.8967   2.3000 0002018 106.4013 253.7337 13.11414576314980
ONEWEB-0063
1 45448U 20020AA  26263.08714426 -.00000317  00000+0 -93110-3 0  9999
2 45448  87.8978   2.2110 0001817 111.2784 248.8538 13.11418214315138
ONEWEB-0019
1 45449U 20020AB  26262.59179785  .00000202  00000+0  53359-3 0  9990
2 45449  87.8970   2.2899 0001644  94.8993 265.2323 13.11414574314916
ONEWEB-0094
1 45450U 20020AC  26263.19910110  .00000203  00000+0  48939-3 0  9993
2 45450  87.9207 346.9897 0001960  92.5114 267.6242 13.17646816318821
ONEWEB-0087
1 45451U 20020AD  26263.09705742 -.00000026  00000+0 -10840-3 0  9991
2 45451  87.8970   2.1864 0002157  98.2876 261.8496 13.11418880315028
ONEWEB-0082
1 45452U 20020AE  26263.01736281  .00000091  00000+0  22090-3 0  9996
2 45452  87.8974   2.2127 0002401 100.7276 259.4122 13.11416683315108
ONEWEB-0050
1 45453U 20020AF  26262.67060534  .00001389  00000+0  13969-3 0  9995
2 45453  88.9337 220.3791 0004290  32.3945 327.7546 14.90630968354457
ONEWEB-0034
1 45454U 20020AG  26263.20753735  .00000133  00000+0  34083-3 0  9994
2 45454  87.8976   2.1866 0001867 103.0512 257.0824 13.11414533315043
ONEWEB-0060
1 45455U 20020AH  26263.08615221 -.00000336  00000+0 -98462-3 0  9996
2 45455  87.8969   2.2026 0002583  85.7523 274.3900 13.11419025314989
ONEWEB-0086
1 45456U 20020AJ  26263.21742779 -.00000280  00000+0 -82689-3 0  9993
2 45456  87.8976   2.1785 0001955  78.7643 281.3704 13.11414880315060
ONEWEB-0088
1 45457U 20020AK  26262.50886186  .00000407  00000+0  11119-2 0  9994
2 45457  87.8984   2.2981 0002060 112.1692 247.9655 13.11415178314900
XINGYUN-2 01
1 45602U 20028A   26263.17667860  .00001890  00000+0  11332-3 0  9999
2 45602  97.4962 253.7583 0007514 231.5416 128.5141 15.12151084349194
XINGYUN-2 02
1 45603U 20028B   26263.23920226  .00000702  00000+0  44780-4 0  9990
2 45603  97.5116 267.6004 0009662 311.7866  48.2538 15.11851887349190
COSMOS 2546 (EKS 4)
1 45608U 20031A   26243.29559994 -.00000360  00000+0  00000+0 0  9996
2 45608  63.1638  56.8572 7115327 266.6524  17.3178  2.00576418 45977
GAOFEN-9 02
1 45625U 20034B   26263.17702293  .00003531  00000+0  13658-3 0  9998
2 45625  97.5873  61.8915 0013739  93.8152 266.4657 15.26816278350655
HAIYANG-1D
1 45721U 20036A   26263.13398520  .00000127  00000+0  60619-4 0  9995
2 45721  98.4606 202.7710 0001746 206.1973 153.9124 14.34199211328585
ANDESITE
1 45726U 20037D   26262.98935764  .00001232  00000+0  88743-4 0  9996
2 45726  97.7824  96.8131 0008200 199.8827 160.2081 15.06082137339933
M2 PATHFINDER
1 45727U 20037E   26262.99853833  .00001471  00000+0  10799-3 0  9994
2 45727  97.8134  95.3259 0011157 184.9267 175.1851 15.05036352339759
GAOFEN-9 03
1 45794U 20039A   26263.18649751  .00005696  00000+0  17610-3 0  9996
2 45794  97.5517  38.9860 0012456 102.8319 257.4316 15.33854278348314
NAVSTAR 79 (USA 304)
1 45854U 20041A   26262.46626347 -.00000076  00000+0  00000+0 0  9991
2 45854  56.7276  25.2934 0068159 206.0899 151.8924  2.00573669 45927
GAOFEN DUOMO (GFDM)
1 45856U 20042A   26263.19687469  .00000603  00000+0  92724-4 0  9991
2 45856  97.7647 319.5718 0012118 123.2797 236.9576 14.76867973335038
SHIYAN-6 02 (SY-6 02)
1 45859U 20043A   26263.22402713  .00000122  00000+0  32347-4 0  9997
2 45859  98.1871 273.5251 0127480 289.7874  68.9618 14.60987016330735
ZIYUAN 3-03 (ZY 3-03)
1 45939U 20051A   26263.16521719  .00002706  00000+0  12461-3 0  9990
2 45939  97.5289 330.2063 0006932  42.6647 317.5125 15.21154034341781
GAOFEN-9 04
1 46025U 20054A   26263.18748220  .00009019  00000+0  23410-3 0  9990
2 46025  97.2340 330.9011 0011499 107.1077 253.1429 15.39137590340969
GAOFEN-9 05
1 46232U 20058A   26263.19855872  .00004869  00000+0  15337-3 0  9994
2 46232  97.2011 301.0162 0009834 111.3799 248.8494 15.33327668338161
SAOCOM 1B
1 46265U 20059A   26263.15463331  .00000466  00000+0  65093-4 0  9996
2 46265  97.8908  87.6415 0001406  80.6219 279.5153 14.82149349327553
GNOMES-1
1 46266U 20059B   26262.81771834  .00001541  00000+0  12612-3 0  9992
2 46266  97.7968 113.4294 0011924  68.9358 291.3139 15.00782579329783
ATHENA
1 46275U 20061D   26263.01225567  .00011270  00000+0  19281-3 0  9994
2 46275  97.1834 327.1121 0002239 100.6614 259.4891 15.51421080336848
NEMO-HD
1 46277U 20061F   26263.17929709  .00007319  00000+0  15036-3 0  9995
2 46277  97.1819 324.2333 0002428  81.7305 278.4220 15.46289892336655
GHGSAT-C1
1 46278U 20061G   26262.52537302  .00134799  00000+0  60313-3 0  9999
2 46278  97.2017 351.3435 0002215 240.1964 119.9086 15.83835058338335
NAPA-1
1 46320U 20061BA  26263.17084664  .00146685  00000+0  59155-3 0  9996
2 46320  97.2323 341.5005 0002315 217.6386 142.4723 15.85989076336693
GAOFEN-11 02
1 46396U 20064A   26263.23568487  .00003862  00000+0  16272-3 0  9991
2 46396  97.5253  29.4331 0018195 324.2884  35.7135 15.23811613336005
JILIN-1 GAOFEN 3E
1 46457U 20065D   26263.11335647  .00105051  00000+0  60759-3 0  9999
2 46457  97.2076 318.7552 0009266 160.6122 199.5500 15.78247934334651
JILIN-1 GAOFEN 3F
1 46458U 20065E   26262.92997794  .00076060  00000+0  56879-3 0  9990
2 46458  97.2043 315.2788 0010812 149.4583 210.7313 15.72385327334532
JILIN-1 GAOFEN 3G
1 46459U 20065F   26263.06891005  .01118243  85282-3  90448-3 0  9995
2 46459  97.2106 324.9314 0005774 240.3959 119.6753 16.14469501334960
JILIN-1 GAOFEN 3H
1 46460U 20065G   26263.18140066  .00213429  18549-4  71259-3 0  9997
2 46460  97.2000 320.1998 0001896 254.2266 105.8799 15.90205150334853
HAIYANG-2C
1 46469U 20066A   26263.23341966  .00000041  00000+0  11123-3 0  9991
2 46469  65.9997 338.6428 0004925 248.7980 111.2562 13.83375283302644
HJ-2A
1 46478U 20067A   26263.17443112  .00000316  00000+0  52474-4 0  9991
2 46478  97.8759 339.2669 0002949 344.1919  15.9199 14.76550290322278
HJ-2B
1 46479U 20067B   26263.21201525  .00000370  00000+0  60173-4 0  9992
2 46479  97.8826 340.3996 0000872  70.9208 289.2097 14.76566268322284
GONETS-M 17
1 46486U 20068A   26263.11603986  .00000050  00000+0  28876-3 0  9995
2 46486  82.4949 288.4515 0022478 185.1361 174.9492 12.42887165270950
GONETS-M 18
1 46487U 20068B   26263.16046470 -.00000025  00000+0 -24949-3 0  9991
2 46487  82.4901 287.5057 0019874 181.1663 178.9373 12.42876425270945
GONETS-M 19
1 46488U 20068C   26263.13450554  .00000049  00000+0  28214-3 0  9994
2 46488  82.4926 287.9900 0013262 194.6785 165.3911 12.42895147271045
DEKART
1 46493U 20068H   26263.17547656  .00008821  00000+0  22861-3 0  9992
2 46493  97.8752 279.3970 0007020 315.7418  44.3264 15.39275032330377
NORBI
1 46494U 20068J   26263.22593972  .00018454  00000+0  30466-3 0  9994
2 46494  97.8595 287.8433 0003474 258.6369 101.4492 15.52322968330936
SALSAT
1 46495U 20068K   26263.01745682  .00005124  00000+0  17393-3 0  9993
2 46495  97.8892 271.9626 0008600 339.9405  20.1496 15.30977638329862
ICEYE-X7
1 46496U 20068L   26263.21452013  .00007523  00000+0  23648-3 0  9994
2 46496  97.7602 234.2410 0007280   7.3670 352.7677 15.33272849329340
ICEYE-X6
1 46497U 20068M   26263.21650407  .00001985  00000+0  14492-3 0  9995
2 46497  98.1050 261.4965 0008152 125.1066 235.0925 15.04926760327520
NETSAT-4
1 46504U 20068U   26262.98648656  .00014792  00000+0  29625-3 0  9994
2 46504  97.8613 279.0689 0004295   3.7171 356.4108 15.46852599330417
NETSAT-3
1 46505U 20068V   26262.99841139  .00014028  00000+0  29255-3 0  9998
2 46505  97.8671 277.1899 0004847  22.5096 337.6363 15.45678643330310
NETSAT-1
1 46506U 20068W   26263.01016184  .00009183  00000+0  25953-3 0  9994
2 46506  97.8792 270.3479 0005750  51.1290 309.0465 15.36579235329852
NETSAT-2
1 46507U 20068X   26263.00025802  .00015378  00000+0  27945-3 0  9997
2 46507  97.8616 279.3849 0004236  40.3317 319.8246 15.49647348330400
COSMOS 2547 [GLONASS-K]
1 46805U 20075A   26262.26670197 -.00000008  00000+0  00000+0 0  9990
2 46805  64.6006 189.3379 0008330 235.6169 124.3172  2.13099872 45913
NAVSTAR 80 (USA 309)
1 46826U 20078A   26262.50006365 -.00000001  00000+0  00000+0 0  9996
2 46826  53.9670 206.9567 0076206 208.3875 153.4518  2.00565190 43403
DRAGRACER 2 (AUGURY)
1 46955U 20085AC  26263.03434531  .00043843  00000+0  25285-3 0  9992
2 46955  97.5698 107.7688 0002321 256.4935 103.6073 15.78569834326797
SENTINEL-6A
1 46984U 20086A   26263.02582403 -.00000043  00000+0  78705-4 0  9998
2 46984  66.0409 298.0721 0007925 269.0884  90.9223 12.80929488272475
FALCON EYE 2
1 47226U 20090A   26263.18267780  .00000975  00000+0  12079-3 0  9992
2 47226  97.8503 336.5838 0001325  80.0448 280.0916 14.84921918314333
GONETS-M 20
1 47227U 20091A   26263.23343873  .00000009  00000+0 -26009-5 0  9997
2 47227  82.5002 243.3422 0020497 337.1371  22.8795 12.42896270262888
GONETS-M 21
1 47228U 20091B   26263.20786470 -.00000006  00000+0 -11445-3 0  9993
2 47228  82.4928 242.0069 0014714 353.3350   6.7531 12.42888817262876
GONETS-M 22
1 47229U 20091C   26263.18047015 -.00000113  00000+0 -88852-3 0  9991
2 47229  82.4985 242.9668 0021268 332.3483  27.6464 12.42894046262823
COSMOS 2548
1 47230U 20091D   26263.15110057 -.00000045  00000+0 -39698-3 0  9995
2 47230  82.4961 242.5687 0015047 351.6767   8.4061 12.42929029262856
GAOFEN-14 01
1 47231U 20092A   26263.18384786  .00003621  00000+0  14456-3 0  9998
2 47231  97.4642 333.2756 0005863 162.9629 197.1807 15.25793771322318
ONEWEB-0102
1 47258U 20100A   26262.51558052 -.00000190  00000+0 -56256-3 0  9996
2 47258  87.8976 331.9445 0001781  92.0976 268.0356 13.12442201277109
ONEWEB-0109
1 47259U 20100B   26262.98145587 -.00000271  00000+0 -78879-3 0  9998
2 47259  87.8986 331.8435 0001736 100.5054 259.6270 13.12443568276995
ONEWEB-0110
1 47260U 20100C   26263.00858559 -.00000060  00000+0 -20345-3 0  9995
2 47260  87.8985 331.8226 0001971  90.3606 269.7748 13.12443803277168
ONEWEB-0111
1 47261U 20100D   26263.19156263  .00000372  00000+0  99888-3 0  9991
2 47261  87.8975 331.8039 0001971  96.0256 264.1097 13.12441830277023
ONEWEB-0114
1 47262U 20100E   26263.14579477 -.00000387  00000+0 -11114-2 0  9996
2 47262  87.8978 331.8127 0001582  98.3969 261.7338 13.12441781276978
ONEWEB-0117
1 47263U 20100F   26263.13734240 -.00000261  00000+0 -76075-3 0  9996
2 47263  87.8984 331.8031 0001898  98.5142 261.6202 13.12442320276985
ONEWEB-0118
1 47264U 20100G   26263.17122637  .00000260  00000+0  68627-3 0  9993
2 47264  87.8983 331.7990 0001838 109.2099 250.9228 13.12442925277186
ONEWEB-0119
1 47265U 20100H   26262.96792869  .00000155  00000+0  39549-3 0  9994
2 47265  87.8975 331.8472 0001877  97.5454 262.5888 13.12441736277136
ONEWEB-0120
1 47266U 20100J   26263.14424438 -.00000297  00000+0 -86073-3 0  9993
2 47266  87.8978 331.8142 0001640  99.0936 261.0378 13.12443329277187
ONEWEB-0121
1 47267U 20100K   26263.13225400 -.00000220  00000+0 -64795-3 0  9994
2 47267  87.8983 331.8117 0002228  96.4024 263.7358 13.12442181277090
ONEWEB-0122
1 47268U 20100L   26262.51642823 -.00000105  00000+0 -32794-3 0  9994
2 47268  87.8979 331.9378 0001766  95.5429 264.5901 13.12441139276927
ONEWEB-0123
1 47269U 20100M   26262.96961234  .00000102  00000+0  24812-3 0  9991
2 47269  87.8983 331.8465 0001900 101.0525 259.0818 13.12441981277123
ONEWEB-0124
1 47270U 20100N   26263.18816912  .00000475  00000+0  12841-2 0  9991
2 47270  87.8976 331.8047 0001949  91.6598 268.4754 13.12442222277032
ONEWEB-0125
1 47271U 20100P   26263.01367360  .00000060  00000+0  13171-3 0  9990
2 47271  87.8986 331.8338 0002181 102.9707 257.1665 13.12443527277073
ONEWEB-0126
1 47272U 20100Q   26263.18661141  .00000469  00000+0  12682-2 0  9991
2 47272  87.8978 331.8087 0001751 100.3347 259.7979 13.12442232277168
ONEWEB-0127
1 47273U 20100R   26262.92387552 -.00000368  00000+0 -10569-2 0  9996
2 47273  87.8980 331.8551 0001760  98.4246 261.7082 13.12443999277151
ONEWEB-0128
1 47274U 20100S   26263.17461194  .00000373  00000+0  10014-2 0  9999
2 47274  87.8973 331.8192 0001966  90.3990 269.7364 13.12444378277209
ONEWEB-0129
1 47275U 20100T   26263.15427544 -.00000283  00000+0 -82071-3 0  9994
2 47275  87.8983 331.8066 0000820 112.7616 247.3599 13.12443555277133
ONEWEB-0130
1 47276U 20100U   26263.18138881  .00000442  00000+0  11934-2 0  9995
2 47276  87.8986 331.7977 0001850  97.0815 263.0524 13.12442385277107
ONEWEB-0131
1 47277U 20100V   26262.49186940  .00000454  00000+0  12253-2 0  9996
2 47277  87.8973 331.9424 0001898  94.7197 265.4148 13.12442650277059
ONEWEB-0132
1 47278U 20100W   26262.44443085 -.00000249  00000+0 -72869-3 0  9992
2 47278  87.8977 331.9561 0001991  99.3433 260.7921 13.12441406276946
ONEWEB-0133
1 47279U 20100X   26263.14736823 -.00000416  00000+0 -11904-2 0  9994
2 47279  87.8989 331.8034 0001942  94.2683 265.8667 13.12442877277195
ONEWEB-0134
1 47280U 20100Y   26262.43087931  .00000119  00000+0  29428-3 0  9995
2 47280  87.8988 331.9425 0001724  93.5572 266.5754 13.12441443277078
ONEWEB-0135
1 47281U 20100Z   26262.93573884  .00000068  00000+0  15309-3 0  9994
2 47281  87.8977 331.8536 0001813  90.1088 270.0248 13.12442891277169
ONEWEB-0136
1 47282U 20100AA  26263.18307093  .00001229  00000+0  33799-2 0  9992
2 47282  87.8986 331.7932 0001672  90.2068 269.9252 13.12451738277129
ONEWEB-0137
1 47283U 20100AB  26262.60706276 -.00000402  00000+0 -11537-2 0  9995
2 47283  87.8983 331.9211 0001994 101.3916 258.7437 13.12442408276957
ONEWEB-0138
1 47284U 20100AC  26262.50880549  .00000070  00000+0  15853-3 0  9996
2 47284  87.8977 331.9420 0001654  96.5109 263.6207 13.12442412277029
ONEWEB-0139
1 47285U 20100AD  26263.00703333 -.00000119  00000+0 -36502-3 0  9998
2 47285  87.8983 331.8299 0001827  99.2290 260.9045 13.12443762277167
ONEWEB-0140
1 47286U 20100AE  26263.18986243  .00000356  00000+0  95381-3 0  9992
2 47286  87.8986 331.7864 0001997  91.6653 268.4704 13.12442661277156
ONEWEB-0141
1 47287U 20100AF  26262.93051505 -.00000191  00000+0 -56656-3 0  9990
2 47287  87.8985 331.8420 0001918 107.7797 252.3540 13.12443629277106
ONEWEB-0142
1 47288U 20100AG  26263.14761951 -.00000323  00000+0 -93407-3 0  9990
2 47288  87.8984 331.8146 0001465 106.6379 253.4910 13.12442184277122
ONEWEB-0143
1 47289U 20100AH  26263.00519679 -.00000214  00000+0 -62898-3 0  9993
2 47289  87.8979 331.8429 0001820 102.8864 257.2468 13.12444651277089
ONEWEB-0144
1 47290U 20100AJ  26262.97639183 -.00000127  00000+0 -38801-3 0  9993
2 47290  87.8991 331.8301 0001520  99.7681 260.3619 13.12441731277003
ONEWEB-0145
1 47291U 20100AK  26263.17630029  .00000449  00000+0  12123-2 0  9990
2 47291  87.8976 331.8083 0001663  97.8683 262.2634 13.12442105277221
ONEWEB-0146
1 47292U 20100AL  26262.18184481  .00000387  00000+0  10398-2 0  9990
2 47292  87.8982 332.0044 0002205  96.6326 263.5053 13.12443104277008
ONEWEB-0147
1 47293U 20100AM  26263.13903502 -.00000269  00000+0 -78320-3 0  9991
2 47293  87.8988 331.7976 0001831  94.0669 266.0669 13.12442272277029
YAOGAN-33 01
1 47302U 20103A   26263.16203582  .00000196  00000+0  51577-4 0  9992
2 47302  98.0255 141.6323 0003128 167.0582 193.0699 14.58624047305152
WEINA 2
1 47303U 20103B   26263.22901278  .00000443  00000+0  91126-4 0  9996
2 47303  98.0375 150.3781 0000778 268.2387  91.8727 14.65167779305649
GMS-T
1 47346U 21004A   26263.15551235  .00000051  00000+0  11277-3 0  9993
2 47346  90.1287 242.9900 0004043 119.7237 240.4297 13.16659024272095
CUBEL
1 47448U 21006AM  26263.12377559  .00014665  00000+0  32122-3 0  9998
2 47448  97.2227 312.9494 0006345 172.3517 187.7829 15.44186026314393
CELESTIS-17 & SHERPA-FX1
1 47486U 21006CB  26262.35959223  .00003753  00000+0  12000-3 0  9997
2 47486  97.2177 301.1799 0005466 206.0192 154.0777 15.33028393313729
HAWK-2C
1 47502U 21006CT  26262.99056972  .00004084  00000+0  11996-3 0  9996
2 47502  97.2199 305.4305 0005782 206.7130 153.3817 15.35674539314046
ION SCV-002
1 47504U 21006CV  26262.98400032  .00009669  00000+0  19891-3 0  9993
2 47504  97.1182 263.0091 0012402 123.8248 236.4184 15.46076348314660
HAWK-2A
1 47505U 21006CW  26262.86047579  .00004077  00000+0  11961-3 0  9992
2 47505  97.2235 306.0386 0005220 211.1638 148.9297 15.35715139314028
HAWK-2B
1 47508U 21006CZ  26262.97836661  .00004597  00000+0  13385-3 0  9994
2 47508  97.2108 304.3401 0005728 207.7238 152.3701 15.35882552314044
GHGSAT-C2
1 47509U 21006DA  26262.99175075  .00004310  00000+0  11461-3 0  9998
2 47509  97.2056 308.6486 0005241 165.4434 194.6963 15.38752026314421
YAOGAN-31 02A
1 47532U 21007A   26263.17992416 -.00000063  00000+0  40878-4 0  9999
2 47532  63.4020 258.9811 0184241   0.8269 359.3027 13.45453089277015
YAOGAN-31 02B
1 47533U 21007B   26263.17993498 -.00000117  00000+0 -40867-4 0  9990
2 47533  63.4015 257.9820 0184680   0.9450 359.1889 13.45453236277017
YAOGAN-31 02C
1 47536U 21007E   26263.17971674 -.00000177  00000+0 -13179-3 0  9996
2 47536  63.4014 257.9999 0184304   0.9695 359.1653 13.45450980276998
COSMOS 2549
1 47546U 21008A   26263.17267399 -.00000055  00000+0  14339-4 0  9994
2 47546  67.1486 114.0617 0007407 266.3014  93.7224 13.97130150287105
YAOGAN-31 03A
1 47691U 21014A   26263.22695547 -.00000010  00000+0  12205-3 0  9998
2 47691  63.4048 313.5925 0185218   0.9527 359.1817 13.45454214273560
YAOGAN-31 03B
1 47693U 21014C   26263.22693602 -.00000008  00000+0  12579-3 0  9991
2 47693  63.4027 314.3747 0185450   1.3034 358.8438 13.45454156273465
YAOGAN-31 03C
1 47695U 21014E   26263.22673153 -.00000022  00000+0  10391-3 0  9998
2 47695  63.4036 313.4335 0185331   1.2504 358.8949 13.45454891273518
AMAZONIA 1
1 47699U 21015A   26263.15904795  .00000089  00000+0  41476-4 0  9995
2 47699  98.4276 334.4452 0001845 274.6241  85.4737 14.40844492292324
YAOGAN-31 04A
1 47854U 21020A   26263.22058439  .00000078  00000+0  25714-3 0  9991
2 47854  63.4076  13.7695 0183153   0.7874 359.3406 13.45453529271252
YAOGAN-31 04B
1 47856U 21020C   26263.22074609  .00000096  00000+0  28406-3 0  9991
2 47856  63.4070  14.5558 0182862   0.8940 359.2378 13.45453330271196
YAOGAN-31 04C
1 47857U 21020D   26263.22077721  .00000057  00000+0  22485-3 0  9998
2 47857  63.4082  13.8566 0182924   0.7280 359.3979 13.45452731271244
CAS500-1
1 47932U 21022A   26263.17961145  .00004074  00000+0  19131-3 0  9997
2 47932  97.3754 156.4337 0004359 331.2136  28.8858 15.20167969305194
GRUS-1C
1 47933U 21022B   26263.19335014  .00000491  00000+0  45331-4 0  9991
2 47933  97.5190 143.0596 0012853   1.0041 359.1206 14.98825983300132
GRUS-1B
1 47934U 21022C   26263.17746095 -.00000058  00000+0 -37452-7 0  9994
2 47934  97.5226 143.1536 0016443   4.2466 355.8894 14.98901021300126
GRUS-1E
1 47935U 21022D   26263.19775971  .00000477  00000+0  43997-4 0  9993
2 47935  97.5232 144.4303 0010376   4.3534 355.7778 14.99056212300186
GRUS-1D
1 47936U 21022E   26263.20315896  .00000682  00000+0  61164-4 0  9996
2 47936  97.5208 143.3759 0011043 351.6261   8.4776 14.98864833300130
UNISAT-7
1 47945U 21022P   26262.99020079  .00010443  00000+0  24040-3 0  9994
2 47945  97.3775 169.0045 0010678  91.3944 268.8527 15.42756722304462
ONEWEB-0115
1 48042U 21025A   26263.09300619  .00000351  00000+0  92593-3 0  9994
2 48042  87.8923 301.3415 0001935  92.8248 267.3103 13.13468527266056
ONEWEB-0152
1 48043U 21025B   26262.80183646  .00000266  00000+0  69442-3 0  9994
2 48043  87.8923 301.4009 0002017  96.5165 263.6194 13.13468149265977
ONEWEB-0153
1 48044U 21025C   26263.08453998  .00000201  00000+0  51524-3 0  9997
2 48044  87.8922 301.3426 0001799  97.0658 263.0676 13.13470216266000
ONEWEB-0154
1 48045U 21025D   26262.92879762 -.00000025  00000+0 -10216-3 0  9990
2 48045  87.8918 301.3749 0001935  96.2985 263.8364 13.13470424265945
ONEWEB-0116
1 48046U 21025E   26262.81537480 -.00000101  00000+0 -31076-3 0  9999
2 48046  87.8924 301.3953 0001998  91.9308 268.2050 13.13469106266071
ONEWEB-0150
1 48047U 21025F   26261.87755501  .00000314  00000+0  82387-3 0  9996
2 48047  87.8926 301.5804 0001936 101.9814 258.1532 13.13470225265848
ONEWEB-0107
1 48048U 21025G   26261.87924664  .00000243  00000+0  62929-3 0  9996
2 48048  87.8928 301.5752 0001713  99.2789 260.8534 13.13470413265825
ONEWEB-0101
1 48049U 21025H   26263.06083949 -.00000316  00000+0 -90025-3 0  9993
2 48049  87.8913 301.3454 0001774  91.4966 268.6367 13.13470410265956
ONEWEB-0113
1 48050U 21025J   26263.05477705 -.00000247  00000+0 -70767-3 0  9995
2 48050  87.8909 301.2467 0001973  99.3475 260.7877 13.13891852266068
ONEWEB-0112
1 48051U 21025K   26262.41756386  .00000259  00000+0  67367-3 0  9993
2 48051  87.8921 301.4667 0001651  91.2558 268.8760 13.13469824265961
ONEWEB-0156
1 48052U 21025L   26263.11162073  .00000193  00000+0  49421-3 0  9994
2 48052  87.8924 301.3377 0001793  98.1700 261.9632 13.13468538266036
ONEWEB-0161
1 48053U 21025M   26262.93388214  .00000120  00000+0  29273-3 0  9994
2 48053  87.8915 301.3742 0001721  97.4328 262.6997 13.13469792265946
ONEWEB-0158
1 48054U 21025N   26262.81706750 -.00000169  00000+0 -49792-3 0  9994
2 48054  87.8924 301.3949 0002090  87.3214 272.8155 13.13470249266059
ONEWEB-0157
1 48055U 21025P   26262.84245964 -.00000209  00000+0 -60795-3 0  9994
2 48055  87.8912 301.3911 0001491  98.9942 261.1356 13.13471365265992
ONEWEB-0162
1 48056U 21025Q   26263.04715860 -.00000094  00000+0 -29205-3 0  9998
2 48056  87.8917 301.3493 0001947  98.7612 261.3738 13.13468770265993
ONEWEB-0155
1 48057U 21025R   26262.44463232 -.00000278  00000+0 -79716-3 0  9991
2 48057  87.8922 301.4698 0001827  97.3427 262.7910 13.13471068266053
ONEWEB-0149
1 48058U 21025S   26262.92371586 -.00000314  00000+0 -89363-3 0  9995
2 48058  87.8916 301.3768 0002011  98.1080 262.0277 13.13470672265928
ONEWEB-0148
1 48059U 21025T   26263.03882765  .00000209  00000+0  53626-3 0  9999
2 48059  87.8913 301.3556 0001952 111.7796 248.3541 13.13469502266067
ONEWEB-0160
1 48060U 21025U   26263.05575288 -.00000274  00000+0 -78627-3 0  9994
2 48060  87.8914 301.3483 0002558  86.8364 273.3058 13.13469414266013
ONEWEB-0163
1 48061U 21025V   26262.88816199  .00000040  00000+0  73911-4 0  9995
2 48061  87.8921 301.3838 0001608  96.8010 263.3302 13.13468181266112
ONEWEB-0159
1 48062U 21025W   26262.87970799  .00000287  00000+0  75150-3 0  9991
2 48062  87.8925 301.3806 0001613  94.7731 265.3582 13.13469172266039
ONEWEB-0164
1 48063U 21025X   26262.86108637  .00000193  00000+0  49225-3 0  9995
2 48063  87.8918 301.3894 0001949  93.0785 267.0567 13.13469661266015
ONEWEB-0167
1 48064U 21025Y   26262.88900964 -.00000101  00000+0 -31225-3 0  9993
2 48064  87.8918 301.3861 0001436  79.6853 280.4438 13.13469651266001
ONEWEB-0166
1 48065U 21025Z   26263.06421545 -.00000276  00000+0 -79166-3 0  9997
2 48065  87.8923 301.3303 0001898  96.6851 263.4494 13.13469853266106
ONEWEB-0151
1 48066U 21025AA  26263.06590701 -.00000220  00000+0 -63835-3 0  9994
2 48066  87.8919 301.3441 0001812  91.8180 268.3157 13.13470543266044
ONEWEB-0170
1 48067U 21025AB  26262.92201428 -.00000040  00000+0 -14480-3 0  9996
2 48067  87.8921 301.3753 0002142  81.3317 278.8054 13.13468964265985
ONEWEB-0168
1 48068U 21025AC  26263.05914080 -.00000259  00000+0 -74445-3 0  9996
2 48068  87.8918 301.3487 0001832  93.3836 266.7502 13.13469438266016
ONEWEB-0173
1 48069U 21025AD  26263.05067098 -.00000172  00000+0 -50570-3 0  9992
2 48069  87.8922 301.3486 0001520  92.8624 267.2679 13.13469802266256
ONEWEB-0171
1 48070U 21025AE  26263.08791649  .00000252  00000+0  65631-3 0  9994
2 48070  87.8914 301.3454 0001848  91.0913 269.0428 13.13469193266074
ONEWEB-0172
1 48071U 21025AF  26263.06760409 -.00000156  00000+0 -46106-3 0  9994
2 48071  87.8920 301.3474 0001721  91.7250 268.4077 13.13471555266961
ONEWEB-0174
1 48072U 21025AG  26261.14453830 -.00000295  00000+0 -84404-3 0  9996
2 48072  87.8926 301.7294 0001867  99.2414 260.8926 13.13468739266035
ONEWEB-0175
1 48073U 21025AH  26262.92710184  .00000053  00000+0  11150-3 0  9990
2 48073  87.8921 301.3607 0001834  85.4810 274.6529 13.13469679265929
ONEWEB-0177
1 48074U 21025AJ  26262.40571013  .00000345  00000+0  91090-3 0  9995
2 48074  87.8914 301.4790 0001744 102.4667 257.6658 13.13470209266045
ONEWEB-0178
1 48075U 21025AK  26262.88153669  .00000092  00000+0  21829-3 0  9993
2 48075  87.8911 301.3896 0001725  88.5433 271.5893 13.13469589266150
ONEWEB-0108
1 48076U 21025AL  26263.06930156 -.00000150  00000+0 -44643-3 0  9995
2 48076  87.8924 301.3411 0002103  98.2873 261.8495 13.13471212266106
ONEWEB-0169
1 48077U 21025AM  26262.87292654  .00000334  00000+0  87836-3 0  9991
2 48077  87.8922 301.3859 0001854  98.7080 261.4259 13.13468299264730
GAOFEN-12 02
1 48079U 21026A   26263.19503758  .00000217  00000+0  35323-4 0  9995
2 48079  98.0002 261.0241 0003469 295.3639  64.7214 14.80357327295813
SHIYAN-6 03 (SY-6 03)
1 48157U 21028A   26263.23142079 -.00000046  00000+0 -56013-6 0  9997
2 48157  99.5286 277.3979 0046001 197.3705 162.5874 13.77605112272594
ONEWEB-0176
1 48210U 21031A   26263.02062825  .00000251  00000+0  64134-3 0  9994
2 48210  87.8897 270.7831 0001854  89.1224 271.0118 13.14502239260778
ONEWEB-0184
1 48211U 21031B   26262.38632884  .00000153  00000+0  37817-3 0  9990
2 48211  87.8897 270.9162 0001851  69.4357 290.6972 13.14504244260664
ONEWEB-0179
1 48212U 21031C   26262.73272262  .00001287  00000+0  11758-3 0  9995
2 48212  87.8936 263.6365 0348071 301.3243  55.4325 14.57918005262655
ONEWEB-0180
1 48213U 21031D   26262.99865661  .00000105  00000+0  24876-3 0  9998
2 48213  87.8901 270.7935 0001501  87.7769 272.3532 13.14504329260674
ONEWEB-0218
1 48214U 21031E   26262.79059028  .00000223  00000+0  56618-3 0  9999
2 48214  87.8902 270.8332 0001334  73.2343 286.8934 13.14501250260801
ONEWEB-0209
1 48215U 21031F   26263.00879566  .00000265  00000+0  68152-3 0  9994
2 48215  87.8896 270.7995 0001660  95.0664 265.0655 13.14501662260837
ONEWEB-0198
1 48216U 21031G   26262.76537170 -.00000029  00000+0 -11316-3 0  9999
2 48216  87.8884 270.8389 0001504  86.8535 273.2766 13.14502173260916
ONEWEB-0189
1 48217U 21031H   26263.00540981  .00000177  00000+0  44242-3 0  9998
2 48217  87.8904 270.7891 0001569  87.4405 272.6905 13.14501929260681
ONEWEB-0196
1 48218U 21031J   26262.98513235 -.00000094  00000+0 -28743-3 0  9995
2 48218  87.8898 270.8003 0001694  91.3613 268.7710 13.14502923260689
ONEWEB-0183
1 48219U 21031K   26262.80581305 -.00000018  00000+0 -82348-4 0  9998
2 48219  87.8899 270.8321 0001983  96.1573 263.9783 13.14501297260751
ONEWEB-0185
1 48220U 21031L   26262.98445784  .00002403  00000+0  64423-2 0  9999
2 48220  87.8901 270.7952 0001598 103.8913 256.2394 13.14524005260702
ONEWEB-0187
1 48221U 21031M   26262.96468024 -.00000140  00000+0 -41295-3 0  9991
2 48221  87.8899 270.8092 0001854  91.3297 268.8045 13.14504085260715
ONEWEB-0192
1 48222U 21031N   26263.01049216  .00000206  00000+0  52242-3 0  9992
2 48222  87.8892 270.7887 0001867  91.2970 268.8373 13.14501956260630
ONEWEB-0219
1 48223U 21031P   26262.76184118 -.00000008  00000+0 -55816-4 0  9998
2 48223  87.8901 270.8394 0001712  97.2263 262.9062 13.14502919260805
ONEWEB-0202
1 48224U 21031Q   26262.97158909 -.00000111  00000+0 -33365-3 0  9990
2 48224  87.8899 270.8049 0001474  71.2120 288.9169 13.14504111260811
ONEWEB-0204
1 48225U 21031R   26263.00455743  .00000187  00000+0  46903-3 0  9995
2 48225  87.8897 270.7927 0002151  98.6905 261.4469 13.14503396260713
ONEWEB-0205
1 48226U 21031S   26262.98173736 -.00000125  00000+0 -37285-3 0  9998
2 48226  87.8897 270.7959 0001639  92.1076 268.0242 13.14503949260724
ONEWEB-0206
1 48227U 21031T   26263.02909628  .00000098  00000+0  23092-3 0  9990
2 48227  87.8905 270.7841 0002040  89.1311 271.0052 13.14501821260685
ONEWEB-0182
1 48228U 21031U   26263.02402942  .00000243  00000+0  61976-3 0  9993
2 48228  87.8899 270.7898 0001963  93.5084 266.6270 13.14501719260890
ONEWEB-0186
1 48229U 21031V   26262.95974356  .00000024  00000+0  30038-4 0  9991
2 48229  87.8902 270.8013 0001811  89.0237 271.1100 13.14501378260836
ONEWEB-0181
1 48230U 21031W   26262.78551357  .00000232  00000+0  59241-3 0  9993
2 48230  87.8894 270.8500 0001615  96.5344 263.5970 13.14505164260661
ONEWEB-0188
1 48231U 21031X   26262.97666717 -.00000158  00000+0 -45984-3 0  9990
2 48231  87.8899 270.8116 0001868  91.7065 268.4279 13.14501925260596
ONEWEB-0220
1 48232U 21031Y   26262.78635694  .00000308  00000+0  79618-3 0  9996
2 48232  87.8899 270.8352 0001781  97.1424 262.9909 13.14499480260830
ONEWEB-0165
1 48233U 21031Z   26262.96820846 -.00000062  00000+0 -20073-3 0  9992
2 48233  87.8902 270.8078 0001526  84.2438 275.8866 13.14501793260814
ONEWEB-0199
1 48234U 21031AA  26262.79904484  .00000060  00000+0  12757-3 0  9991
2 48234  87.8905 270.8303 0002144  87.4207 272.7169 13.14502777260696
ONEWEB-0203
1 48235U 21031AB  26262.78889851  .00000263  00000+0  67425-3 0  9998
2 48235  87.8900 270.8347 0001942  82.9934 277.1417 13.14501926260704
ONEWEB-0197
1 48236U 21031AC  26262.76508932  .00000055  00000+0  11488-3 0  9992
2 48236  87.8891 270.8197 0002000  94.4627 265.6731 13.14504552260619
ONEWEB-0194
1 48237U 21031AD  26262.97327844 -.00000150  00000+0 -43893-3 0  9990
2 48237  87.8896 270.8032 0002043  85.8429 274.2934 13.14504650260816
ONEWEB-0193
1 48238U 21031AE  26261.77062682  .00000054  00000+0  11242-3 0  9998
2 48238  87.8905 271.0368 0002233  84.6792 275.4593 13.14502321260608
ONEWEB-0191
1 48239U 21031AF  26261.32576021  .00000250  00000+0  63863-3 0  9991
2 48239  87.8898 271.1272 0001962  93.4765 266.6589 13.14504182260403
ONEWEB-0195
1 48240U 21031AG  26262.82527571 -.00000209  00000+0 -59885-3 0  9990
2 48240  87.8899 270.8268 0001556  86.2471 273.8837 13.14503525260585
ONEWEB-0201
1 48241U 21031AH  26262.96495239 -.00000121  00000+0 -36168-3 0  9993
2 48241  87.8897 270.8103 0001878 101.4469 258.6872 13.14502784260830
ONEWEB-0207
1 48242U 21031AJ  26262.33472891  .00000235  00000+0  59850-3 0  9991
2 48242  87.8900 270.9251 0002053  99.9206 260.2155 13.14501813260663
ONEWEB-0208
1 48243U 21031AK  26261.32744888  .00000289  00000+0  74545-3 0  9995
2 48243  87.8897 271.1291 0001610  87.7973 272.3341 13.14502181260547
ONEWEB-0200
1 48244U 21031AL  26262.73816362 -.00000137  00000+0 -40353-3 0  9993
2 48244  87.8904 270.8426 0001695  96.3224 263.8099 13.14503602260657
ONEWEB-0217
1 48245U 21031AM  26262.75507875 -.00000194  00000+0 -55841-3 0  9993
2 48245  87.8900 270.8421 0001641  83.6681 276.4635 13.14503489260600
PLEIADES NEO 3
1 48268U 21034A   26262.93366918 -.00000291  00000+0 -30403-4 0  9998
2 48268  97.8948 336.3383 0001443  83.5842 276.5536 14.81672328291688
LEMUR-2-AMANDA-SVANTE
1 48269U 21034B   26262.94725560  .00028357  00000+0  71270-3 0  9999
2 48269  97.5684 344.0901 0001428 229.9646 130.1475 15.39933926295618
AII-BRAVO
1 48270U 21034C   26262.37549266  .00002839  00000+0  20937-3 0  9996
2 48270  97.5509 315.1296 0004724 312.8796  47.2033 15.04070746293779
TYVAK-182A
1 48271U 21034D   26262.44613304  .00003616  00000+0  24637-3 0  9995
2 48271  97.5624 319.7235 0006063  22.2196 337.9294 15.06872343294027
NORSAT 3
1 48272U 21034E   26262.98000326  .00001680  00000+0  11958-3 0  9990
2 48272  97.5208 317.9686 0006822 349.5234  10.5849 15.05944096294100
YAOGAN-34 01
1 48340U 21037A   26262.96397133  .00000047  00000+0  23018-3 0  9998
2 48340  63.4020 262.9488 0048864 353.2534   6.7829 13.45437803264754
TYVAK-0130
1 48606U 21041BF  26262.74645424  .00004527  00000+0  17238-3 0  9997
2 48606  52.9940 306.5507 0010901 104.2409 255.9800 15.28698396294845
HAIYANG-2D
1 48621U 21043A   26262.92636451 -.00000035  00000+0  42416-4 0  9994
2 48621  65.9978  68.8307 0010669 259.0777 100.9091 13.83375026269654
ONEWEB-0211
1 48767U 21045A   26263.21574888  .00000004  00000+0 -24115-4 0  9997
2 48767  87.8987 240.1133 0001583  64.6498 295.4796 13.16197909256943
ONEWEB-0223
1 48768U 21045B   26262.73252386 -.00000045  00000+0 -15467-3 0  9995
2 48768  87.8991 240.3434 0001909  71.3581 288.7756 13.15548063256834
ONEWEB-0230
1 48769U 21045C   26262.70400589  .00000127  00000+0  30268-3 0  9998
2 48769  87.8991 240.3579 0002134  85.9514 274.1861 13.15548267257094
ONEWEB-0237
1 48770U 21045D   26262.92108811  .00000155  00000+0  37716-3 0  9993
2 48770  87.8987 240.3132 0001670  84.4062 275.7259 13.15549552256840
ONEWEB-0235
1 48771U 21045E   26263.19996223 -.00000103  00000+0 -30710-3 0  9998
2 48771  87.8991 240.2516 0002040  71.1409 288.9943 13.15549517256871
ONEWEB-0242
1 48772U 21045F   26262.73727803 -.00000078  00000+0 -24255-3 0  9992
2 48772  87.8994 240.3424 0002119  80.2373 279.8997 13.15548422256852
ONEWEB-0241
1 48773U 21045G   26262.64854008  .00000002  00000+0 -27993-4 0  9990
2 48773  87.8992 240.3693 0001923  74.5006 285.6337 13.15549142256752
ONEWEB-0243
1 48774U 21045H   26262.75630304 -.00000033  00000+0 -12244-3 0  9991
2 48774  87.8981 240.3595 0002419  74.6952 285.4445 13.15547757256796
ONEWEB-0222
1 48775U 21045J   26263.19600557 -.00000112  00000+0 -33098-3 0  9996
2 48775  87.8993 240.2465 0001887  76.9657 283.1684 13.15548563256897
ONEWEB-0244
1 48776U 21045K   26262.91792106  .00000116  00000+0  27396-3 0  9994
2 48776  87.8996 240.3025 0002041  80.0388 280.0973 13.15551766257420
ONEWEB-0247
1 48777U 21045L   26263.21898182  .00000065  00000+0  13912-3 0  9992
2 48777  87.8982 240.2612 0002441  64.9780 295.1604 13.15547417256906
ONEWEB-0245
1 48778U 21045M   26263.21422484  .00000057  00000+0  11606-3 0  9990
2 48778  87.8991 240.2503 0001813  81.0000 279.1336 13.15549952256879
ONEWEB-0229
1 48779U 21045N   26262.90523475 -.00000041  00000+0 -14422-3 0  9992
2 48779  87.8989 240.3091 0002102  81.6648 278.4720 13.15547335256867
ONEWEB-0228
1 48780U 21045P   26263.16683514  .00000048  00000+0  93449-4 0  9996
2 48780  87.9001 240.2550 0001962  80.5085 279.6267 13.15547405256812
ONEWEB-0232
1 48781U 21045Q   26262.76104848  .00000016  00000+0  86019-5 0  9991
2 48781  87.8993 240.3347 0001971  83.9643 276.1712 13.15546874257080
ONEWEB-0231
1 48782U 21045R   26263.19521470 -.00000101  00000+0 -30227-3 0  9999
2 48782  87.8988 240.2557 0001958  76.5675 283.5674 13.15547666256836
ONEWEB-0234
1 48783U 21045S   26262.92887233  .00000213  00000+0  53223-3 0  9995
2 48783  87.8999 240.2966 0001289  99.7036 260.4240 13.15546800256931
ONEWEB-0238
1 48784U 21045T   26262.92912360  .00001721  00000+0  45346-2 0  9997
2 48784  87.8981 240.2924 0002134  92.3671 267.7704 13.15565161256836
ONEWEB-0240
1 48785U 21045U   26262.72221767  .00000042  00000+0  76892-4 0  9997
2 48785  87.8999 240.3418 0001803  74.8515 285.2815 13.15549714256833
ONEWEB-0246
1 48786U 21045V   26263.17302127  .00000129  00000+0  30984-3 0  9995
2 48786  87.8996 240.2546 0002054  81.4596 278.6766 13.15547763256769
ONEWEB-0210
1 48787U 21045W   26262.91950148  .00000151  00000+0  36620-3 0  9997
2 48787  87.8993 240.3028 0002635  69.6138 290.5275 13.15547576256779
ONEWEB-0214
1 48788U 21045X   26262.92820596 -.00000592  00000+0 -16071-2 0  9990
2 48788  87.8998 240.2986 0002119  83.9832 276.1540 13.15545419256740
ONEWEB-0221
1 48789U 21045Y   26262.93534778  .00000146  00000+0  35259-3 0  9999
2 48789  87.8996 240.3046 0001937  77.3545 282.7802 13.15547829256833
ONEWEB-0213
1 48790U 21045Z   26262.92425463  .00000163  00000+0  39936-3 0  9995
2 48790  87.8995 240.3096 0002086  75.1459 284.9903 13.15548486256897
ONEWEB-0212
1 48791U 21045AA  26263.20549771 -.00000056  00000+0 -18330-3 0  9995
2 48791  87.8993 240.2475 0002124  82.7573 277.3799 13.15550917256925
ONEWEB-0227
1 48792U 21045AB  26263.20472532 -.00000090  00000+0 -27351-3 0  9997
2 48792  87.8990 240.2468 0001953  80.4333 279.7018 13.15547819256874
ONEWEB-0226
1 48793U 21045AC  26263.19835750  .00001659  00000+0  43709-2 0  9995
2 48793  87.8985 240.2533 0001888  73.2862 286.8475 13.15566238256845
ONEWEB-0224
1 48794U 21045AD  26262.93375929  .00000184  00000+0  45352-3 0  9993
2 48794  87.8985 240.3332 0001121  75.0786 285.0468 13.15548577256736
ONEWEB-0233
1 48795U 21045AE  26263.16654888  .00000226  00000+0  56678-3 0  9994
2 48795  87.8988 240.2934 0001830  73.8887 286.2445 13.15547482256789
ONEWEB-0190
1 48796U 21045AF  26262.92583799  .00000145  00000+0  35104-3 0  9991
2 48796  87.8991 240.3104 0002222  65.2713 294.8649 13.15548860256820
ONEWEB-0236
1 48797U 21045AG  26262.33480545  .00000120  00000+0  28537-3 0  9997
2 48797  87.8993 240.4313 0001879  85.9454 274.1892 13.15548191256631
ONEWEB-0248
1 48798U 21045AH  26263.18411644  .00000007  00000+0 -15136-4 0  9993
2 48798  87.8996 240.2541 0001797  69.0853 291.0469 13.15549494256906
ONEWEB-0225
1 48799U 21045AJ  26263.20629226 -.00000073  00000+0 -22705-3 0  9997
2 48799  87.8991 240.2551 0002101  67.8266 292.3087 13.15546794256918
ONEWEB-0215
1 48800U 21045AK  26262.71984569  .00000068  00000+0  14566-3 0  9997
2 48800  87.8997 240.3390 0002044  63.6846 296.4494 13.15549576256720
ONEWEB-0216
1 48801U 21045AL  26262.34906569 -.00000085  00000+0 -26059-3 0  9992
2 48801  87.8990 240.4242 0002078  84.4177 275.7191 13.15547318256687
ONEWEB-0239
1 48802U 21045AM  26262.73410996 -.00000086  00000+0 -26240-3 0  9993
2 48802  87.8991 240.3513 0001785  58.5064 301.6241 13.15547904256776
2021-050D
1 48843U 21050D   26263.17225363  .00003115  00000+0  13622-3 0  9999
2 48843  97.3263 337.0357 0009630 287.5933  72.4251 15.22768681293429
NAVSTAR 81 (USA 319)
1 48859U 21054A   26262.79782600 -.00000082  00000+0  00000+0 0  9992
2 48859  55.1223 328.6531 0028669 230.9161 171.8553  2.00563585 38651
COSMOS 2550
1 48865U 21056A   26263.29234354  .00003586  00000+0  11477-3 0  9990
2 48865  67.1423 172.2127 0008353 268.2367  91.7831 15.33832818293309
TYVAK-0173
1 48892U 21059P   26262.38623730  .00000958  00000+0  12430-3 0  9992
2 48892  95.9987 315.2955 0010851  73.7349 286.5062 14.82125056282193
MANDRAKE 2 ABLE
1 48907U 21059AE  26262.98061604  .00018718  00000+0  24495-3 0  9998
2 48907  97.6992 100.2616 0004617  19.3827 340.7603 15.58662744291874
MANDRAKE 2 BAKER
1 48908U 21059AF  26262.34605663  .00026434  00000+0  27723-3 0  9999
2 48908  97.6939 103.1742 0003150  22.2959 337.8436 15.64366950291999
PACE-1
1 48909U 21059AG  26262.04466048  .01054290  25958-5  54869-3 0  9997
2 48909  97.6668 112.6408 0004678 246.2957 113.7841 16.20297048292733
YAM-3
1 48915U 21059AN  26262.99773384  .00008564  00000+0  15235-3 0  9993
2 48915  97.6973  96.3010 0005593  32.9919 327.1680 15.50414268291672
HAWK-3B
1 48931U 21059BE  26263.01128074  .00049306  00000+0  29114-3 0  9995
2 48931  97.6557 109.2560 0002850 345.2786  14.8396 15.78015436292766
HAWK-3C
1 48948U 21059BX  26261.10844533  .00047316  00000+0  28185-3 0  9992
2 48948  97.6649 112.9853 0003005 357.5839   2.5411 15.77825614292465
DEMO8 (TENZING)
1 48951U 21059CA  26262.79688990  .00017504  00000+0  23106-3 0  9999
2 48951  97.6965 103.6600 0006291  10.6352 349.5035 15.58434612292025
HAWK-3A
1 48957U 21059CG  26263.01084709  .00053289  00000+0  31442-3 0  9991
2 48957  97.6613 112.2257 0003037 346.3492  13.7691 15.78016354292764
SHERPA-FX2 & TAGSAT-2
1 48958U 21059CH  26262.98046058  .00018745  00000+0  23500-3 0  9996
2 48958  97.6786 104.4092 0005694   1.3234 358.8036 15.59794251292189
SPARTAN
1 48964U 21059CP  26262.37526136  .00758004  35861-3  54459-3 0  9999
2 48964  97.6567 115.3222 0003197 239.4750 120.6221 16.16050015292911
ONEWEB-0249
1 48967U 21060A   26263.20108060 -.00000025  00000+0 -99942-4 0  9994
2 48967  87.9151 209.9148 0001931  74.5140 285.6204 13.16592872252117
ONEWEB-0250
1 48968U 21060B   26263.09487412  .00000089  00000+0  17197-3 0  9992
2 48968  87.9162 207.3853 0001017  85.5448 274.5804 13.25838625252799
ONEWEB-0252
1 48970U 21060D   26263.15597874  .00000107  00000+0  24569-3 0  9998
2 48970  87.9157 209.9160 0002106  86.8191 273.3181 13.16597061252155
ONEWEB-0253
1 48971U 21060E   26263.14489154  .00000096  00000+0  21671-3 0  9997
2 48971  87.9155 209.9233 0001877  75.3395 284.7944 13.16593614252083
ONEWEB-0254
1 48972U 21060F   26263.15438439  .00000022  00000+0  23035-4 0  9995
2 48972  87.9156 209.9201 0001850  68.6439 291.4890 13.16593349252085
ONEWEB-0255
1 48973U 21060G   26263.19238402 -.00000007  00000+0 -50608-4 0  9999
2 48973  87.9156 209.9181 0001947  71.9093 288.2250 13.16594122252166
ONEWEB-0256
1 48974U 21060H   26263.14252468 -.00001425  00000+0 -37633-2 0  9999
2 48974  87.9153 209.9285 0001721  71.9100 288.2218 13.16582635252124
ONEWEB-0257
1 48975U 21060J   26263.17497653  .00000005  00000+0 -20556-4 0  9990
2 48975  87.9156 209.9130 0002076  72.7017 287.4341 13.16594034252086
ONEWEB-0258
1 48976U 21060K   26263.17655551 -.00000029  00000+0 -10834-3 0  9998
2 48976  87.9147 209.9225 0001937  76.3443 283.7904 13.16594371252099
ONEWEB-0259
1 48977U 21060L   26262.25825242 -.00000022  00000+0 -90816-4 0  9995
2 48977  87.9158 210.1055 0001865  73.5460 286.5875 13.16593685252001
ONEWEB-0260
1 48978U 21060M   26262.55351694  .00000019  00000+0  16992-4 0  9991
2 48978  87.9153 210.0445 0002379  80.0291 280.1108 13.16593355252020
ONEWEB-0261
1 48979U 21060N   26263.13140755  .00000050  00000+0  97629-4 0  9992
2 48979  87.9144 209.9308 0002136  68.8243 291.3116 13.16594494252150
ONEWEB-0262
1 48980U 21060P   26263.18762816 -.00000019  00000+0 -82713-4 0  9992
2 48980  87.9157 209.9093 0001762  71.2553 288.8769 13.16594298252127
ONEWEB-0263
1 48981U 21060Q   26263.14330138 -.00000013  00000+0 -66464-4 0  9996
2 48981  87.9142 209.9288 0001992  67.3765 292.7576 13.16592917252085
ONEWEB-0264
1 48982U 21060R   26263.18050961  .00000080  00000+0  17538-3 0  9993
2 48982  87.9154 209.9209 0002209  75.1406 284.9969 13.16593623252098
ONEWEB-0266
1 48984U 21060T   26263.20187705 -.00000012  00000+0 -64044-4 0  9997
2 48984  87.9153 209.9125 0001948  78.1944 281.9405 13.16593101252087
ONEWEB-0267
1 48985U 21060U   26263.13696669  .00000083  00000+0  18255-3 0  9992
2 48985  87.9149 209.9219 0002090  72.1883 287.9475 13.16593597252084
ONEWEB-0268
1 48986U 21060V   26263.18130025  .00000066  00000+0  13858-3 0  9992
2 48986  87.9156 209.9213 0002156  78.8664 281.2709 13.16594122252352
ONEWEB-0269
1 48987U 21060W   26263.08630465  .00000069  00000+0  14574-3 0  9994
2 48987  87.9154 209.9379 0002020  85.6702 274.4660 13.16595078252118
ONEWEB-0270
1 48988U 21060X   26263.17971808  .00000032  00000+0  51224-4 0  9998
2 48988  87.9146 209.9210 0001870  67.3943 292.7386 13.16594069252162
ONEWEB-0271
1 48989U 21060Y   26263.16705649  .00000061  00000+0  12679-3 0  9998
2 48989  87.9154 209.9151 0002020  70.8548 289.2801 13.16594009252161
ONEWEB-0272
1 48990U 21060Z   26263.18920618  .00000033  00000+0  52682-4 0  9995
2 48990  87.9153 209.9188 0002335  77.9282 282.2111 13.16593637252112
ONEWEB-0273
1 48991U 21060AA  26262.67941018 -.00000016  00000+0 -75207-4 0  9997
2 48991  87.9142 210.0205 0001998  72.7862 287.3487 13.16593498252022
ONEWEB-0274
1 48992U 21060AB  26263.16071700  .00000101  00000+0  23060-3 0  9997
2 48992  87.9150 209.9231 0002315  76.5427 283.5961 13.16594822252129
ONEWEB-0275
1 48993U 21060AC  26263.14963330  .00000107  00000+0  24509-3 0  9990
2 48993  87.9158 209.9234 0002821  83.4739 276.6713 13.16595544252058
ONEWEB-0276
1 48994U 21060AD  26263.18288471 -.00000074  00000+0 -22795-3 0  9991
2 48994  87.9158 209.9154 0002146  76.7428 283.3942 13.16593252252075
ONEWEB-0277
1 48995U 21060AE  26263.19554104 -.00000020  00000+0 -86511-4 0  9990
2 48995  87.9153 209.9168 0002003  72.1406 287.9943 13.16595572252061
ONEWEB-0278
1 48996U 21060AF  26261.28612027 -.00000032  00000+0 -11856-3 0  9990
2 48996  87.9150 210.2903 0001869  82.2237 277.9106 13.16593584251941
ONEWEB-0279
1 48997U 21060AG  26263.19396595  .00000039  00000+0  67154-4 0  9990
2 48997  87.9157 209.9111 0002156  71.3968 288.7397 13.16593192252123
ONEWEB-0280
1 48998U 21060AH  26262.67703396  .00000029  00000+0  42884-4 0  9996
2 48998  87.9154 210.0170 0001736  73.0504 287.0817 13.16594626251993
ONEWEB-0281
1 48999U 21060AJ  26263.13854840 -.00000001  00000+0 -35870-4 0  9999
2 48999  87.9156 209.9227 0002100  79.0576 281.0791 13.16593058252126
ONEWEB-0282
1 49000U 21060AK  26262.63665454  .00000031  00000+0  46748-4 0  9995
2 49000  87.9156 210.0274 0001951  73.8947 286.2398 13.16595673252037
ONEWEB-0283
1 49001U 21060AL  26263.15754834  .00000049  00000+0  94875-4 0  9998
2 49001  87.9156 209.9236 0002065  72.8015 287.3342 13.16593769252119
ONEWEB-0284
1 49002U 21060AM  26263.15121031 -.00000044  00000+0 -14866-3 0  9994
2 49002  87.9136 209.9199 0001537  77.5236 282.6067 13.16594720252093
JILIN-1 KUANFU-01B
1 49003U 21061A   26263.20651384  .00001598  00000+0  10197-3 0  9997
2 49003  97.5138 337.6082 0008332  93.4799 266.7384 15.10072490287683
FENGYUN 3E
1 49008U 21062A   26263.19088282  .00000175  00000+0  10327-3 0  9997
2 49008  98.7557 265.5624 0001949 138.5365 221.5959 14.19912034270060
ISS (NAUKA)
1 49044U 21066A   26263.14255447  .00007470  00000+0  14267-3 0  9997
2 49044  51.6307 190.1401 0004820 160.6694 199.4478 15.49188396586990
TIANHUI 1-04
1 49049U 21067A   26263.17302920  .00003008  00000+0  12941-3 0  9995
2 49049  97.2674 328.3612 0001777 158.8157 201.3154 15.23371781286050
KL-BETA A
1 49059U 21070A   26263.22498412  .00000191  00000+0  13306-3 0  9994
2 49059  89.0117 208.3159 0003784  82.7013 277.4593 13.94405391261179
KL-BETA B
1 49060U 21070B   26263.21740473  .00000202  00000+0  14091-3 0  9997
2 49060  89.0117 208.2250 0004658 155.3797 204.7602 13.94732898261213
PLEIADES NEO 4
1 49070U 21073E   26263.17002145  .00000211  00000+0  33381-4 0  9997
2 49070  97.8946 336.5673 0001462  88.4161 271.7219 14.81673519275434
TIANHUI 2-02A
1 49071U 21074A   26262.53645972  .00000945  00000+0  51595-4 0  9990
2 49071  97.4866 264.5433 0001838 108.6652 251.4781 15.16734655281572
TIANHUI 2-02B
1 49072U 21074B   26262.40451455  .00000945  00000+0  51606-4 0  9991
2 49072  97.4861 264.4087 0002003  91.1751 268.9712 15.16734352281552
ONEWEB-0285
1 49075U 21075A   26263.12801294  .00000075  00000+0  17441-3 0  9997
2 49075  87.8984 331.8159 0001920  98.2624 261.8723 13.12440560247664
ONEWEB-0286
1 49076U 21075B   26262.95762667  .00000327  00000+0  87452-3 0  9997
2 49076  87.8974 331.8582 0002046 103.9753 256.1603 13.12441115246997
ONEWEB-0287
1 49077U 21075C   26263.16281394  .00000071  00000+0  14913-3 0  9993
2 49077  87.9200 347.0055 0002041 111.5948 248.5402 13.17649542246138
ONEWEB-0288
1 49078U 21075D   26262.93403367  .00000022  00000+0  26537-4 0  9996
2 49078  87.8984 331.8478 0001803 106.4289 253.7038 13.12442711247614
ONEWEB-0289
1 49079U 21075E   26263.04973586  .00000035  00000+0  57869-4 0  9991
2 49079  87.9191 347.0444 0001455  98.7920 261.3376 13.17650137246691
ONEWEB-0290
1 49080U 21075F   26263.02273726  .00000029  00000+0  40752-4 0  9996
2 49080  87.9206 347.0298 0001376  97.2528 262.8759 13.17650565246109
ONEWEB-0291
1 49081U 21075G   26263.00756461 -.00000018  00000+0 -78584-4 0  9991
2 49081  87.9201 347.0335 0001725 113.0025 247.1288 13.17649983246097
ONEWEB-0293
1 49082U 21075H   26263.18473236  .00000010  00000+0 -81438-5 0  9991
2 49082  87.9200 347.0010 0001713 101.7714 258.3610 13.17650686246144
ONEWEB-0294
1 49083U 21075J   26263.16953624  .00000248  00000+0  65346-3 0  9994
2 49083  87.8984 331.8063 0001543  98.1295 262.0008 13.12444793247033
ONEWEB-0295
1 49084U 21075K   26263.18389287  .00000033  00000+0  51674-4 0  9997
2 49084  87.9201 347.0053 0001840 110.6754 249.4574 13.17650680246108
ONEWEB-0296
1 49085U 21075L   26263.14919627 -.00000275  00000+0 -80015-3 0  9991
2 49085  87.8978 331.8150 0001751 109.1243 251.0075 13.12443609247039
ONEWEB-0297
1 49086U 21075M   26263.17969838  .00000439  00000+0  11841-2 0  9994
2 49086  87.8977 331.8125 0001854 102.6808 257.4528 13.12443036247644
ONEWEB-0298
1 49087U 21075N   26263.18826446  .00000005  00000+0 -19548-4 0  9997
2 49087  87.9205 347.0020 0001955 103.4357 256.6992 13.17649481246139
ONEWEB-0299
1 49088U 21075P   26263.18980082  .00000056  00000+0  11054-3 0  9993
2 49088  87.9210 346.9911 0001942 105.4092 254.7254 13.17649751246115
ONEWEB-0300
1 49089U 21075Q   26263.01960222  .00000198  00000+0  51387-3 0  9990
2 49089  87.8987 331.8337 0002314  97.0435 263.0956 13.12443705247649
ONEWEB-0301
1 49090U 21075R   26263.15598898 -.00000171  00000+0 -51034-3 0  9995
2 49090  87.8982 331.8033 0002208  95.6322 264.5058 13.12443309247021
ONEWEB-0302
1 49091U 21075S   26263.14241757 -.00000371  00000+0 -10669-2 0  9994
2 49091  87.8976 331.8145 0001563 102.3978 257.7325 13.12442193247004
ONEWEB-0304
1 49092U 21075T   26262.55701067  .00000022  00000+0  23179-4 0  9997
2 49092  87.9199 347.1303 0001865 105.2891 254.8447 13.17650656246002
ONEWEB-0305
1 49093U 21075U   26263.00586351  .00000097  00000+0  21759-3 0  9999
2 49093  87.9205 347.0331 0001953 112.6672 247.4666 13.17650733246094
ONEWEB-0308
1 49094U 21075V   26263.13563977 -.00000253  00000+0 -73992-3 0  9995
2 49094  87.8985 331.8133 0001858  97.9330 262.2010 13.12442267247017
ONEWEB-0309
1 49095U 21075W   26262.55362477  .00000026  00000+0  33003-4 0  9999
2 49095  87.9198 347.1236 0001411 102.4600 257.6689 13.17648694246001
ONEWEB-0310
1 49096U 21075X   26263.15089581 -.00000294  00000+0 -85196-3 0  9997
2 49096  87.8979 331.8229 0001846  97.5342 262.5996 13.12443346247648
ONEWEB-0311
1 49097U 21075Y   26262.94005933 -.00000068  00000+0 -20771-3 0  9990
2 49097  87.9201 347.0474 0002200 111.1841 248.9526 13.17649263246109
ONEWEB-0312
1 49098U 21075Z   26263.18304502 -.00002347  00000+0 -60793-2 0  9991
2 49098  87.9183 347.0075 0001499 102.7629 257.3670 13.17659047246111
ONEWEB-0313
1 49099U 21075AA  26263.18798563  .00000083  00000+0  18106-3 0  9991
2 49099  87.9200 347.0121 0001909 104.4905 255.6438 13.17650467246105
ONEWEB-0314
1 49100U 21075AB  26262.54688314  .00000033  00000+0  51552-4 0  9993
2 49100  87.9211 347.1231 0001763 112.5091 247.6227 13.17650763245999
ONEWEB-0315
1 49101U 21075AC  26262.13270312 -.00000137  00000+0 -41720-3 0  9996
2 49101  87.8983 331.9972 0002158 106.6831 253.4535 13.12442235247495
ONEWEB-0316
1 49102U 21075AD  26263.15633536  .00000037  00000+0  60750-4 0  9993
2 49102  87.9160 316.5866 0001795 100.1338 259.9996 13.18685225249726
ONEWEB-0317
1 49103U 21075AE  26262.97468774  .00000000  00000+0 -36438-4 0  9990
2 49103  87.8978 331.8498 0001394  81.5872 278.5414 13.12444149247625
ONEWEB-0318
1 49104U 21075AF  26262.84934954  .00000062  00000+0  12446-3 0  9994
2 49104  87.9163 316.6504 0002059 102.0178 258.1185 13.18688706249647
ONEWEB-0319
1 49105U 21075AG  26262.94173637 -.00000023  00000+0 -92667-4 0  9992
2 49105  87.9200 347.0515 0002380 108.2666 251.8725 13.17651066246080
ONEWEB-0323
1 49106U 21075AH  26262.95606740 -.00003367  00000+0 -93962-2 0  9991
2 49106  87.8976 331.8385 0002333 117.1000 243.0366 13.12460611246987
ONEWEB-0329
1 49107U 21075AJ  26263.02611735  .00000053  00000+0  10350-3 0  9999
2 49107  87.9202 347.0358 0001864 106.1047 254.0289 13.17650394246077
ONEWEB-0330
1 49108U 21075AK  26262.57401049 -.00000001  00000+0 -36490-4 0  9993
2 49108  87.9206 347.1398 0001774 104.9670 255.1658 13.17647974246055
RSW-01
1 49112U 21076A   26263.20212248 -.00000105  00000+0 -21198-3 0  9994
2 49112  86.4071 123.9038 0015684 152.8048 207.3921 13.42862981248634
PAYLOAD B
1 49113U 21076B   26263.20022986  .00000135  00000+0  66856-4 0  9995
2 49113  86.4029  44.9242 0017046 270.1679  89.7549 14.09486280260815
RSW-02
1 49114U 21076C   26263.19207398  .00000008  00000+0 -13027-4 0  9998
2 49114  86.4071 123.8886 0019288 151.2430 208.9782 13.42859371248639
GAOFEN-5 02
1 49122U 21079A   26263.19233411  .00000076  00000+0  26744-4 0  9999
2 49122  98.2530 336.7734 0002049  70.2501 289.8919 14.57681773267921
ONEWEB-0292
1 49186U 21083A   26262.93049782  .00000208  00000+0  53385-3 0  9998
2 49186  87.8909 301.3843 0002002  97.8579 262.2777 13.13469909243368
ONEWEB-0303
1 49187U 21083B   26263.14944909  .00000028  00000+0  39234-4 0  9996
2 49187  87.9162 316.5889 0002044 101.9247 258.2115 13.18684899242490
ONEWEB-0306
1 49188U 21083C   26262.07705483 -.00000014  00000+0 -67410-4 0  9994
2 49188  87.9167 316.7936 0001717  92.8552 267.2777 13.18684342242390
ONEWEB-0307
1 49189U 21083D   26262.84837293 -.00000090  00000+0 -28174-3 0  9992
2 49189  87.8915 301.3988 0001920  98.8663 261.2683 13.13468766243355
ONEWEB-0320
1 49190U 21083E   26262.93193567 -.00000053  00000+0 -16762-3 0  9992
2 49190  87.9148 316.6308 0002036 104.3148 255.8210 13.18687335242467
ONEWEB-0321
1 49191U 21083F   26262.97276572  .00000016  00000+0  67280-5 0  9995
2 49191  87.9141 255.5244 0001973  84.6571 275.4788 13.20773584249347
ONEWEB-0322
1 49192U 21083G   26262.84415381 -.00000087  00000+0 -27363-3 0  9991
2 49192  87.8915 301.3993 0001943  82.1517 277.9832 13.13469236243346
ONEWEB-0324
1 49193U 21083H   26263.13259961  .00000009  00000+0 -92989-5 0  9996
2 49193  87.9165 316.5897 0001765 100.4987 259.6344 13.18687053242510
ONEWEB-0325
1 49194U 21083J   26263.13595255  .00000010  00000+0 -73061-5 0  9998
2 49194  87.9158 316.5889 0002010  96.0493 264.0868 13.18687421242521
ONEWEB-0326
1 49195U 21083K   26262.92365522  .00000050  00000+0  94429-4 0  9990
2 49195  87.9161 316.6346 0002164 101.2330 258.9045 13.18686658242489
ONEWEB-0327
1 49196U 21083L   26262.92338895 -.00000033  00000+0 -11544-3 0  9993
2 49196  87.9156 316.6324 0002345  99.4852 260.6545 13.18686180242506
ONEWEB-0328
1 49197U 21083M   26263.06252631 -.00000241  00000+0 -69392-3 0  9998
2 49197  87.8921 301.3382 0001774  97.1897 262.9434 13.13469495243359
ONEWEB-0331
1 49198U 21083N   26262.91677815 -.00000001  00000+0 -35092-4 0  9992
2 49198  87.9166 316.6315 0002151 104.6874 255.4496 13.18686202242497
ONEWEB-0333
1 49199U 21083P   26263.05745094 -.00000248  00000+0 -71412-3 0  9992
2 49199  87.8913 301.3564 0001935  94.8657 265.2693 13.13470453243361
ONEWEB-0334
1 49200U 21083Q   26263.21440596  .00004974  00000+0  12208-1 0  9996
2 49200  87.9266 255.4898 0002093  76.9680 283.1687 13.20696331249336
ONEWEB-0335
1 49201U 21083R   26262.82384044 -.00000247  00000+0 -71175-3 0  9999
2 49201  87.8913 301.4003 0001996  99.1502 260.9853 13.13469050243347
ONEWEB-0336
1 49202U 21083S   26262.33800358  .00000244  00000+0  63291-3 0  9992
2 49202  87.8918 301.4918 0002033 104.2175 255.9180 13.13468275243272
ONEWEB-0337
1 49203U 21083T   26262.88126862  .00000184  00000+0  47018-3 0  9996
2 49203  87.8916 301.3896 0001781  99.2455 260.8875 13.13468614243349
ONEWEB-0338
1 49204U 21083U   26262.96436051 -.00000008  00000+0 -50430-4 0  9990
2 49204  87.9145 255.5387 0001934  77.0294 283.1055 13.20770449249327
ONEWEB-0339
1 49205U 21083V   26262.43279130 -.00000058  00000+0 -19387-3 0  9996
2 49205  87.8916 301.4722 0001947  90.1188 270.0164 13.13468819243269
ONEWEB-0340
1 49206U 21083W   26263.13088936 -.00000272  00000+0 -72246-3 0  9998
2 49206  87.9164 316.5932 0002033 102.7202 257.4158 13.18685466242489
ONEWEB-0341
1 49207U 21083X   26263.13763889  .00000032  00000+0  48028-4 0  9990
2 49207  87.9161 316.5908 0001598 109.4924 250.6380 13.18687599242504
ONEWEB-0342
1 49208U 21083Y   26262.97108992  .00000062  00000+0  11954-3 0  9990
2 49208  87.9143 255.5272 0001891  85.5060 274.6289 13.20770947249292
ONEWEB-0343
1 49209U 21083Z   26263.14607573  .00000200  00000+0  47441-3 0  9994
2 49209  87.9161 316.5885 0001651  87.7795 272.3526 13.18686608242552
ONEWEB-0344
1 49210U 21083AA  26263.03713397  .00000140  00000+0  34854-3 0  9993
2 49210  87.8912 301.3638 0001629 105.6176 254.5133 13.13468567243344
ONEWEB-0345
1 49211U 21083AB  26262.80014500  .00000414  00000+0  10980-2 0  9995
2 49211  87.8921 301.4008 0001567 101.2071 258.9234 13.13469285243320
ONEWEB-0346
1 49212U 21083AC  26262.91506350 -.00000029  00000+0 -10757-3 0  9994
2 49212  87.9164 316.6335 0002426 108.7473 251.3923 13.18687586242462
ONEWEB-0348
1 49213U 21083AD  26262.73373783 -.00000008  00000+0 -52441-4 0  9991
2 49213  87.9141 255.5800 0001985 102.3300 257.8056 13.20771822249290
ONEWEB-0350
1 49214U 21083AE  26262.89508325 -.00000171  00000+0 -50204-3 0  9996
2 49214  87.8915 301.3836 0002742  78.3670 281.7767 13.13469311243368
ONEWEB-0351
1 49215U 21083AF  26262.80260532  .00000047  00000+0  83075-4 0  9996
2 49215  87.9142 255.5655 0001491  74.7783 285.3515 13.20770649249269
ONEWEB-0352
1 49216U 21083AG  26262.86616227  .00000265  00000+0  69041-3 0  9997
2 49216  87.8912 301.3929 0001656  86.8724 273.2594 13.13469086243450
ONEWEB-0354
1 49217U 21083AH  26263.20847973  .00000098  00000+0  21030-3 0  9991
2 49217  87.9145 255.4824 0001844 102.0262 258.1078 13.20771324249353
ONEWEB-0355
1 49218U 21083AJ  26262.89577485 -.00000076  00000+0 -24184-3 0  9995
2 49218  87.8917 301.3881 0001645  93.2107 266.9210 13.13469102243339
ONEWEB-0357
1 49219U 21083AK  26263.20509316 -.00000030  00000+0 -10544-3 0  9995
2 49219  87.9145 255.4769 0001733  87.3279 272.8052 13.20769955249355
JILIN-1 GAOFEN 2D
1 49256U 21086A   26263.15367889  .00003201  00000+0  20765-3 0  9997
2 49256  97.6580  25.8251 0030353 199.1583 160.8506 15.08450040275058
SHIYAN-10 01 (SY-10 01)
1 49258U 21087A   26262.11890292  .00000654  00000+0  00000+0 0  9999
2 49258  63.1354 209.4415 6884052 269.7147  18.0184  2.00596692 36411
LANDSAT 9
1 49260U 21088A   26263.09825147  .00000169  00000+0  47536-4 0  9999
2 49260  98.2196 332.0836 0001509  94.7107 265.4264 14.57099983264822
CS1
1 49261U 21088B   26263.13160669  .00010532  00000+0  29174-3 0  9998
2 49261  97.3661 326.5262 0012810  99.3288 260.9405 15.37072095274999
CS2
1 49262U 21088C   26263.16679894  .00011531  00000+0  30065-3 0  9998
2 49262  97.3720 329.3244 0010455 101.5618 258.6801 15.38948163275111
CUPID
1 49264U 21088E   26262.12136705  .00005426  00000+0  20615-3 0  9990
2 49264  97.3768 322.2449 0013375  92.9693 267.3077 15.27142083274514
ONEWEB-0332
1 49279U 21090A   26262.98597132 -.00000088  00000+0 -27230-3 0  9999
2 49279  87.8896 270.8007 0001963  85.4374 274.6980 13.14503563240039
ONEWEB-0347
1 49280U 21090B   26262.96772297 -.00000004  00000+0 -41413-4 0  9994
2 49280  87.9143 255.5322 0002103  81.7588 278.3783 13.20770435243553
ONEWEB-0349
1 49281U 21090C   26262.77247228  .00000064  00000+0  12593-3 0  9995
2 49281  87.9138 255.5709 0002065  89.3494 270.7876 13.20772558242314
ONEWEB-0353
1 49282U 21090D   26262.97835609 -.00000118  00000+0 -35369-3 0  9992
2 49282  87.8899 270.7995 0002020  84.7930 275.3430 13.14504547240037
ONEWEB-0356
1 49283U 21090E   26262.92226481  .00000785  00000+0  18996-2 0  9994
2 49283  87.9122 255.5352 0003524  95.6767 264.4768 13.20767107242333
ONEWEB-0358
1 49284U 21090F   26262.95846733  .00000053  00000+0  98718-4 0  9996
2 49284  87.9143 255.5364 0002029  91.4302 268.7064 13.20770274243064
ONEWEB-0359
1 49285U 21090G   26262.94921035  .00000081  00000+0  16706-3 0  9992
2 49285  87.9143 255.5298 0002026  93.6128 266.5237 13.20770117243040
ONEWEB-0360
1 49286U 21090H   26262.93911972  .00000115  00000+0  25049-3 0  9999
2 49286  87.9142 255.5380 0001880  87.8388 272.2961 13.20772244242356
ONEWEB-0361
1 49287U 21090J   26262.69331481  .00000085  00000+0  17764-3 0  9995
2 49287  87.9142 255.5858 0002007  91.5136 268.6227 13.20773610242770
ONEWEB-0362
1 49288U 21090K   26263.02404037  .00000027  00000+0  34515-4 0  9992
2 49288  87.9105 286.0804 0001679  90.0485 270.0840 13.19726108239429
ONEWEB-0363
1 49289U 21090L   26262.93575881  .00000129  00000+0  28504-3 0  9991
2 49289  87.9142 255.5371 0002284  91.2266 268.9129 13.20771464242814
ONEWEB-0364
1 49290U 21090M   26262.97444392 -.00000005  00000+0 -45184-4 0  9998
2 49290  87.9141 255.5370 0001967  86.9106 273.2252 13.20769229243953
ONEWEB-0365
1 49291U 21090N   26263.03350328  .00000083  00000+0  17481-3 0  9994
2 49291  87.9107 286.0726 0001883  92.5955 267.5393 13.19727194238939
ONEWEB-0366
1 49292U 21090P   26262.97497660 -.00000157  00000+0 -45666-3 0  9998
2 49292  87.8898 270.8011 0001917  91.4906 268.6443 13.14503956240019
ONEWEB-0367
1 49293U 21090Q   26262.93489514  .00000079  00000+0  16260-3 0  9993
2 49293  87.9142 255.5397 0001877  83.2880 276.8467 13.20772874242333
ONEWEB-0368
1 49294U 21090R   26263.21184972  .00000006  00000+0 -18240-4 0  9998
2 49294  87.9145 255.4884 0002602  78.9750 281.1676 13.20772148243528
ONEWEB-0369
1 49295U 21090S   26263.02878508  .00000079  00000+0  16447-3 0  9998
2 49295  87.9108 286.0761 0002326  91.8317 268.3082 13.19726254238929
ONEWEB-0370
1 49296U 21090T   26262.94417566  .00000090  00000+0  19026-3 0  9991
2 49296  87.9142 255.5362 0001684  90.9302 269.2024 13.20771977242370
ONEWEB-0371
1 49297U 21090U   26263.03668234  .00000018  00000+0  13507-4 0  9992
2 49297  87.9107 286.0714 0002160  91.5875 268.5505 13.19726223238962
ONEWEB-0372
1 49298U 21090V   26262.93392160  .00000114  00000+0  24854-3 0  9996
2 49298  87.9138 255.5407 0002050  86.8466 273.2902 13.20770955242342
ONEWEB-0373
1 49299U 21090W   26262.95930083 -.00000004  00000+0 -41901-4 0  9994
2 49299  87.9142 255.5346 0001991  91.4476 268.6885 13.20773340243537
ONEWEB-0374
1 49300U 21090X   26262.80920341 -.00000009  00000+0 -60121-4 0  9997
2 49300  87.8909 270.8292 0002379 100.3843 259.7555 13.14502371239996
ONEWEB-0375
1 49301U 21090Y   26262.72024587  .00000113  00000+0  24693-3 0  9993
2 49301  87.9142 255.5748 0002377  98.1964 261.9439 13.20773582243003
ONEWEB-0376
1 49302U 21090Z   26263.03507795  .00000056  00000+0  10841-3 0  9992
2 49302  87.9107 286.0711 0001912  86.7375 273.3977 13.19727211238966
ONEWEB-0377
1 49303U 21090AA  26262.93420729  .00000096  00000+0  20511-3 0  9991
2 49303  87.9144 255.5342 0002247  92.1104 268.0286 13.20772892243026
ONEWEB-0378
1 49304U 21090AB  26262.80289465  .00000066  00000+0  12952-3 0  9995
2 49304  87.9142 255.5634 0002112  88.7651 271.3724 13.20772307242279
ONEWEB-0379
1 49305U 21090AC  26262.72801641  .00000129  00000+0  31310-3 0  9992
2 49305  87.8896 270.8523 0002041  89.6015 270.5348 13.14502066239980
ONEWEB-0380
1 49306U 21090AD  26263.03194267  .00000067  00000+0  13494-3 0  9991
2 49306  87.9103 286.0727 0001908  98.1363 261.9986 13.19725607238939
ONEWEB-0381
1 49307U 21090AE  26262.93069962  .00000110  00000+0  23905-3 0  9990
2 49307  87.9139 255.5401 0002189  93.0777 267.0607 13.20772611242339
ONEWEB-0382
1 49308U 21090AF  26263.22025414  .00000047  00000+0  82456-4 0  9994
2 49308  87.9143 255.4763 0002251  91.2641 268.8750 13.20772908242365
ONEWEB-0383
1 49309U 21090AG  26262.79734899  .00000174  00000+0  43560-3 0  9993
2 49309  87.8900 270.8320 0002067  90.5282 269.6085 13.14501894240022
ONEWEB-0384
1 49310U 21090AH  26262.97846058  .00000012  00000+0 -18802-5 0  9991
2 49310  87.9144 255.5672 0002505  90.4703 269.6717 13.20818286242341
ONEWEB-0385
1 49311U 21090AJ  26263.21351227  .00000051  00000+0  92343-4 0  9992
2 49311  87.9146 255.4823 0002139  90.8543 269.2835 13.20770601242345
ONEWEB-0386
1 49312U 21090AK  26262.70006410 -.00000806  00000+0 -20143-2 0  9994
2 49312  87.9156 255.5763 0002292  83.8614 276.2780 13.20785133242299
ONEWEB-0387
1 49313U 21090AL  26263.21520307  .00000089  00000+0  18574-3 0  9995
2 49313  87.9148 255.4909 0002122  97.3639 262.7735 13.20772891242366
ONEWEB-0388
1 49314U 21090AM  26263.02718088 -.00000157  00000+0 -42427-3 0  9992
2 49314  87.9108 286.0714 0002022  93.4407 266.6957 13.19724754238925
2021-091B
1 49316U 21091B   26263.19831325  .00001455  00000+0  72749-4 0  9994
2 49316  97.4482  89.3688 0014820  70.9706 289.3132 15.18949040273400
2021-091D
1 49318U 21091D   26263.16999992  .00000004  00000+0  23738-4 0  9991
2 49318  97.4469 278.4273 0013470  69.3082 290.9530 14.00159039261371
JILIN-1 GAOFEN 2F
1 49338U 21097A   26263.18403558  .00002302  00000+0  15206-3 0  9992
2 49338  97.6808  29.2483 0017078 262.7814  97.1473 15.08323669270630
YAOGAN-32 02A
1 49383U 21099A   26263.22317477  .00000438  00000+0  92242-4 0  9997
2 49383  98.2605  37.2307 0000112  49.8884 310.2328 14.64319481260273
YAOGAN-32 02B
1 49384U 21099B   26263.22304110  .00000424  00000+0  89557-4 0  9998
2 49384  98.2600  37.2342 0000863  76.0914 284.0384 14.64318530260271
SDGSAT 1
1 49387U 21100A   26263.20238044  .00001131  00000+0  56338-4 0  9991
2 49387  97.2547 306.4942 0007978 305.9447  54.1048 15.19497268270348
TEIKYOSAT-4 (OORURI)
1 49396U 21102B   26263.03701737  .00001088  00000+0  71086-4 0  9996
2 49396  97.3626 288.8258 0011128 333.9968  26.0702 15.09783880267035
RAISE 2
1 49397U 21102C   26262.33334474  .00003729  00000+0  16413-3 0  9995
2 49397  97.3201 292.8890 0007168 323.1492  36.9251 15.22440457267757
Z-SAT
1 49399U 21102E   26263.14949872  .00002098  00000+0  10359-3 0  9992
2 49399  97.3268 295.5952 0014610 276.3285  83.6285 15.18878257267855
HIBARI
1 49400U 21102F   26262.93790038  .00007411  00000+0  23141-3 0  9996
2 49400  97.3150 307.8294 0010119 213.9363 146.1234 15.33437359268703
DRUMS
1 49401U 21102G   26262.81673306  .00002752  00000+0  12604-3 0  9997
2 49401  97.3229 297.3246 0013140 259.1938 100.7819 15.21251497267964
KOSEN-1
1 49402U 21102H   26263.06731058  .00004748  00000+0  17627-3 0  9992
2 49402  97.3105 303.4145 0012012 225.6945 134.3310 15.27985716268502
GAOFEN-11 03
1 49492U 21107A   26263.21263933  .00003012  00000+0  12832-3 0  9991
2 49492  97.1999 303.6124 0006036 100.9048 259.2869 15.23676807269104
GAOFEN-3 02
1 49495U 21109A   26263.23555257 -.00000103  00000+0 -18167-4 0  9999
2 49495  98.4133 269.9972 0003921  69.1660 290.9949 14.42217043254010
COSMOS 2552 (EKS 5)
1 49503U 21113A   26262.15218036 -.00000137  00000+0  00000+0 0  9993
2 49503  62.8249 198.9468 6403389 272.3876  20.9742  2.00584614 35289
GLOBAL-12
1 49772U 21115BA  26262.85644174  .00027065  00000+0  34362-3 0  9996
2 49772  53.1943 307.4470 0003448  19.4772 340.6373 15.59242777270644
GLOBAL-13
1 49773U 21115BB  26262.78575615  .00015717  00000+0  28910-3 0  9995
2 49773  53.1974 323.7465 0003604  60.4428 299.6941 15.49403675270416
GSAT0223 (GALILEO 27)
1 49809U 21116A   26261.26034940 -.00000095  00000+0  00000+0 0  9999
2 49809  57.1228 339.1611 0003928 222.0654 138.9707  1.70476661 29772
GSAT0224 (GALILEO 28)
1 49810U 21116B   26262.25510454 -.00000091  00000+0  00000+0 0  9996
2 49810  57.1231 339.1333 0003390 223.4355 140.7508  1.70476672 29812
SHIJIAN-6 05A (SJ-6 05A)
1 49961U 21122A   26263.14215562  .00000530  00000+0  47315-4 0  9993
2 49961  97.4229 227.1814 0002533  41.9393 318.2024 14.99774427262982
SHIJIAN-6 05B (SJ-6 05B)
1 49962U 21122B   26262.80621240  .00002016  00000+0  11986-3 0  9995
2 49962  97.3906 240.3260 0003158  82.3150 277.8439 15.12369715264045
ZY-1 02E
1 50465U 21131A   26263.22850650  .00000039  00000+0  28383-4 0  9994
2 50465  98.4362 338.2650 0001560 131.4157 228.7163 14.35397206248053
XW-3 (CAS-9)
1 50466U 21131B   26263.22582111  .00000315  00000+0  11084-3 0  9995
2 50466  98.4968 355.0976 0004478 157.9559 202.1824 14.41428572248805
ONEWEB-0389
1 50469U 21132A   26262.96706806 -.00000077  00000+0 -23167-3 0  9990
2 50469  87.9197 347.0476 0002164 101.0417 259.0958 13.17650586230561
ONEWEB-0390
1 50470U 21132B   26263.19654370  .00000054  00000+0  10554-3 0  9995
2 50470  87.9198 347.0028 0001660 105.0425 255.0890 13.17650589230597
ONEWEB-0391
1 50471U 21132C   26263.19824708  .00000041  00000+0  71719-4 0  9997
2 50471  87.9200 347.0122 0002182 123.6998 236.4342 13.17650023230596
ONEWEB-0392
1 50472U 21132D   26263.00079679 -.00000027  00000+0 -10150-3 0  9994
2 50472  87.9210 347.0269 0002124 111.2579 248.8779 13.17650541230602
ONEWEB-0393
1 50473U 21132E   26262.97633481  .00000016  00000+0  88030-5 0  9997
2 50473  87.9198 347.0411 0001973 104.5731 255.5619 13.17647431230593
ONEWEB-0394
1 50474U 21132F   26262.94375816  .00000033  00000+0  50047-4 0  9995
2 50474  87.9166 316.6176 0002110  97.4974 262.6398 13.18686211234083
ONEWEB-0395
1 50475U 21132G   26263.08036132 -.00000511  00000+0 -14769-2 0  9999
2 50475  87.8968   2.2020 0001643 105.1119 255.0191 13.11417994228158
ONEWEB-0396
1 50476U 21132H   26262.93700731  .00000066  00000+0  13357-3 0  9992
2 50476  87.9162 316.6310 0002090 100.1130 260.0238 13.18687424234121
ONEWEB-0397
1 50477U 21132J   26262.95219138  .00000079  00000+0  16718-3 0  9999
2 50477  87.9164 316.6285 0002164  96.8841 263.2538 13.18685860234105
ONEWEB-0398
1 50478U 21132K   26262.59024134  .00000303  00000+0  82026-3 0  9995
2 50478  87.8972   2.2968 0001510 106.2239 253.9056 13.11415327227980
ONEWEB-0399
1 50479U 21132L   26262.57667622  .00000488  00000+0  13422-2 0  9996
2 50479  87.8967   2.3058 0002203 109.4177 250.7189 13.11418018227973
ONEWEB-0400
1 50480U 21132M   26262.93026627  .00000031  00000+0  46010-4 0  9997
2 50480  87.9163 316.6245 0001830 100.9942 259.1396 13.18686394234099
ONEWEB-0401
1 50481U 21132N   26263.12754022  .00000064  00000+0  13015-3 0  9991
2 50481  87.9168 316.5829 0002079  92.0068 268.1302 13.18685213234128
ONEWEB-0402
1 50482U 21132P   26262.93867580 -.00001128  00000+0 -28944-2 0  9994
2 50482  87.9160 316.6080 0002415  89.3225 270.8184 13.18691782234125
ONEWEB-0403
1 50483U 21132Q   26262.96397170  .00000049  00000+0  90976-4 0  9996
2 50483  87.9162 316.6263 0002009 100.3372 259.7986 13.18684110234085
ONEWEB-0404
1 50484U 21132R   26263.01579897 -.00000088  00000+0 -28273-3 0  9997
2 50484  87.8973   2.2178 0001910 111.7592 248.3740 13.11418643228127
ONEWEB-0405
1 50485U 21132S   26263.12923065  .00000039  00000+0  66785-4 0  9995
2 50485  87.9172 316.5823 0001381  99.5595 260.5693 13.18685491234502
ONEWEB-0406
1 50486U 21132T   26262.96904574 -.00000044  00000+0 -14419-3 0  9995
2 50486  87.9162 316.6245 0002230 109.9575 250.1798 13.18686648234112
ONEWEB-0407
1 50487U 21132U   26262.88641315 -.00000074  00000+0 -22049-3 0  9999
2 50487  87.9165 316.6365 0001892  91.0492 269.0857 13.18687074234042
ONEWEB-0409
1 50488U 21132V   26263.09039765 -.00000211  00000+0 -62995-3 0  9991
2 50488  87.8974   2.1946 0001810 110.3830 249.7493 13.11418600228025
ONEWEB-0412
1 50489U 21132W   26262.95050249 -.00000028  00000+0 -10357-3 0  9997
2 50489  87.9161 316.6277 0002242  91.2259 268.9130 13.18686280234146
ONEWEB-0413
1 50490U 21132X   26262.50027236 -.00000088  00000+0 -25498-3 0  9998
2 50490  87.9166 316.7162 0002124  90.0004 270.1372 13.18685016234027
ONEWEB-0414
1 50491U 21132Y   26262.86450491  .00000067  00000+0  13695-3 0  9992
2 50491  87.9164 316.6293 0002125  96.1330 264.0044 13.18686662234105
ONEWEB-0417
1 50492U 21132Z   26262.94879441  .00000057  00000+0  11218-3 0  9990
2 50492  87.9161 316.6266 0001989 103.7658 256.3696 13.18687468234098
ONEWEB-0418
1 50493U 21132AA  26262.95878412 -.00000071  00000+0 -21308-3 0  9998
2 50493  87.9161 316.6263 0002050 109.2901 250.8453 13.18686957234157
ONEWEB-0419
1 50494U 21132AB  26262.91924275  .00000053  00000+0  10298-3 0  9998
2 50494  87.9167 316.6460 0001826 105.8929 254.2403 13.17085772234065
ONEWEB-0420
1 50495U 21132AC  26262.94206442  .00000001  00000+0 -29541-4 0  9997
2 50495  87.9156 316.6280 0001879  91.6027 268.5320 13.18687054234061
ONEWEB-0421
1 50496U 21132AD  26263.08707485  .00000083  00000+0  17790-3 0  9998
2 50496  87.9166 316.5995 0002315  95.6924 264.4472 13.18687941234126
ONEWEB-0424
1 50497U 21132AE  26262.89654289 -.00000006  00000+0 -46983-4 0  9994
2 50497  87.9162 316.6388 0001638 103.5187 256.6128 13.18685933234127
ONEWEB-0426
1 50498U 21132AF  26263.15274700  .00000030  00000+0  42382-4 0  9995
2 50498  87.9171 316.5781 0002512 108.3826 251.7580 13.18684717234104
ONEWEB-0427
1 50499U 21132AG  26262.89485889  .00000028  00000+0  38305-4 0  9995
2 50499  87.9168 316.6219 0002024 103.1628 256.9730 13.18685525234099
ONEWEB-0429
1 50500U 21132AH  26263.10897190  .00000111  00000+0  24805-3 0  9997
2 50500  87.9158 316.5961 0001898  93.2245 266.9105 13.18687505234093
ONEWEB-0430
1 50501U 21132AJ  26262.94542446  .00000109  00000+0  24448-3 0  9990
2 50501  87.9161 316.6276 0001766  90.1326 270.0009 13.18687299234110
ONEWEB-0432
1 50502U 21132AK  26263.15606774  .00000076  00000+0  15966-3 0  9998
2 50502  87.9167 316.5768 0001464  96.4617 263.6682 13.18686688234092
ONEWEB-0440
1 50503U 21132AL  26262.96564916 -.00000269  00000+0 -71553-3 0  9998
2 50503  87.9162 316.6245 0002179  89.7171 270.4211 13.18684827234067
ONEWEB-0450
1 50504U 21132AM  26262.95906397  .00000067  00000+0  13791-3 0  9995
2 50504  87.9164 316.6237 0001854  91.9666 268.1678 13.18686864234091
TIANHUI 4A
1 50572U 21134A   26263.18258215  .00004866  00000+0  93570-4 0  9992
2 50572  88.9684 309.1933 0010587  62.8372 297.3966 15.47617760264559
TIANHUI 4B
1 50573U 21134B   26263.18287287  .00005269  00000+0  10137-3 0  9999
2 50573  88.9681 309.1702 0010310  67.2326 293.0022 15.47621484264524
ION SCV-004
1 50993U 22002K   26262.94831751  .00003138  00000+0  10644-3 0  9990
2 50993  97.2734 318.8240 0007729  29.0851 331.0819 15.31243352259792
HYPSO-1
1 51053U 22002BX  26263.14314119  .00162615  11495-4  57886-3 0  9995
2 51053  97.2697 349.2176 0004525 258.3163 101.7602 15.88929264261899
ETV-A1
1 51060U 22002CE  26263.17274713  .00007977  00000+0  18628-3 0  9996
2 51060  97.2780 329.2724 0004957  19.8788 340.2652 15.42451232260472
BRO-5
1 51061U 22002CF  26263.19572885  .00021291  00000+0  37089-3 0  9997
2 51061  97.2906 337.9202 0005321 349.3636  10.7502 15.50757194260961
SHIYAN-13 (SY-13)
1 51102U 22004A   26263.21008300  .00001129  00000+0  81530-4 0  9993
2 51102  98.4548 279.4565 0601170 274.0118  79.2592 14.20873822240787
LUDI TANCE 1-01A (L-SA*)
1 51284U 22007A   26263.30722438  .00000249  00000+0  32761-4 0  9996
2 51284  97.8114 269.3810 0001578  91.3514 268.7884 14.88408310252622
CSG-2
1 51444U 22008A   26263.13996241  .00000303  00000+0  44654-4 0  9996
2 51444  97.8917  85.3855 0001400  81.9636 278.1735 14.82154852250654
ONEWEB-0410
1 51622U 22012A   26263.21341528 -.00000205  00000+0 -56226-3 0  9990
2 51622  87.9198 346.9938 0002837 123.4222 236.7181 13.17648698226212
ONEWEB-0411
1 51623U 22012B   26263.07842382  .00000686  00000+0  19278-2 0  9995
2 51623  87.8906  17.3818 0001278  91.8388 268.2886 13.10372776221710
ONEWEB-0415
1 51624U 22012C   26263.07503484  .00000627  00000+0  17591-2 0  9994
2 51624  87.8913  17.3787 0001447 109.1556 250.9728 13.10373193221719
ONEWEB-0416
1 51625U 22012D   26263.08692587  .00000454  00000+0  12645-2 0  9992
2 51625  87.8916  17.3854 0001445 112.7976 247.3304 13.10370661221753
ONEWEB-0422
1 51626U 22012E   26262.99574406  .00000035  00000+0  55719-4 0  9997
2 51626  87.9201 347.0345 0001967  82.6479 277.4876 13.17647896226298
ONEWEB-0423
1 51627U 22012F   26262.00182569  .00000004  00000+0 -23698-4 0  9993
2 51627  87.9199 347.2353 0001953 102.7041 257.4309 13.17648508226054
ONEWEB-0425
1 51628U 22012G   26263.09708169  .00000395  00000+0  10955-2 0  9996
2 51628  87.8913  17.3726 0002024 116.2321 243.9015 13.10371269221754
ONEWEB-0428
1 51629U 22012H   26263.07674581  .00000639  00000+0  17944-2 0  9991
2 51629  87.8899  17.3809 0001745 100.6101 259.5223 13.10374445221711
ONEWEB-0431
1 51630U 22012J   26263.12237899 -.00000667  00000+0 -19485-2 0  9991
2 51630  87.8911  17.3682 0001263  91.7051 268.4221 13.10373111221778
ONEWEB-0434
1 51631U 22012K   26263.02426568 -.00000191  00000+0 -58240-3 0  9999
2 51631  87.8903  17.4137 0002225 113.4752 246.6609 13.10368984221742
ONEWEB-0435
1 51632U 22012L   26263.03089883 -.00000412  00000+0 -12165-2 0  9997
2 51632  87.8895  17.3940 0001695  90.1740 269.9581 13.10371619221737
ONEWEB-0436
1 51633U 22012M   26263.20836825  .00000038  00000+0  64607-4 0  9995
2 51633  87.9207 346.9848 0001965  94.0865 266.0491 13.17649783226195
ONEWEB-0438
1 51634U 22012N   26263.09202314 -.00001027  00000+0 -29775-2 0  9999
2 51634  87.8898  17.3854 0001839 106.5794 253.5535 13.10376552221770
ONEWEB-0439
1 51635U 22012P   26262.56088532  .00000059  00000+0  13162-3 0  9991
2 51635  87.8903  17.4810 0001918 103.4306 256.7035 13.10370062221684
ONEWEB-0442
1 51636U 22012Q   26263.20076682  .00000042  00000+0  74297-4 0  9996
2 51636  87.9196 347.0110 0002220 114.3704 245.7660 13.17650557226184
ONEWEB-0443
1 51637U 22012R   26262.99235948  .00000043  00000+0  76905-4 0  9993
2 51637  87.9199 347.0527 0002206  97.2005 262.9378 13.17650401226205
ONEWEB-0444
1 51638U 22012S   26261.55806117  .00000335  00000+0  92280-3 0  9994
2 51638  87.8904  17.6787 0002010 100.4830 259.6524 13.10369881221565
ONEWEB-0445
1 51639U 22012T   26262.26562279 -.00000396  00000+0 -11698-2 0  9994
2 51639  87.8908  17.5314 0001625 104.2514 255.8793 13.10370452221660
ONEWEB-0446
1 51640U 22012U   26263.08351932  .00000611  00000+0  17153-2 0  9999
2 51640  87.8896  17.3899 0001540 110.5995 249.5297 13.10371346221755
ONEWEB-0448
1 51641U 22012V   26263.08861889  .00000524  00000+0  14662-2 0  9992
2 51641  87.8895  17.3846 0001731 104.9890 255.1429 13.10370420221729
ONEWEB-0449
1 51642U 22012W   26263.01732763  .00000121  00000+0  31015-3 0  9999
2 51642  87.8901  17.3904 0001994 115.0087 245.1247 13.10368696221724
ONEWEB-0451
1 51643U 22012X   26263.20498951  .00000006  00000+0 -17318-4 0  9993
2 51643  87.9209 346.9842 0002015 104.9824 255.1530 13.17648925226173
ONEWEB-0452
1 51644U 22012Y   26263.20331372  .00000005  00000+0 -21031-4 0  9993
2 51644  87.9192 347.0105 0002279 103.0478 257.0908 13.17647933226185
ONEWEB-0456
1 51646U 22012AA  26262.64402169 -.00000291  00000+0 -86869-3 0  9992
2 51646  87.8907  17.4569 0001769  98.3813 261.7515 13.10370722221716
ONEWEB-0457
1 51647U 22012AB  26263.07998356  .00000660  00000+0  18533-2 0  9999
2 51647  87.8905  17.3807 0001619 113.6570 246.4727 13.10373825221772
ONEWEB-0458
1 51648U 22012AC  26258.05143825 -.00007879  00000+0 -22150-1 0  9995
2 51648  87.8897  18.3619 0000344 126.7082 233.4078 13.11833582221072
ONEWEB-0461
1 51649U 22012AD  26262.54181108  .00000000  00000+0 -32377-4 0  9994
2 51649  87.9201 347.1253 0001758 102.6363 257.4965 13.17651106226314
ONEWEB-0463
1 51650U 22012AE  26263.20667091  .00000184  00000+0  44130-3 0  9991
2 51650  87.9179 347.0094 0001762 105.4452 254.6874 13.17649710226188
ONEWEB-0464
1 51651U 22012AF  26263.02242438  .00000054  00000+0  11840-3 0  9994
2 51651  87.8894  17.3989 0001939  94.7146 265.4203 13.10369277221741
ONEWEB-0468
1 51652U 22012AG  26263.10386499  .00000182  00000+0  48646-3 0  9996
2 51652  87.8895  17.3760 0001860  92.6920 267.4420 13.10373430221738
ONEWEB-0473
1 51653U 22012AH  26263.01394347  .00000449  00000+0  12494-2 0  9995
2 51653  87.8895  17.3947 0001710  99.2553 260.8767 13.10369975221724
ONEWEB-0474
1 51654U 22012AJ  26263.08183215  .00000446  00000+0  12403-2 0  9990
2 51654  87.8903  17.3753 0001957  96.8785 263.2565 13.10374463221724
ONEWEB-0475
1 51655U 22012AK  26262.99069307  .00000021  00000+0  20849-4 0  9999
2 51655  87.9200 347.0478 0002339  88.0861 272.0538 13.17648547226172
EOS-4
1 51656U 22013A   26263.21949438  .00001716  00000+0  10165-3 0  9990
2 51656  97.5157 268.4344 0001831  86.4296 273.7144 15.12721786253859
LUDI TANCE 1-01B (L-SA*)
1 51822U 22018A   26263.20638544  .00000331  00000+0  41568-4 0  9996
2 51822  97.8114 269.2816 0001546  88.2183 271.9211 14.88419861247848
2022-023A
1 51946U 22023A   26263.22989623  .00009701  00000+0  40321-3 0  9993
2 51946  63.4773 307.7489 0119341 346.1655  13.6195 15.18019270252147
2022-023B
1 51947U 22023B   26263.22654316  .00008650  00000+0  36606-3 0  9995
2 51947  63.4777 307.1554 0114458 350.7850   9.1160 15.18024867252141
2022-023C
1 51948U 22023C   26263.23318038  .00009914  00000+0  41463-3 0  9996
2 51948  63.4850 308.6449 0116685 352.2326   7.6974 15.18061144252147
2022-023D
1 51949U 22023D   26263.18593050  .00011699  00000+0  46040-3 0  9999
2 51949  63.4470 308.8206 0135221 352.7651   7.1505 15.17916471252137
2022-023E
1 51950U 22023E   26263.17068329 -.00000071  00000+0  27909-4 0  9993
2 51950  63.4597  65.2845 0167902 348.5220  11.2002 13.56298716234918
2022-023F
1 51951U 22023F   26263.20790306  .00012552  00000+0  49170-3 0  9994
2 51951  63.4533 310.4813 0135968 342.0675  17.5663 15.17925624252139
YAOGAN-34 02
1 52084U 22027A   26263.23401000 -.00000082  00000+0  12902-4 0  9999
2 52084  63.3963 316.9251 0060273 354.9724   5.0690 13.45440338221707
MERIDIAN 10
1 52145U 22030A   26262.68218188  .00000110  00000+0  00000+0 0  9994
2 52145  62.6777 130.5398 6811468 272.8226  17.4790  2.00593506 32920
TK-2
1 52150U 22031A   26263.21811921  .00001847  00000+0  13810-3 0  9990
2 52150  97.8281 100.4885 0015793 159.9370 200.2480 15.03975644244746
PUJIANG 2 (PJ-2)
1 52151U 22031B   26263.18909758  .00000121  00000+0  16679-4 0  9994
2 52151  97.8627  88.8511 0010527 245.3859 114.6265 14.94397473243989
TIANPING 2A
1 52153U 22032A   26263.17523703  .00000817  00000+0  75091-4 0  9993
2 52153  97.5784 298.0922 0009464 212.3363 147.7281 14.97410019244054
TIANPING 2B
1 52155U 22032C   26263.17278249  .00000644  00000+0  53591-4 0  9996
2 52155  97.5794 306.2677 0019475 205.3249 154.7023 15.01978445244537
TIANPING 2C
1 52156U 22032D   26263.14414828  .00003017  00000+0  17975-3 0  9991
2 52156  97.5745 314.7163 0006322 175.3746 184.7544 15.11940961245190
OMNI-L1
1 52157U 22033A   26263.05121753  .00001048  00000+0  13534-3 0  9994
2 52157  97.8332 340.3713 0004687 350.4654   9.6470 14.83025604241519
GNOMES-3
1 52158U 22033B   26263.02869032  .00001048  00000+0  12796-3 0  9990
2 52158  97.8159 337.6237 0011104  20.2864 339.8791 14.85363152241412
ENMAP
1 52159U 22033C   26263.20839851  .00000480  00000+0  78902-4 0  9998
2 52159  97.9768 344.0919 0001620  86.9690 273.1705 14.74989877240664
ARCSAT-1
1 52161U 22033E   26262.99755898  .00010495  00000+0  15356-3 0  9994
2 52161  97.2727 356.8165 0004362 188.0806 172.0379 15.55778555250437
NUSAT-26 (M SOMERVILLE)
1 52184U 22033AD  26263.19466866  .00011363  00000+0  23894-3 0  9997
2 52184  97.2278 341.7183 0004007 250.5159 109.5658 15.45467550119368
GLOBAL-18
1 52196U 22034B   26263.09741466  .00019284  00000+0  34820-3 0  9993
2 52196  52.9804 161.8609 0003713 176.0855 184.0182 15.49767998251669
GAOFEN-3 03
1 52200U 22035A   26263.20814728  .00000036  00000+0  24054-4 0  9999
2 52200  98.4106 270.4241 0000865  79.4194 280.7093 14.42217670234543
COSMOS 2554
1 52202U 22036A   26263.22558862 -.00000066  00000+0  69193-5 0  9996
2 52202  67.1511 357.7050 0004987 275.3269  84.7247 13.96674178227222
DAQI-1
1 52257U 22039A   26263.21431832  .00000231  00000+0  60484-4 0  9991
2 52257  98.1522 200.1201 0003316 342.7090  17.3996 14.57723114235789
SUPERVIEW NEO-1 01
1 52320U 22043A   26263.20257280  .00003032  00000+0  15587-3 0  9994
2 52320  97.3323 332.9423 0001135  19.8314 340.2964 15.17202395243960
SUPERVIEW NEO-1 02
1 52322U 22043C   26263.17144622  .00002560  00000+0  13223-3 0  9997
2 52322  97.3318 332.9150 0002343  43.7269 316.4150 15.17159945243975
BRO-6
1 52422U 22047AE  26263.23684877  .00040857  00000+0  54480-3 0  9991
2 52422  97.3354 356.6001 0004899  83.5625 276.6188 15.57996001245910
JILIN-1 KUANFU 01C
1 52443U 22048A   26263.20680867  .00001716  00000+0  10952-3 0  9994
2 52443  97.5184 338.6202 0017979 359.2766   0.8435 15.09894012241533
COSMOS 2556
1 52713U 22054A   26263.15569375  .00001641  00000+0  65842-4 0  9991
2 52713  97.6383 214.8821 0002278  98.1984 261.9512 15.26489855241220
2022-056B
1 52717U 22056B   26263.17483273  .00000372  00000+0  76468-3 0  9996
2 52717  86.0043  62.0543 0045515 140.0234 220.4268 13.29597400210938
GHGSAT-C3
1 52737U 22057F   26263.22616848  .00004890  00000+0  14472-3 0  9997
2 52737  97.6727  52.5995 0006710 135.3714 224.8070 15.35384381240119
GHGSAT-C5
1 52744U 22057N   26263.20141566  .00004875  00000+0  14439-3 0  9999
2 52744  97.6813  54.2552 0007502 134.1781 226.0080 15.35357861240110
GHGSAT-C4
1 52746U 22057Q   26263.18230110  .00004919  00000+0  14562-3 0  9998
2 52746  97.6654  51.2886 0007170 121.4831 238.7113 15.35371388240115
HAWK-5C
1 52754U 22057Y   26262.89506844  .00014743  00000+0  22592-3 0  9992
2 52754  97.6685  68.9565 0004617  86.4388 273.7393 15.54434135241040
HAWK-5B
1 52756U 22057AA  26262.89494495  .00014572  00000+0  22336-3 0  9998
2 52756  97.6701  67.3224 0005361  81.3789 278.8071 15.54427368241041
HAWK-5A
1 52757U 22057AB  26262.89473387  .00014887  00000+0  22809-3 0  9990
2 52757  97.6695  68.1484 0005292  84.2369 275.9487 15.54432956241048
VIGORIDE-3
1 52760U 22057AE  26263.12491664  .00004001  00000+0  14865-3 0  9999
2 52760  97.6740  45.7565 0008918 142.9922 217.1934 15.28130693239652
ION SCV-006
1 52761U 22057AF  26262.90497068  .00009612  00000+0  18970-3 0  9993
2 52761  97.6221  56.2916 0017331 128.8856 231.3942 15.47235063240750
SHERPA-AC1
1 52763U 22057AH  26263.19227767  .00005558  00000+0  15370-3 0  9990
2 52763  97.6816  56.5444 0008623 110.4253 249.7918 15.37432798240291
OMNI-L2
1 52771U 22057AR  26263.08696810  .00000567  00000+0  78626-4 0  9995
2 52771  97.4619 319.0306 0006999  25.6762 334.4798 14.81367634234441
GEESAT-1 01
1 52785U 22058A   26263.15810238  .00000788  00000+0  12730-3 0  9999
2 52785  49.9929 123.7929 0021809 265.4917  94.3529 14.81600732234012
GEESAT-1 02
1 52786U 22058B   26263.17333701  .00000786  00000+0  12701-3 0  9993
2 52786  50.0000 124.0688 0022362 255.1750 104.6710 14.81609886234014
GEESAT-1 03
1 52787U 22058C   26263.13584720  .00000917  00000+0  14353-3 0  9990
2 52787  49.9864 122.7516 0008212 106.7680 253.4158 14.81616917234018
GEESAT-1 04
1 52788U 22058D   26263.14268716  .00000887  00000+0  13984-3 0  9991
2 52788  50.0036 124.5268 0009453 150.5041 209.6431 14.81607828234000
GEESAT-1 05
1 52789U 22058E   26263.14923475  .00002608  00000+0  22049-3 0  9997
2 52789  49.9856  88.4077 0002885 145.2851 214.8283 15.01313662234473
GEESAT-1 06
1 52790U 22058F   26263.18067816  .00000968  00000+0  14961-3 0  9992
2 52790  50.0044 124.1999 0033022 149.5192 210.7674 14.81589664234013
GEESAT-1 07
1 52791U 22058G   26263.19563220  .00000913  00000+0  14317-3 0  9999
2 52791  49.9878 122.5947 0012620  98.2867 261.9502 14.81611054234018
GEESAT-1 08
1 52792U 22058H   26263.15058233  .00000821  00000+0  13148-3 0  9998
2 52792  49.9930 122.9020 0019441 294.3857  65.5052 14.81607763234010
GEESAT-1 09
1 52793U 22058J   26263.12003639  .00002544  00000+0  21641-3 0  9997
2 52793  49.9966  89.8144 0006758 182.2904 177.8012 15.01166756234505
GLOBALSTAR M087
1 52888U 22064A   26263.10427933 -.00000100  00000+0  22131-4 0  9997
2 52888  51.9982 133.4845 0000764  96.1318 263.9635 12.62263142203121
PVSAT
1 52894U 22065A   26263.14344741  .00000149  00000+0  41251-4 0  9990
2 52894  98.2429  41.8248 0010586  83.7248 276.5157 14.59588436226201
KSLV-II DUMMY
1 52895U 22065B   26263.11026231  .00000014  00000+0  12894-4 0  9991
2 52895  98.2490  42.1907 0009529 100.1231 260.1044 14.58702679226195
STEP CUBE LAB-II
1 52897U 22065D   26263.17887188  .00000506  00000+0  10700-3 0  9994
2 52897  98.2370  46.8709 0009896  87.4159 272.8176 14.63424666225398
RANDEV
1 52898U 22065E   26263.15466797  .00000514  00000+0  10771-3 0  9999
2 52898  98.2355  47.2409 0009196  87.5991 272.6264 14.63817046225149
SNUGLITE-II
1 52899U 22065F   26262.66391179  .00000594  00000+0  12131-3 0  9996
2 52899  98.2341  47.4102 0008696  88.4094 271.8105 14.64491240224829
MIMAN
1 52900U 22065G   26262.36596745  .00000327  00000+0  74756-4 0  9998
2 52900  98.2403  44.4536 0008856  92.0481 268.1734 14.61928165224205
GAOFEN-12 03
1 52912U 22069A   26263.17227109  .00000353  00000+0  53155-4 0  9999
2 52912  97.8116 148.5805 0001294 112.8418 247.2931 14.80156608228666
COSMOS 2557 [GLONASS-K]
1 52984U 22075A   26261.02242999 -.00000043  00000+0  00000+0 0  9994
2 52984  64.2385 311.2102 0012669 269.8938  90.0301  2.13102259 32695
LARES-2
1 53105U 22080A   26257.22762985  .00000002  00000+0  00000+0 0  9999
2 53105  70.1478 274.7815 0005528 316.6821  43.3442  6.38965299 97355
GREENCUBE (IO-117)
1 53109U 22080E   26262.49992317 -.00000003  00000+0  00000+0 0  9994
2 53109  70.1205 265.4390 0009216 269.3094  90.6509  6.42583827 98129
SUPERVIEW NEO-2 01
1 53128U 22082A   26263.14582083  .00003269  00000+0  13588-3 0  9990
2 53128  97.3941 271.8695 0001730  90.0483 270.0953 15.24505856232674
SUPERVIEW NEO-2 02
1 53130U 22082C   26263.16914331  .00002897  00000+0  12074-3 0  9995
2 53130  97.3939 271.9487 0001728  89.9628 270.1808 15.24505159232686
TECMS
1 53346U 22090A   26263.19941650  .00002185  00000+0  10154-3 0  9997
2 53346  97.3046 328.5648 0000991 185.8594 174.2630 15.21011335229252
KHAYYAM
1 53370U 22096A   26263.21332530  .00002701  00000+0  11222-3 0  9995
2 53370  97.3326 165.6268 0002622  79.9288 280.2245 15.24654268229075
DONGPO 07
1 53444U 22098A   26263.10133297  .00563036  15525-3  79263-3 0  9990
2 53444  97.5587  43.6841 0005961 275.5044  84.5556 16.05758836229776
JILIN-1 GAOFEN 03D09
1 53445U 22098B   26263.20169718  .00134695  00000+0  61259-3 0  9998
2 53445  97.5698  41.1613 0001754 291.2103  68.8978 15.83486108229573
2022-098C
1 53446U 22098C   26262.75800463  .00149456  00000+0  61747-3 0  9990
2 53446  97.5738  41.6069 0001620 276.9552  83.1534 15.85477819229534
JILIN-1 GAOFEN 03D43
1 53448U 22098E   26263.32185361  .00225584  21230-4  67313-3 0  9994
2 53448  97.5695  43.0454 0003309 271.6973  88.3921 15.92398199229704
DONGPO 01
1 53453U 22098K   26263.17399047  .00741502  30482-3  77907-3 0  9992
2 53453  97.5791  44.9297 0008054 264.6959  95.3405 16.10392428229806
BEIJING-3B
1 53587U 22103A   26263.22691134  .00000655  00000+0  78670-4 0  9990
2 53587  97.7944 338.9353 0026576  98.2388 262.1844 14.87046843221218
YAOGAN-33 02
1 53698U 22106A   26263.19704418  .00000069  00000+0  24616-4 0  9992
2 53698  98.1848 269.6515 0001350 176.0697 184.0513 14.58752204215570
SHERPA-LTC2
1 53754U 22107BG  26263.03352153  .00002817  00000+0  15191-3 0  9994
2 53754  53.2345 178.5916 0393657 131.5293 232.0164 14.70333504216492
CENTISPACE-1 S3
1 53757U 22108A   26263.14386825  .00000199  00000+0  77879-4 0  9996
2 53757  53.5344  22.5776 0008218 230.9104 129.1141 14.61332134215410
CENTISPACE-1 S4
1 53758U 22108B   26263.15177586  .00000310  00000+0  98989-4 0  9990
2 53758  53.5320  19.6081 0008103 216.8537 143.1883 14.62028388215454
BLUEWALKER-3
1 53807U 22111AL  26262.74569326  .00004229  00000+0  11686-3 0  9991
2 53807  53.2286 309.6859 0007173 106.0911 254.0885 15.39300728224768
STRIX-1
1 53815U 22113A   26263.19929293  .00020293  00000+0  44952-3 0  9996
2 53815  97.4391 327.1414 0002412 233.4153 126.6873 15.43806025222080
YUNHAI-1 03
1 53877U 22115A   26263.24018278  .00000242  00000+0  10518-3 0  9997
2 53877  98.5609 260.2000 0005472 112.4514 247.7250 14.32546501209127
CENTISPACE-1 S5
1 54020U 22126A   26263.18457057  .00000442  00000+0  12182-3 0  9996
2 54020  54.9987 192.7671 0009996 287.7548  72.2355 14.63147946210947
CENTISPACE-1 S6
1 54021U 22126B   26263.15781391  .00000326  00000+0  10093-3 0  9995
2 54021  54.9990 195.1929 0011806 286.8751  73.0948 14.62387757210890
OTB-3-GAZELLE
1 54023U 22127A   26263.21517709  .00000069  00000+0  33954-4 0  9991
2 54023  98.4043 253.5157 0011870 261.7618  98.2226 14.42702257208069
ASO-S
1 54029U 22129A   26263.20784977  .00000087  00000+0  32457-4 0  9998
2 54029  98.2800 266.9514 0014759 156.1502 204.0380 14.52096901209216
COSMOS 2559 [GLONASS-K]
1 54031U 22130A   26262.71933000 -.00000030  00000+0  00000+0 0  9994
2 54031  64.2103 311.2302 0013471 188.9341 171.1129  2.13101815 30707
HJ-2E
1 54035U 22132A   26263.20476249  .00004513  00000+0  21205-3 0  9995
2 54035  97.3852 265.8784 0007054  57.0644 303.1269 15.20082910218873
COSMOS 2561
1 54109U 22137A   26263.21464931  .00010276  00000+0  16072-3 0  9997
2 54109  96.9077 318.7499 0010533  42.0185 318.1876 15.53879702221097
ONEWEB-0490
1 54113U 22138A   26262.37484342  .00000006  00000+0 -17599-4 0  9994
2 54113  87.9109 286.2037 0001916  87.0983 273.0369 13.19723749189251
ONEWEB-0492
1 54114U 22138B   26263.00666295  .00000051  00000+0  95626-4 0  9991
2 54114  87.9113 286.0772 0001717  87.4329 272.7000 13.19726568189348
ONEWEB-0495
1 54115U 22138C   26263.06037502 -.00000016  00000+0 -72524-4 0  9996
2 54115  87.9102 286.0659 0002009  73.2443 286.8910 13.19725629189338
ONEWEB-0497
1 54116U 22138D   26262.76973355  .00000029  00000+0  39838-4 0  9991
2 54116  87.9113 286.1224 0001925  89.3518 270.7835 13.19726933189288
ONEWEB-0499
1 54117U 22138E   26262.82895759 -.00000037  00000+0 -12454-3 0  9995
2 54117  87.9109 286.1136 0002010  87.0204 273.1158 13.19723136189309
ONEWEB-0500
1 54118U 22138F   26263.05878569 -.00000050  00000+0 -15821-3 0  9998
2 54118  87.9111 286.0665 0001973  97.8244 262.3113 13.19721444189344
ONEWEB-0501
1 54119U 22138G   26263.01299262  .00000016  00000+0  85213-5 0  9996
2 54119  87.9106 286.0758 0002008  79.9114 280.2245 13.19725698189316
ONEWEB-0502
1 54120U 22138H   26261.33078716  .00000033  00000+0  49348-4 0  9997
2 54120  87.9115 286.4033 0002090  86.5780 273.5592 13.19726677189118
ONEWEB-0503
1 54121U 22138J   26262.76024457  .00000084  00000+0  17730-3 0  9994
2 54121  87.9111 286.1244 0002121  94.7832 265.3543 13.19726966189295
ONEWEB-0504
1 54122U 22138K   26263.05090175  .00000024  00000+0  26860-4 0  9997
2 54122  87.9112 286.0692 0002050  86.2140 273.9227 13.19725480189342
ONEWEB-0505
1 54123U 22138L   26263.04773868 -.00000029  00000+0 -10480-3 0  9991
2 54123  87.9106 286.0690 0002068  79.4484 280.6881 13.19726053189324
ONEWEB-0506
1 54124U 22138M   26263.02247241  .00000073  00000+0  14934-3 0  9996
2 54124  87.9110 286.0740 0001982  82.4849 277.6509 13.19725719189319
ONEWEB-0507
1 54125U 22138N   26263.04298736  .00000058  00000+0  11335-3 0  9999
2 54125  87.9102 286.0742 0001900  85.9528 274.1822 13.19726287189361
ONEWEB-0508
1 54126U 22138P   26262.88818907  .00000070  00000+0  14176-3 0  9999
2 54126  87.9108 286.1044 0001908  81.5499 278.5850 13.19723647189323
ONEWEB-0509
1 54127U 22138Q   26262.78710903 -.00000008  00000+0 -53325-4 0  9999
2 54127  87.9111 286.1224 0001865  88.8123 271.3223 13.19724433189288
ONEWEB-0510
1 54128U 22138R   26262.75223769  .00000063  00000+0  12258-3 0  9994
2 54128  87.9144 255.5700 0002003 100.5169 259.6190 13.20770241191769
ONEWEB-0511
1 54129U 22138S   26263.01139500  .00000069  00000+0  14117-3 0  9996
2 54129  87.9107 286.0764 0002201  90.8338 269.3047 13.19723944189343
ONEWEB-0512
1 54130U 22138T   26262.39695960  .00000112  00000+0  24721-3 0  9996
2 54130  87.9109 286.2004 0002109  84.1198 276.0175 13.19724137189233
ONEWEB-0513
1 54131U 22138U   26262.81866568  .00000074  00000+0  15185-3 0  9999
2 54131  87.9107 286.0465 0002626  77.4103 282.7324 13.20260721189209
ONEWEB-0514
1 54132U 22138V   26263.01928525  .00000111  00000+0  24445-3 0  9996
2 54132  87.9106 286.0754 0001925  96.3838 263.7514 13.19726821189336
ONEWEB-0515
1 54133U 22138W   26262.96605767  .00000042  00000+0  71503-4 0  9991
2 54133  87.9146 255.5265 0001305 107.5152 252.6124 13.20771914191810
ONEWEB-0516
1 54134U 22138X   26263.06984192  .00000039  00000+0  65370-4 0  9997
2 54134  87.9103 286.0663 0001785  89.6024 270.5313 13.19726130189347
ONEWEB-0517
1 54135U 22138Y   26263.04932362  .00000024  00000+0  28207-4 0  9990
2 54135  87.9113 286.0685 0002182  95.5480 264.5902 13.19725937189348
ONEWEB-0518
1 54136U 22138Z   26263.06825800  .00000010  00000+0 -78912-5 0  9996
2 54136  87.9109 286.0684 0001771  89.6571 270.4765 13.19724424189344
ONEWEB-0519
1 54137U 22138AA  26263.01771735  .00000077  00000+0  15934-3 0  9994
2 54137  87.9106 286.0745 0002101  94.3989 265.7383 13.19726680189343
ONEWEB-0520
1 54138U 22138AB  26263.05248035 -.00000011  00000+0 -60120-4 0  9999
2 54138  87.9110 286.0696 0001904  83.8650 276.2700 13.19725338189330
ONEWEB-0521
1 54139U 22138AC  26262.32748199  .00000053  00000+0  10008-3 0  9998
2 54139  87.9114 286.2062 0002128  97.1305 263.0070 13.19725755189188
ONEWEB-0522
1 54140U 22138AD  26263.06510676 -.00000021  00000+0 -83597-4 0  9990
2 54140  87.9113 286.0604 0002010  88.4849 271.6514 13.19726680189327
ONEWEB-0523
1 54141U 22138AE  26262.72530680  .00000140  00000+0  31345-3 0  9993
2 54141  87.9143 255.5819 0001908 111.6565 248.4772 13.20772944191786
ONEWEB-0524
1 54142U 22138AF  26262.94247110  .00000116  00000+0  25354-3 0  9997
2 54142  87.9143 255.5345 0001148  98.3498 261.7765 13.20773168191816
ONEWEB-0525
1 54143U 22138AG  26262.78078555  .00000131  00000+0  29461-3 0  9995
2 54143  87.9109 286.1226 0001805  78.9804 281.1532 13.19723946189308
ONEWEB-0526
1 54144U 22138AH  26262.88977422  .00000051  00000+0  95569-4 0  9992
2 54144  87.9109 286.1010 0001816  88.5097 271.6244 13.19723786189297
ONEWEB-0529
1 54145U 22138AJ  26263.04457789  .00000004  00000+0 -22511-4 0  9997
2 54145  87.9103 286.0732 0001884  85.0118 275.1230 13.19725586189332
ONEWEB-0531
1 54146U 22138AK  26262.77750356  .00000008  00000+0 -12712-4 0  9999
2 54146  87.9142 255.5646 0001956 105.2593 254.8757 13.20772835191795
ONEWEB-0535
1 54147U 22138AL  26263.00193047  .00000086  00000+0  18304-3 0  9992
2 54147  87.9118 286.0738 0001961 101.3793 258.7560 13.19726635189343
ONEWEB-0536
1 54148U 22138AM  26263.21855877 -.00000051  00000+0 -15773-3 0  9993
2 54148  87.9140 255.4912 0001511 117.2665 242.8622 13.20773468191847
GONETS-M 23
1 54150U 22139A   26263.16847130  .00000018  00000+0  60665-4 0  9996
2 54150  82.5027 289.2752 0021613  17.8989 342.2848 12.42893445177447
GONETS-M 24
1 54151U 22139B   26263.14151828  .00000030  00000+0  14540-3 0  9991
2 54151  82.4943 288.2861 0017088  29.2799 330.9235 12.42894165177445
GONETS-M 25
1 54152U 22139C   26263.12803613  .00000025  00000+0  11125-3 0  9996
2 54152  82.5009 289.0325 0020960  26.9377 333.2786 12.42892762177441
SKIF-D
1 54153U 22139D   26260.99121640  .00000033  00000+0  00000+0 0  9997
2 54153  89.9445  96.6341 0007799 163.2164 196.8794  5.00428432 68751
SHIYAN-20C (SY-20C)
1 54214U 22142A   26263.22166784 -.00000055  00000+0  31785-4 0  9990
2 54214  59.9984 346.2532 0022092  43.9970 316.2818 14.29574765203288
COSMOS 2563 (EKS 6)
1 54223U 22145A   26258.40553145 -.00001037  00000+0  00000+0 0  9990
2 54223  63.1669 269.3421 6998179 269.9558  16.9194  2.00620956 28379
MATS
1 54227U 22147A   26262.82204439  .00002224  00000+0  15766-3 0  9993
2 54227  97.6884 264.0657 0011142 234.7488 125.2697 15.05791834212009
NOAA 21 (JPSS-2)
1 54234U 22150A   26263.11818459  .00000014  00000+0  27425-4 0  9992
2 54234  98.7105 200.3253 0000818 313.9360  46.1749 14.19549897200018
YUNHAI-3 01
1 54235U 22151A   26263.21389937 -.00000005  00000+0  20552-4 0  9994
2 54235  98.8217 269.2847 0001230 146.2891 213.8359 14.13373437198365
YAOGAN-34 03
1 54249U 22154A   26263.15305874 -.00000082  00000+0  13124-4 0  9995
2 54249  63.4081  18.2769 0049391 351.6780   8.3422 13.45517078189038
JILIN-1 GAOFEN 03D08
1 54251U 22155A   26263.31449578  .00082497  00000+0  51264-3 0  9992
2 54251  97.6311  57.2620 0002190 334.2526  25.8630 15.76746359214740
JILIN-1 GAOFEN 03D51
1 54252U 22155B   26263.18027008  .00060116  00000+0  44855-3 0  9990
2 54252  97.6340  56.0907 0002523 349.8431  10.2781 15.72568241214625
JILIN-1 GAOFEN 03D53
1 54253U 22155C   26263.22628196  .00029766  00000+0  38866-3 0  9992
2 54253  97.6338  50.0377 0004702  23.8788 336.2684 15.58624298214265
JILIN-1 GAOFEN 03D52
1 54255U 22155E   26263.18562788  .00048683  00000+0  43098-3 0  9995
2 54255  97.6313  53.9162 0002854  22.0442 338.0941 15.68485809214550
EOS-6 (OCEANSAT-3)
1 54361U 22158A   26263.24280271  .00000119  00000+0  44765-4 0  9992
2 54361  98.3552   0.1778 0002245  81.1160 279.0286 14.46980279201586
COSMOS 2564 [GLONASS-M]
1 54377U 22161A   26263.03154986 -.00000012  00000+0  00000+0 0  9995
2 54377  64.7422 189.5662 0010748 217.5056 142.4312  2.13102087 29659
COSMOS 2565
1 54381U 22163A   26263.17786053 -.00000043  00000+0  23461-4 0  9998
2 54381  67.1474 236.3827 0006675 266.5060  93.5261 13.96675239194036
COSMOS 2566
1 54383U 22163C   26263.18453591 -.00000011  00000+0  45488-4 0  9997
2 54383  67.1417 230.7505 0009442 326.2296  33.8187 13.97722507193840
JIAOTONG VDES
1 54588U 22164A   26263.16053567  .00000222  00000+0  74023-4 0  9992
2 54588  98.2418 279.7104 0010719  44.2716 315.9332 14.46123857199800
GAOFEN-5 01A
1 54640U 22165A   26263.17807493  .00000239  00000+0  62244-4 0  9998
2 54640  98.2390 199.5456 0003074  77.5834 282.5709 14.57761619201259
ONEWEB-0527
1 54642U 22166A   26263.17563889  .00000099  00000+0  20811-3 0  9996
2 54642  87.9277 225.0876 0002054  78.3138 281.8226 13.21826716184081
ONEWEB-0528
1 54643U 22166B   26263.17647703  .00000018  00000+0  10948-4 0  9997
2 54643  87.9279 225.0910 0002016  73.8448 286.2907 13.21826005184092
ONEWEB-0539
1 54644U 22166C   26262.68444866  .00000015  00000+0  38109-5 0  9995
2 54644  87.9285 225.1665 0002282  81.6157 278.5235 13.21827117184023
ONEWEB-0540
1 54645U 22166D   26263.14549237  .00000071  00000+0  13958-3 0  9991
2 54645  87.9276 225.0986 0002115  82.2070 277.9304 13.21824522184077
ONEWEB-0542
1 54646U 22166E   26263.14870683 -.00000704  00000+0 -17371-2 0  9991
2 54646  87.9287 225.0745 0002414  82.3511 277.7897 13.21829566184085
ONEWEB-0545
1 54647U 22166F   26263.18908713 -.00000051  00000+0 -15431-3 0  9993
2 54647  87.9282 225.0708 0002561  90.9586 269.1841 13.21826245184052
ONEWEB-0580
1 54648U 22166G   26263.16386958 -.00000004  00000+0 -41754-4 0  9999
2 54648  87.9280 225.0752 0002292  88.8104 271.3292 13.21824701184097
ONEWEB-0582
1 54649U 22166H   26263.20590130  .00000057  00000+0  10698-3 0  9992
2 54649  87.9285 225.0621 0002497  85.4942 274.6477 13.21827713184073
ONEWEB-0583
1 54650U 22166J   26263.14199623  .00000106  00000+0  22599-3 0  9997
2 54650  87.9282 225.0958 0002158  81.6248 278.5130 13.21825356184076
ONEWEB-0584
1 54651U 22166K   26263.16217868  .00000050  00000+0  88679-4 0  9992
2 54651  87.9278 225.0748 0002099  82.3540 277.7833 13.21824154184061
ONEWEB-0585
1 54652U 22166L   26263.18571172  .00000085  00000+0  17331-3 0  9990
2 54652  87.9288 225.0626 0001954  75.5577 284.5774 13.21827363184077
ONEWEB-0586
1 54653U 22166M   26263.19919404 -.00000025  00000+0 -92035-4 0  9997
2 54653  87.9281 225.0826 0002318  83.0095 277.1303 13.21824662184072
ONEWEB-0587
1 54654U 22166N   26262.67941086  .00000052  00000+0  94132-4 0  9999
2 54654  87.9288 225.1688 0001785  74.0736 286.0595 13.21826639184164
ONEWEB-0589
1 54655U 22166P   26263.19582439 -.00000018  00000+0 -75395-4 0  9995
2 54655  87.9281 225.0665 0002748  92.8977 267.2471 13.21826424184095
ONEWEB-0590
1 54656U 22166Q   26262.31255757  .00000077  00000+0  15408-3 0  9990
2 54656  87.9289 225.2409 0001818  91.8031 268.3311 13.21824508183960
ONEWEB-0591
1 54657U 22166R   26263.15712866  .00000085  00000+0  17484-3 0  9998
2 54657  87.9277 225.0798 0002057  82.4220 277.7148 13.21827181184108
ONEWEB-0592
1 54658U 22166S   26263.16048916  .00000100  00000+0  20976-3 0  9996
2 54658  87.9289 225.0661 0002054  79.7522 280.3844 13.21824370183987
ONEWEB-0593
1 54659U 22166T   26263.18236913 -.00000038  00000+0 -12377-3 0  9993
2 54659  87.9286 225.0682 0002200  78.4324 281.7057 13.21825711184091
ONEWEB-0594
1 54660U 22166U   26263.20253799 -.00000005  00000+0 -44556-4 0  9998
2 54660  87.9281 225.0781 0001976  73.5450 286.5901 13.21824129184119
ONEWEB-0595
1 54661U 22166V   26263.17900022  .00000036  00000+0  56072-4 0  9991
2 54661  87.9287 225.0707 0001843  78.3251 281.8090 13.21826740184083
ONEWEB-0596
1 54662U 22166W   26262.62387734 -.00000262  00000+0 -66683-3 0  9991
2 54662  87.9279 225.1863 0001990  79.8575 280.2784 13.21825458184018
ONEWEB-0597
1 54663U 22166X   26262.68109002  .00000083  00000+0  17026-3 0  9994
2 54663  87.9277 225.1764 0002140  81.8449 278.2927 13.21826901184029
ONEWEB-0600
1 54664U 22166Y   26263.19245718 -.00000013  00000+0 -63054-4 0  9995
2 54664  87.9281 225.0672 0002219  76.3841 283.7540 13.21826666184068
ONEWEB-0601
1 54665U 22166Z   26262.65418138 -.00000630  00000+0 -15571-2 0  9998
2 54665  87.9279 225.1886 0002425  81.3409 278.8000 13.21828114184188
ONEWEB-0602
1 54666U 22166AA  26263.14954860  .00000083  00000+0  16995-3 0  9993
2 54666  87.9277 225.0957 0002232  75.7619 284.3763 13.21823737184095
ONEWEB-0603
1 54667U 22166AB  26263.15545052  .00000039  00000+0  62199-4 0  9993
2 54667  87.9288 225.0611 0002159  79.5380 280.5997 13.21824118184024
ONEWEB-0604
1 54668U 22166AC  26261.62974558  .00000016  00000+0  71338-5 0  9992
2 54668  87.9276 225.3789 0002067  78.0033 282.1332 13.21826500183788
ONEWEB-0605
1 54669U 22166AD  26262.60706571  .00000093  00000+0  19448-3 0  9997
2 54669  87.9277 225.1918 0002255  95.6122 264.5269 13.21825154183984
ONEWEB-0606
1 54670U 22166AE  26263.15881353  .00000037  00000+0  58205-4 0  9995
2 54670  87.9280 225.0940 0001994  76.2143 283.9213 13.21824452184111
ONEWEB-0607
1 54671U 22166AF  26263.12516043 -.00000064  00000+0 -18710-3 0  9992
2 54671  87.9290 225.0784 0002000  78.8140 281.3219 13.21825436184080
ONEWEB-0608
1 54672U 22166AG  26262.67771254  .00000060  00000+0  11259-3 0  9994
2 54672  87.9289 225.1668 0002421  90.3781 269.7630 13.21827524184030
ONEWEB-0610
1 54673U 22166AH  26263.18741266 -.00000015  00000+0 -68112-4 0  9995
2 54673  87.9282 225.0701 0002628  85.0864 275.0570 13.21826437184005
ONEWEB-0611
1 54674U 22166AJ  26261.36395519 -.00000081  00000+0 -22766-3 0  9997
2 54674  87.9275 225.4300 0001830  79.4250 280.7090 13.21827286183751
ONEWEB-0612
1 54675U 22166AK  26262.66426321 -.00000004  00000+0 -40667-4 0  9994
2 54675  87.9286 225.1739 0002172  82.4876 277.6505 13.21826536183916
ONEWEB-0615
1 54676U 22166AL  26263.17394819  .00000011  00000+0 -51273-5 0  9991
2 54676  87.9276 225.0801 0001950  72.8396 287.2951 13.21824055183992
ONEWEB-0655
1 54677U 22166AM  26262.62053287 -.00001095  00000+0 -26825-2 0  9998
2 54677  87.9278 225.1902 0002020  75.1014 285.0344 13.21831947183912
ONEWEB-0659
1 54678U 22166AN  26263.16723448  .00001052  00000+0  25147-2 0  9999
2 54678  87.9282 225.0805 0001935  79.9672 280.1680 13.21822923184076
ONEWEB-0685
1 54679U 22166AP  26263.18061295  .00000051  00000+0  88934-4 0  9990
2 54679  87.9278 225.0382 0002206  95.2949 264.8437 13.23187853183977
ONEWEB-0712
1 54680U 22166AQ  26262.67624054  .00000084  00000+0  18584-3 0  9992
2 54680  87.9152 210.0159 0002402  69.1436 290.9952 13.16593618184497
ONEWEB-0714
1 54681U 22166AR  26263.17227463  .00000063  00000+0  12063-3 0  9995
2 54681  87.9285 225.0715 0002216  73.1999 286.9378 13.21826682184089
DONGPO 09
1 54685U 22167D   26263.18305787  .00007983  00000+0  21483-3 0  9991
2 54685  97.6970  78.6234 0003153 124.9811 235.1730 15.38155107210040
DONGPO 08
1 54686U 22167E   26263.20599593  .00006973  00000+0  20603-3 0  9996
2 54686  97.6944  75.3638 0007805 181.1409 178.9817 15.35259375209890
DONGPO 10
1 54689U 22167H   26263.22652876  .00007288  00000+0  20956-3 0  9996
2 54689  97.7019  77.5624 0005727 125.3493 234.8286 15.36112447209947
JILIN-1 GAOFEN 03D50
1 54690U 22167J   26263.21421297  .00007457  00000+0  21369-3 0  9995
2 54690  97.6914  75.1266 0006195 121.1713 239.0138 15.36205844209933
JILIN-1 GAOFEN 03D47
1 54692U 22167L   26263.18563807  .00007184  00000+0  21105-3 0  9992
2 54692  97.7007  76.8413 0008273 134.8954 225.2962 15.35424713209915
JILIN-1 GAOFEN 03D49
1 54694U 22167N   26263.16571105  .00008518  00000+0  22037-3 0  9999
2 54694  97.6881  77.7688 0005869 146.1787 213.9833 15.39336830210096
JILIN-1 GAOFEN 03D48
1 54695U 22167P   26263.17440868  .00007713  00000+0  21566-3 0  9994
2 54695  97.6956  76.9243 0007001 131.2929 228.8919 15.36958672209977
SHIYAN-20A (SY-20A)
1 54699U 22169A   26263.21252747 -.00000041  00000+0  37404-4 0  9999
2 54699  59.9955 286.3857 0006901   2.5815 357.5254 14.29578537196944
SHIYAN-20B (SY-20B)
1 54700U 22169B   26263.21725214 -.00000033  00000+0  40319-4 0  9996
2 54700  59.9957 286.4434 0011878 344.7463  15.3212 14.29565296196941
SWOT
1 54754U 22173A   26263.02237816  .00000005  00000+0  48786-5 0  9990
2 54754  77.6074 267.2878 0000198 191.1172 168.9975 14.00171898192420
GAOFEN-11 04
1 54818U 22176A   26263.22147729  .00003516  00000+0  14940-3 0  9992
2 54818  97.4354  35.4671 0007167   1.9616 358.1648 15.23698076207720
SHIYAN-10 02 (SY-10 02)
1 54878U 22178A   26256.88096953  .00000837  00000+0  00000+0 0  9997
2 54878  64.0134 310.3824 6904856 267.6534  18.6662  2.00653885 18335
STAR VIBE
1 55009U 23001A   26263.12752822  .00011171  00000+0  23899-3 0  9997
2 55009  97.3070 328.0824 0006646 122.5841 237.6050 15.44952416206876
MENUT
1 55010U 23001B   26262.03201825  .00137044  00000+0  80427-3 0  9998
2 55010  97.2980 333.8401 0003111 155.5108 204.6307 15.77882493207107
BRO-8
1 55011U 23001C   26263.15128976  .00031811  00000+0  47412-3 0  9990
2 55011  97.3091 330.0413 0006624 128.2145 231.9706 15.55016331206936
CONNECTA T1.2
1 55012U 23001D   26262.60842521  .00044469  00000+0  58340-3 0  9994
2 55012  97.3140 335.4264 0005723 113.8875 246.2981 15.58408138207213
BIRKELAND
1 55015U 23001G   26263.15812921  .00006149  00000+0  14845-3 0  9994
2 55015  97.3257 331.4210 0007876 117.6726 242.5321 15.41533365206972
LYNK TOWER 4
1 55034U 23001AB  26262.96017303  .00004788  00000+0  14525-3 0  9996
2 55034  97.3095 321.0049 0009209 131.7148 228.4885 15.34551975206354
SKYKRAFT-1
1 55041U 23001AJ  26263.28938913  .00075389  00000+0  44092-3 0  9996
2 55041  97.3090 345.1592 0002197  93.6421 266.5097 15.78141892207996
CONTINUUM-1
1 55045U 23001AN  26263.15710597  .00008254  00000+0  25824-3 0  9991
2 55045  97.3267 325.2604 0009886 107.5982 252.6341 15.33335955206799
LYNK TOWER 3
1 55046U 23001AP  26263.12274539  .00008291  00000+0  22277-3 0  9990
2 55046  97.3099 322.9577 0008717 130.6473 229.5532 15.38133550206494
NUSAT-33 (ALBANIA-2)
1 55047U 23001AQ  26263.19798061  .00006275  00000+0  22356-3 0  9997
2 55047  97.2973 322.2946 0007839  74.8452 285.3655 15.29247778206829
NUSAT-35 (WILLIAMINA)
1 55048U 23001AR  26263.19841028  .00009920  00000+0  27303-3 0  9997
2 55048  97.1754 313.6543 0012219 115.9755 244.2750 15.37285891206999
ION SCV-008
1 55051U 23001AU  26262.99604264  .00004355  00000+0  15424-3 0  9995
2 55051  97.5711   0.9693 0015370  42.6808 317.5623 15.29573566205822
EOSSAT-1
1 55053U 23001AW  26261.10278386  .00003468  00000+0  10649-3 0  9999
2 55053  97.3135 320.8993 0009984 137.0152 223.1873 15.34355008206166
SKYKRAFT-1A
1 55054U 23001AX  26263.12151081  .00003600  00000+0  12610-3 0  9994
2 55054  97.3116 319.0255 0010254 146.2974 213.8921 15.30074012206230
VIGORIDE-5
1 55056U 23001AZ  26263.13934249  .00083371  00000+0  64806-3 0  9999
2 55056  97.3134 338.4391 0006647 172.6844 187.4517 15.71490122207527
ION SCV-007
1 55060U 23001BD  26263.13992830  .00000204  00000+0  35636-4 0  9998
2 55060  97.8906 324.2241 0013050  34.6148 325.5909 14.77621471200274
SKYKRAFT-1C
1 55061U 23001BE  26263.13540299  .00001927  00000+0  78859-4 0  9994
2 55061  97.3093 314.6643 0010815 162.5941 197.5670 15.25471083205952
YAM-5
1 55076U 23001BV  26262.41037157  .00007727  00000+0  19379-3 0  9999
2 55076  97.3096 325.3640 0009765 123.8816 236.3360 15.40266658206608
HUYGENS
1 55093U 23001CN  26263.15821228  .00006438  00000+0  15521-3 0  9993
2 55093  97.3158 330.5251 0010729  99.9895 260.2563 15.41527826206995
KUWAITSAT-1
1 55103U 23001CY  26261.13803722  .00019340  00000+0  30484-3 0  9991
2 55103  97.3152 333.6219 0009376  92.8736 267.3591 15.53545767207000
SHARJAHSAT-1
1 55104U 23001CZ  26263.22308126  .00019063  00000+0  31133-3 0  9996
2 55104  97.3056 333.4827 0006744 115.2674 244.9279 15.52585735207220
AAC-AIS-SAT1
1 55107U 23001DC  26263.17323848  .00003092  00000+0  30440-3 0  9996
2 55107  97.9131 340.4516 0008284 332.8335  27.2449 14.92803002192450
ASTROCAST-0402
1 55109U 23001DE  26262.24797972  .00007660  00000+0  26076-3 0  9993
2 55109  97.5565 356.9852 0003191 255.1230 104.9657 15.30702083158914
ASTROCAST-0401
1 55110U 23001DF  26262.99303323  .00016778  00000+0  56506-3 0  9991
2 55110  97.5542 357.5066 0007398 222.1564 137.9108 15.30810170205694
ASTROCAST-0403
1 55111U 23001DG  26262.24429508  .00019338  00000+0  56811-3 0  9998
2 55111  97.5600 358.5356 0003775   6.4519 353.6771 15.35165614158973
ASTROCAST-0404
1 55112U 23001DH  26263.21947502  .00020148  00000+0  68894-3 0  9991
2 55112  97.5647 358.9294 0006506  21.6992 338.4523 15.30284403159058
2023-003C
1 55135U 23003C   26263.16661612  .00019625  00000+0  24712-3 0  9996
2 55135  97.1442 340.0384 0003971 124.7291 235.4341 15.59663320207063
2023-003E
1 55137U 23003E   26263.16253481  .00019208  00000+0  24725-3 0  9990
2 55137  97.1350 338.7168 0004672 116.1767 243.9971 15.59079717207041
ONEWEB-0532
1 55140U 23004A   26262.95270485 -.00000276  00000+0 -74348-3 0  9997
2 55140  87.9199 347.0449 0001832 109.8862 250.2467 13.17648889180065
ONEWEB-0533
1 55141U 23004B   26263.14397175 -.00000313  00000+0 -90681-3 0  9996
2 55141  87.8982 331.8183 0002021 101.3265 258.8091 13.12441736180510
ONEWEB-0541
1 55142U 23004C   26262.56143497 -.00001734  00000+0 -49296-2 0  9991
2 55142  87.8972   2.3023 0001628 104.1396 255.9913 13.11403557178315
ONEWEB-0543
1 55143U 23004D   26262.47837824  .00003302  00000+0  83406-2 0  9998
2 55143  87.9158 316.7299 0001889  96.5140 263.6208 13.18671305182122
ONEWEB-0544
1 55144U 23004E   26262.39573971  .00000129  00000+0  29486-3 0  9993
2 55144  87.9160 316.7458 0001800  92.2635 267.8703 13.18688476182110
ONEWEB-0560
1 55145U 23004F   26262.46489083 -.00000026  00000+0 -99789-4 0  9994
2 55145  87.9160 316.7223 0001774  89.2285 270.9051 13.18686384182137
ONEWEB-0565
1 55146U 23004G   26262.91338255 -.00000062  00000+0 -18891-3 0  9993
2 55146  87.9145 316.6518 0001595 101.8748 258.2563 13.18684358182184
ONEWEB-0567
1 55147U 23004H   26263.13428788  .00000013  00000+0 -37535-6 0  9994
2 55147  87.9156 316.6006 0001572  97.9238 262.2073 13.18686404182212
ONEWEB-0569
1 55148U 23004J   26262.92540889  .00000036  00000+0  64148-4 0  9990
2 55148  87.8918 301.3760 0001382  68.8894 291.2383 13.13470679182610
ONEWEB-0570
1 55149U 23004K   26262.44296632 -.00000065  00000+0 -19847-3 0  9991
2 55149  87.9161 316.7354 0001942 112.2970 247.8369 13.18686214182117
ONEWEB-0571
1 55150U 23004L   26262.89148304  .00000051  00000+0  96093-4 0  9996
2 55150  87.9155 316.6456 0000687  87.6090 272.5121 13.18685844182183
ONEWEB-0572
1 55151U 23004M   26263.21172720  .00000083  00000+0  18161-3 0  9997
2 55151  87.9200 346.9961 0001739 103.1713 256.9612 13.17650636179993
ONEWEB-0573
1 55152U 23004N   26263.11236274  .00000054  00000+0  10494-3 0  9991
2 55152  87.9156 316.6034 0001090 101.8900 258.2354 13.18687473182208
ONEWEB-0588
1 55153U 23004P   26262.95387228  .00000001  00000+0 -30679-4 0  9990
2 55153  87.9150 316.6342 0001800 111.4449 248.6875 13.18685952182187
ONEWEB-0598
1 55154U 23004Q   26263.07344787 -.00000522  00000+0 -15099-2 0  9994
2 55154  87.8972   2.2061 0001146  89.6009 270.5250 13.11416499178330
ONEWEB-0599
1 55155U 23004R   26263.02104936 -.00000024  00000+0 -95380-4 0  9990
2 55155  87.9201 347.0324 0001878  92.8423 267.2923 13.17650584179979
ONEWEB-0614
1 55156U 23004S   26262.99205718 -.00000433  00000+0 -12577-2 0  9995
2 55156  87.8959   2.2276 0001988 113.1677 246.9661 13.11415059178269
ONEWEB-0616
1 55157U 23004T   26263.21510147  .00000108  00000+0  24444-3 0  9991
2 55157  87.9199 346.9988 0002227  76.8543 283.2837 13.17650649180218
ONEWEB-0617
1 55158U 23004U   26262.98020297  .00000021  00000+0  22309-4 0  9990
2 55158  87.8965   2.2274 0001867 114.2537 245.8786 13.11414563178286
ONEWEB-0618
1 55159U 23004V   26262.99977999  .00003144  00000+0  17167-3 0  9996
2 55159  86.9090 139.1308 0010008 309.9560  50.0801 15.13921682196609
ONEWEB-0619
1 55160U 23004W   26263.17123396  .00000082  00000+0  17757-3 0  9996
2 55160  87.9210 346.9959 0002271 101.3505 258.7882 13.17650964180100
ONEWEB-0620
1 55161U 23004X   26263.05140789  .00000216  00000+0  57261-3 0  9992
2 55161  87.8962   2.2155 0001529 104.1003 256.0295 13.11414808178265
ONEWEB-0621
1 55162U 23004Y   26262.23926080 -.00000400  00000+0 -11647-2 0  9992
2 55162  87.8971   2.3737 0001980 106.8342 253.3003 13.11418146178131
ONEWEB-0622
1 55163U 23004Z   26262.24435103 -.00000266  00000+0 -78638-3 0  9999
2 55163  87.8964   2.3743 0001861 129.9883 230.1408 13.11418992178125
ONEWEB-0623
1 55164U 23004AA  26263.01430734  .00000056  00000+0  11029-3 0  9997
2 55164  87.9199 347.0465 0002361 118.4094 241.7275 13.17649410180074
ONEWEB-0624
1 55165U 23004AB  26263.15122458 -.00000246  00000+0 -71297-3 0  9990
2 55165  87.8980 331.7156 0001893 104.4387 255.6952 13.12931374180533
ONEWEB-0625
1 55166U 23004AC  26263.00417448  .00000066  00000+0  13565-3 0  9993
2 55166  87.9205 347.0466 0001954  97.8260 262.3093 13.17647470180067
ONEWEB-0626
1 55167U 23004AD  26262.99406520  .00000135  00000+0  31371-3 0  9992
2 55167  87.9202 347.0478 0001523  96.4425 263.6880 13.17649023180062
ONEWEB-0627
1 55168U 23004AE  26263.21006220  .00000058  00000+0  11652-3 0  9996
2 55168  87.9200 347.0059 0002205 111.1809 248.9558 13.17649843180096
ONEWEB-0628
1 55169U 23004AF  26262.93912275  .00000125  00000+0  31095-3 0  9999
2 55169  87.8982 331.8446 0002437 109.1525 250.9868 13.12442805180465
ONEWEB-0629
1 55170U 23004AG  26263.02080795  .00000049  00000+0  90390-4 0  9994
2 55170  87.9201 347.0325 0002160  99.6456 260.4921 13.19250743180074
ONEWEB-0631
1 55171U 23004AH  26262.87123223  .00000101  00000+0  22248-3 0  9996
2 55171  87.9170 316.6253 0001563 108.3203 251.8099 13.18685301182158
ONEWEB-0709
1 55172U 23004AJ  26262.04938348  .00000414  00000+0  11333-2 0  9997
2 55172  87.8960   2.4165 0000967  87.4096 272.7142 13.11414928178177
ONEWEB-0710
1 55173U 23004AK  26263.19993418  .00000035  00000+0  57558-4 0  9994
2 55173  87.9200 346.9985 0001892 106.2366 253.8974 13.17649833180098
ONEWEB-0711
1 55174U 23004AL  26263.01240561 -.00000271  00000+0 -80164-3 0  9992
2 55174  87.8971   2.2168 0002113 120.4994 239.6343 13.11418347178266
ONEWEB-0713
1 55175U 23004AM  26263.03106402  .00000416  00000+0  11386-2 0  9998
2 55175  87.8971   2.2159 0001953 112.4799 247.6536 13.11417433178259
ONEWEB-0715
1 55176U 23004AN  26263.10227516  .00000313  00000+0  84839-3 0  9997
2 55176  87.8971   2.2014 0001113 107.3516 252.7734 13.11418099178300
ONEWEB-0716
1 55177U 23004AP  26262.05414344  .00000059  00000+0  11754-3 0  9991
2 55177  87.9199 347.2286 0001952  94.6034 265.5320 13.17650024179947
ONEWEB-0717
1 55178U 23004AQ  26263.02442086  .00000067  00000+0  13912-3 0  9991
2 55178  87.9210 347.0317 0001764 111.6776 248.4543 13.17650982180121
ONEWEB-0719
1 55179U 23004AR  26263.18641921 -.00000195  00000+0 -53486-3 0  9992
2 55179  87.9213 346.9808 0002017  97.6044 262.5317 13.17648555180096
NAVSTAR 82 (USA 343)
1 55268U 23009A   26261.70833333 -.00000021  00000+0  00000+0 0  9999
2 55268  55.1281 144.8410 0005669 331.1007  44.4314  2.00565480 27125
HORUS 1
1 55690U 23025A   26263.19819451  .00003534  00000+0  15112-3 0  9991
2 55690  97.3384 335.7521 0001951 123.4699 236.6725 15.23475186198514
ONEWEB-0530
1 55796U 23029A   26262.93741922  .00000059  00000+0  11208-3 0  9991
2 55796  87.9130 255.5572 0002235  97.3023 262.8364 13.20773051173651
ONEWEB-0534
1 55797U 23029B   26262.69837773  .00000071  00000+0  14356-3 0  9996
2 55797  87.9133 255.6071 0002026  84.6439 275.4926 13.20773011173625
ONEWEB-0556
1 55798U 23029C   26262.93239069  .00000135  00000+0  30097-3 0  9999
2 55798  87.9137 255.5582 0002824  83.8496 276.2959 13.20772272173652
ONEWEB-0562
1 55799U 23029D   26263.22194889  .00000034  00000+0  51299-4 0  9999
2 55799  87.9142 255.4879 0002759  97.0394 263.1053 13.20772262173691
ONEWEB-0563
1 55800U 23029E   26262.68657911  .00000037  00000+0  58618-4 0  9996
2 55800  87.9129 255.6198 0002006  81.4806 278.6555 13.20769533173612
ONEWEB-0564
1 55801U 23029F   26263.21016493  .00000012  00000+0 -17373-5 0  9999
2 55801  87.9141 255.4925 0002295  94.1855 265.9541 13.20772311173698
ONEWEB-0638
1 55802U 23029G   26263.00710466  .00000185  00000+0  46504-3 0  9994
2 55802  87.8892 270.8308 0002408  90.8084 269.3322 13.14501705171851
ONEWEB-0639
1 55803U 23029H   26262.42382907  .00000066  00000+0  13266-3 0  9992
2 55803  87.9104 286.1983 0002046  57.5578 302.5753 13.19726159171332
ONEWEB-0640
1 55804U 23029J   26263.01556576  .00000247  00000+0  63143-3 0  9994
2 55804  87.8883 270.8181 0002571  89.0877 271.0547 13.14502062171871
ONEWEB-0641
1 55805U 23029K   26263.02560347 -.00001505  00000+0 -37929-2 0  9999
2 55805  87.9110 286.0737 0001995  92.6743 267.4618 13.19730708171427
ONEWEB-0642
1 55806U 23029L   26263.02088663  .00000095  00000+0  20517-3 0  9993
2 55806  87.9101 286.0804 0001516  65.9836 294.1455 13.19725516171414
ONEWEB-0643
1 55807U 23029M   26262.98681057 -.00000059  00000+0 -19426-3 0  9993
2 55807  87.8889 270.8130 0001428  73.0248 287.1038 13.14501924171845
ONEWEB-0644
1 55808U 23029N   26263.01615294  .00000202  00000+0  47269-3 0  9993
2 55808  87.9100 286.0811 0001691  83.2718 276.8607 13.19726305171412
ONEWEB-0645
1 55809U 23029P   26262.88663037  .00000044  00000+0  78635-4 0  9992
2 55809  87.9103 286.1051 0002055  79.5131 280.6233 13.19725201171394
ONEWEB-0646
1 55810U 23029Q   26262.37326780  .00000013  00000+0 -30132-6 0  9998
2 55810  87.9102 286.2077 0001731  85.7804 274.3526 13.19726994171317
ONEWEB-0648
1 55811U 23029R   26263.03077459  .00000076  00000+0  16959-3 0  9995
2 55811  87.8899 270.7874 0002116  65.6856 294.4494 13.14502773171853
ONEWEB-0649
1 55812U 23029S   26262.01947788  .00000068  00000+0  13830-3 0  9990
2 55812  87.9110 286.2764 0001941  84.0252 276.1102 13.19723385171303
ONEWEB-0650
1 55813U 23029T   26263.00032850  .00000017  00000+0  93296-5 0  9996
2 55813  87.9104 286.0824 0001665  73.4933 286.6383 13.19727508171402
ONEWEB-0652
1 55814U 23029U   26262.78382795  .00000298  00000+0  77060-3 0  9997
2 55814  87.8897 270.8425 0001938  94.5711 265.5640 13.14502347171791
ONEWEB-0653
1 55815U 23029V   26262.76860547  .00000069  00000+0  15260-3 0  9992
2 55815  87.8894 270.8440 0002024  90.2033 269.9328 13.14505100171828
ONEWEB-0654
1 55816U 23029W   26262.76353658 -.00000032  00000+0 -12186-3 0  9999
2 55816  87.8894 270.8414 0002193  96.7366 263.4014 13.14503912171849
ONEWEB-0656
1 55817U 23029X   26262.74886719  .00000063  00000+0  12275-3 0  9998
2 55817  87.9146 255.5678 0002188  98.8288 261.3093 13.20769912173637
ONEWEB-0657
1 55818U 23029Y   26263.07143514 -.00000118  00000+0 -32697-3 0  9998
2 55818  87.9104 286.0678 0002354 122.0342 238.1019 13.19726120171424
ONEWEB-0658
1 55819U 23029Z   26263.06669558  .00000024  00000+0  27301-4 0  9990
2 55819  87.9112 286.0523 0001627  81.8789 278.2529 13.19725574171436
ONEWEB-0660
1 55820U 23029AA  26262.96989546 -.00000176  00000+0 -50962-3 0  9990
2 55820  87.8900 270.7995 0002067  84.5653 275.5713 13.14504478171858
ONEWEB-0661
1 55821U 23029AB  26263.00373039  .00000196  00000+0  49497-3 0  9992
2 55821  87.8888 270.8231 0002125  86.6492 273.4881 13.14502157171841
ONEWEB-0662
1 55822U 23029AC  26263.03906644 -.00000059  00000+0 -19286-3 0  9993
2 55822  87.8890 270.8219 0002408  85.7982 274.3423 13.14565191171893
ONEWEB-0663
1 55823U 23029AD  26262.24511655  .00000068  00000+0  13420-3 0  9992
2 55823  87.9146 255.7365 0002066  75.2004 284.9358 13.20874710173569
ONEWEB-0664
1 55824U 23029AE  26262.96270700  .00000011  00000+0 -56288-5 0  9995
2 55824  87.9134 255.5659 0002321  86.3799 273.7599 13.20774157173656
ONEWEB-0665
1 55825U 23029AF  26263.00119605  .00000211  00000+0  53414-3 0  9995
2 55825  87.8895 270.8067 0001968  84.8167 275.3188 13.14502962171860
ONEWEB-0666
1 55826U 23029AG  26262.95594970  .00000034  00000+0  51021-4 0  9997
2 55826  87.9132 255.5569 0001619 107.4910 252.6401 13.20772648173667
ONEWEB-0667
1 55827U 23029AH  26262.95090155  .00000080  00000+0  16483-3 0  9997
2 55827  87.9146 255.5294 0002101  83.9591 276.1782 13.20777715173650
ONEWEB-0669
1 55828U 23029AJ  26262.94584797  .00000049  00000+0  88973-4 0  9996
2 55828  87.9141 255.5366 0002380  96.9699 263.1705 13.20772732173653
ONEWEB-0670
1 55829U 23029AK  26262.98004773 -.00000125  00000+0 -37254-3 0  9994
2 55829  87.8887 270.8251 0002269  88.1035 272.0355 13.14503747171880
ONEWEB-0671
1 55830U 23029AL  26263.06193943  .00000005  00000+0 -19012-4 0  9993
2 55830  87.9106 286.0704 0002001  88.3179 271.8183 13.19724374171415
ONEWEB-0672
1 55831U 23029AM  26262.94080685  .00000116  00000+0  25422-3 0  9991
2 55831  87.9144 255.5316 0001947  95.0459 265.0897 13.20770670173659
ONEWEB-0673
1 55832U 23029AN  26262.88741155  .00000073  00000+0  14980-3 0  9990
2 55832  87.9107 286.1022 0002017  90.0698 270.0666 13.19725713171397
ONEWEB-0674
1 55833U 23029AP  26263.02233095  .00000221  00000+0  56033-3 0  9997
2 55833  87.8897 270.7974 0002345  89.9726 270.1673 13.14501440171877
ONEWEB-0675
1 55834U 23029AQ  26263.05405988  .00000009  00000+0 -10514-4 0  9993
2 55834  87.9106 286.0740 0001665  96.3746 263.7577 13.19725785171439
ONEWEB-0720
1 55835U 23029AR  26262.81871299 -.00000091  00000+0 -26022-3 0  9991
2 55835  87.9103 286.1205 0001896  84.8846 275.2503 13.19725380171329
TIANHUI 6A
1 55836U 23030A   26263.18355440 -.00000046  00000+0 -14002-5 0  9997
2 55836  99.0125 270.2487 0003202 123.8632 236.2839 14.01326464180707
TIANHUI 6B
1 55839U 23030D   26263.18350561 -.00000046  00000+0 -15208-5 0  9998
2 55839  99.0124 270.2465 0002790 138.4269 221.7108 14.01326216180695
HORUS 2
1 55844U 23032A   26263.16704931  .00003491  00000+0  15016-3 0  9998
2 55844  97.3457 336.6197 0001440  97.1327 263.0074 15.23288514195945
SHIYAN-19 (SY-19)
1 55861U 23034A   26263.20909350  .00046880  00000+0  55959-3 0  9995
2 55861  97.3778 123.1411 0004849  15.4058 344.7346 15.60900585197365
TIANMU-1 03
1 55973U 23039A   26263.17022954  .00012354  00000+0  22408-3 0  9998
2 55973  97.5275  81.0714 0003634 104.6291 255.5363 15.49746516195536
TIANMU-1 04
1 55974U 23039B   26263.18483174  .00012229  00000+0  21650-3 0  9994
2 55974  97.5199  80.2553 0004894  97.4542 262.7265 15.50433931195550
TIANMU-1 05
1 55975U 23039C   26263.22050252  .00012255  00000+0  22301-3 0  9990
2 55975  97.5249  80.7048 0003687 117.3324 242.8303 15.49654685195528
TIANMU-1 06
1 55976U 23039D   26263.19504685  .00012189  00000+0  21683-3 0  9999
2 55976  97.5257  81.4127 0003562 111.7582 248.4048 15.50306300195551
COSMOS 2567
1 55978U 23040A   26263.22615852  .00002393  00000+0  97572-4 0  9993
2 55978  97.3416 190.2723 0003213  98.2583 261.9020 15.25399948194542
ONEWEB-0537
1 56046U 23043A   26263.19079573 -.00000009  00000+0 -55863-4 0  9994
2 56046  87.9156 209.9102 0001888  81.1198 279.0147 13.16593423171461
ONEWEB-0538
1 56047U 23043B   26263.18446463 -.00000055  00000+0 -17718-3 0  9997
2 56047  87.9151 209.9144 0001732  73.2979 286.8342 13.16594253171476
ONEWEB-0546
1 56048U 23043C   26263.17179367  .00000032  00000+0  50222-4 0  9994
2 56048  87.9157 209.9161 0001824  98.2861 261.8476 13.16595774171460
ONEWEB-0547
1 56049U 23043D   26263.17142347  .00000019  00000+0  13691-4 0  9997
2 56049  87.9285 225.0706 0001958  74.5622 285.5728 13.21826877170770
ONEWEB-0548
1 56050U 23043E   26263.12033176 -.00000041  00000+0 -14100-3 0  9995
2 56050  87.9153 209.9213 0002446  80.5360 279.6048 13.16593685171456
ONEWEB-0549
1 56051U 23043F   26263.16552630  .00000078  00000+0  15667-3 0  9998
2 56051  87.9280 225.0731 0001734  75.2185 284.9141 13.21827807170776
ONEWEB-0550
1 56052U 23043G   26263.15209878  .00000089  00000+0  18456-3 0  9992
2 56052  87.9282 225.0757 0002272  78.7411 281.3978 13.21826096170773
ONEWEB-0551
1 56053U 23043H   26262.92267422  .00000153  00000+0  37184-3 0  9997
2 56053  87.8983 240.3343 0001774  75.2596 284.8731 13.15547924168858
ONEWEB-0552
1 56054U 23043J   26263.14704838  .00000098  00000+0  20569-3 0  9997
2 56054  87.9275 225.0786 0002167  75.0889 285.0485 13.21826419170774
ONEWEB-0553
1 56055U 23043K   26263.17812837  .00000007  00000+0 -15967-4 0  9998
2 56055  87.9156 209.9154 0001944  90.4962 269.6391 13.16595940171476
ONEWEB-0554
1 56056U 23043L   26263.08947227  .00000052  00000+0  10195-3 0  9997
2 56056  87.9152 209.9406 0002512  80.5471 279.5944 13.16593643171449
ONEWEB-0555
1 56057U 23043M   26262.67148614 -.00000004  00000+0 -43109-4 0  9996
2 56057  87.9152 210.0133 0001908  93.0492 267.0858 13.16593560171398
ONEWEB-0557
1 56058U 23043N   26263.14171027  .00000042  00000+0  76962-4 0  9997
2 56058  87.9157 209.9308 0002954  97.1747 262.9720 13.16594865171453
ONEWEB-0558
1 56059U 23043P   26263.14032181  .00000023  00000+0  23871-4 0  9995
2 56059  87.9280 225.0774 0001709  78.3432 281.7894 13.21825533170787
ONEWEB-0559
1 56060U 23043Q   26263.12853036  .00000004  00000+0 -21120-4 0  9990
2 56060  87.9284 225.0774 0001956  74.6027 285.5323 13.21824326170795
ONEWEB-0566
1 56061U 23043R   26263.19750495 -.00000011  00000+0 -58081-4 0  9998
2 56061  87.9287 225.0621 0001906  70.9685 289.1655 13.21826603170781
ONEWEB-0568
1 56062U 23043S   26263.15912345  .00000133  00000+0  31486-3 0  9991
2 56062  87.9159 209.9164 0001922  89.4722 270.6629 13.16595802171479
ONEWEB-0574
1 56063U 23043T   26263.19077978  .00000110  00000+0  23442-3 0  9998
2 56063  87.9287 225.0679 0002258  81.5961 278.5429 13.21826114170825
ONEWEB-0575
1 56064U 23043U   26263.15278593  .00000127  00000+0  29891-3 0  9993
2 56064  87.9156 209.9128 0002225  81.5671 278.5712 13.16592737171464
ONEWEB-0576
1 56065U 23043V   26263.13379556  .00000010  00000+0 -61721-5 0  9995
2 56065  87.9156 209.9266 0002135  81.6360 278.5013 13.16595298171452
ONEWEB-0577
1 56066U 23043W   26263.14014196  .00000063  00000+0  13011-3 0  9997
2 56066  87.9157 209.9227 0002620  84.0586 276.0843 13.16594380171485
ONEWEB-0578
1 56067U 23043X   26263.17732587  .00000101  00000+0  21346-3 0  9995
2 56067  87.9283 225.0668 0002017  88.8805 271.2560 13.21826193170781
ONEWEB-0579
1 56068U 23043Y   26263.16892067  .00000031  00000+0  42617-4 0  9992
2 56068  87.9289 225.0701 0002106  72.7311 287.4053 13.21824500170796
ONEWEB-0581
1 56069U 23043Z   26263.14647203 -.00000030  00000+0 -11247-3 0  9996
2 56069  87.9155 209.9273 0002472  81.7243 278.4168 13.16594125171456
ONEWEB-0609
1 56070U 23043AA  26263.17697885  .00000072  00000+0  15726-3 0  9992
2 56070  87.8984 240.2674 0001928  82.6284 277.5065 13.15548290168925
ONEWEB-0613
1 56071U 23043AB  26262.94643562  .00000047  00000+0  91633-4 0  9994
2 56071  87.8983 240.3261 0001941  76.0082 284.1264 13.15547193168898
ONEWEB-0630
1 56072U 23043AC  26262.71351699  .00000099  00000+0  22792-3 0  9993
2 56072  87.8994 240.3503 0002014  75.6395 284.4958 13.15549116168850
ONEWEB-0632
1 56073U 23043AD  26261.94819475  .00000086  00000+0  19462-3 0  9995
2 56073  87.8985 240.5160 0002198  83.0192 277.1188 13.15548524168758
ONEWEB-0633
1 56074U 23043AE  26262.93058896  .00000165  00000+0  40418-3 0  9991
2 56074  87.8994 240.3034 0001791  72.0845 288.0480 13.15548619168861
ONEWEB-0634
1 56075U 23043AF  26263.22056176  .00000118  00000+0  27874-3 0  9993
2 56075  87.8984 240.2786 0001778  90.0434 270.0900 13.15547799168892
ONEWEB-0635
1 56076U 23043AG  26263.21580380 -.00000024  00000+0 -98266-4 0  9994
2 56076  87.8993 240.2500 0002250  85.8136 274.3251 13.15547119168920
ONEWEB-0636
1 56077U 23043AH  26263.20788120 -.00000051  00000+0 -16973-3 0  9990
2 56077  87.8988 240.2557 0002180  86.0601 274.0778 13.15547627168902
ONEWEB-0637
1 56078U 23043AJ  26263.20155524 -.00000097  00000+0 -29130-3 0  9996
2 56078  87.8984 240.2668 0002076  91.0604 269.0764 13.15547943168927
ONEWEB-0647
1 56079U 23043AK  26263.19680014 -.00000096  00000+0 -29037-3 0  9997
2 56079  87.8985 240.2804 0002197  83.2003 276.9377 13.15547839168911
ONEWEB-0651
1 56080U 23043AL  26263.19204031 -.00000076  00000+0 -23631-3 0  9992
2 56080  87.8983 240.2738 0002114  90.7175 269.4198 13.15548803170114
ONEWEB-0718
1 56081U 23043AM  26263.18728118 -.00000046  00000+0 -15645-3 0  9992
2 56081  87.8995 240.2607 0001536  88.7170 271.4137 13.15549330168920
PIESAT A
1 56153U 23047A   26262.58214997  .00002304  00000+0  12943-3 0  9999
2 56153  97.5025  88.3709 0002410  63.9800 296.1680 15.14300381192086
PIESAT B
1 56154U 23047B   26262.44998917  .00003678  00000+0  20449-3 0  9991
2 56154  97.5011  88.2348 0001512 110.1907 249.9487 15.14299503192067
PIESAT C
1 56155U 23047C   26262.58214785  .00003196  00000+0  17820-3 0  9995
2 56155  97.5022  88.3660 0001693  89.6817 270.4609 15.14299798192081
PIESAT D
1 56156U 23047D   26262.58214706  .00001404  00000+0  80272-4 0  9991
2 56156  97.5039  88.3659 0001533  76.3359 283.8044 15.14297751192083
2023-048A
1 56157U 23048A   26263.22703574 -.00000035  00000+0  92131-4 0  9998
2 56157  63.4007 214.2388 0075606 356.1591   3.8845 13.45395232170720
CHECKMATE 8
1 56162U 23050A   26263.15596637  .00000074  00000+0  55984-4 0  9996
2 56162  81.0053 340.6846 0007366  71.4898 288.7058 13.84971430175291
CHECKMATE 5
1 56163U 23050B   26263.19306373  .00000056  00000+0  39270-4 0  9997
2 56163  81.0043 340.4254 0007364  69.2251 290.9694 13.84996481175315
CHECKMATE 4
1 56164U 23050C   26263.15918146  .00000031  00000+0  17206-4 0  9999
2 56164  81.0046 340.7659 0006587  84.1117 276.0789 13.84821291175286
CHECKMATE 6
1 56165U 23050D   26263.17716183  .00000026  00000+0  12430-4 0  9997
2 56165  81.0078 340.3978 0019477  50.2470 310.0400 13.88751913175275
CHECKMATE 7
1 56166U 23050E   26263.16873329  .00000026  00000+0  11892-4 0  9994
2 56166  81.0036 339.5225 0021761  51.7115 308.5997 13.89450922175298
CHECKMATE 2
1 56167U 23050F   26263.19099405  .00000073  00000+0  54789-4 0  9997
2 56167  81.0079 340.5756 0007802  65.1620 295.0346 13.85174336175260
CHECKMATE 1
1 56168U 23050G   26263.18833302  .00000039  00000+0  24785-4 0  9994
2 56168  81.0077 340.8707 0012227  93.0790 267.1765 13.84959294175249
CHECKMATE 3
1 56169U 23050H   26263.15208419 -.00000013  00000+0 -21025-4 0  9995
2 56169  81.0053 340.3075 0007604  64.7511 295.4432 13.85152889175269
BB 2
1 56170U 23050J   26261.36942100  .00000420  00000+0  11718-3 0  9997
2 56170  81.0077 341.8192 0008423  42.5737 317.6104 14.44843837175019
BB 1
1 56171U 23050K   26262.59053658  .00000199  00000+0  67712-4 0  9994
2 56171  81.0054 346.5497 0016147  47.3288 312.9252 14.33328525174821
IMECE
1 56178U 23054A   26263.17146095  .00000140  00000+0  34361-4 0  9998
2 56178  98.1111 166.8838 0008532 225.7780 134.2723 14.65898552184322
GHGSAT-C8
1 56186U 23054J   26263.18690229  .00012247  00000+0  18027-3 0  9992
2 56186  97.2888 174.1612 0006335  83.2025 276.9950 15.55563177193195
HAWK-7A
1 56191U 23054P   26262.62100995  .00003712  00000+0  13764-3 0  9992
2 56191  97.2540 147.5354 0004630  71.8893 288.2850 15.28209986191441
ION SCV-010
1 56192U 23054Q   26262.12930419  .00003475  00000+0  12775-3 0  9997
2 56192  97.3620 150.4647 0011245 191.9659 168.1316 15.28512473190534
HAWK-7B
1 56193U 23054R   26262.48998223  .00003278  00000+0  12187-3 0  9992
2 56193  97.2563 145.7047 0003793  81.5326 278.6343 15.28208695191429
HAWK-7C
1 56200U 23054Y   26263.14464117  .00001736  00000+0  65761-4 0  9999
2 56200  97.2543 147.0811 0004069  71.2624 288.9057 15.28203600191522
NUSAT-39 (TIKVAH ALPER)
1 56201U 23054Z   26263.20363848  .00023666  00000+0  40360-3 0  9999
2 56201  97.3025 174.1086 0006415  71.9537 288.2414 15.51329888193166
NUSAT-38 (MARIA AGNESI)
1 56202U 23054AA  26263.17780221  .00030468  00000+0  45122-3 0  9993
2 56202  97.2958 175.1197 0012887  75.1423 285.1258 15.55126466193247
NUSAT-37 (JOAN CLARKE)
1 56203U 23054AB  26263.20617606  .00054972  00000+0  53091-3 0  9994
2 56203  97.2500 172.5998 0000946 260.3277  99.7876 15.66304079193479
GHGSAT-C6
1 56204U 23054AC  26263.21845760  .00012201  00000+0  17954-3 0  9997
2 56204  97.2953 174.9530 0007495  61.4451 298.7557 15.55562203193212
GHGSAT-C7
1 56209U 23054AH  26263.17821197  .00008035  00000+0  13662-3 0  9997
2 56209  97.2900 172.8224 0008792  63.3542 296.8610 15.51665042193118
AAC-HSI-SAT1
1 56225U 23054AZ  26263.22080387  .00001096  00000+0  65889-4 0  9998
2 56225  97.3523 136.2582 0010519 147.6136 212.5743 15.12817423189738
FENGYUN 3G
1 56232U 23055A   26263.19687628  .00018928  00000+0  29446-3 0  9994
2 56232  49.9912 216.1012 0011351  56.4649 303.7401 15.53832195194770
ONEWEB-0561
1 56710U 23068A   26262.96941022  .00000093  00000+0  19702-3 0  9992
2 56710  87.9142 255.5347 0002240  85.0747 275.0641 13.20770415162017
ONEWEB-0668
1 56711U 23068B   26262.58916083 -.00000001  00000+0 -36079-4 0  9998
2 56711  87.9155 210.0305 0001724  91.0603 269.0726 13.16594730164205
ONEWEB-0676
1 56712U 23068C   26263.20504942  .00000066  00000+0  13790-3 0  9999
2 56712  87.9155 209.9160 0002333  81.0950 279.0445 13.16595224164201
ONEWEB-0677
1 56713U 23068D   26262.95763645  .00000026  00000+0  31627-4 0  9994
2 56713  87.9143 255.5281 0002169  97.3312 262.8068 13.20771936162311
ONEWEB-0678
1 56714U 23068E   26262.92742182  .00000219  00000+0  54680-3 0  9992
2 56714  87.8993 240.3087 0002056  76.6797 283.4563 13.15547384161749
ONEWEB-0679
1 56715U 23068F   26262.63190327  .00000072  00000+0  15570-3 0  9991
2 56715  87.9156 210.0197 0002106  92.6020 267.5352 13.16594458164153
ONEWEB-0680
1 56716U 23068G   26262.71641987  .00000008  00000+0 -12940-4 0  9993
2 56716  87.9288 225.1615 0001907  96.1100 264.0252 13.21826196163588
ONEWEB-0681
1 56717U 23068H   26262.63906820  .00000041  00000+0  68330-4 0  9995
2 56717  87.9285 225.1838 0002968  85.2999 274.8474 13.21301129163563
ONEWEB-0682
1 56718U 23068J   26262.72301740 -.00000001  00000+0 -37549-4 0  9992
2 56718  87.8991 240.3480 0001886  97.8084 262.3261 13.15548229161887
ONEWEB-0683
1 56719U 23068K   26263.20312772 -.00000010  00000+0 -61391-4 0  9996
2 56719  87.8995 240.2549 0001839  88.6769 271.4572 13.15548691161916
ONEWEB-0684
1 56720U 23068L   26263.21105990 -.00000052  00000+0 -17243-3 0  9993
2 56720  87.8997 240.2410 0001961  42.8171 317.3112 13.15548655161743
ONEWEB-0686
1 56721U 23068M   26263.20029582  .00000043  00000+0  79882-4 0  9991
2 56721  87.9144 209.9218 0001697  74.7240 285.4078 13.16594140164216
ONEWEB-0694
1 56722U 23068N   26263.13063591  .00000026  00000+0  34785-4 0  9996
2 56722  87.9152 209.9154 0001784  88.9000 271.2336 13.16595526164267
ONEWEB-0696
1 56723U 23068P   26262.94009885  .00000125  00000+0  29852-3 0  9999
2 56723  87.8986 240.3266 0002227  71.8462 288.2911 13.15549112161826
ONEWEB-0703
1 56724U 23068Q   26263.17777947  .00000076  00000+0  16713-3 0  9994
2 56724  87.8996 240.2631 0002688  69.8585 290.2835 13.15548249161746
ONEWEB-0721
1 56725U 23068R   26263.16762957  .00000036  00000+0  52678-4 0  9996
2 56725  86.6744  55.1678 0001656  94.3949 265.7373 13.22475297170496
IRIDIUM 181
1 56726U 23068S   26263.01839363  .00000091  00000+0  21178-4 0  9999
2 56726  86.4546  17.1422 0002186  98.8403 261.3045 14.43309283176111
IRIDIUM 177
1 56727U 23068T   26263.00925559  .00000261  00000+0  33208-4 0  9998
2 56727  86.1918 283.8090 0002564  90.3575 269.7938 14.77165929180383
IRIDIUM 174
1 56728U 23068U   26263.10369778  .00000311  00000+0  45376-4 0  9990
2 56728  86.6103 314.0324 0002576  90.0064 270.1448 14.72249996179983
IRIDIUM 178
1 56729U 23068V   26263.16799803  .00000613  00000+0  77544-4 0  9990
2 56729  86.6591 345.6997 0002536  93.0432 267.1080 14.80045210180419
IRIDIUM 179
1 56730U 23068W   26262.55413383  .00000640  00000+0  81177-4 0  9997
2 56730  86.6838 355.2095 0002381  90.5285 269.6209 14.80036749180324
NEXTSAT-2
1 56743U 23072A   26263.16623617  .00004376  00000+0  15793-3 0  9997
2 56743  97.5199 101.0928 0006672  54.0635 306.1223 15.29034288184105
SNIPE 4
1 56744U 23072B   26263.15292238  .00016959  00000+0  35116-3 0  9999
2 56744  97.5156 112.3779 0004584   0.0917   0.0331 15.45833150184767
SNIPE 2
1 56745U 23072C   26263.20709333  .00022827  00000+0  38640-3 0  9991
2 56745  97.5117 116.2150 0004935  36.0439 324.1145 15.51559753184954
2023-072D
1 56746U 23072D   26263.16688811  .01205497  99826-3  10544-2 0  9991
2 56746  97.4565 128.0462 0003182 216.3674 143.7396 16.13396057185897
2023-072E
1 56747U 23072E   26263.21612487  .00021420  00000+0  35298-3 0  9991
2 56747  97.4945 116.3120 0002999  30.4522 329.6904 15.52333867185109
2023-072F
1 56748U 23072F   26263.19949703  .00005939  00000+0  19054-3 0  9992
2 56748  97.5052 102.4781 0006703  48.2630 311.9184 15.32698599184324
2023-072G
1 56749U 23072G   26263.21909328  .00027125  00000+0  39171-3 0  9998
2 56749  97.4784 115.1801 0002996  27.4461 332.6951 15.55932888185219
KONDOR-FKA NO. 1
1 56756U 23074A   26263.16653605  .00002432  00000+0  11704-3 0  9992
2 56756  97.4387  96.3708 0001787  88.2306 271.9134 15.19711958184111
2023-081A
1 56846U 23081A   26263.13796117  .00005735  00000+0  23680-3 0  9998
2 56846  97.3611 331.5476 0001309 118.9685 241.1684 15.24407066182471
2023-081W
1 56866U 23081W   26263.12482617  .00004492  00000+0  17779-3 0  9997
2 56866  97.2802 324.1837 0011416  43.7753 316.4389 15.25883927182501
GEISAT PRECURSOR
1 56934U 23084C   26263.18355560  .00005082  00000+0  14833-3 0  9992
2 56934  97.6351  47.4251 0005518  20.3725 339.7737 15.35806026182108
NUSAT-41 (C PAYNE-G)
1 56944U 23084N   26263.21464880  .00006253  00000+0  21514-3 0  9998
2 56944  97.5643  41.5453 0007108 354.3213   5.7946 15.30418310182315
GREGOIRE
1 56946U 23084Q   26263.13477580  .00006119  00000+0  15685-3 0  9995
2 56946  97.6368  50.8905 0005419 350.0867  10.0270 15.39749666182317
BLACKJACK ACES-3
1 56950U 23084U   26263.10975080  .00003436  00000+0  16879-3 0  9990
2 56950  97.6327  39.1356 0002619  77.2370 282.9156 15.18747226181570
RUNNER-1 (TYVAK-1005)
1 56953U 23084X   26263.15279524  .00007348  00000+0  19023-3 0  9998
2 56953  97.6368  49.0541 0007093 343.3761  16.7250 15.39360169182205
BLACKJACK ACES-2
1 56955U 23084Z   26263.18070919  .00004004  00000+0  19564-3 0  9996
2 56955  97.6333  39.2894 0001601  61.5680 298.5715 15.18836371181596
BLACKJACK ACES-1
1 56956U 23084AA  26262.64336969  .00004196  00000+0  20535-3 0  9999
2 56956  97.6328  38.5064 0001238 112.6364 247.5001 15.18755382131235
ION SCV-011
1 56957U 23084AB  26262.35523821  .00003352  00000+0  11981-3 0  9991
2 56957  98.1361  98.4255 0008400  73.0888 287.1271 15.29620749180205
GHOST-3
1 56958U 23084AC  26262.90641463  .00016477  00000+0  28551-3 0  9999
2 56958  97.6343  56.8574 0005376 307.7929  52.2835 15.50970860182681
ORBITER SN3
1 56960U 23084AE  26263.22134297  .00005789  00000+0  16811-3 0  9990
2 56960  97.6403  47.3994 0007547   5.1266 355.0052 15.35888798182076
ICEYE-X25
1 56963U 23084AH  26263.21476300  .00028425  00000+0  27444-3 0  9992
2 56963  97.5978  56.5782 0002677 319.3791  40.7269 15.66440943182825
AFR-1
1 56964U 23084AJ  26263.19648981  .00003110  00000+0  11219-3 0  9993
2 56964  97.6407  42.3042 0010533  12.4129 347.7368 15.29275693181749
NUSAT-42 (M WONENBURGER)
1 56966U 23084AL  26263.17088905  .00018217  00000+0  33738-3 0  9991
2 56966  97.5833  51.6771 0004276 264.9506  95.1256 15.49058204182767
LEMUR-2-EMBRIONOVIS
1 56970U 23084AQ  26263.14949204  .00010216  00000+0  25990-3 0  9993
2 56970  97.6412  51.2337 0007707 343.8437  16.2561 15.39776046182282
AAC-HSI-SAT2
1 56995U 23084BX  26263.22789931  .00002409  00000+0  11201-3 0  9993
2 56995  97.8381  57.1586 0011268 210.7435 149.3141 15.20977131180787
AAC-AIS-SAT2
1 56996U 23084BY  26263.19162609  .00002065  00000+0  23674-3 0  9992
2 56996  98.1618  45.4045 0057128 147.9817 212.4889 14.85909068167482
2023-085A
1 57004U 23085A   26263.16058647  .00008898  00000+0  28562-3 0  9998
2 57004  97.5016  14.2652 0007479  60.4560 299.7426 15.32524210181109
2023-085J
1 57012U 23085J   26263.16161814  .00011008  00000+0  30685-3 0  9994
2 57012  97.5005  17.3270 0006538  64.9459 295.2463 15.36929946181344
2023-085L
1 57014U 23085L   26263.19416418  .00010010  00000+0  30806-3 0  9999
2 57014  97.5025  15.2705 0005474  74.4818 285.7028 15.33847064181170
2023-085V
1 57023U 23085V   26263.15989662  .00010681  00000+0  30693-3 0  9999
2 57023  97.5012  16.3437 0006534  94.1184 266.0807 15.35986700181263
2023-085Y
1 57026U 23085Y   26263.13865433  .00012485  00000+0  33312-3 0  9994
2 57026  97.5034  18.4055 0006153  87.3558 272.8391 15.38259089181400
2023-085AD
1 57031U 23085AD  26263.13661587  .00012107  00000+0  33239-3 0  9993
2 57031  97.5019  17.5268 0009122 100.4127 259.8146 15.37359153181352
2023-085AJ
1 57036U 23085AJ  26263.15905574  .00004193  00000+0  20321-3 0  9991
2 57036  97.4910   7.7765 0008002 107.6648 252.5461 15.19051382180736
2023-085AK
1 57037U 23085AK  26263.16177411  .00004249  00000+0  20696-3 0  9991
2 57037  97.4901   7.6103 0007242 126.9305 233.2593 15.18874485180728
2023-085AL
1 57038U 23085AL  26263.15861691  .00011537  00000+0  31644-3 0  9994
2 57038  97.5016  17.3225 0007391 100.2810 259.9268 15.37415615181330
2023-085AS
1 57044U 23085AS  26263.14381340  .00013041  00000+0  33485-3 0  9995
2 57044  97.4989  18.6224 0007651 101.6183 258.5922 15.39418965181442
SHIYAN-25 (SY-25)
1 57047U 23087A   26263.23478744  .00088425  52238-5  16495-3 0  9991
2 57047  96.9052 328.1534 0010650 230.9063 129.1270 16.00994898190003
METEOR-M2 3
1 57166U 23091A   26263.23336345 -.00000030  00000+0  57873-5 0  9996
2 57166  98.5987 316.2201 0002874 246.8980 113.1896 14.24052725168046
2023-091C
1 57168U 23091C   26263.16541519  .00006017  00000+0  22307-3 0  9993
2 57168  97.4928 325.9664 0012140 127.9007 232.3332 15.27933511178750
2023-091D
1 57169U 23091D   26263.14141303  .00005437  00000+0  21745-3 0  9999
2 57169  97.5013 324.9139 0011230 124.1421 236.0883 15.25466457178638
2023-091E
1 57170U 23091E   26263.14153345  .00005422  00000+0  21692-3 0  9995
2 57170  97.5018 324.9987 0010296 116.4375 243.7920 15.25465725178633
2023-091F
1 57171U 23091F   26263.14112736  .00005500  00000+0  21989-3 0  9991
2 57171  97.5014 324.9438 0011810 133.5834 226.6386 15.25466804178639
UMKA 1 (RS40S)
1 57172U 23091G   26263.13962097  .00003667  00000+0  16472-3 0  9997
2 57172  97.4952 321.4805 0013457 142.5951 217.6224 15.21718920178444
2023-091H
1 57173U 23091H   26263.17348484  .00007731  00000+0  26511-3 0  9991
2 57173  97.4950 327.2070 0010502 132.5888 227.6240 15.30410122178821
2023-091J
1 57174U 23091J   26263.14928108  .00002273  00000+0  12698-3 0  9993
2 57174  97.4957 314.8757 0013265 172.7971 187.3453 15.14463206178002
CUBEBEL 2 (EU11S)
1 57175U 23091K   26263.13357566  .00009192  00000+0  30725-3 0  9995
2 57175  97.4952 327.2900 0010485 133.4687 226.7427 15.31182961178829
SITRO-AIS 5 (KATYS)
1 57176U 23091L   26263.13737809  .00008862  00000+0  29475-3 0  9991
2 57176  97.4963 328.0202 0012076 122.9853 237.2551 15.31336063178865
ZORKIY-2M 1
1 57177U 23091M   26263.18229637  .00004468  00000+0  19875-3 0  9993
2 57177  97.4992 321.8643 0014011 139.8214 220.4060 15.21930138178442
CUBESX-HSE 3 (RS42S)
1 57178U 23091N   26263.12589992  .00009714  00000+0  30377-3 0  9990
2 57178  97.4995 330.0083 0011479 113.1326 247.1127 15.33296260178961
2023-091P
1 57179U 23091P   26263.14833991  .00002388  00000+0  12361-3 0  9997
2 57179  97.4994 318.1889 0015430 150.5897 209.6208 15.17097623178182
MONITOR-3 (RS58S)
1 57180U 23091Q   26263.17738175  .00007255  00000+0  25605-3 0  9993
2 57180  97.4986 327.3828 0012468 121.2859 238.9604 15.29473432178804
2023-091R
1 57181U 23091R   26263.15492240  .00001838  00000+0  10189-3 0  9994
2 57181  97.4966 315.8238 0015317 163.2906 196.8834 15.14949655178069
MONITOR-4 (RS57S)
1 57182U 23091S   26263.15092654  .00007214  00000+0  25391-3 0  9995
2 57182  97.4980 327.3326 0012466 121.5754 238.6705 15.29564924178804
2023-091T
1 57183U 23091T   26263.17207449  .00003017  00000+0  14430-3 0  9997
2 57183  97.4989 321.2122 0012170 134.2962 225.9273 15.19701998178391
MONITOR-2 (RS39S)
1 57184U 23091U   26263.15401890  .00002932  00000+0  14062-3 0  9998
2 57184  97.4971 320.8184 0012079 136.4638 223.7552 15.19634505178371
2023-091V
1 57185U 23091V   26263.15847972  .00017165  00000+0  39142-3 0  9994
2 57185  97.4964 336.4257 0007238  94.8394 265.3680 15.42953038179405
CSTP 1.2 (STC 1.2)
1 57186U 23091W   26263.16381736  .00005833  00000+0  20112-3 0  9993
2 57186  97.5056 330.4014 0019028 115.7388 244.5819 15.30224706178974
SVYATOBOR 1 (RS60S)
1 57187U 23091X   26263.18831959  .00006051  00000+0  22403-3 0  9991
2 57187  97.4993 327.5748 0010494 114.8122 245.4210 15.27991698178814
HORS 1
1 57188U 23091Y   26263.16598421  .00006054  00000+0  22317-3 0  9991
2 57188  97.4969 327.3044 0009941 114.3674 245.8604 15.28140950178816
VIZARD-METEO (RS38S)
1 57189U 23091Z   26263.17374882  .00012497  00000+0  32789-3 0  9998
2 57189  97.5001 334.7071 0008026  92.8886 267.3278 15.38762914179284
POLYTECH-UNIVERSE 3 (R*)
1 57191U 23091AB  26263.16787225  .00003135  00000+0  14900-3 0  9993
2 57191  97.4948 320.3374 0015933 153.2675 206.9385 15.19853628178375
SITRO-AIS 6 (CHIRKIN)
1 57192U 23091AC  26263.14928238  .00006650  00000+0  24969-3 0  9994
2 57192  97.4971 326.6229 0012378 127.9290 232.3070 15.27470236178778
SITRO-AIS 8 (ANOKHIN)
1 57193U 23091AD  26263.17243980  .00009746  00000+0  29437-3 0  9996
2 57193  97.4961 330.0594 0011036 118.9423 241.2928 15.34404143179000
SITRO-AIS 7 (FARTUSHNIY)
1 57194U 23091AE  26263.17313118  .00006530  00000+0  24788-3 0  9990
2 57194  97.4966 326.4184 0012304 129.0153 231.2183 15.27117290178762
AVION KALUGA 650
1 57195U 23091AF  26263.17334116  .00003587  00000+0  16382-3 0  9992
2 57195  97.4989 322.3688 0011307 133.3847 226.8332 15.21186591178469
HORS 2
1 57196U 23091AG  26263.13893288  .00010579  00000+0  32351-3 0  9992
2 57196  97.4995 331.5611 0008910 105.9211 254.3014 15.34008559179073
A-SEANSAT-PG1
1 57197U 23091AH  26263.16686925  .00014516  00000+0  36576-3 0  9992
2 57197  97.4989 334.9377 0007897  99.4150 260.7988 15.39967581179317
SITRO-AIS 10 (BURDAEV)
1 57199U 23091AK  26263.16302478  .00015886  00000+0  37488-3 0  9996
2 57199  97.4990 336.1621 0007165  93.3909 266.8158 15.41942899179381
2023-091AL
1 57200U 23091AL  26263.17570550  .00030639  00000+0  52428-3 0  9992
2 57200  97.4966 341.1251 0004908  75.8848 284.2948 15.51195907179709
SITRO-AIS 9 (SHCHUKIN)
1 57201U 23091AM  26263.15766626  .00015357  00000+0  36972-3 0  9998
2 57201  97.4988 335.8049 0007439  93.9469 266.2628 15.41344140179362
CSTP 1.1 (STC 1.1)
1 57202U 23091AN  26263.16789719  .00003214  00000+0  15292-3 0  9999
2 57202  97.5016 321.4428 0010489 132.4398 227.7725 15.19854193178387
UTMN 2 (RS27S)
1 57203U 23091AP  26263.15826545  .00009275  00000+0  28316-3 0  9992
2 57203  97.4995 331.7893 0008856 101.6036 258.6201 15.34100983179094
SITRO-AIS 12 (SMIRENNIY)
1 57204U 23091AQ  26263.12970519  .00015682  00000+0  37350-3 0  9998
2 57204  97.5001 336.3051 0007017  88.8486 271.3564 15.41667796179388
2023-091AS
1 57206U 23091AS  26263.21004802  .00283570  00000+0  10027-2 0  9997
2 57206  97.4889 350.3414 0003117 260.0271 100.0649 15.88360452180334
SITRO-AIS 11 (SHEFFER)
1 57208U 23091AU  26263.17940912  .00015439  00000+0  36165-3 0  9994
2 57208  97.5001 336.6688 0006960  88.3813 271.8231 15.42173478179416
KUZGTU 1 (RS47S)
1 57217U 23091AV  26263.14166373  .00008768  00000+0  28801-3 0  9997
2 57217  97.4967 328.6693 0011751 117.1917 243.0523 15.31746096178901
HULIANWANG JISHU SHIYAN*
1 57288U 23095A   26263.19443668  .00000026  00000+0  19326-4 0  9991
2 57288  86.5066 331.9137 0015864 287.0517  72.8887 13.39547365156473
HULIANWANG JISHU SHIYAN*
1 57289U 23095B   26263.18551159  .00000024  00000+0  16152-4 0  9998
2 57289  86.5067 331.9268 0014435 284.9100  75.0444 13.39555843156471
STARLING 4
1 57386U 23100A   26263.13685759  .00001177  00000+0  84594-4 0  9997
2 57386  99.5052 303.0260 0006734 158.9234 201.2266 15.07042205174206
STARLING 2
1 57387U 23100B   26263.20350514  .00001128  00000+0  81325-4 0  9999
2 57387  99.5047 303.1269 0005566 166.2716 193.8657 15.07043999174212
STARLING 1
1 57388U 23100C   26263.20333963  .00001283  00000+0  91611-4 0  9990
2 57388  99.5087 303.7773 0004758 342.6191  17.4867 15.07043302174214
STARLING 3
1 57389U 23100D   26263.06885168  .00004093  00000+0  23510-3 0  9998
2 57389  99.5000 307.0225 0005721 153.9447 206.2066 15.13311905174412
LEMUR-2-DEVERILL-M-T
1 57391U 23100F   26262.97634419  .00023568  00000+0  51450-3 0  9993
2 57391  99.4370 329.4489 0005957  80.3008 279.8907 15.44228516175859
LEO 3
1 57392U 23100G   26263.16357259 -.00000045  00000+0 -10994-5 0  9997
2 57392  99.5764  26.6513 0018921 130.2168 230.0636 13.68420780158635
TIANMU-1 07
1 57399U 23101A   26263.17580479  .00003910  00000+0  13408-3 0  9991
2 57399  97.2505 311.6763 0003624 132.8380 227.3166 15.30744756176171
TIANMU-1 08
1 57400U 23101B   26263.14237170  .00003899  00000+0  13371-3 0  9993
2 57400  97.2494 311.4004 0005137 128.9015 231.2685 15.30742135176167
TIANMU-1 09
1 57401U 23101C   26263.19010939  .00004033  00000+0  13830-3 0  9992
2 57401  97.2453 310.8123 0004332 139.6416 220.5148 15.30726875176177
TIANMU-1 10
1 57402U 23101D   26263.15750262  .00004018  00000+0  13754-3 0  9997
2 57402  97.2531 311.9320 0005567 141.3165 218.8476 15.30779909176167
QIANKUN-1
1 57422U 23103B   26261.36346125 -.00002283  16377-5 -27414-5 0  9995
2 57422  96.1200 299.3206 0006862 280.5458  79.5053 16.04074311182259
2023-104A
1 57424U 23104A   26263.19069896  .00007757  00000+0  21868-3 0  9992
2 57424  97.2616 330.1921 0008287 128.7177 231.4810 15.36660243176629
2023-104C
1 57426U 23104C   26263.18408627  .00006950  00000+0  27648-3 0  9998
2 57426  97.2526 324.6414 0015898  64.1883 296.0994 15.25463456176297
FENGYUN 3F
1 57490U 23111A   26263.17237594  .00000004  00000+0  22115-4 0  9998
2 57490  98.6752 331.3700 0001276 113.1385 246.9926 14.19951712162343
COSMOS 2569 [GLONASS-K2]
1 57517U 23114A   26258.35099907 -.00000007  00000+0  00000+0 0  9997
2 57517  65.3592  69.5827 0008593 288.6272  71.3040  2.13102618 24188
HJ-2F
1 57519U 23116A   26263.23792463  .00004143  00000+0  19489-3 0  9990
2 57519  97.3896 266.8083 0007418 181.0264 179.0957 15.20086917173217
2023-117C
1 57582U 23117C   26263.19174270  .00020230  00000+0  43636-3 0  9992
2 57582  97.4000 345.7098 0005016 244.1413 115.9318 15.44584811173219
2023-117F
1 57585U 23117F   26263.23061002  .00017892  00000+0  33563-3 0  9996
2 57585  97.4147 351.5842 0004912 226.1092 133.9754 15.48685507173541
GAOFEN-12 04
1 57654U 23123A   26263.20511542  .00000564  00000+0  81606-4 0  9996
2 57654  97.9066 179.7714 0002889 140.3831 219.7592 14.79871900166687
CAPELLA-11 (ACADIA-1)
1 57693U 23126A   26262.13502404  .00003179  00000+0  36534-3 0  9994
2 57693  53.0104 135.8936 0001813  54.5267 305.5883 14.88367934166099
JILIN-1 KUANFU 02A
1 57696U 23127A   26263.18614377  .00002310  00000+0  14815-3 0  9991
2 57696  97.5552 355.7877 0012984 342.3967  17.6810 15.09437169169978
WILDFIRE 4
1 57756U 23133A   26262.75569872  .00000056  00000+0  38564-4 0  9999
2 57756  80.9983 275.2540 0011047  99.3976 260.8430 13.86373371154229
BB4
1 57757U 23133B   26261.08806907  .00001094  00000+0  13016-3 0  9995
2 57757  81.0002 258.4718 0010714  52.3064 307.9117 14.83729947155061
WILDFIRE 3
1 57758U 23133C   26263.00661483  .00000081  00000+0  60247-4 0  9992
2 57758  80.9929 274.7794 0009724  98.0132 262.2129 13.86291631154235
BB3
1 57760U 23133D   26262.89732314  .00000817  00000+0  90280-4 0  9990
2 57760  80.9944 244.3800 0009223  31.7119 328.4646 14.86543007156047
WILDFIRE 7
1 57761U 23133E   26262.40803867  .00000054  00000+0  38007-4 0  9992
2 57761  80.9955 277.5267 0006214 133.1456 227.0221 13.85113176154031
CHECKMATE 10
1 57762U 23133F   26262.79898925  .00000057  00000+0  40173-4 0  9994
2 57762  80.9967 276.5698 0007503 111.5807 248.6150 13.85475576154130
WILDFIRE 6
1 57763U 23133G   26262.92421593  .00000081  00000+0  61155-4 0  9993
2 57763  80.9915 276.1205 0007497 121.0412 239.1482 13.85765711154130
WILDFIRE 1
1 57764U 23133H   26263.05263199  .00000089  00000+0  67740-4 0  9999
2 57764  80.9960 275.8502 0007603 103.5571 256.6433 13.85745165154194
WILDFIRE 9
1 57765U 23133J   26263.02957446  .00000040  00000+0  25327-4 0  9994
2 57765  81.0002 276.9471 0007110 114.8526 245.3370 13.85441594154159
WILDFIRE 10
1 57766U 23133K   26262.42343882  .00000100  00000+0  78017-4 0  9992
2 57766  80.9991 277.0076 0007656 107.9971 252.2020 13.85651371154098
WILDFIRE 2
1 57767U 23133L   26263.01552917  .00000053  00000+0  37170-4 0  9992
2 57767  80.9925 276.3435 0006291 118.5076 241.6714 13.85503264154139
WILDFIRE 8
1 57768U 23133M   26263.00110455  .00000085  00000+0  65277-4 0  9993
2 57768  80.9914 275.8776 0007101 113.5632 246.6271 13.85455619154160
WILDFIRE 5
1 57769U 23133N   26263.03019700  .00000155  00000+0  12553-3 0  9994
2 57769  81.0002 276.7660 0007251 109.7804 250.4135 13.85809371154167
TIANQI-21
1 57792U 23135A   26263.13680660 -.00000010  00000+0  65549-4 0  9997
2 57792  49.9706 112.7966 0012841 227.6353 132.3473 14.23162164158156
TIANQI-22
1 57793U 23135B   26263.18323559  .00000170  00000+0  14438-3 0  9990
2 57793  49.9675 112.7083 0011786 233.3092 126.6738 14.23163987158157
TIANQI-23
1 57794U 23135C   26263.15844198 -.00000202  00000+0 -18699-4 0  9997
2 57794  49.9715 112.9812 0013141 232.0248 127.9478 14.23085022158159
TIANQI-24
1 57795U 23135D   26263.17017126 -.00000070  00000+0  39072-4 0  9993
2 57795  49.9724 113.1192 0013339 232.1809 127.7896 14.23183073158154
YAOGAN-33 03
1 57797U 23136A   26263.19385681  .00000233  00000+0  59650-4 0  9996
2 57797  98.1925 186.2193 0006420 249.9770 110.0739 14.58792250161788
YAOGAN-40 01A
1 57830U 23139A   26263.22358652  .00000100  00000+0  43844-4 0  9990
2 57830  85.9928 217.3038 0001911  86.5048 273.6354 14.12463494156115
YAOGAN-40 01B
1 57832U 23139C   26263.22373969  .00000119  00000+0  54051-4 0  9992
2 57832  85.9928 217.2804 0001936  86.5057 273.6348 14.12463806156125
YAOGAN-40 01C
1 57833U 23139D   26263.22366519  .00000126  00000+0  58013-4 0  9996
2 57833  85.9932 216.5709 0002611  98.1619 261.9860 14.12462535156229
YAOGAN-33 04
1 57958U 23149A   26263.19419440  .00000284  00000+0  70638-4 0  9995
2 57958  98.2055 211.3701 0002082  77.9633 282.1799 14.58803197158858
THEOS-2 (T2V)
1 58016U 23155A   26263.19777498  .00000410  00000+0  58620-4 0  9996
2 58016  97.9117 332.7465 0001468  86.6317 273.5064 14.81727520159498
FORMOSAT-7R (TRITON)
1 58017U 23155B   26263.18539139  .00000983  00000+0  10419-3 0  9992
2 58017  97.8300 343.8989 0002453 108.3855 251.7630 14.91344996160380
ANSER FOLLOWER 2
1 58018U 23155C   26262.52843136  .00014286  00000+0  19229-3 0  9994
2 58018  97.5481 356.5169 0002082 137.6984 222.4432 15.57976658163595
ANSER FOLLOWER 1
1 58019U 23155D   26263.25095855  .00044274  00000+0  55306-3 0  9999
2 58019  97.5497 358.0291 0002168 100.7536 259.3965 15.59728693163715
NESS
1 58020U 23155E   26263.19931611  .00012474  00000+0  39506-3 0  9994
2 58020  97.5861 351.2433 0004987 210.7402 149.3548 15.32876252163036
CSC-2
1 58021U 23155F   26263.16546094  .00006578  00000+0  28035-3 0  9992
2 58021  97.5352 340.1425 0003323 258.2673 101.8190 15.23287640162638
CSC-1
1 58022U 23155G   26262.01743328  .00002771  00000+0  16851-3 0  9999
2 58022  97.5276 330.0696 0006323 279.6955  80.3561 15.11258633161904
PRETTY
1 58023U 23155H   26263.16964491  .00003765  00000+0  15468-3 0  9990
2 58023  97.5634 345.6798 0003004  74.9863 285.1707 15.24826164162828
MACSAT (FINCH 1)
1 58024U 23155J   26262.49723628  .00002828  00000+0  12993-3 0  9990
2 58024  97.5725 345.0050 0003885  96.2994 263.8684 15.21216231162668
PVCC
1 58025U 23155K   26263.22027366  .00004225  00000+0  21784-3 0  9990
2 58025  97.5631 339.5283 0004881 147.3201 212.8334 15.16900523162380
YUNHAI-1 04
1 58073U 23159A   26263.20546525  .00000226  00000+0  99058-4 0  9995
2 58073  98.4945 287.1022 0000202 139.6948 220.4251 14.32589610153408
COSMOS 2570
1 58148U 23165A   26263.21364280 -.00000042  00000+0  24026-4 0  9992
2 58148  67.1490  58.4733 0006694 267.2674  92.7645 13.96676761147900
COSMOS 2571
1 58172U 23165C   26263.20972075 -.00000009  00000+0  46906-4 0  9999
2 58172  67.1491  56.1802 0019657 261.3064  98.5794 13.97340413147633
TIANHUI 5A
1 58199U 23168A   26262.44881211  .00000217  00000+0  29844-4 0  9999
2 58199  97.8216 268.4887 0001553  90.0933 270.0461 14.87575313156611
TIANHUI 5B
1 58201U 23168C   26262.44881337  .00000277  00000+0  36510-4 0  9996
2 58201  97.8216 268.4926 0002025  93.3418 266.8030 14.87575459156614
ORBASTRO-PC-1
1 58258U 23174C   26263.23490036  .00023578  00000+0  37729-3 0  9996
2 58258  97.3737 351.6158 0006427 164.6062 195.5388 15.53114490160200
LEMUR-2-BASS
1 58259U 23174D   26263.18640051  .00013409  00000+0  27683-3 0  9995
2 58259  97.3797 349.4012 0006668 175.1271 185.0045 15.45956303160029
PLATERO
1 58262U 23174G   26262.23208742  .00035604  00000+0  28958-3 0  9998
2 58262  97.3913   5.1520 0004595 102.5052 257.6725 15.70600736160914
BRO-11
1 58264U 23174J   26263.15458634  .00003123  00000+0  11671-3 0  9994
2 58264  97.3833 339.1363 0009014 224.9812 135.0698 15.28075296159259
FLOCK 4Q-16
1 58271U 23174R   26263.19026682  .00022036  00000+0  35145-3 0  9996
2 58271  97.3757 353.7283 0006402 176.0657 184.0648 15.53220523160307
FLOCK 4Q-11
1 58273U 23174T   26262.51433859  .00067866  00000+0  93370-3 0  9995
2 58273  97.3788 353.8695 0006634 183.1455 176.9760 15.57027161160226
GENMAT-1
1 58276U 23174W   26263.00956191  .00006914  00000+0  19863-3 0  9994
2 58276  97.3610 340.7882 0005859 190.9286 169.1832 15.36134814159528
ICEYE-X31
1 58288U 23174AJ  26263.20172547  .00012787  00000+0  35416-3 0  9991
2 58288  97.3703 339.0672 0001847  17.2039 342.9268 15.37105468159339
FALCONSAT-10
1 58291U 23174AM  26263.05068390  .00003110  00000+0  11507-3 0  9993
2 58291  97.3727 338.1520 0007598 201.2887 158.8038 15.28411563159252
SPACEVAN-001
1 58295U 23174AR  26263.25094191  .00031572  00000+0  37926-3 0  9993
2 58295  97.3998   4.1729 0007768  82.5354 277.6785 15.60791027160955
PELICAN-1
1 58296U 23174AS  26262.05328816  .00004362  00000+0  41416-4 0  9992
2 58296  97.3986   7.9905 0001699  53.1304 307.0113 15.67498050160901
UMBRA-07
1 58297U 23174AT  26262.94029735  .00005498  00000+0  33667-3 0  9998
2 58297  97.3710 315.1688 0004781 107.7902 252.3850 15.10579319157715
SPIP
1 58298U 23174AU  26263.17320235  .00002979  00000+0  11058-3 0  9995
2 58298  97.3772 338.7830 0008575 200.3988 159.6911 15.28340843159281
AETHER-2
1 58299U 23174AV  26263.17550584  .00004164  00000+0  12291-3 0  9996
2 58299  97.3851 346.6376 0007337 157.9433 202.2127 15.35524573159804
ION SCV-013
1 58300U 23174AW  26263.15470361  .00001324  00000+0  87536-4 0  9991
2 58300  97.6061 316.9485 0096674 232.5953 126.6445 15.05442254155825
LEO EXPRESS 1
1 58301U 23174AX  26262.55079061  .00011305  00000+0  28608-3 0  9991
2 58301  97.5146 350.0706 0070350 143.8782 216.7245 15.37355721159382
ICEYE-X35
1 58302U 23174AY  26263.22122866  .00059741  00000+0  67159-3 0  9999
2 58302  97.3725 351.0488 0007380 204.9830 155.1071 15.62388936160138
FLOCK 4Q-2
1 58320U 23174BS  26263.19054955  .00021660  00000+0  33882-3 0  9993
2 58320  97.3809 354.1686 0006065 143.3180 216.8490 15.53764155160331
PROTOMETHEE
1 58321U 23174BT  26263.18344247  .00004885  00000+0  15775-3 0  9990
2 58321  97.3703 341.1720 0007689 175.4812 184.6501 15.32560646159510
FLOCK 4Q-9
1 58322U 23174BU  26263.17663281  .00016595  00000+0  25258-3 0  9990
2 58322  97.3809 354.3376 0006824 146.5273 213.6414 15.54570775160326
OBSERVER-1A
1 58323U 23174BV  26263.18487370  .00008848  00000+0  22031-3 0  9993
2 58323  97.3890 347.8579 0008170 163.7544 196.3966 15.40459979159826
PICO-01A003
1 58326U 23174BY  26263.22592898  .00018573  00000+0  33548-3 0  9994
2 58326  97.3737 350.4953 0005621 161.0848 199.0613 15.49756377160115
FLOCK 4Q-4
1 58327U 23174BZ  26263.20150009  .00020142  00000+0  32798-3 0  9998
2 58327  97.3775 353.2696 0005308 168.6517 191.4856 15.52668042160289
FLOCK 4Q-13
1 58328U 23174CA  26262.21843081  .00023782  00000+0  34479-3 0  9999
2 58328  97.3977 356.0536 0006229 154.8252 205.3308 15.55833172160271
OUTPOST MISSION 2
1 58334U 23174CG  26263.21502832  .00042529  00000+0  42937-3 0  9991
2 58334  97.3933   0.2913 0004574 127.9351 232.2323 15.65229438160652
LEMUR-2-JK0903EM1407
1 58336U 23174CJ  26263.05829399  .00025223  00000+0  35872-3 0  9997
2 58336  97.3893 356.5133 0004851 125.9784 234.1922 15.56352859160465
LEMUR-2-MJR092620
1 58340U 23174CN  26262.24025442  .00015254  00000+0  29277-3 0  9994
2 58340  97.3942 354.2070 0006494 129.7719 230.4104 15.48051726160185
HAIYANG-3A
1 58349U 23176A   26263.19200999  .00000036  00000+0  28319-4 0  9991
2 58349  98.5398 340.0450 0010711 102.2682 257.9702 14.34143687148938
MALLIGYONG-1
1 58400U 23179A   26263.18189584  .00001967  00000+0  86247-4 0  9995
2 58400  97.2854 141.9958 0009884  59.9875 300.2342 15.23096218157210
CHUANGXIN 20A (CX-20A)
1 58425U 23181A   26263.19181606 -.00000102  00000+0  46011-4 0  9999
2 58425  49.9609 338.3359 0013839 196.8740 163.1678 13.41504387138501
CHUANGXIN 20B (CX-20B)
1 58426U 23181B   26263.20017650 -.00000084  00000+0  79428-4 0  9996
2 58426  49.9607 338.3663 0011895 200.0044 160.0368 13.41499041138493
CHUANGXIN 20C (CX-20C)
1 58427U 23181C   26263.19790853 -.00000078  00000+0  89860-4 0  9992
2 58427  49.9607 338.3551 0012011 188.6824 171.3847 13.41493711138505
COSMOS 2572
1 58435U 23182A   26263.23158860  .00235891  25073-4  43694-3 0  9991
2 58435  96.6733   6.0072 0002277 212.8810 147.2330 16.01154667163575
GNOMES-4
1 58462U 23185A   26263.14434925  .00001906  00000+0  15252-3 0  9998
2 58462  97.4728 316.7890 0010864  11.5930 348.5542 15.01292231153530
KORSAT-7
1 58463U 23185B   26263.18284443  .00001061  00000+0  87749-4 0  9994
2 58463  97.6369 325.8681 0027911   5.6924 354.4612 15.00774538153539
KOYOH
1 58464U 23185C   26263.17654397  .00003460  00000+0  16822-3 0  9991
2 58464  97.5233 335.0071 0006178 349.2447  10.8655 15.19083650154544
UHETSAT
1 58466U 23185E   26263.17462399  .00004420  00000+0  14410-3 0  9990
2 58466  97.3384 329.8043 0011749 339.6284  20.4488 15.32271808155836
ION SCV-015
1 58469U 23185H   26263.20230644  .00004848  00000+0  14930-3 0  9994
2 58469  97.5738 354.3061 0010353 118.7409 241.4875 15.34083589155645
XINGCHI-1 02A
1 58496U 23187A   26263.18467258  .00000861  00000+0  10855-3 0  9999
2 58496  97.9215 345.4284 0011290 188.0132 172.0903 14.84488913151215
MISRSAT-2
1 58497U 23187B   26263.17208713  .00000678  00000+0  89104-4 0  9998
2 58497  97.9219 344.3486 0010710 189.9244 170.1760 14.83424672151123
XINGCHI-1 02B
1 58498U 23187C   26263.23307547  .00000885  00000+0  10744-3 0  9994
2 58498  97.9251 346.9780 0010476 182.1221 177.9951 14.86031834151296
2023-189A
1 58502U 23189A   26263.17864307  .00002824  00000+0  88256-4 0  9996
2 58502  97.4364 282.0505 0008866 281.8807  78.1441 15.33995886155776
CHUANGXIN 19 (CX-19)
1 58505U 23190A   26263.18852801  .00000044  00000+0  53501-4 0  9995
2 58505  86.4999 299.7133 0001916 108.5289 251.6062 13.39558429137411
HONGHU 2
1 58555U 23193C   26262.87704675  .00005839  00000+0  17471-3 0  9995
2 58555  97.2862 252.7824 0040236 302.1368  57.5973 15.34128135116582
ALISIO-1
1 58562U 23185M   26263.14996333  .00002260  00000+0  11576-3 0  9994
2 58562  97.5293 335.9822 0005921   1.7400 358.3853 15.17614507152958
COSMOS 2573
1 58614U 23201A   26263.18451325  .00002324  00000+0  94986-4 0  9990
2 58614  97.6364 214.4759 0002888  75.1286 285.0272 15.25422058152961
TIANMU-1 11
1 58645U 23205A   26263.17690186  .00003516  00000+0  13204-3 0  9994
2 58645  97.3434 283.2884 0009600  38.3056 321.8864 15.27812941152027
TIANMU-1 12
1 58646U 23205B   26263.16348206  .00003521  00000+0  13359-3 0  9994
2 58646  97.3425 282.9802 0008018  26.9931 333.1724 15.27485743152006
TIANMU-1 13
1 58647U 23205C   26263.19530971  .00003641  00000+0  13811-3 0  9996
2 58647  97.3451 283.3192 0006158  11.4447 348.6931 15.27476805152007
TIANMU-1 14
1 58648U 23205D   26263.17834606  .00003510  00000+0  13312-3 0  9998
2 58648  97.3390 282.4099 0007063  14.6469 345.4974 15.27498837152002
SHIYAN-24C 01
1 58650U 23206A   26262.77969875  .00002019  00000+0  17518-3 0  9999
2 58650  97.6496 225.9430 0004673 185.6189 174.4982 14.98165396149472
SHIYAN-24C 02
1 58651U 23206B   26262.77782352  .00001872  00000+0  16061-3 0  9991
2 58651  97.6454 225.9508 0003834 119.7965 240.3639 14.98680748149476
SHIYAN-24C 03
1 58652U 23206C   26262.77668622  .00001352  00000+0  11923-3 0  9990
2 58652  97.7133 225.9014 0004508 120.7444 239.4222 14.98088433149466
BEIDOU-3 M28
1 58654U 23207A   26259.04512175 -.00000044  00000+0  00000+0 0  9998
2 58654  55.8384  59.2430 0000622  45.6359 314.3812  1.86229765 18533
BEIDOU-3 M26
1 58655U 23207B   26262.60135550 -.00000015  00000+0  00000+0 0  9991
2 58655  55.8438  59.1102 0001158 244.1924 115.8155  1.86229683 18586
TIANMU-1 19
1 58660U 23208A   26263.17693831  .00005781  00000+0  18464-3 0  9993
2 58660  97.4573  20.0924 0004345 355.4048   4.7153 15.32863338151878
TIANMU-1 20
1 58661U 23208B   26263.20621972  .00005895  00000+0  18125-3 0  9995
2 58661  97.4518  20.8577 0006446 355.9894   4.1296 15.34058845151983
TIANMU-1 21
1 58662U 23208C   26263.23928527  .00007032  00000+0  19889-3 0  9998
2 58662  97.4584  24.0058 0006281 347.6319  12.4770 15.36620707152157
TIANMU-1 22
1 58663U 23208D   26263.19411156  .00005396  00000+0  17590-3 0  9997
2 58663  97.4569  19.9582 0003825  25.4153 334.7276 15.32241054151873
HULIANWANG JISHU SHIYAN*
1 58691U 23212A   26263.21284052 -.00000111  00000+0  31559-4 0  9992
2 58691  50.0028 355.5993 0000620  83.4691 276.6257 13.41462110134000
HULIANWANG JISHU SHIYAN*
1 58692U 23212B   26263.20616573 -.00000106  00000+0  39222-4 0  9998
2 58692  49.9996 355.9657 0000724  60.1924 299.9025 13.41460687134007
HULIANWANG JISHU SHIYAN*
1 58693U 23212C   26263.20921361 -.00000108  00000+0  35988-4 0  9990
2 58693  50.0010 356.0868 0000556  39.0048 321.0869 13.41465289134016
TIANMU-1 15
1 58700U 24004A   26263.17539560  .00003641  00000+0  13814-3 0  9998
2 58700  97.4674  89.4109 0007427  13.4255 346.7180 15.27486969150271
TIANMU-1 16
1 58701U 24004B   26263.29158927  .00001466  00000+0  57262-4 0  9995
2 58701  97.4623  88.7083 0006184  26.9604 333.1955 15.27501432150290
TIANMU-1 17
1 58702U 24004C   26263.21147721  .00003617  00000+0  13682-3 0  9995
2 58702  97.4650  89.1472 0006173  35.6855 324.4796 15.27588372150273
TIANMU-1 18
1 58703U 24004D   26263.19167666  .00003561  00000+0  13521-3 0  9993
2 58703  97.4666  89.3956 0005271  20.1187 340.0259 15.27484673150272
UNICORN-2L
1 58727U 23185R   26263.13968529  .00005542  00000+0  24125-3 0  9992
2 58727  97.5313 337.1725 0011862 347.1369  12.9563 15.22584098149237
NANOFF B
1 58755U 23185S   26263.12200910  .00002167  00000+0  12701-3 0  9992
2 58755  97.5172 329.2445 0011623 345.3445  14.7448 15.12804830148220
YUNYAO-1 18
1 58758U 24009A   26263.21753703  .00009576  00000+0  38664-3 0  9991
2 58758  50.0136  45.2887 0005756 282.3508  77.6804 15.25353066149344
YUNYAO-1 19
1 58759U 24009B   26262.95417263  .00006109  00000+0  29862-3 0  9999
2 58759  49.9832  63.5770 0005099 301.3806  58.6648 15.19444824149073
YUNYAO-1 20
1 58760U 24009C   26263.07493237  .00005389  00000+0  26400-3 0  9994
2 58760  49.9784  60.8893 0003802 309.0418  51.0196 15.19605140149111
NANOFF A
1 58810U 23185T   26263.12197101  .00002096  00000+0  12299-3 0  9994
2 58810  97.5170 329.2167 0009507 350.4232   9.6816 15.12805495147397
SORAYA
1 58817U 24015A   26263.21846780  .00000007  00000+0  34130-4 0  9997
2 58817  64.5152 164.8159 0011086 298.9845  61.0129 14.42740449140484
TAIJING-2 04
1 58820U 24016A   26263.19090001  .00033739  00000+0  40101-3 0  9998
2 58820  97.4464   2.8137 0005443  67.7386 292.4448 15.61075742148861
TAIJING-3 02
1 58822U 24016C   26263.21777850  .00005271  00000+0  20490-3 0  9996
2 58822  97.4308 343.2701 0009059 215.7224 144.3409 15.26443246147626
TAIJING-4 03
1 58823U 24016D   26263.23134641  .00043524  00000+0  54313-3 0  9998
2 58823  97.4273 357.0106 0005397  88.1666 272.0209 15.59744563148555
AAC-HSI-SAT3
1 58848U 23174DH  26263.18959481  .00001474  00000+0  79643-4 0  9992
2 58848  97.3310 319.4143 0011521  44.4160 315.7995 15.16153964158297
2024-018A
1 58849U 24018A   26263.17450056  .00000546  00000+0  85217-4 0  9997
2 58849  58.6877 256.8740 0425401 217.1718 139.9152 14.39852316138859
2024-018B
1 58850U 24018B   26263.22233068  .00000849  00000+0  11327-3 0  9993
2 58850  58.6939 242.5677 0407306 220.8825 136.0993 14.44372280139120
2024-018C
1 58851U 24018C   26263.24138047  .00000505  00000+0  80419-4 0  9995
2 58851  58.6846 249.3416 0417729 220.0810 136.8701 14.41435193138999
LEMUR-2-NIMBUS2000
1 58899U 24022A   26262.83324596  .00017465  00000+0  38896-3 0  9996
2 58899  97.3994 114.2288 0009179 128.4328 231.7745 15.43635873146850
LEMUR-2-VALHALLA
1 58900U 24022B   26263.07589536  .00011836  00000+0  27702-3 0  9993
2 58900  97.3996 114.3428 0009946 124.6587 235.5599 15.42233082146886
LEMUR-2-CAEL
1 58903U 24022E   26263.06352148  .00013035  00000+0  28984-3 0  9998
2 58903  97.3971 115.4466 0008620 108.3988 251.8197 15.43755830146963
GEESAT-2 01
1 58905U 24023A   26263.12780272  .00000839  00000+0  12846-3 0  9999
2 58905  49.9945 274.2747 0004884  25.2403 334.8773 14.83414535143003
GEESAT-2 02
1 58906U 24023B   26263.18042807  .00000896  00000+0  13529-3 0  9993
2 58906  49.9984 274.2212 0014709   1.6549 358.4435 14.83458354143015
GEESAT-2 03
1 58907U 24023C   26263.21819566  .00001069  00000+0  11272-3 0  9998
2 58907  50.0011 234.4243 0006027  44.5470 315.5958 14.97409241143565
GEESAT-2 04
1 58908U 24023D   26263.18574856  .00001107  00000+0  11562-3 0  9990
2 58908  49.9926 233.4292 0006154  48.2466 311.9004 14.97511101143569
GEESAT-2 05
1 58909U 24023E   26263.14338858  .00000829  00000+0  12713-3 0  9996
2 58909  50.0044 274.5522 0010681  65.8762 294.3292 14.83470454143013
GEESAT-2 06
1 58910U 24023F   26263.15370610  .00002922  00000+0  22297-3 0  9995
2 58910  49.9871 204.9128 0005875  67.8797 292.2773 15.04913779143947
GEESAT-2 07
1 58911U 24023G   26263.17310421  .00000840  00000+0  12855-3 0  9998
2 58911  50.0054 274.8258 0009631  62.1065 298.0847 14.83432332143015
GEESAT-2 08
1 58912U 24023H   26263.15783836  .00001020  00000+0  15009-3 0  9996
2 58912  49.9892 273.2300 0004157 345.3460  14.7357 14.83442685143018
GEESAT-2 09
1 58913U 24023J   26263.13612211  .00000896  00000+0  13531-3 0  9991
2 58913  50.0031 274.3994 0021311  10.5576 349.5805 14.83451908143013
GEESAT-2 10
1 58914U 24023K   26263.18771941  .00000884  00000+0  13394-3 0  9997
2 58914  49.9941 273.8939 0009626 357.7195   2.3698 14.83415552143011
GEESAT-2 11
1 58915U 24023L   26263.15034891  .00000902  00000+0  13605-3 0  9997
2 58915  49.9995 274.1110 0018192 117.3898 242.8894 14.83429480143018
XINGSHIDAI 20
1 58918U 24024B   26263.16416947  .00004275  00000+0  19342-3 0  9999
2 58918  97.2972 326.6120 0016543 172.1168 188.0331 15.21312300145781
NEXSAT-1
1 58921U 24024E   26263.20813966  .00004768  00000+0  14438-3 0  9998
2 58921  97.2972 336.2218 0009472 130.4135 229.7936 15.34611143146465
ZHIXING-2A
1 58922U 24024F   26263.21500012  .00005925  00000+0  25061-3 0  9995
2 58922  97.2938 325.1159 0013221  70.9710 289.2958 15.23497790145724
PACE
1 58928U 24025A   26263.02732605  .00000247  00000+0  54133-4 0  9991
2 58928  98.0965 192.9455 0001600   2.0969 358.0241 14.65608906139820
COSMOS 2575
1 58929U 24026A   26261.81769545  .00018958  00000+0  13901-3 0  9996
2 58929  96.5799 141.3743 0019327  15.6634 344.5226 15.72921719150376
CE-SAT-IE
1 58987U 24032A   26263.16415810  .00000241  00000+0  49871-4 0  9992
2 58987  97.9864 315.6754 0003808 123.9164 236.2404 14.68352184138777
TIRSAT
1 58989U 24032C   26263.16984847  .00000662  00000+0  11165-3 0  9996
2 58989  97.9872 319.9629 0004579 187.9631 172.1504 14.72639090139062
ADRAS-J
1 58992U 24034A   26263.13300014  .00153065  91309-5  10582-2 0  9992
2 58992  98.2066 308.4213 0105320 129.3496 231.7154 15.67131279142352
AAC-AIS-SAT3
1 58997U 23174DJ  26263.14547674  .00001885  00000+0  22582-3 0  9995
2 58997  97.6160 307.6949 0006729  21.6763 338.4736 14.85194981155247
METEOR-M2 4
1 59051U 24039A   26263.14480590  .00000012  00000+0  25071-4 0  9999
2 59051  98.7125 221.2953 0005928 253.7523 106.3003 14.22437870132769
PARS 1
1 59065U 24039Q   26263.22696289  .00008183  00000+0  16080-3 0  9993
2 59065  97.4930 247.3264 0010837 122.7720 237.4575 15.47509468143333
SITRO-AIS 25
1 59066U 24039R   26263.16449159  .00002314  00000+0  17970-3 0  9998
2 59066  95.3813 300.3289 0143032 356.5820   3.4414 14.94061469138905
SITRO-AIS 26
1 59067U 24039S   26263.17932939  .00002533  00000+0  19740-3 0  9993
2 59067  95.3816 300.2163 0143387 357.2549   2.7873 14.93843303138891
SITRO-AIS 27
1 59068U 24039T   26263.18929313  .00002556  00000+0  19743-3 0  9995
2 59068  95.3819 300.5400 0142354 355.6453   4.3522 14.94281424138925
SITRO-AIS 28
1 59071U 24039U   26263.16456373  .00002304  00000+0  17809-3 0  9990
2 59071  95.3817 300.5757 0142271 355.4908   4.5025 14.94314158138924
MARAFON-D GVM
1 59072U 24039V   26263.17449247  .00000171  00000+0  43698-4 0  9990
2 59072  88.9756 272.3915 0017375  22.9871 337.2107 14.46042728134918
HORACIO
1 59098U 24043A   26263.16177374  .00001201  00000+0  10452-3 0  9997
2 59098  97.8631  35.6425 0010782  64.5027 295.7309 14.98846973138897
MUSAT-2
1 59099U 24043B   26263.07290326  .00004863  00000+0  30665-3 0  9996
2 59099  97.8731  44.0888 0007282  21.5155 338.6378 15.09598251139409
ICEYE-X38
1 59100U 24043C   26263.20570705  .00003015  00000+0  17198-3 0  9990
2 59100  97.8532  49.6943 0003793 109.8253 250.3387 15.13573192126044
ICEYE-X37
1 59102U 24043E   26263.16661951  .00001740  00000+0  12127-3 0  9991
2 59102  97.8437  41.7747 0016157  51.4521 308.8151 15.06719369139382
ICEYE-X36
1 59103U 24043F   26263.17917331  .00002152  00000+0  14558-3 0  9997
2 59103  97.8498  43.0647 0005933  13.6885 346.4502 15.07644916139459
PE2_FLT2  (TYVAK-0262)
1 59104U 24043G   26263.14313478  .00000879  00000+0  80397-4 0  9996
2 59104  97.8520  34.1840 0007258  85.5346 274.6704 14.97591416138868
PE2_FLT1 (TYVAK-0261)
1 59105U 24043H   26263.07726769  .00000969  00000+0  88064-4 0  9999
2 59105  97.8506  34.0654 0007177  82.0111 278.1925 14.97578569138854
RROCI-2
1 59106U 24043J   26262.17112238  .00001608  00000+0  13311-3 0  9993
2 59106  97.8534  35.7674 0016488  76.4887 283.8172 15.00254902138852
BRO-13
1 59107U 24043K   26263.22780465  .00000562  00000+0  54346-4 0  9996
2 59107  97.8615  34.6261 0009664  47.4948 312.7088 14.96773341138830
BRO-12
1 59108U 24043L   26263.20850319  .00000173  00000+0  20268-4 0  9995
2 59108  97.8611  34.7900 0009285  43.1017 317.0929 14.97020358138855
SONATE-2
1 59112U 24043Q   26263.18449285  .00045310  00000+0  43676-3 0  9992
2 59112  97.5624  60.0165 0005401 207.1016 152.9962 15.66376204142728
CONTECSAT-1
1 59117U 24043V   26263.26721027  .00000246  00000+0  93749-5 0  9990
2 59117  97.5781  47.1077 0004587 222.0403 138.0488 15.36127859141853
TIGER-8
1 59120U 24043Y   26262.36227280  .00007675  00000+0  15817-3 0  9997
2 59120  97.5660  54.8796 0006402 213.5770 146.5074 15.46193810142336
LYNK TOWER 5
1 59121U 24043Z   26263.14986897  .00004438  00000+0  14787-3 0  9990
2 59121  97.5766  42.5844 0009296 271.6262  88.3914 15.31624652141575
NUSAT-44 (MARIA MITCHE*)
1 59122U 24043AA  26263.17702625  .00007196  00000+0  25202-3 0  9997
2 59122  97.5574  44.9538 0004080 253.1116 106.9677 15.29798622141791
LYNK TOWER 6
1 59123U 24043AB  26263.13775529  .00003879  00000+0  12809-3 0  9990
2 59123  97.5729  42.0854 0008458 267.2067  92.8206 15.32006589141562
VSP ROSE
1 59124U 24043AC  26263.18698920  .00003436  00000+0  12254-3 0  9998
2 59124  97.5748  41.1923 0008715 271.4293  88.5948 15.29579469141502
TRANSPORTER-10 OBJECT AD
1 59125U 24043AD  26263.13496148  .00006130  00000+0  16993-3 0  9990
2 59125  97.5771  46.8863 0007543 250.6477 109.3951 15.37310900141840
YAM-6
1 59126U 24043AE  26262.65996858  .00006232  00000+0  16609-3 0  9997
2 59126  97.5694  46.6069 0006723 247.0532 113.0003 15.38529584141832
JACKAL X-1L-001
1 59127U 24043AF  26263.16050954  .00014034  00000+0  27762-3 0  9994
2 59127  97.5708  52.1979 0005594 228.0192 132.0582 15.47207467142227
TRANSPORTER-10 OBJECT AG
1 59128U 24043AG  26263.16909486  .00004487  00000+0  14275-3 0  9994
2 59128  97.5776  44.0273 0008182 261.9182  98.1131 15.33115768141667
APEX ARIES 1
1 59129U 24043AH  26262.68859160  .00019855  00000+0  24627-3 0  9991
2 59129  97.5586  58.5931 0004534 202.7400 157.3656 15.60068365142639
GHOST-5
1 59130U 24043AJ  26261.36656669  .00012448  00000+0  26440-3 0  9992
2 59130  97.5719  49.5562 0006190 236.2884 123.7775 15.45151239141899
MESON-1
1 59131U 24043AK  26261.63564973  .00004486  00000+0  14767-3 0  9991
2 59131  97.5778  41.7647 0008415 269.6711  90.3566 15.32015494141383
LIZZIESAT-1 (LS-1)
1 59132U 24043AL  26263.13393157  .00002759  00000+0  10360-3 0  9999
2 59132  97.5767  40.3815 0009081 271.1511  88.8688 15.28057720141436
GHOST-4
1 59133U 24043AM  26263.15562062  .00012007  00000+0  25049-3 0  9992
2 59133  97.5728  51.9799 0006656 228.1744 131.8937 15.45688097142194
JACKAL X-1L-002
1 59134U 24043AN  26262.87508442  .00014674  00000+0  27066-3 0  9996
2 59134  97.5698  53.1312 0006018 218.7937 141.2882 15.49213205142268
VSP RF A1
1 59135U 24043AP  26263.19893560  .00002078  00000+0  93745-4 0  9994
2 59135  97.5712  40.1825 0001183 103.2568 256.8800 15.22153418141450
VSP RF C1
1 59136U 24043AQ  26263.16766735  .00002783  00000+0  10560-3 0  9991
2 59136  97.5745  42.6239 0001207 103.7574 256.3799 15.27726433141597
VSP RF B1
1 59137U 24043AR  26263.19241020  .00002184  00000+0  96758-4 0  9999
2 59137  97.5747  41.0875 0001071  76.1879 283.9476 15.22730780141491
TIGER-7
1 59141U 24043AV  26262.21141709  .00009529  00000+0  16750-3 0  9992
2 59141  97.5595  57.6237 0005861 166.9795 193.1608 15.50709554142539
LEMUR-2-JOHNNYTRUONG
1 59146U 24043BA  26262.90128345  .00043202  00000+0  39051-3 0  9999
2 59146  97.5448  61.0536 0003517 186.8326 173.2887 15.67993754142846
HAMMER
1 59148U 24043BC  26263.20509219  .00018300  00000+0  24914-3 0  9991
2 59148  97.5515  57.1173 0003202 218.0219 142.0811 15.57609915142579
EXO-0
1 59175U 23174DK  26263.21885809  .00006456  00000+0  18552-3 0  9998
2 59175  97.3755 343.5137 0008781 180.0581 180.0664 15.36136369159629
STRIX-3
1 59224U 24047A   26263.23529588  .00005180  00000+0  23871-3 0  9997
2 59224  97.6725 240.4557 0014753  92.0116 268.2808 15.20642862139188
YUNHAI-2 02A
1 59280U 24052A   26263.06922890  .00000031  00000+0  76977-4 0  9995
2 59280  50.0104  40.6141 0011816 119.2851 240.9246 14.27987345111781
YUNHAI-2 02B
1 59281U 24052B   26263.18295157  .00000036  00000+0  78947-4 0  9992
2 59281  50.0119 339.9253 0004888 164.9665 195.1396 14.28000801130183
YUNHAI-2 02C
1 59282U 24052C   26263.23047017  .00000027  00000+0  75425-4 0  9997
2 59282  50.0089  99.6571 0006574 134.3484 225.7971 14.27990726128388
YUNHAI-2 02D
1 59283U 24052D   26263.13362307  .00000053  00000+0  85759-4 0  9999
2 59283  50.0065 219.9620 0004451 198.4830 161.5924 14.28023483131964
YUNHAI-2 02E
1 59284U 24052E   26263.23169274  .00000044  00000+0  82053-4 0  9993
2 59284  50.0101 280.0260 0011686  30.6664 329.4932 14.27991446120510
YUNHAI-2 02F
1 59285U 24052F   26263.18489193  .00000030  00000+0  76716-4 0  9997
2 59285  50.0114 160.3729 0005031 151.7818 208.3371 14.28017240132739
MOLA
1 59289U 24053B   26262.98725587  .00054781  00000+0  48067-3 0  9998
2 59289  49.9825 157.6162 0001722 128.5798 231.5330 15.68239676136338
AEROCUBE 16A
1 59290U 24053C   26262.97333602  .00014832  00000+0  30144-3 0  9992
2 59290  49.9868 201.7426 0002727  30.1677 329.9444 15.46482886135764
AEROCUBE 16B
1 59291U 24053D   26262.20665920  .00012498  00000+0  25622-3 0  9991
2 59291  49.9890 205.9279 0002694  23.8235 336.2854 15.46389682135726
YUNHAI-3 02
1 59343U 24058A   26263.19513575 -.00000007  00000+0  19805-4 0  9992
2 59343  98.8244 269.7326 0001955  96.2486 263.8909 14.13332133128160
RESURS-P 4
1 59371U 24061A   26263.21009208  .00002154  00000+0  70834-4 0  9996
2 59371  97.2830 209.5216 0001670 130.5915 229.5473 15.32604337138311
WSF-M
1 59481U 24070A   26262.87576529  .00000017  00000+0  28010-4 0  9999
2 59481  98.7204 269.5515 0005678  57.5572 302.6153 14.20750348126541
SUPERVIEW NEO-3 01
1 59510U 24072A   26263.17455326  .00005582  00000+0  24705-3 0  9997
2 59510  97.4076 341.8868 0002694 116.0293 244.1221 15.22059007135158
NEONSAT-1
1 59587U 24077A   26263.22832979  .00010326  00000+0  25535-3 0  9999
2 59587  97.3438 347.5717 0008759  56.6905 303.5179 15.40615543134352
ACS3
1 59588U 24077B   26262.95347531  .00006115  00000+0  42705-2 0  9992
2 59588  97.2216 161.0819 0065976 331.0747  28.6771 13.97701791121266
GSAT0225 (GALILEO 29)
1 59598U 24079A   26262.84558484  .00000025  00000+0  00000+0 0  9997
2 59598  55.1809  98.4334 0001431 128.3592 231.3580  1.70474404 14925
GSAT0227 (GALILEO 30)
1 59600U 24079C   26260.09672514  .00000007  00000+0  00000+0 0  9997
2 59600  55.1567  98.5081 0004623 108.0703 252.0500  1.70473691 14935
LEGION 1
1 59625U 24081A   26263.14846926  .00002270  00000+0  11743-3 0  9990
2 59625  97.4946 339.9911 0010216  45.8867 314.3205 15.17220334131934
LEGION 2
1 59626U 24081B   26263.17959637  .00002144  00000+0  11113-3 0  9999
2 59626  97.4948 340.1172 0011543  14.6086 345.5478 15.17203119131942
2024-085C
1 59679U 24085C   26263.17508003  .00007408  00000+0  21465-3 0  9997
2 59679  97.3219 338.4010 0026884  61.8690 298.5266 15.35488626132211
2024-085D
1 59680U 24085D   26263.19289280  .00008542  00000+0  23187-3 0  9997
2 59680  97.3162 338.5508 0013966  76.3489 283.9310 15.37745299132253
ZHIHUI TIANWANG-1 01A
1 59705U 24087A   26260.86421475 -.00000023  00000+0  00000+0 0  9994
2 59705  53.1269 166.7643 0029033 203.3433 156.5679  2.00562164 17162
ZHIHUI TIANWANG-1 01B
1 59706U 24087B   26262.86255166 -.00000028  00000+0  00000+0 0  9994
2 59706  53.1269 166.6800 0027353 201.4461 158.4808  2.00561070 16855
SHIYAN-23 (SY-23)
1 59728U 24089A   26262.80499750  .00000277  00000+0  36819-4 0  9990
2 59728  97.7829 262.6758 0002580 231.3008 128.7977 14.87139232127903
COSMOS 2576
1 59773U 24092A   26262.75506179  .00003919  00000+0  18994-3 0  9991
2 59773  97.4482  17.4981 0003824  32.6789 327.4681 15.19109160130759
2024-092B
1 59774U 24092B   26263.16240740  .00007162  00000+0  24726-3 0  9991
2 59774  97.6603  35.0403 0007990 199.7883 160.3049 15.30254794130052
2024-092C
1 59775U 24092C   26263.16338441  .00007286  00000+0  24577-3 0  9999
2 59775  97.6751  37.1836 0008005 202.1633 157.9262 15.31000064130105
2024-092D
1 59776U 24092D   26262.65747196  .00016731  00000+0  41848-3 0  9999
2 59776  97.6691  39.9428 0006662 165.4644 194.6794 15.40173394130279
2024-092E
1 59777U 24092E   26263.19695866  .00016050  00000+0  40255-3 0  9991
2 59777  97.6690  40.4513 0006785 163.8225 196.3238 15.40098365130359
2024-092F
1 59778U 24092F   26263.18726521  .00016984  00000+0  41341-3 0  9997
2 59778  97.6687  40.8825 0006927 163.3235 196.8240 15.40995539130380
2024-092G
1 59779U 24092G   26263.19057557  .00000075  00000+0  44725-4 0  9999
2 59779  98.6803  22.1794 0010842 290.8625  69.1397 14.31872615122496
2024-092H
1 59780U 24092H   26263.19030697  .00000083  00000+0  47901-4 0  9995
2 59780  98.6801  22.1708 0011175 292.1999  67.7998 14.31876838122492
2024-092J
1 59781U 24092J   26263.18882895  .00000096  00000+0  52421-4 0  9997
2 59781  98.6801  22.1752 0011061 292.4434  67.5577 14.31877106122493
2024-094A
1 59805U 24094A   26263.16760598  .00003467  00000+0  17910-3 0  9997
2 59805  97.3782 331.4839 0001227 166.4783 193.6484 15.16937283129566
2024-094B
1 59806U 24094B   26263.19882685  .00004139  00000+0  21265-3 0  9998
2 59806  97.3810 331.7764 0006105 119.6676 240.5166 15.17014230129568
2024-094C
1 59807U 24094C   26263.21833164  .00003965  00000+0  20427-3 0  9995
2 59807  97.3836 331.9914 0001827  54.7604 305.3800 15.16951194129565
2024-094D
1 59808U 24094D   26263.18188326  .00003454  00000+0  17795-3 0  9992
2 59808  97.3755 331.2500 0002751 347.9678  12.1489 15.17038167129557
2024-092K
1 59809U 24092K   26262.35892941  .00015000  00000+0  38045-3 0  9995
2 59809  97.6686  39.3343 0006841 166.6840 193.4587 15.39772397129710
2024-095A
1 59810U 24095A   26263.17514382  .00002733  00000+0  17070-3 0  9995
2 59810  97.5277 340.6125 0004447 103.4922 256.6803 15.10300477128484
PREFIRE-2
1 59881U 24099A   26262.97447296  .00002156  00000+0  98496-4 0  9994
2 59881  97.3968 117.5862 0010521 229.4627 130.5693 15.21599893128545
EARTHCARE
1 59908U 24101A   26263.10623941  .00008360  00000+0  11676-3 0  9994
2 59908  97.0003  28.5816 0001685 100.3750 259.7696 15.57105087131332
2024-105A
1 59917U 24105A   26263.23963318  .00001719  00000+0  89116-4 0  9993
2 59917  97.5834 278.5838 0011556 257.3807 102.6135 15.17509641127445
2024-105B
1 59918U 24105B   26263.16435623  .00003049  00000+0  14399-3 0  9997
2 59918  97.5806 279.0465 0010056 275.5777  84.4311 15.20175564127472
2024-105C
1 59919U 24105C   26263.17716044  .00001734  00000+0  10606-3 0  9994
2 59919  97.5794 279.0395 0030656 217.0724 142.8388 15.11221599127497
2024-105D
1 59920U 24105D   26263.22407587  .00003412  00000+0  14601-3 0  9995
2 59920  97.5811 283.0858 0009846 242.7742 117.2491 15.23476230127724
2024-105E
1 59921U 24105E   26263.18821860  .00001780  00000+0  10866-3 0  9990
2 59921  97.5791 278.9350 0029878 218.1734 141.7380 15.11270393127488
PREFIRE-1
1 59965U 24108A   26262.74361341  .00003115  00000+0  12987-3 0  9995
2 59965  97.5427  58.0259 0009543 269.4292  90.5852 15.24431456126995
2024-110A
1 60012U 24110A   26263.20781936  .00003997  00000+0  25213-3 0  9995
2 60012  97.5673 354.0603 0023019 228.8936 131.0306 15.09469181126278
2024-110B
1 60013U 24110B   26263.23388881  .00004764  00000+0  20198-3 0  9991
2 60013  97.5724 359.9827 0009170 278.2589  81.7608 15.23593319126658
2024-110C
1 60014U 24110C   26236.29396498  .00001738  00000+0  15034-3 0  9992
2 60014  97.5420 309.3147 0009309 280.0498  79.9675 14.98408334112000
KINEIS-1B
1 60079U 24114A   26263.20050359  .00000405  00000+0  59403-4 0  9990
2 60079  97.9805 286.9284 0003483 128.7778 231.3745 14.80750308121464
KINEIS-1C
1 60081U 24114C   26263.23418449  .00000401  00000+0  58879-4 0  9996
2 60081  97.9824 286.8321 0000845 134.2149 225.9133 14.80748584121443
KINEIS-1D
1 60082U 24114D   26263.19903676  .00000340  00000+0  56197-4 0  9996
2 60082  97.9871 282.3033 0000576 164.5315 195.5913 14.76425995121147
KINEIS-1E
1 60083U 24114E   26263.18321058  .00000405  00000+0  59273-4 0  9994
2 60083  97.8932 285.1102 0001183 248.5740 111.5346 14.80775555121449
KINEIS-1A
1 60084U 24114F   26263.15011345  .00000383  00000+0  56465-4 0  9992
2 60084  97.8904 285.1474 0004098 172.1387 187.9891 14.80737792121441
ALOS-4 (DAICHI-4)
1 60182U 24123A   26263.25030329  .00000850  00000+0  12068-3 0  9994
2 60182  97.9220 359.0572 0001459  99.3626 260.7751 14.79471715119930
2024-125A
1 60203U 24125A   26262.37268246  .00135222  00000+0  63421-3 0  9994
2 60203  97.2040 124.2806 0006400 188.4996 171.6167 15.82802065124444
R5-S4
1 60206U 24125D   26263.13232736  .00012699  00000+0  26410-3 0  9996
2 60206  97.2279 113.8969 0013690 241.8350 118.1517 15.45671713123786
R5-S2
1 60207U 24125E   26263.04207056  .00013126  00000+0  25411-3 0  9990
2 60207  97.2253 114.7653 0013041 239.7294 120.2667 15.47762525123843
MESAT1
1 60209U 24125G   26263.06128933  .00093776  00000+0  59038-3 0  9991
2 60209  97.2098 123.4684 0006351 199.4041 160.6984 15.76391633124448
TIANHUI 5C
1 60211U 24126A   26262.47175196  .00000217  00000+0  29889-4 0  9992
2 60211  97.8217 268.6952 0001572  90.2079 269.9318 14.87582605119900
TIANHUI 5D
1 60212U 24126B   26262.53901753  .00000223  00000+0  30553-4 0  9993
2 60212  97.8218 268.7690 0002122  93.7818 266.3641 14.87582592119920
GRBBETA
1 60237U 24128C   26262.37864986  .00002199  00000+0  15861-3 0  9998
2 60237  61.9884 245.6471 0026821 155.3628 204.8753 15.07194513120462
ISTSAT-1
1 60238U 24128D   26263.21017186  .00003913  00000+0  23433-3 0  9994
2 60238  61.9869 229.8768 0024466 148.6063 211.6499 15.12596426120839
OOV-CUBE (TUBSAT-30)
1 60240U 24128F   26262.53004014  .00001131  00000+0  98208-4 0  9990
2 60240  61.9927 256.5162 0031252 155.7400 204.5171 15.03107778120293
CURIUM ONE
1 60242U 24128H   26262.47241676  .00004557  00000+0  26258-3 0  9992
2 60242  61.9773 231.5207 0026033 149.7255 210.5352 15.13669530120725
ROBUSTA-3A (MEDITERRAN*)
1 60243U 24128J   26262.49208850  .00003780  00000+0  22538-3 0  9996
2 60243  61.9849 234.4591 0028027 146.6956 213.5911 15.12751491120683
CATSAT
1 60246U 24125J   26263.02535941  .00107881  00000+0  79158-3 0  9997
2 60246  97.1943 117.6081 0014605 176.5879 183.5487 15.72669723122229
GAOFEN-11 05
1 60249U 24130A   26263.21897758  .00003487  00000+0  14889-3 0  9991
2 60249  97.3928 340.1859 0002631  69.3190 290.8329 15.23540327 99936
QIANFAN-1
1 60379U 24140A   26263.20582772  .00000038  00000+0  39621-4 0  9993
2 60379  88.9664 270.0562 0019403 118.6764 241.6341 13.51025939105353
QIANFAN-2
1 60380U 24140B   26263.16059125  .00000033  00000+0  32588-4 0  9991
2 60380  88.9651 269.8622 0014901  94.1161 266.1694 13.51020335105405
QIANFAN-3
1 60381U 24140C   26263.16898238  .00000034  00000+0  34038-4 0  9991
2 60381  88.9643 269.9726 0015994 104.8995 255.3929 13.51023084105315
QIANFAN-4
1 60382U 24140D   26263.14416727  .00000014  00000+0  25135-5 0  9996
2 60382  88.9668 269.9437 0015145  96.2973 263.9904 13.51021022105431
QIANFAN-5
1 60383U 24140E   26263.19343862  .00000036  00000+0  37469-4 0  9997
2 60383  88.9643 269.9943 0017117 114.9439 245.3493 13.51031298105302
QIANFAN-6
1 60384U 24140F   26263.14004132  .00000023  00000+0  17044-4 0  9990
2 60384  88.9670 269.8226 0015235 101.3836 258.9028 13.51024131105498
QIANFAN-7
1 60385U 24140G   26263.19649782  .00000133  00000+0  47587-4 0  9999
2 60385  88.9722 260.5887 0014547 184.8033 175.3024 14.27893540110551
QIANFAN-8
1 60386U 24140H   26263.14839913  .00000018  00000+0  95589-5 0  9990
2 60386  88.9671 270.0626 0018678 103.5775 256.7458 13.51026051105349
QIANFAN-9
1 60387U 24140J   26263.19769522  .00000040  00000+0  43383-4 0  9993
2 60387  88.9669 270.1271 0018377 103.2149 257.1054 13.51021730105337
QIANFAN-10
1 60388U 24140K   26263.12773727  .00000049  00000+0  56790-4 0  9994
2 60388  88.9680 269.5114 0016841  83.4562 276.8506 13.51021866105454
QIANFAN-11
1 60389U 24140L   26263.16489433  .00000027  00000+0  23257-4 0  9995
2 60389  88.9605 269.8826 0016402 102.9203 257.3782 13.51021074105111
QIANFAN-12
1 60390U 24140M   26263.18540903  .00000026  00000+0  21182-4 0  9993
2 60390  88.9648 270.0463 0015167 109.8461 250.4326 13.51023666105241
QIANFAN-13
1 60391U 24140N   26263.15656603  .00000035  00000+0  34711-4 0  9998
2 60391  88.9908 270.2929 0014964 111.8936 248.3808 13.51023763105265
QIANFAN-14
1 60392U 24140P   26263.18136608  .00000021  00000+0  14158-4 0  9998
2 60392  88.9639 270.0189 0018636 112.7129 247.5994 13.51025885105272
QIANFAN-15
1 60393U 24140Q   26263.18945938  .00000042  00000+0  46052-4 0  9994
2 60393  88.9662 270.0415 0014546 100.1320 260.1472 13.51028153105263
QIANFAN-16
1 60394U 24140R   26263.17709000  .00000021  00000+0  13621-4 0  9995
2 60394  88.9665 270.1707 0016517 115.7711 244.5147 13.51025271105171
QIANFAN-17
1 60395U 24140S   26263.17311693  .00000031  00000+0  29703-4 0  9992
2 60395  88.9676 270.2478 0016987 110.2749 250.0230 13.51021620106138
QIANFAN-18
1 60396U 24140T   26263.15254966  .00000026  00000+0  20669-4 0  9996
2 60396  88.9670 269.7654 0016433  95.1591 265.1436 13.51020926105529
CAPELLA-13 (ACADIA-3)
1 60419U 24142A   26262.55850963  .00001454  00000+0  18403-3 0  9994
2 60419  53.0067   5.6349 0001166  90.2358 269.8756 14.87652206114450
ASBM-1
1 60422U 24143A   26262.22993239 -.00000039  00000+0  00000+0 0  9996
2 60422  62.9307  41.7768 5643649 269.4433  29.3628  1.50426262 13039
ASBM-2
1 60423U 24143B   26258.57434434 -.00000072  00000+0  00000+0 0  9994
2 60423  62.8936  41.9938 5640686 269.4595  29.3828  1.50425879 12961
TRANSPORTER-11 OBJECT A
1 60468U 24149A   26263.02443575  .00005832  00000+0  17835-3 0  9997
2 60468  97.3665 342.7159 0001780 217.1292 142.9828 15.34241114116595
WARATAH SEED-1
1 60469U 24149B   26262.96502101  .00010040  00000+0  26990-3 0  9990
2 60469  97.3626 343.7422 0000840 191.7455 168.3771 15.38096353116676
PHISAT 2
1 60470U 24149C   26263.16959293  .00004462  00000+0  14611-3 0  9991
2 60470  97.3694 341.8991 0000338 170.8341 189.2907 15.32183933116530
LEMUR-2-TOMATOKECHUP
1 60471U 24149D   26262.51299252  .00007829  00000+0  21325-3 0  9992
2 60471  97.3743 344.8885 0000671 190.6066 169.5165 15.37766591116657
CONNECTA IOT-1
1 60472U 24149E   26263.17727759  .00005208  00000+0  21594-3 0  9991
2 60472  97.3682 337.8679 0001001 353.9212   6.2013 15.24306761116269
LOPEN
1 60473U 24149F   26263.19768089  .00011695  00000+0  27449-3 0  9997
2 60473  97.3723 347.4528 0000171 185.5413 174.5832 15.42200117116890
ROCK
1 60474U 24149G   26262.99063772  .00011617  00000+0  27300-3 0  9992
2 60474  97.3717 347.2523 0000413 209.1028 151.0196 15.42164855116869
CONNECTA IOT-3
1 60475U 24149H   26263.19874368  .00005492  00000+0  22803-3 0  9994
2 60475  97.3662 337.6111 0001539 311.6452  48.4654 15.24240504116274
QUBE
1 60476U 24149J   26263.17474664  .00026532  00000+0  44544-3 0  9992
2 60476  97.3743 351.7260 0001793 203.9044 156.2125 15.51769959117170
WREN-1
1 60478U 24149L   26263.18507801  .00017017  00000+0  36123-3 0  9997
2 60478  97.3708 348.5131 0002640 273.5198  86.5749 15.45102356116978
TOMORROW-S1
1 60479U 24149M   26262.95918772  .00005119  00000+0  15862-3 0  9992
2 60479  97.3688 343.1791 0000964 251.3226 108.7912 15.33888958116618
FLOCK 4BE-18
1 60480U 24149N   26263.19557404  .00028506  00000+0  59978-3 0  9993
2 60480  97.3671 348.0947 0002568 257.7775 102.3186 15.45258978116967
FLOCK 4BE-7
1 60481U 24149P   26263.20799032  .00028113  00000+0  61003-3 0  9997
2 60481  97.3703 347.3205 0001578 263.2703  96.8366 15.44353309116898
TOMORROW-S2
1 60485U 24149T   26262.52943088  .00005326  00000+0  16451-3 0  9995
2 60485  97.3756 343.3341 0001286 324.3954  35.7202 15.33968710116549
FLOCK 4BE-36
1 60486U 24149U   26262.04403786  .00034707  00000+0  66876-3 0  9990
2 60486  97.3683 347.8501 0002670 262.1439  97.9508 15.47786987116842
FLOCK 4BE-25
1 60487U 24149V   26263.01806118  .00023723  00000+0  56594-3 0  9997
2 60487  97.3739 346.9448 0001046 259.9667 100.1462 15.41551958116835
FLOCK 4BE-31
1 60488U 24149W   26262.97621794  .00035405  00000+0  67200-3 0  9993
2 60488  97.3744 349.8929 0001374 272.4677  87.6416 15.48220565117027
FLOCK 4BE-20
1 60489U 24149X   26262.96622664  .00050691  00000+0  10980-2 0  9996
2 60489  97.3624 345.6697 0004012 248.3838 111.6984 15.44271480116805
FLOCK 4BE-23
1 60490U 24149Y   26263.17452804  .00020918  00000+0  52047-3 0  9999
2 60490  97.3720 346.1631 0002040 295.3115  64.7920 15.40298876116809
FLOCK 4BE-17
1 60492U 24149AA  26261.97959367  .00026280  00000+0  60044-3 0  9997
2 60492  97.3712 346.2389 0001774 271.8649  88.2395 15.42829655116700
NUSAT-50 (NANCY ROMAN)
1 60493U 24149AB  26263.17040417  .00006078  00000+0  20824-3 0  9994
2 60493  97.3726 343.8048 0002639 186.4483 173.6725 15.30569288116659
FLOCK 4BE-22
1 60494U 24149AC  26262.19316739  .00027853  00000+0  60145-3 0  9993
2 60494  97.3677 346.8171 0002149 287.9968  72.1047 15.44498632116790
FLOCK 4BE-34
1 60495U 24149AD  26263.18338286  .00028153  00000+0  60698-3 0  9992
2 60495  97.3729 348.7024 0002191 296.6671  63.4353 15.44542793116973
TYCHE
1 60496U 24149AE  26263.16029438  .00002670  00000+0  10729-3 0  9993
2 60496  97.3681 339.6534 0001184  17.8031 342.3249 15.25807791116389
FLOCK 4BE-32
1 60497U 24149AF  26263.01918911  .00028663  00000+0  59382-3 0  9999
2 60497  97.3664 348.1601 0002308 289.5186  70.5814 15.45714183116965
NUSAT-48 (HENRIETTA LE*)
1 60498U 24149AG  26262.46261570  .00005810  00000+0  20321-3 0  9990
2 60498  97.3859 343.4614 0001790 317.3548  42.7553 15.29918705116554
NUSAT-49 (KLARA DAN VO*)
1 60500U 24149AJ  26262.50568032  .00005701  00000+0  19873-3 0  9991
2 60500  97.3723 343.1198 0001639  21.9383 338.1928 15.30032859116556
FLOCK 4BE-11
1 60501U 24149AK  26262.96405584  .00032251  00000+0  64674-3 0  9993
2 60501  97.3642 348.4232 0002382 283.5332  76.5652 15.46643456116982
YAM-7
1 60504U 24149AN  26262.02301973  .00005193  00000+0  16568-3 0  9994
2 60504  97.3718 341.9331 0002462 347.4310  12.6870 15.32944013116422
FLOCK 4BE-24
1 60505U 24149AP  26262.54574183  .00032918  00000+0  65218-3 0  9998
2 60505  97.3654 348.3136 0002590 302.9954  57.1046 15.46991553116939
LUR-1
1 60506U 24149AQ  26262.44711966  .00004255  00000+0  14391-3 0  9999
2 60506  97.3670 340.6268 0003410 353.4227   6.6969 15.31163803116391
TANAGER-1
1 60507U 24149AR  26263.03533758  .00011690  00000+0  25877-3 0  9999
2 60507  97.2275 356.7505 0000822  21.2103 338.9179 15.43946065117679
EAGLEEYE
1 60508U 24149AS  26262.50764397  .01214923  23867-5  79679-3 0  9992
2 60508  97.3471   3.0210 0009746 270.7679  89.2492 16.17103365117873
FLOCK 4BE-29
1 60509U 24149AT  26263.21812655  .00018318  00000+0  33949-3 0  9990
2 60509  97.3758 350.8545 0001476   4.3885 355.7378 15.49039153117105
TRANSPORTER-11 OBJECT AU
1 60510U 24149AU  26262.51075961  .00011319  00000+0  26175-3 0  9992
2 60510  97.3672 347.1225 0002352 324.8728  35.2364 15.42653081116846
FLOCK 4BE-13
1 60512U 24149AW  26263.21804076  .00028890  00000+0  61520-3 0  9994
2 60512  97.3664 348.7625 0002954 284.4601  75.6319 15.44901952117023
FLOCK 4BE-27
1 60513U 24149AX  26262.51049365  .00007223  00000+0  20898-3 0  9999
2 60513  97.3768 344.4755 0003222 348.3549  11.7620 15.35909575116615
FLOCK 4BE-9
1 60514U 24149AY  26263.01613876  .00027440  00000+0  60254-3 0  9993
2 60514  97.3737 348.3724 0001584 328.8056  31.3098 15.44005080116936
FLOCK 4BE-6
1 60516U 24149BA  26262.47940104  .00024327  00000+0  56310-3 0  9990
2 60516  97.3734 346.9881 0002310 326.0052  34.1047 15.42453623116794
FLOCK 4BE-14
1 60517U 24149BB  26262.04070665  .00028021  00000+0  60934-3 0  9992
2 60517  97.3635 346.7891 0003156 318.1142  41.9864 15.44286383116797
FLOCK 4BE-1
1 60518U 24149BC  26262.21255091  .00030553  00000+0  62380-3 0  9990
2 60518  97.3730 348.5946 0002945 316.0293  44.0721 15.46127792116880
FLOCK 4BE-28
1 60519U 24149BD  26262.98523957  .00019226  00000+0  34286-3 0  9992
2 60519  97.3701 350.5617 0002475 321.6935  38.4140 15.50126501117100
IPERDRONE.0
1 60520U 24149BE  26263.07468409  .00216303  00000+0  78599-3 0  9995
2 60520  97.3699   2.2124 0004957 244.5577 115.5182 15.87953708117856
CONNECTA IOT-2
1 60522U 24149BG  26261.98565470  .00005890  00000+0  24017-3 0  9994
2 60522  97.3768 338.7198 0006306   8.4416 351.6927 15.24803253116187
CONNECTA IOT-4
1 60524U 24149BJ  26263.02958597  .00022500  00000+0  46417-3 0  9994
2 60524  97.3741 348.7345 0003883 307.0329  53.0564 15.45881106116965
ORESAT0.5
1 60525U 24149BK  26262.50457185  .00016082  00000+0  30419-3 0  9997
2 60525  97.3674 350.1579 0003745 296.8164  63.2704 15.48475113117056
DEIMOS
1 60526U 24149BL  26263.04758655  .00015596  00000+0  30590-3 0  9993
2 60526  97.3733 350.7907 0003780 304.4563  55.6329 15.47432452117104
CUAVA-2
1 60527U 24149BM  26262.47622634  .00008819  00000+0  23731-3 0  9996
2 60527  97.3663 344.2586 0005251 323.6091  36.4796 15.38092722116658
ERNST
1 60528U 24149BN  26263.21121031  .00009432  00000+0  22776-3 0  9995
2 60528  97.3754 347.7681 0004443 322.1812  37.9122 15.41394904116909
TORO
1 60530U 24149BQ  26263.04855731  .00000549  00000+0  53076-4 0  9998
2 60530  97.6709 335.9227 0001531  77.9321 282.2072 14.96703914114142
HYPSO-2
1 60531U 24149BR  26262.52278253  .00000786  00000+0  69411-4 0  9992
2 60531  97.6754 337.4009 0001655  34.5975 325.5356 14.99159572114187
LEMU NGE
1 60532U 24149BS  26261.94841198  .00001629  00000+0  15316-3 0  9993
2 60532  97.6767 334.9946 0002503  83.7413 276.4093 14.95259177113965
LEMUR-2-STELLA
1 60533U 24149BT  26262.47502484  .00007165  00000+0  40315-3 0  9993
2 60533  97.6682 345.4386 0001720  95.4235 264.7192 15.13563815114755
SATELIOT_2
1 60534U 24149BU  26262.97277197  .00000945  00000+0  87884-4 0  9991
2 60534  97.6756 336.1787 0001969  97.0561 263.0884 14.96642361114142
NIGHTJAR
1 60535U 24149BV  26263.03143311  .00002660  00000+0  22156-3 0  9996
2 60535  97.6785 338.4053 0003853 101.9286 258.2369 14.99484290157081
LEMUR-2-MARHISYAM
1 60536U 24149BW  26262.95828756  .00006348  00000+0  36505-3 0  9990
2 60536  97.6830 346.4581 0002913 132.9347 227.2128 15.12827649114803
SATELIOT_4
1 60537U 24149BX  26262.96461747  .00001397  00000+0  12655-3 0  9994
2 60537  97.6666 335.6318 0003737  83.7831 276.3816 14.96941291114153
PICO-02A021
1 60538U 24149BY  26262.46339428  .00002301  00000+0  17097-3 0  9991
2 60538  97.6683 340.4984 0006218  66.7204 293.4675 15.03989735113907
ICEYE-X43
1 60539U 24149BZ  26263.03115389  .00002582  00000+0  21183-3 0  9996
2 60539  97.6725 338.6721 0010871  85.9864 274.2602 15.00057670114334
HAWK-10A
1 60540U 24149CA  26262.03856808  .00001087  00000+0  10011-3 0  9992
2 60540  97.6826 336.3144 0004955 108.4369 251.7392 14.96741123114028
UMBRA-09
1 60541U 24149CB  26263.03234410  .00007816  00000+0  44135-3 0  9993
2 60541  97.6933 351.8795 0000286 181.5052 178.6178 15.13408182115111
QPS-SAR-8 (AMATERU-IV)
1 60542U 24149CC  26261.17072192  .00004524  00000+0  32391-3 0  9998
2 60542  97.6597 339.5599 0003891 142.2472 217.9028 15.04905435114256
ARCTIC WEATHER SATELLITE
1 60543U 24149CD  26262.99001334  .00000448  00000+0  52228-4 0  9993
2 60543  97.6716 330.7014 0003148 130.4733 229.6760 14.89814865113417
CAPELLA-15 (ACADIA-5)
1 60544U 24149CE  26262.99381515  .00000358  00000+0  40371-4 0  9992
2 60544  97.6691 333.4865 0005632 106.6768 253.5070 14.92368376113995
HAWK-10B
1 60545U 24149CF  26263.17495503  .00000673  00000+0  63851-4 0  9995
2 60545  97.6743 336.6885 0006487 124.2417 235.9420 14.96741979114191
ICEYE-X39
1 60546U 24149CG  26263.19803852  .00001332  00000+0  11179-3 0  9996
2 60546  97.6711 338.9703 0009810 173.5910 186.5441 15.00007111114361
UMBRA-10
1 60547U 24149CH  26262.17964476  .00011433  00000+0  52414-3 0  9994
2 60547  97.6941 351.1937 0001186  65.1466 294.9892 15.20624028115003
ICEYE-X33
1 60548U 24149CJ  26263.03421402  .00002787  00000+0  22207-3 0  9997
2 60548  97.7501 341.8038 0001210  59.6466 300.4877 15.01179917114434
ICEYE-X40
1 60549U 24149CK  26263.14352747  .00002234  00000+0  19205-3 0  9996
2 60549  97.6722 338.1059 0005748 117.9792 242.2013 14.98416674114299
SATELIOT_1
1 60550U 24149CL  26262.99801435  .00000857  00000+0  76748-4 0  9998
2 60550  97.6666 337.3004 0007250 113.8531 246.3452 14.98356752114264
BRO-14
1 60551U 24149CM  26262.95649833  .00001098  00000+0  10203-3 0  9998
2 60551  97.6801 337.0050 0007923 132.1112 228.0784 14.96344781114161
SATELIOT_3
1 60552U 24149CN  26263.17437610  .00001414  00000+0  12346-3 0  9994
2 60552  97.6764 338.3544 0006682 113.7796 246.4128 14.98374860114301
BRO-15
1 60553U 24149CP  26263.00621073  .00000489  00000+0  48242-4 0  9991
2 60553  97.6724 336.5683 0009231 125.9306 234.2773 14.96345702114185
UM5-RIBAT
1 60554U 24149CQ  26262.18418777  .00001222  00000+0  99257-4 0  9993
2 60554  97.6380 338.6231 0004050 121.9424 238.2194 15.01425932114291
UM5-EOSAT
1 60555U 24149CR  26262.45067333  .00001760  00000+0  13886-3 0  9992
2 60555  97.6640 340.1352 0009555 174.0774 186.0565 15.01994012114365
KANYINI
1 60556U 24149CS  26262.52226104  .00043034  00000+0  52220-3 0  9999
2 60556  97.3666 352.4650 0001417 230.4850 129.6282 15.60499477117181
FLOCK 4BE-5
1 60559U 24149CV  26263.18310355  .00026702  00000+0  59753-3 0  9998
2 60559  97.3790 348.2549 0002093 310.2321  49.8744 15.43447755116912
FLOCK 4BE-3
1 60561U 24149CX  26263.21599545  .00027588  00000+0  58709-3 0  9998
2 60561  97.3637 348.2095 0002518 305.4306  54.6707 15.44931042116991
HYPERFIELD-1A
1 60562U 24149CY  26263.21413492  .00004276  00000+0  14085-3 0  9993
2 60562  97.3736 342.9288 0004396 349.7497  10.3654 15.32012037116581
FLOCK 4BE-19
1 60563U 24149CZ  26263.17962502  .00037198  00000+0  68826-3 0  9991
2 60563  97.3695 350.2704 0003657 306.4689  53.6224 15.48938206117107
PTD-4 (LISA-T)
1 60565U 24149DB  26262.04208544  .00016369  00000+0  64683-3 0  9991
2 60565  97.6932 353.3507 0003438  83.6988 276.4641 15.25577102115110
ION SCV-012
1 60573U 24149DK  26262.94231830  .00000891  00000+0  86416-4 0  9995
2 60573  97.6697 334.9369 0004629 116.4497 243.7199 14.95095122114073
GNOMES-5
1 60574U 24149DL  26263.19463812  .00001462  00000+0  11682-3 0  9998
2 60574  97.7050 340.6483 0008092 175.4335 184.6965 15.01771798114413
HAWK-10C
1 60575U 24149DM  26261.16967062  .00001025  00000+0  94697-4 0  9993
2 60575  97.6660 333.9640 0004895 101.0717 259.1056 14.96738675113896
LEMUR-2-AHMED-ASRAR
1 60576U 24149DN  26262.03444081  .00007735  00000+0  42358-3 0  9992
2 60576  97.6962 348.0078 0002787  62.6702 297.4813 15.14508857114769
LEMUR-2-LLOYD
1 60577U 24149DP  26261.47638531  .00006569  00000+0  39972-3 0  9997
2 60577  97.6688 342.7330 0003892 168.7314 191.4004 15.10762037114473
LEMUR-2-SQUIRRELCOMM
1 60578U 24149DQ  26263.03349627  .00004077  00000+0  26858-3 0  9998
2 60578  97.6655 343.6772 0006757  90.2276 269.9726 15.08060181114691
LEMUR-2-SIERRINI
1 60579U 24149DR  26262.46701671  .00007155  00000+0  41278-3 0  9999
2 60579  97.6786 345.5703 0004549 199.1973 160.9087 15.12661005114701
SEDNA-1
1 60580U 24149DS  26263.18820847  .00004164  00000+0  27411-3 0  9998
2 60580  97.6569 343.2894 0009221  32.6063 327.5733 15.08062308114706
2024-153A
1 60745U 24153A   26263.18047263  .00072334  00000+0  97734-3 0  9998
2 60745  97.6831  51.4573 0004154 144.1236 216.0298 15.57511922114842
2024-153B
1 60746U 24153B   26263.19752274  .00010126  00000+0  29606-3 0  9999
2 60746  97.6902  46.5436 0009558 177.2088 182.9210 15.35446119114521
2024-153C
1 60747U 24153C   26263.18925961  .00025227  00000+0  51740-3 0  9996
2 60747  97.6885  50.8700 0007919 164.8092 195.3396 15.46008972114807
2024-153D
1 60748U 24153D   26263.18493416  .00011322  00000+0  38869-3 0  9990
2 60748  97.6906  44.1875 0001406 186.8380 173.2841 15.30315203114362
2024-153E
1 60749U 24153E   26263.22138907  .00012776  00000+0  45546-3 0  9991
2 60749  97.6828  43.3833 0000467 217.1570 142.9637 15.29051808114346
2024-153F
1 60750U 24153F   26263.21715959  .00010769  00000+0  39455-3 0  9992
2 60750  97.6830  42.4898 0004075 274.7275  85.3498 15.28192793114301
SENTINEL-2C
1 60989U 24157A   26263.20751255  .00000039  00000+0  31617-4 0  9990
2 60989  98.5719 336.6190 0001361  85.6843 274.4495 14.30814482106575
GEESAT-3 01
1 61011U 24159A   26263.12910073  .00001176  00000+0  16491-3 0  9990
2 61011  50.0022   2.6219 0002793 247.1175 112.9469 14.84489964110784
GEESAT-3 02
1 61012U 24159B   26263.12166594  .00001060  00000+0  15128-3 0  9990
2 61012  49.9961   2.8332 0018327  61.8818 298.3970 14.84516735110892
GEESAT-3 03
1 61013U 24159C   26263.14419025  .00001253  00000+0  17385-3 0  9994
2 61013  49.9954   1.4653 0005634 135.3147 224.8246 14.84511990110949
GEESAT-3 04
1 61014U 24159D   26263.16553934  .00001193  00000+0  17103-3 0  9996
2 61014  49.9981 274.1488 0001912  65.5477 294.5661 14.83390150112107
GEESAT-3 05
1 61015U 24159E   26263.13632988  .00001245  00000+0  17305-3 0  9993
2 61015  50.0047   2.8482 0012316  60.6544 299.5624 14.84493544110884
GEESAT-3 06
1 61016U 24159F   26263.16620964  .00001087  00000+0  15449-3 0  9999
2 61016  49.9999   2.6919 0016046  83.9719 276.3047 14.84511639110874
GEESAT-3 07
1 61017U 24159G   26263.15896262  .00001073  00000+0  15285-3 0  9998
2 61017  49.9957   2.2970 0010635  37.7610 322.4073 14.84509305110258
GEESAT-3 08
1 61018U 24159H   26263.17426273  .00001105  00000+0  15647-3 0  9990
2 61018  50.0070   2.4606 0027095  99.1251 261.2755 14.84500662110880
GEESAT-3 09
1 61019U 24159J   26263.18200431  .00001036  00000+0  14851-3 0  9997
2 61019  49.9994   1.9709 0021456  65.8714 294.4466 14.84492321110889
GEESAT-3 10
1 61020U 24159K   26263.15184779  .00001113  00000+0  15738-3 0  9993
2 61020  50.0014   2.6595 0003752 120.3955 239.7354 14.84510312110611
SPACEMOBILE-003
1 61045U 24163A   26262.66191923  .00001076  00000+0  63530-4 0  9991
2 61045  52.9679 235.0581 0006705  46.5917 313.5634 15.20415547112148
SPACEMOBILE-005
1 61046U 24163B   26261.66045588  .00002854  00000+0  14414-3 0  9997
2 61046  52.9744 239.6644 0009435  38.1928 321.9733 15.20366966111988
SPACEMOBILE-001
1 61047U 24163C   26262.90841700 -.00000239  00000+0  40353-5 0  9995
2 61047  52.9692 233.6105 0007750  49.8181 310.3491 15.20395910112171
SPACEMOBILE-002
1 61048U 24163D   26261.90665707  .00013366  00000+0  61751-3 0  9993
2 61048  52.9772 238.2888 0007463  47.0318 313.1301 15.20483590112020
SPACEMOBILE-004
1 61049U 24163E   26262.94076421  .00010601  00000+0  49280-3 0  9990
2 61049  52.9761 233.2895 0009227  68.0095 292.1878 15.20488390112182
CHAMRAN-1
1 61072U 24165B   26263.08686455  .00002062  00000+0  12719-3 0  9997
2 61072  64.0742  89.9207 0060966 301.7884  57.7302 15.11708085111007
2024-166B
1 61180U 24166B   26261.97654473  .00000340  00000+0  29852-5 0  9994
2 61180  96.6629 149.5807 0000341 127.7919 232.3379 15.75431265115504
GSAT0232 (GALILEO 32)
1 61182U 24167A   26262.40843428  .00000017  00000+0  00000+0 0  9995
2 61182  55.1639 218.7303 0005399 235.5148 318.9498  1.70473721 12486
GSAT0226 (GALILEO 31)
1 61183U 24167B   26262.15121089  .00000017  00000+0  00000+0 0  9990
2 61183  55.1639 218.7444 0002248 247.7759 240.1560  1.70473729 12457
BEIDOU-3 M25
1 61186U 24168B   26261.61863348 -.00000036  00000+0  00000+0 0  9997
2 61186  54.3872 298.9874 0004683 289.6844 249.2138  1.86230374 13526
BEIDOU-3 M27
1 61187U 24168C   26262.81448399 -.00000027  00000+0  00000+0 0  9996
2 61187  54.3816 298.9283 0001110 322.1009  73.6087  1.86230487 11027
JILIN-01 KUANFU 02B 1
1 61189U 24169A   26263.19592800  .00002724  00000+0  17422-3 0  9993
2 61189  97.5543 351.2830 0004059  85.8641 274.3052 15.09429250110150
JILIN-01 KUANFU 02B 2
1 61190U 24169B   26263.17711446  .00002281  00000+0  14661-3 0  9992
2 61190  97.5537 350.6387 0007565  58.5124 301.6843 15.09399920110155
JILIN-01 KUANFU 02B 3
1 61191U 24169C   26263.18416005  .00002362  00000+0  15135-3 0  9994
2 61191  97.5534 351.0802 0012958 349.0593  11.0352 15.09437604110159
JILIN-01 KUANFU 02B 4
1 61192U 24169D   26263.21946221  .00001803  00000+0  11652-3 0  9996
2 61192  97.5494 350.6092 0011871 303.2764  56.7327 15.09436297110162
JILIN-01 KUANFU 02B 5
1 61193U 24169E   26263.20553480  .00002375  00000+0  15216-3 0  9992
2 61193  97.5544 351.4374 0012207 329.8704  30.1821 15.09448596110163
JILIN-01 KUANFU 02B 6
1 61194U 24169F   26263.16457181  .00001803  00000+0  11645-3 0  9996
2 61194  97.5525 351.2680 0016208   2.1714 357.9582 15.09417262110168
KINEIS-3C
1 61220U 24172A   26263.21847684  .00001096  00000+0  18120-3 0  9996
2 61220  98.0408 352.0972 0001575 155.7595 204.3687 14.72332582107055
KINEIS-3D
1 61221U 24172B   26263.21190471  .00001140  00000+0  18822-3 0  9991
2 61221  98.0407 352.1001 0001542 149.0988 211.0310 14.72322583107334
KINEIS-3E
1 61222U 24172C   26263.19408479  .00001066  00000+0  17625-3 0  9996
2 61222  98.0401 352.0607 0001382 120.6010 239.5334 14.72386214107335
KINEIS-3A
1 61223U 24172D   26263.17807200  .00001137  00000+0  18755-3 0  9994
2 61223  98.0399 352.1396 0002968 128.1706 231.9769 14.72339795106759
KINEIS-3B
1 61224U 24172E   26262.20950872  .00001175  00000+0  19369-3 0  9996
2 61224  98.0393 351.1989 0003087 116.5597 243.5927 14.72335698107184
2024-173C
1 61229U 24173C   26263.21978400  .00034306  00000+0  50058-3 0  9993
2 61229  97.3369 347.9590 0009290 148.7741 211.4067 15.55557673111472
2024-173D
1 61230U 24173D   26263.16636343  .00011119  00000+0  35638-3 0  9990
2 61230  97.3489 341.6191 0007307 277.3875  82.6537 15.32501500110998
2024-173E
1 61231U 24173E   26263.20847160  .00000856  00000+0  43890-4 0  9993
2 61231  97.4117 333.5916 0001605  91.0925 269.0493 15.19170151110187
2024-174A
1 61238U 24174A   26263.21956872  .00002387  00000+0  11155-3 0  9992
2 61238  97.4501 269.7337 0003059  59.1024 301.0512 15.20760650110111
2024-174B
1 61239U 24174B   26263.18635213  .00001765  00000+0  11000-3 0  9990
2 61239  97.4537 264.0790 0019727 326.5035  33.4946 15.10691019109738
2024-174C
1 61240U 24174C   26263.18286706  .00002012  00000+0  98992-4 0  9993
2 61240  97.4500 269.8096 0001499  89.9555 270.1851 15.19150487110102
2024-174D
1 61241U 24174D   26263.17879088  .00005199  00000+0  17684-3 0  9991
2 61241  97.4394 274.7786 0009672 249.0157 111.0049 15.30847926110446
2024-174E
1 61242U 24174E   26263.22201794  .00004306  00000+0  15765-3 0  9998
2 61242  97.4477 274.1355 0010985 255.9240 104.0778 15.28527551110350
QIANFAN-19
1 61552U 24185A   26263.14790900  .00000270  00000+0  13315-3 0  9992
2 61552  88.9856  45.7011 0008818 114.9890 245.2214 14.14531683109444
QIANFAN-20
1 61553U 24185B   26263.13278707  .00000351  00000+0  19459-3 0  9993
2 61553  88.9850  46.3042 0006693 147.2274 212.9327 14.09072589109113
QIANFAN-21
1 61554U 24185C   26263.13737863  .00000395  00000+0  16926-3 0  9991
2 61554  88.9776  44.0289 0011490 156.2155 203.9570 14.22933377109989
QIANFAN-22
1 61555U 24185D   26263.12892793  .00000062  00000+0  42487-4 0  9998
2 61555  88.9830  48.4201 0005749 196.8422 163.2559 13.86429428107923
QIANFAN-23
1 61556U 24185E   26263.14737788  .00000242  00000+0  11445-3 0  9992
2 61556  88.9849  45.3798 0009268 121.9666 238.2424 14.16553257109580
QIANFAN-24
1 61557U 24185F   26263.18200466  .00000426  00000+0  17882-3 0  9990
2 61557  88.9834  44.3226 0011730  99.6190 260.6328 14.24157487110072
QIANFAN-25
1 61558U 24185G   26263.18678774  .00000319  00000+0  18582-3 0  9991
2 61558  88.9842  46.3444 0013057 171.3462 188.7948 14.06130975109057
QIANFAN-26
1 61559U 24185H   26263.14784990  .00000143  00000+0  12968-3 0  9993
2 61559  88.9834  49.3790 0004278 225.6266 134.4551 13.77945166107426
QIANFAN-27
1 61560U 24185J   26263.19165640  .00000372  00000+0  14533-3 0  9999
2 61560  88.9845  43.9590 0009471  87.8182 272.4096 14.27603279110314
QIANFAN-28
1 61561U 24185K   26263.15468777  .00000526  00000+0  20435-3 0  9992
2 61561  88.9864  43.9783 0009417  86.2010 274.0261 14.28487746110348
QIANFAN-29
1 61562U 24185L   26263.16715924  .00000139  00000+0  19592-3 0  9995
2 61562  88.9802  52.2209 0008587 325.4258  34.6334 13.51094359105799
QIANFAN-30
1 61563U 24185M   26263.13265888  .00000136  00000+0  19565-3 0  9999
2 61563  88.9822  51.8578 0006068 311.4647  48.5982 13.50076174106030
QIANFAN-31
1 61564U 24185N   26263.14248705  .00000162  00000+0  20685-3 0  9994
2 61564  88.9807  51.2122 0005295 291.8519  68.2073 13.58064849106352
QIANFAN-32
1 61565U 24185P   26263.16940913  .00000094  00000+0  12677-3 0  9993
2 61565  88.9862  52.0702 0008848 345.1071  14.9818 13.50806336106037
QIANFAN-33
1 61566U 24185Q   26263.17744147  .00000287  00000+0  19692-3 0  9994
2 61566  88.9832  47.4355 0008499 154.2323 205.9279 13.96753388108446
QIANFAN-34
1 61567U 24185R   26263.12912076  .00000421  00000+0  26479-3 0  9999
2 61567  88.9813  46.6326 0006590 148.0269 212.1312 14.02521863108790
QIANFAN-35
1 61568U 24185S   26263.14189566  .00000444  00000+0  17199-3 0  9996
2 61568  88.9844  43.8571 0008505  84.5068 275.7097 14.28358726110348
QIANFAN-36
1 61569U 24185T   26263.18242300  .00000074  00000+0  88935-4 0  9993
2 61569  88.9799  51.7157 0004805 316.1688  43.9084 13.55647456106051
GAOFEN-12 05
1 61571U 24186A   26263.19938757  .00000209  00000+0  33655-4 0  9995
2 61571  97.9133 270.0941 0001351  54.9705 305.1634 14.81018338103404
ONEWEB-0015
1 61594U 24188A   26262.99375748 -.00000417  00000+0 -12124-2 0  9993
2 61594  87.8962   2.2429 0002219 109.6037 250.5330 13.11416572 96886
ONEWEB-0687
1 61595U 24188B   26262.99910898 -.00000050  00000+0 -16192-3 0  9998
2 61595  87.9197 347.0455 0001989 115.6638 244.4699 13.17650610 98380
ONEWEB-0688
1 61596U 24188C   26263.17967102  .00000019  00000+0  16644-4 0  9996
2 61596  87.9197 347.0099 0003022 113.0026 247.1425 13.17647307 98407
ONEWEB-0689
1 61597U 24188D   26263.10397150  .00000322  00000+0  87345-3 0  9992
2 61597  87.8973   2.1901 0001609 109.6268 250.5034 13.11418838 96892
ONEWEB-0690
1 61598U 24188E   26263.03785591  .00000570  00000+0  15729-2 0  9996
2 61598  87.8972   2.2130 0002123  85.8129 274.3241 13.11416499 97065
ONEWEB-0691
1 61599U 24188F   26263.03277170  .00000563  00000+0  15536-2 0  9994
2 61599  87.8986   2.1320 0002065 109.6917 250.4434 13.11416558 96914
ONEWEB-0692
1 61600U 24188G   26263.20570402  .00000314  00000+0  85021-3 0  9991
2 61600  87.8963   2.1933 0000954  97.2334 262.8902 13.11414460 96920
ONEWEB-0693
1 61601U 24188H   26263.19150068  .00000055  00000+0  10763-3 0  9995
2 61601  87.9191 347.0222 0002424  85.5654 274.5754 13.17651471 98395
ONEWEB-0695
1 61602U 24188J   26263.02937323  .00001634  00000+0  45741-2 0  9992
2 61602  87.8967   2.2199 0001541 115.8895 244.2392 13.11412776 96894
ONEWEB-0697
1 61603U 24188K   26263.21416766 -.00000126  00000+0 -39121-3 0  9990
2 61603  87.8968   2.1760 0001074  93.1236 267.0015 13.11415887 96900
ONEWEB-0698
1 61604U 24188L   26263.03955050  .00000546  00000+0  15049-2 0  9991
2 61604  87.8965   2.2227 0001617  62.1322 297.9969 13.11416246 96902
ONEWEB-0699
1 61605U 24188M   26263.05125650 -.00000489  00000+0 -14377-2 0  9990
2 61605  87.8911  17.3818 0001140  86.3650 273.7607 13.10374927 95739
ONEWEB-0700
1 61606U 24188N   26263.12931322 -.00000391  00000+0 -11561-2 0  9994
2 61606  87.8923  17.2897 0001215  90.5627 269.5640 13.10375737 95733
ONEWEB-0701
1 61607U 24188P   26263.14627709  .00000324  00000+0  89328-3 0  9999
2 61607  87.8912  17.3651 0001069  84.5501 275.5748 13.10376552 95745
ONEWEB-0702
1 61608U 24188Q   26262.55123607 -.00000175  00000+0 -52874-3 0  9994
2 61608  87.8985   2.2421 0000642 111.6304 248.4892 13.11417966 96851
ONEWEB-0704
1 61609U 24188R   26263.13440958 -.00000084  00000+0 -27569-3 0  9993
2 61609  87.8912  17.3587 0000699 112.5876 247.5325 13.10376466 95722
ONEWEB-0705
1 61610U 24188S   26263.06314521  .00000113  00000+0  28856-3 0  9994
2 61610  87.8915  17.3788 0001354 134.8636 225.2602 13.10376158 87887
ONEWEB-0706
1 61611U 24188T   26263.04786176 -.00000725  00000+0 -21146-2 0  9997
2 61611  87.8912  17.3837 0001191 110.2837 249.8418 13.10374287 95809
ONEWEB-0707
1 61612U 24188U   26263.05464931 -.00000483  00000+0 -14209-2 0  9994
2 61612  87.8913  17.3793 0001167 108.9471 251.1782 13.10375761 95744
ONEWEB-0708
1 61613U 24188V   26262.61519740  .00000646  00000+0  18133-2 0  9994
2 61613  87.8901  17.4770 0001831 119.3358 240.7952 13.10373941 95668
TIANPING 3A-01
1 61614U 24189A   26263.17524561  .00001784  00000+0  14440-3 0  9997
2 61614  97.5134 280.3364 0002989 106.7382 253.4170 15.00967881104732
TIANPING 3B-01
1 61615U 24189B   26263.17482431  .00001297  00000+0  10613-3 0  9994
2 61615  97.5117 280.2210 0002679  51.3058 308.8405 15.00995322104696
TIANPING 3B-02
1 61616U 24189C   26263.17509172  .00001303  00000+0  10662-3 0  9999
2 61616  97.5133 280.3502 0001800  90.7389 269.4042 15.00987666104690
COSMOS 2579
1 61730U 24197A   26263.20512369  .00002414  00000+0  98447-4 0  9993
2 61730  97.5563 188.1009 0003003  73.1924 286.9643 15.25436067104959
IONOSFERA-M 1
1 61735U 24199A   26263.13328564  .00000016  00000+0  26828-4 0  9994
2 61735  98.7007 135.2352 0000695 147.1986 212.9235 14.22768943141200
IONOSFERA-M 2
1 61736U 24199B   26263.16736843  .00000028  00000+0  31939-4 0  9993
2 61736  98.7006 135.1787 0001902  67.9991 292.1389 14.22772208144334
SITRO-AIS 16
1 61737U 24199C   26263.15613301  .00002285  00000+0  19801-3 0  9996
2 61737  97.3193  96.5726 0008506 101.6547 258.5631 14.97982000146030
SITRO-AIS 15
1 61738U 24199D   26263.13930459  .00001626  00000+0  14221-3 0  9990
2 61738  97.3184  96.5992 0007617 103.3283 256.8790 14.97991887146034
SITRO-AIS 21
1 61739U 24199E   26263.16342115  .00001674  00000+0  15569-3 0  9999
2 61739  97.3222  94.7252 0014059 101.0888 259.1916 14.95486064145940
SITRO-AIS 22
1 61740U 24199F   26263.14335448  .00001845  00000+0  16773-3 0  9998
2 61740  97.3213  95.0412 0014002 100.8264 259.4536 14.96270188146117
SITRO-AIS 24
1 61741U 24199G   26263.17971280  .00001072  00000+0  98860-4 0  9992
2 61741  97.3218  95.1551 0013749 100.5945 259.6827 14.96519413146097
SITRO-AIS 23
1 61742U 24199H   26263.12905216  .00001374  00000+0  12609-3 0  9995
2 61742  97.3211  95.0609 0013644 101.4639 258.8117 14.96296182145961
SITRO-AIS 13
1 61743U 24199J   26263.17745139  .00001243  00000+0  10893-3 0  9995
2 61743  97.3198  96.8313 0007788  98.7043 261.5063 14.98282993146213
2024-199K
1 61744U 24199K   26263.18180316  .00029071  00000+0  39618-3 0  9992
2 61744  97.2771 140.1047 0004061 291.6359  68.4464 15.57481495149128
POLYTECH UNIVERSE-5
1 61745U 24199L   26263.14235683  .00086872  00000+0  60372-3 0  9990
2 61745  97.2746 144.3892 0001029 215.9675 144.1521 15.74153724152553
COLIBRI-S (RS67S)
1 61746U 24199M   26263.17996220  .00018584  00000+0  31542-3 0  9997
2 61746  97.2796 138.0715 0005736 304.7394  55.3318 15.51517931152126
POLYTECH UNIVERSE-4
1 61747U 24199N   26263.12537909  .00015346  00000+0  28759-3 0  9997
2 61747  97.2825 136.9543 0006284 299.4646  60.5978 15.48736211152046
SITRO-AIS 44
1 61748U 24199P   26263.17908009  .00362244  54733-4  87449-3 0  9996
2 61748  97.2630 147.4257 0003890 161.9355 198.2061 15.96386176152776
VIZARD-ION (RS68S)
1 61749U 24199Q   26263.16821183  .00037252  00000+0  42583-3 0  9994
2 61749  97.2797 141.7090 0002646 280.2675  79.8284 15.62084003152364
2024-199R
1 61750U 24199R   26263.15794782  .00036255  00000+0  41095-3 0  9998
2 61750  97.2775 141.1448 0002922 302.2325  57.8650 15.62307267152348
2024-199S
1 61751U 24199S   26263.17223500  .00006451  00000+0  17310-3 0  9994
2 61751  97.2835 131.9488 0008312 335.9224  24.1631 15.38267960151733
SITRO-AIS 14
1 61752U 24199T   26263.18209970  .00001014  00000+0  90224-4 0  9997
2 61752  97.3196  96.6877 0007608  99.2743 260.9341 14.98060529149346
HORS 3 (RS81S)
1 61753U 24199U   26263.12577600  .00037686  00000+0  43289-3 0  9992
2 61753  97.2793 141.2409 0002470 299.6846  60.4166 15.61956120152343
HORS 4 (RS82S)
1 61754U 24199V   26263.15712531  .00067927  00000+0  55933-3 0  9990
2 61754  97.2724 143.2967 0001213 254.8060 105.3068 15.70181963152495
SITRO-AIS 43
1 61755U 24199W   26263.17189191  .00454262  91018-4  89115-3 0  9998
2 61755  97.2672 147.8042 0004356 165.9996 194.1404 16.00129008152792
SITRO-AIS 42
1 61756U 24199X   26263.18244523  .00277006  30942-4  81931-3 0  9997
2 61756  97.2649 147.4738 0002294 127.2185 232.9299 15.92564615152773
SITRO-AIS 20
1 61758U 24199Z   26263.14574848  .00001847  00000+0  15956-3 0  9990
2 61758  97.3177  96.8513 0007498 105.7341 254.4710 14.98335091149352
SITRO-AIS 19
1 61759U 24199AA  26263.15082185  .00002102  00000+0  18102-3 0  9991
2 61759  97.3181  96.8482 0007697 106.1799 254.0273 14.98311150149356
SITRO-AIS 41
1 61760U 24199AB  26262.97569402  .00291997  34296-4  85576-3 0  9994
2 61760  97.2664 146.9436 0003616 152.2720 207.8748 15.92732909152713
2024-199AC
1 61761U 24199AC  26263.08742117  .00048354  00000+0  49018-3 0  9993
2 61761  97.2717 142.1539 0001536 270.9305  89.1779 15.65110806152419
SIT-HSE
1 61763U 24199AE  26263.16398818  .00035999  00000+0  45481-3 0  9990
2 61763  97.2789 141.3468 0001594 307.7078  52.4034 15.59470352152350
SIT-2086
1 61764U 24199AF  26263.09053299  .00038143  00000+0  47116-3 0  9995
2 61764  97.2749 141.3501 0003007 265.8582  94.2331 15.60051159149194
2024-199AK
1 61768U 24199AK  26263.14430926  .00018935  00000+0  29807-3 0  9995
2 61768  97.2793 139.2525 0003240 323.2360  36.8670 15.53629303149069
KOSAR
1 61769U 24199AL  26263.12713060  .00032543  00000+0  40137-3 0  9997
2 61769  97.2752 141.1586 0001452 310.7750  49.3381 15.60125553149199
SITRO-AIS 48
1 61771U 24199AN  26263.12640169  .00061752  00000+0  55750-3 0  9990
2 61771  97.2724 141.8512 0002802 304.6214  55.4783 15.67950541149255
SITRO-AIS 47
1 61773U 24199AQ  26263.10326669  .00067570  00000+0  57537-3 0  9995
2 61773  97.2707 142.1573 0002075 299.6155  60.4900 15.69366672149275
SITRO-AIS 46
1 61774U 24199AR  26263.08358218  .00089409  00000+0  66291-3 0  9990
2 61774  97.2674 142.8474 0001456 303.1646  56.9478 15.72622145149324
2024-199AS
1 61775U 24199AS  26263.18440794  .00012683  00000+0  25164-3 0  9997
2 61775  97.2815 135.9738 0011739 296.1880  63.8162 15.47077542148844
SITRO-AIS 40
1 61776U 24199AT  26263.03437363  .00088583  00000+0  63835-3 0  9999
2 61776  97.2680 142.9349 0001228 301.8837  58.2307 15.73297364152477
2024-199AU
1 61777U 24199AU  26263.12604535  .00014270  00000+0  26728-3 0  9999
2 61777  97.2816 136.3504 0011553 293.2791  66.7243 15.48716734148864
SITRO-AIS 39
1 61778U 24199AV  26263.12393916  .00061631  00000+0  55919-3 0  9995
2 61778  97.2692 141.6261 0002257 300.3155  59.7882 15.67829523149247
ALTAIR (RS65S)
1 61779U 24199AW  26263.17800488  .00005751  00000+0  15277-3 0  9992
2 61779  97.2871 131.9342 0011209 332.1232  27.9412 15.38600595151710
SITRO-AIS 37
1 61780U 24199AX  26263.16502362  .00068881  00000+0  57411-3 0  9992
2 61780  97.2721 142.3137 0002430 299.6415  60.4605 15.69882006149288
ASRTU-1 (AO-123)
1 61781U 24199AY  26263.06490294  .00005663  00000+0  15882-3 0  9997
2 61781  97.2840 130.8855 0012506 335.3562  24.7083 15.36906202148490
SAMSAT-IONOSPHERE (RS7*)
1 61784U 24199BB  26263.12379939  .00059218  00000+0  55211-3 0  9994
2 61784  97.2744 141.7799 0003578 288.6926  71.3946 15.67160074152389
RTU MIREA 1 (RS51S)
1 61785U 24199BC  26263.16910287  .00092497  00000+0  63882-3 0  9995
2 61785  97.2723 143.3547 0002235 267.0738  93.0271 15.74279618149344
SITRO-AIS 38
1 61786U 24199BD  26263.12817007  .00028807  00000+0  44165-3 0  9995
2 61786  97.2757 138.5926 0005520 312.3304  47.7481 15.54266448149032
2024-199BE
1 61787U 24199BE  26263.15957872  .00006412  00000+0  17368-3 0  9997
2 61787  97.2847 131.4199 0011855 332.5234  27.5383 15.37943920151680
SITRO-AIS 45
1 61788U 24199BF  26263.11870872  .00063678  00000+0  56665-3 0  9998
2 61788  97.2689 141.7531 0002161 303.7006  56.4049 15.68301143149233
SITRO-AIS 17
1 61789U 24199BG  26263.13684065  .00001590  00000+0  13798-3 0  9993
2 61789  97.3179  96.8989 0007100 109.9690 250.2299 14.98340033146252
SITRO-AIS 18
1 61790U 24199BH  26263.15297380  .00002182  00000+0  18780-3 0  9991
2 61790  97.3184  96.8510 0007794 107.0943 253.1135 14.98299583146253
2024-203A
1 61869U 24203A   26263.16779157  .00009566  00000+0  30897-3 0  9998
2 61869  97.4107 333.4651 0010286 357.2289   2.8894 15.32274312103496
2024-203B
1 61870U 24203B   26263.21946633  .00010233  00000+0  32786-3 0  9993
2 61870  97.4086 333.5444 0009823 355.7935   4.3223 15.32518737103519
2024-203C
1 61871U 24203C   26263.19609834  .00006505  00000+0  25299-3 0  9998
2 61871  97.4147 331.7140 0011191  18.8236 341.3414 15.26314683103358
2024-203D
1 61872U 24203D   26263.17796568  .00007433  00000+0  27058-3 0  9994
2 61872  97.4165 332.9079 0010109  12.6830 347.4662 15.28465931103428
2024-205A
1 61894U 24205A   26263.18618822  .00004274  00000+0  24538-3 0  9997
2 61894  97.4048 330.5083 0016017 184.2840 175.8257 15.12944917102568
2024-205B
1 61895U 24205B   26263.19128807  .00007857  00000+0  25441-3 0  9992
2 61895  97.4066 340.8025 0010505  62.5805 297.6504 15.32252358103229
2024-205C
1 61896U 24205C   26263.19114494  .00004650  00000+0  25504-3 0  9998
2 61896  97.4041 331.3273 0050233  35.3892 325.0656 15.13558864102592
2024-205D
1 61897U 24205D   26263.21877906  .00004123  00000+0  20016-3 0  9994
2 61897  97.4012 332.7546 0013287  87.7226 272.5530 15.18945780102701
2024-205E
1 61898U 24205E   26263.14667786  .00004625  00000+0  26212-3 0  9991
2 61898  97.4032 330.8957 0055225  35.6337 324.8560 15.12167379102564
2024-205F
1 61899U 24205F   26263.21563313  .00005716  00000+0  29556-3 0  9997
2 61899  97.4012 332.2523 0007591  66.2657 293.9372 15.16623172102677
2024-205G
1 61900U 24205G   26263.16919826  .00003524  00000+0  20954-3 0  9996
2 61900  97.4046 330.0949 0019002 177.1400 182.9943 15.11746230102502
2024-205H
1 61901U 24205H   26263.19886639  .00009191  00000+0  28297-3 0  9999
2 61901  97.4037 341.3399 0010501  64.6042 295.6287 15.33815031103272
2024-205J
1 61902U 24205J   26263.20870663  .00004942  00000+0  28174-3 0  9995
2 61902  97.4054 330.8652 0012736 194.7000 165.3863 15.13165576102551
2024-205K
1 61903U 24205K   26263.22850185  .00010567  00000+0  33339-3 0  9994
2 61903  97.4031 340.1913 0010154  64.7728 295.4566 15.32996918103195
2024-205L
1 61904U 24205L   26263.21223874  .00004386  00000+0  26693-3 0  9990
2 61904  97.4044 330.3507 0066604  40.5461 320.0702 15.09053103102524
2024-205M
1 61905U 24205M   26262.89757102  .00014083  00000+0  36802-3 0  9998
2 61905  97.3522 336.9709 0021291 112.2959 248.0546 15.38648828103008
2024-205N
1 61906U 24205N   26263.23720991  .00017385  00000+0  41467-3 0  9995
2 61906  97.4096 345.1791 0008416  60.0332 300.1749 15.41585848103504
2024-205P
1 61907U 24205P   26263.22705083  .00002683  00000+0  13573-3 0  9992
2 61907  97.4045 333.6310 0013341  88.4507 271.8255 15.17808442102741
2024-205Q
1 61908U 24205Q   26263.20488736  .00003776  00000+0  18759-3 0  9999
2 61908  97.4047 333.6943 0013347  88.1782 272.0981 15.18195844102749
HAIYANG-4 01
1 61936U 24208A   26263.20676388  .00000258  00000+0  47529-4 0  9995
2 61936  98.0075 269.6775 0001110 116.3843 243.7479 14.73290566 99431
SUPERVIEW NEO-2 03
1 62079U 24218B   26262.60314799 -.00000040  00000+0  12679-5 0  9992
2 62079  97.4387 268.5970 0001620  90.5414 269.6006 15.19720846100781
SUPERVIEW NEO-2 04
1 62080U 24218C   26262.60314839 -.00000025  00000+0  19878-5 0  9990
2 62080  97.4393 268.5976 0001475  84.4341 275.7062 15.19720663100782
KINEIS-5C
1 62081U 24219A   26263.20572782  .00000399  00000+0  70720-4 0  9997
2 62081  97.9154  59.4842 0003731 358.0830   2.0363 14.72320166 97739
KINEIS-5D
1 62082U 24219B   26263.15415525  .00000579  00000+0  98714-4 0  9996
2 62082  97.9269  59.6174 0004337 343.8536  16.2532 14.72589169 97730
KINEIS-5E
1 62083U 24219C   26263.18306920  .00000377  00000+0  67297-4 0  9996
2 62083  97.9112  59.5189 0005571 333.1625  26.9294 14.72292593 97741
KINEIS-5A
1 62084U 24219D   26263.22748709 -.00002196  00000+0 -34030-3 0  9998
2 62084  97.9052  59.7982 0004643  20.2395 339.8995 14.72255716 97756
KINEIS-5B
1 62085U 24219E   26263.20696807  .00000669  00000+0  98815-4 0  9991
2 62085  98.0170  66.5616 0001464   9.8124 350.3116 14.78495451 98045
GUANGCHUAN 01
1 62111U 24221A   26263.16373146  .00002110  00000+0  12972-3 0  9999
2 62111  49.9435  59.6697 0007024 321.1426  38.9019 15.14359806100587
GUANGCHUAN 02
1 62112U 24221B   26263.16529466  .00002236  00000+0  13654-3 0  9995
2 62112  49.9419  59.5766 0005831   9.5649 350.5411 15.14354439100579
KONDOR-FKA NO. 2
1 62138U 24223A   26263.19117359  .00002267  00000+0  10926-3 0  9995
2 62138  97.4426 105.2690 0001775  87.4002 272.7436 15.19741195100137
2024-226A
1 62185U 24226A   26263.20775527 -.00000101  00000+0  46057-4 0  9990
2 62185  50.0042 265.0008 0056107  87.5137 273.2170 13.60155646 89642
2024-226B
1 62186U 24226B   26263.18834962 -.00000090  00000+0  68385-4 0  9992
2 62186  50.0061 340.7893 0011580   2.4969 357.5964 13.41508574 88469
TJS-13
1 62188U 24227A   26262.60881056  .00000518  00000+0  00000+0 0  9996
2 62188  63.8372  27.5816 6979521 269.4012  17.4561  2.00626286 13143
COSMOS 2580
1 62216U 24230A   26263.18975366 -.00000053  00000+0  16184-4 0  9994
2 62216  67.1482 179.9373 0005419 266.4252  93.6213 13.96677478 91408
QIANFAN-37
1 62238U 24232B   26263.13534745  .00000102  00000+0  13910-3 0  9994
2 62238  89.0157  13.0758 0001931  87.3188 272.8184 13.51030619137165
QIANFAN-38
1 62239U 24232C   26263.16012147  .00000114  00000+0  15775-3 0  9999
2 62239  89.0163  13.0082 0016504 102.7278 257.5719 13.51028848137229
QIANFAN-39
1 62240U 24232D   26263.12194713  .00000322  00000+0  12997-3 0  9991
2 62240  89.0141   5.2869 0014498 230.6217 129.3693 14.25561832141473
QIANFAN-40
1 62241U 24232E   26263.11897986  .00000121  00000+0  16775-3 0  9998
2 62241  89.0191  12.6752 0015587 109.7978 250.4855 13.51029103137583
QIANFAN-41
1 62242U 24232F   26263.12718189  .00000105  00000+0  14303-3 0  9994
2 62242  89.0162  12.9577 0015894  99.3567 260.9382 13.51030241137248
QIANFAN-42
1 62243U 24232G   26263.15894946  .00000306  00000+0  12542-3 0  9990
2 62243  89.0140   5.3715 0013135 238.0546 121.9370 14.24648853141434
QIANFAN-43
1 62244U 24232H   26263.12307373  .00000104  00000+0  14216-3 0  9997
2 62244  89.0166  13.0358 0017451 103.9241 256.3852 13.51029689105852
QIANFAN-44
1 62245U 24232J   26263.11075427  .00000117  00000+0  16151-3 0  9993
2 62245  89.0164  12.8432 0015660 101.3949 258.8962 13.51029966137322
QIANFAN-45
1 62246U 24232K   26263.15191716  .00000121  00000+0  16798-3 0  9990
2 62246  89.0168  12.9957 0016314 100.9161 259.3827 13.51028746137251
QIANFAN-46
1 62247U 24232L   26263.17653984  .00000095  00000+0  12799-3 0  9990
2 62247  89.0164  13.0507 0016386 105.7455 254.5505 13.51029742137212
QIANFAN-47
1 62248U 24232M   26263.18069890  .00000108  00000+0  14902-3 0  9992
2 62248  89.0160  12.9719 0016803 104.9724 255.3289 13.51029028137244
QIANFAN-48
1 62249U 24232N   26263.21782529  .00000102  00000+0  13862-3 0  9996
2 62249  89.0164  12.9811 0019057 107.2101 253.1138 13.51023370137255
QIANFAN-49
1 62250U 24232P   26263.13132442  .00000091  00000+0  12234-3 0  9991
2 62250  89.0163  12.9999 0016133 102.6607 257.6349 13.51030472105838
QIANFAN-50
1 62251U 24232Q   26263.15597523  .00000112  00000+0  15451-3 0  9997
2 62251  89.0168  13.0210 0017792 103.7675 256.5458 13.51029971105865
QIANFAN-51
1 62252U 24232R   26263.13955546  .00000097  00000+0  13175-3 0  9992
2 62252  89.0162  12.9992 0015264 107.1697 253.1127 13.51028918105854
QIANFAN-52
1 62253U 24232S   26263.09427087  .00000096  00000+0  13024-3 0  9994
2 62253  89.0158  12.8663 0017283 100.2704 260.0397 13.51031004105935
QIANFAN-53
1 62254U 24232T   26263.14783391  .00000107  00000+0  14729-3 0  9990
2 62254  89.0166  12.9868 0016168 101.1587 259.1383 13.51027705105907
QIANFAN-54
1 62255U 24232U   26263.11485287  .00000112  00000+0  15452-3 0  9991
2 62255  89.0157  12.6437 0003879 125.3566 234.7948 13.51029524137404
PROBA-3 CSC
1 62256U 24233A   26261.67968596 -.00000077  00000+0  00000+0 0  9991
2 62256  59.8066  89.6973 7995376 208.1416  62.4365  1.22078122  7960
PROBA-3 OSC
1 62258U 24233C   26261.67968561 -.00000077  00000+0  00000+0 0  9995
2 62258  59.7957  89.6952 7995365 208.1420  62.4358  1.22078015  7952
SENTINEL-1C
1 62261U 24235A   26262.21262481  .00000067  00000+0  23969-4 0  9992
2 62261  98.1823 268.1880 0001357  90.3614 269.7741 14.59199825 95128
GJZ 01
1 62290U 24238A   26263.22323554 -.00000049  00000+0  73217-4 0  9990
2 62290  59.9160 358.9924 0017095 347.5209  12.5374 13.75233607 88671
GJZ 02
1 62291U 24238B   26263.15224635 -.00000069  00000+0  51501-4 0  9997
2 62291  59.9196 323.3761 0007047  87.0464 273.1351 13.75214175 89345
GJZ 03
1 62292U 24238C   26263.22385843 -.00000053  00000+0  68848-4 0  9990
2 62292  59.9157 343.3532 0025820  63.0669 297.2972 13.75217022 88968
GJZ 04
1 62293U 24238D   26263.22871096 -.00000042  00000+0  80113-4 0  9998
2 62293  59.9158 343.3823 0021044  69.1654 291.1605 13.75208646 88988
GJZ 05
1 62294U 24238E   26263.22728088 -.00000069  00000+0  52476-4 0  9991
2 62294  59.9145 343.3042 0022727  69.2193 291.1247 13.75198527 88984
HULIANWANG DIGUI-01
1 62323U 24240A   26263.18901797  .00000009  00000+0 -12567-4 0  9993
2 62323  86.4985 311.2030 0001705  89.6099 270.5230 13.24414235 85216
HULIANWANG DIGUI-02
1 62324U 24240B   26263.19648442  .00000011  00000+0 -77319-5 0  9990
2 62324  86.5014 311.3865 0001734  89.6125 270.5208 13.24414206 85224
HULIANWANG DIGUI-03
1 62325U 24240C   26263.18150970  .00000021  00000+0  13739-4 0  9999
2 62325  86.4967 311.0915 0001653  91.2097 268.9226 13.24412923 85215
HULIANWANG DIGUI-04
1 62326U 24240D   26263.17396021  .00000038  00000+0  55383-4 0  9997
2 62326  86.4976 311.1435 0001535  90.1268 270.0041 13.24413158 85211
HULIANWANG DIGUI-05
1 62327U 24240E   26263.16637448  .00000051  00000+0  83695-4 0  9990
2 62327  86.5029 311.4658 0001469  92.7973 267.3330 13.24413928 85214
HULIANWANG DIGUI-06
1 62328U 24240F   26263.15139081  .00000035  00000+0  48229-4 0  9996
2 62328  86.4965 311.0701 0001601  85.0639 275.0677 13.24411310 85213
HULIANWANG DIGUI-07
1 62329U 24240G   26263.14369251  .00000025  00000+0  24828-4 0  9998
2 62329  86.4936 310.8841 0001658  88.7354 271.3970 13.24413944 85210
HULIANWANG DIGUI-08
1 62330U 24240H   26263.15879975  .00000047  00000+0  76517-4 0  9996
2 62330  86.5020 311.4094 0001406  92.4243 267.7052 13.24414226 85218
HULIANWANG DIGUI-09
1 62331U 24240J   26263.13619932  .00000011  00000+0 -75581-5 0  9993
2 62331  86.4986 311.2468 0001675  90.9207 269.2119 13.24412751 85204
HULIANWANG DIGUI-10
1 62332U 24240K   26263.12860781  .00000012  00000+0 -66960-5 0  9995
2 62332  86.5017 311.4301 0001622  87.1753 272.9566 13.24413640 85200
PIESAT-2 09
1 62333U 24241A   26263.20717637  .00005008  00000+0  26868-3 0  9997
2 62333  97.5363 209.9784 0002032  95.5968 264.5496 15.15410487 97187
PIESAT-2 10
1 62334U 24241B   26263.15855376  .00005037  00000+0  27021-3 0  9999
2 62334  97.5405 210.3743 0001891  76.8250 283.3193 15.15408487 97184
PIESAT-2 11
1 62335U 24241C   26263.18524887  .00005055  00000+0  27255-3 0  9992
2 62335  97.5348 209.7830 0002061  62.1989 297.9452 15.15223630 97192
PIESAT-2 12
1 62336U 24241D   26263.19470053  .00005525  00000+0  29659-3 0  9991
2 62336  97.5303 209.6953 0001524  73.9756 286.1644 15.15338267 97189
NAVSTAR 83 (USA 440)
1 62339U 24242A   26261.08648965 -.00000094  00000+0  00000+0 0  9992
2 62339  54.8023 330.4119 0019531   0.8173   9.1481  2.00574134 13122
STRIX-2
1 62406U 24248A   26263.20650197  .00004032  00000+0  25295-3 0  9991
2 62406  97.6384 218.3971 0016028  16.9390 343.2370 15.09786296 95923
RESURS-P 5
1 62430U 24250A   26263.18454909  .00002023  00000+0  66821-4 0  9990
2 62430  97.2771 186.9098 0001096 123.4799 236.6548 15.32534822 97096
SDX01
1 62459U 24253A   26263.16440797  .00224577  30317-4  59456-3 0  9996
2 62459  54.9905 253.2736 0008523  63.4053 296.7873 15.94263520 97541
SDX02
1 62460U 24253B   26263.16954002  .00229947  31212-4  61470-3 0  9997
2 62460  54.9908 253.3158 0008583  64.5930 295.6010 15.94074647 97537
CENTISPACE-1 S7
1 62576U 25007B   26263.15603808 -.00000068  00000+0  68790-4 0  9998
2 62576  54.9776 319.8420 0010666 248.9893 110.9922 13.80623630 87837
CENTISPACE-1 S8
1 62577U 25007C   26263.21375001 -.00000071  00000+0  65885-4 0  9993
2 62577  54.9862 319.2885 0012537 313.8573  46.1346 13.80626407 87856
CENTISPACE-1 S9
1 62578U 25007D   26263.17057287 -.00000074  00000+0  63157-4 0  9995
2 62578  54.9836 320.1434 0009411 260.3006  99.6888 13.80622812 87831
CENTISPACE-1 S10
1 62579U 25007E   26263.19206205 -.00000062  00000+0  74649-4 0  9999
2 62579  54.9901 319.2969 0009268 282.7836  77.2085 13.80624496 87859
CENTISPACE-1 S11
1 62580U 25007F   26263.20655626 -.00000050  00000+0  86319-4 0  9992
2 62580  54.9788 318.7875 0009029 287.4960  72.5010 13.80560639 87853
CENTISPACE-1 S12
1 62581U 25007G   26263.16309692 -.00000074  00000+0  62892-4 0  9993
2 62581  54.9781 319.2088 0013798 319.4713  40.5215 13.80621847 87850
CENTISPACE-1 S13
1 62582U 25007H   26263.14852963 -.00000070  00000+0  66715-4 0  9990
2 62582  54.9820 319.4012 0009066 271.7355  88.2563 13.80626345 87841
CENTISPACE-1 S14
1 62583U 25007J   26263.19953190 -.00000070  00000+0  67169-4 0  9994
2 62583  54.9855 320.3489 0009180 280.9358  79.0565 13.80623797 87838
CENTISPACE-1 S15
1 62584U 25007K   26263.18588958 -.00000058  00000+0  78532-4 0  9992
2 62584  54.9878 320.4070 0011596 259.8702 100.0947 13.80584645 87852
CENTISPACE-1 S16
1 62585U 25007L   26263.18075473 -.00000060  00000+0  76079-4 0  9993
2 62585  54.9893 319.1725 0010408 274.6476  85.3291 13.80533917 87837
BUZZER-1
1 62609U 25009A   26262.20125842  .00001833  00000+0  82714-4 0  9991
2 62609  97.3855 338.8043 0007795  17.0432 343.1065 15.22234234 92995
EDISON-1
1 62610U 25009B   26262.07430460  .00008990  00000+0  27888-3 0  9994
2 62610  97.3945 344.5625 0004430 349.7635  10.3517 15.33624368 93337
BALKAN-1
1 62611U 25009C   26263.18685591  .00004116  00000+0  16243-3 0  9994
2 62611  97.3853 341.2709 0006655  14.5540 345.5889 15.26085516 93249
GESAT GEN1
1 62612U 25009D   26262.17754262  .00006239  00000+0  21778-3 0  9992
2 62612  97.3960 343.7424 0001344  78.6022 281.5370 15.29953428 93283
FLOCK 4G-8
1 62613U 25009E   26263.01247845  .00007149  00000+0  23800-3 0  9990
2 62613  97.3945 344.6982 0003343 359.7781   0.3458 15.31435653 93420
TRANSPORTER-12 OBJECT G
1 62615U 25009G   26263.01189948  .00004251  00000+0  16411-3 0  9992
2 62615  97.3876 341.9628 0005934   9.0210 351.1135 15.26800320 93264
INNOCUBE (TUBSAT-31)
1 62616U 25009H   26261.46187218  .00005340  00000+0  20032-3 0  9992
2 62616  97.3838 340.5188 0005865  18.6413 341.5040 15.27636217 93051
SCOT-1 (SCOT)
1 62617U 25009J   26263.21789060  .00104298  00000+0  88855-3 0  9990
2 62617  97.3786 354.9646 0003131 262.5752  97.5154 15.69229219 94176
AE1D
1 62618U 25009K   26262.24802838  .00923369  44888-3  13719-2 0  9992
2 62618  97.3826 358.1700 0011366 274.5923  85.4059 16.04843757 94259
IRIS-F3
1 62619U 25009L   26262.44286343  .00005858  00000+0  21524-3 0  9994
2 62619  97.3989 342.6021 0005977   5.7831 354.3477 15.28284971 93216
TRANSPORTER-12 OBJECT M
1 62620U 25009M   26263.12960057  .01861820  31375-2  17127-2 0  9998
2 62620  97.3716 359.3755 0013982 278.5721  81.3980 16.12984152 94419
FLOCK 4G-9
1 62622U 25009P   26262.46030246  .00005988  00000+0  21214-3 0  9999
2 62622  97.3900 342.7793 0004288  10.1984 349.9343 15.29478316 93269
OTTER
1 62623U 25009Q   26262.47357040  .00006578  00000+0  21926-3 0  9991
2 62623  97.3970 344.3524 0003958 354.7556   5.3643 15.31429350 93344
FLOCK 4G-7
1 62624U 25009R   26262.49167862  .00006349  00000+0  21509-3 0  9998
2 62624  97.3882 343.3529 0002252  20.7816 339.3517 15.30919117 93328
FLOCK 4G-12
1 62625U 25009S   26263.01228803  .00006823  00000+0  23111-3 0  9999
2 62625  97.3966 344.4865 0003290 354.4728   5.6476 15.30896546 93405
MBZ-SAT
1 62626U 25009T   26262.17626843  .00001095  00000+0  57387-4 0  9991
2 62626  97.3907 338.2892 0005422  36.6051 323.5552 15.17835312 92943
RAY 1.0
1 62627U 25009U   26263.15180433  .00001929  00000+0  89515-4 0  9995
2 62627  97.3918 339.7567 0007283 310.6966  49.3637 15.21211867 93113
ION SCV-016
1 62628U 25009V   26263.06873030  .00019076  00000+0  39326-3 0  9994
2 62628  97.4227 290.9432 0574735 165.4452 196.4116 14.54438395 89320
FLOCK 4G-11
1 62629U 25009W   26263.18684071  .00007857  00000+0  26393-3 0  9997
2 62629  97.3862 344.1444 0002334  19.2784 340.8545 15.31114283 93447
ION SCV-014
1 62630U 25009X   26262.96585696  .00000692  00000+0  52276-4 0  9997
2 62630  97.4768 333.2548 0005073 159.6723 200.4706 15.05465226 92248
PELICAN-2
1 62631U 25009Y   26261.50714486  .00004272  00000+0  10664-3 0  9990
2 62631  97.2027 351.1143 0000728  50.3425 309.7886 15.40714450 93926
SIGI
1 62632U 25009Z   26263.20189087  .00003267  00000+0  13185-3 0  9997
2 62632  97.3940 342.2819 0002808   7.6134 352.5147 15.25499278 93282
FLOCK 4G-26
1 62633U 25009AA  26262.53814601  .00006711  00000+0  22482-3 0  9997
2 62633  97.3959 344.2057 0002432 353.1699   6.9509 15.31260143 93340
FLOCK 4G-28
1 62634U 25009AB  26263.19638755  .00006579  00000+0  18832-3 0  9991
2 62634  97.3979 348.1768 0001294  23.9544 336.1759 15.36284187 93660
GARAI-A
1 62635U 25009AC  26263.17834413  .00003660  00000+0  17994-3 0  9995
2 62635  97.3879 340.8544 0002429  35.6520 324.4876 15.18646957 93191
FLOCK 4G-24
1 62637U 25009AE  26263.19283000  .00007391  00000+0  24555-3 0  9995
2 62637  97.3967 345.1935 0001870 339.4790  20.6376 15.31496149 93467
FLOCK 4G-3
1 62639U 25009AG  26263.20628692  .00004645  00000+0  15756-3 0  9991
2 62639  97.3968 344.8689 0001695 356.2233   3.8995 15.31022538 93430
NUSAT-45 (UZMASAT-1)
1 62640U 25009AH  26263.02146138  .00005614  00000+0  19599-3 0  9999
2 62640  97.3532 343.3026 0002446  39.6912 320.4507 15.29987711 93425
FLOCK 4G-27
1 62641U 25009AJ  26263.03362424  .00007900  00000+0  26665-3 0  9991
2 62641  97.3876 343.9542 0001591  18.0330 342.0967 15.30957687 93400
FLOCK 4G-29
1 62642U 25009AK  26262.44984724  .00028787  00000+0  89142-3 0  9994
2 62642  97.3952 344.1668 0001206 284.5750  75.5359 15.33417831 93326
ANSER LEADER-S
1 62644U 25009AM  26262.52953216  .00046593  00000+0  62106-3 0  9993
2 62644  97.3967 352.0400 0000515 300.2604  59.8601 15.57991512 93843
FLOCK 4G-22
1 62645U 25009AN  26261.99243057  .00007843  00000+0  26505-3 0  9997
2 62645  97.3950 343.6263 0001470   7.3851 352.7411 15.30921700 93262
FLOCK 4G-25
1 62646U 25009AP  26262.47965328  .00007099  00000+0  23870-3 0  9999
2 62646  97.3956 344.2198 0001404  22.4193 337.7109 15.31119644 93340
FLOCK 4G-23
1 62647U 25009AQ  26262.49116679  .00037950  00000+0  95094-3 0  9995
2 62647  97.3859 344.5517 0000361 255.3774 104.7432 15.39963062 93401
LIME
1 62648U 25009AR  26261.96855304  .00007687  00000+0  24694-3 0  9994
2 62648  97.3896 344.0342 0002424  54.0317 306.1150 15.32563777 93321
AE1C
1 62649U 25009AS  26261.51018105  .00031454  00000+0  53977-3 0  9991
2 62649  97.3986 351.3405 0000605  61.1050 299.0263 15.51121765 93722
FLOCK 4G-34
1 62650U 25009AT  26263.02105242  .00007381  00000+0  25108-3 0  9997
2 62650  97.3904 344.1671 0001586  20.2762 339.8542 15.30727921 93416
FLOCK 4G-21
1 62651U 25009AU  26263.18733542  .00031910  00000+0  87142-3 0  9996
2 62651  97.3933 345.8484 0001218   2.5967 357.5284 15.37350702 93529
FLOCK 4G-31
1 62652U 25009AV  26263.18606639  .00007071  00000+0  24074-3 0  9999
2 62652  97.3912 344.2976 0001484  44.8871 315.2490 15.30716950 93438
PAUSAT-1
1 62653U 25009AW  26263.19399571  .00002469  00000+0  10437-3 0  9999
2 62653  97.3889 341.4931 0001959  42.4676 317.6712 15.24167239 93252
BRO-16
1 62654U 25009AX  26261.16851994  .00002848  00000+0  11868-3 0  9997
2 62654  97.3996 340.5130 0001765  29.9115 330.2223 15.24521532 92961
TRANSPORTER-12 OBJECT AY
1 62655U 25009AY  26261.18127260  .00021521  00000+0  44516-3 0  9997
2 62655  97.3984 349.1815 0000309 274.6600  85.4614 15.45820057 93540
TRANSPORTER-12 OBJECT AZ
1 62656U 25009AZ  26263.17603532  .00009662  00000+0  28590-3 0  9996
2 62656  97.3887 346.3686 0001550  44.3037 315.8330 15.35107182 93588
TRANSPORTER-12 OBJECT BA
1 62657U 25009BA  26262.49481072  .00005996  00000+0  20700-3 0  9995
2 62657  97.3885 343.6886 0000828  10.2637 349.8621 15.30331833 93345
TROLL
1 62658U 25009BB  26262.00703401  .00006514  00000+0  21589-3 0  9999
2 62658  97.3831 343.4453 0002361  70.3999 289.7497 15.31621461147801
FLOCK 4G-4
1 62659U 25009BC  26262.19592384  .00018324  00000+0  51850-3 0  9992
2 62659  97.3874 343.5114 0002022 348.2928  11.8269 15.36355670150915
FLOCK 4G-6
1 62660U 25009BD  26262.17880685  .00007558  00000+0  25435-3 0  9993
2 62660  97.3880 343.1587 0003081  23.5676 336.5706 15.31067624150875
FLOCK 4G-2
1 62661U 25009BE  26262.48237675  .00007622  00000+0  25319-3 0  9996
2 62661  97.3950 344.2021 0003643  10.6174 349.5144 15.31486059150959
FLOCK 4G-5
1 62663U 25009BG  26263.17478549  .00005738  00000+0  18889-3 0  9992
2 62663  97.3973 345.3598 0002561 355.4322   4.6896 15.31892678 93474
LYRA-1
1 62664U 25009BH  26262.95718546  .00006633  00000+0  30829-3 0  9995
2 62664  97.3895 335.6109 0007841 213.4333 146.6408 15.20285752 92819
JAY-D2
1 62665U 25009BJ  26263.14571594  .00002310  00000+0  10155-3 0  9996
2 62665  97.3820 340.0248 0004480  19.0654 341.0750 15.22887277 93188
FLOCK 4G-1
1 62666U 25009BK  26262.53740927  .00012418  00000+0  41127-3 0  9990
2 62666  97.3966 344.2366 0003714   4.2577 355.8695 15.31438508 93344
FLOCK 4G-14
1 62667U 25009BL  26263.04622450  .00007463  00000+0  25230-3 0  9999
2 62667  97.3968 344.4958 0003577   0.3195 359.8048 15.30921699 93406
JAY-C
1 62668U 25009BM  26263.14667179  .00002234  00000+0  98324-4 0  9994
2 62668  97.3893 340.5523 0004750  26.2255 333.9222 15.22884285150824
JAY-D1
1 62669U 25009BN  26263.21158434  .00002270  00000+0  99853-4 0  9990
2 62669  97.3965 341.1459 0005555  25.2590 334.8917 15.22887974150835
FLOCK 4G-10
1 62670U 25009BP  26263.18276287  .00007727  00000+0  25998-3 0  9995
2 62670  97.3864 343.8502 0004047  18.7523 341.3867 15.31063194151064
SKYBEE-A01
1 62671U 25009BQ  26263.20205369  .00001579  00000+0  73473-4 0  9993
2 62671  97.3920 340.0939 0005508  18.5942 341.5494 15.21389638150786
TRANSPORTER-12 OBJECT BR
1 62672U 25009BR  26263.15174139  .00002602  00000+0  11177-3 0  9998
2 62672  97.3886 340.8134 0004815  21.0613 339.0822 15.23567058150847
LEO EXPRESS 2
1 62673U 25009BS  26262.92887897  .00004026  00000+0  17791-3 0  9995
2 62673  97.4175 335.3362 0003372 159.1365 201.0010 15.22283649151013
TRANSPORTER-12 OBJECT BT
1 62674U 25009BT  26260.79645572  .00007925  00000+0  25975-3 0  9995
2 62674  97.3997 343.0610 0004130   2.9821 357.1444 15.31901281150733
FLOCK 4G-36
1 62675U 25009BU  26263.17823846  .00007798  00000+0  26259-3 0  9997
2 62675  97.3958 344.5484 0003986   2.7116 357.4146 15.31034134 93427
FOSSASAT-2E19 (TAT-E)
1 62676U 25009BV  26262.16397915  .00001947  00000+0  89385-4 0  9999
2 62676  97.3891 338.7560 0005595  27.1035 333.0492 15.21569150 92987
ELEVATION-1
1 62677U 25009BW  26263.04591186  .00024224  00000+0  48545-3 0  9999
2 62677  97.3744 349.6841 0002492 344.1494  15.9677 15.46719579151461
FLOCK 4G-15
1 62678U 25009BX  26263.17981270  .00008043  00000+0  26971-3 0  9991
2 62678  97.3958 344.7071 0004032 358.1312   1.9914 15.31160762151070
FLOCK 4G-30
1 62679U 25009BY  26262.48019542  .00033690  00000+0  87667-3 0  9994
2 62679  97.3845 344.0217 0001809 356.3566   3.7666 15.38830586151014
FLOCK 4G-18
1 62680U 25009BZ  26262.44664331  .00032875  00000+0  91547-3 0  9990
2 62680  97.3940 344.2746 0003840 359.1231   1.0006 15.36730975150981
FLOCK 4G-17
1 62681U 25009CA  26263.00458079  .00006767  00000+0  22675-3 0  9991
2 62681  97.3861 343.9314 0004301  14.9335 345.2033 15.31242403151056
FOREST-3
1 62682U 25009CB  26263.02623325  .00004081  00000+0  16256-3 0  9997
2 62682  97.3839 341.2860 0005296  27.5015 332.6502 15.25785058150891
IRIS-F2
1 62684U 25009CD  26262.44856542  .00006678  00000+0  24187-3 0  9999
2 62684  97.3824 341.3663 0005589  34.4730 325.6872 15.28705750150857
FLOCK 4G-33
1 62685U 25009CE  26262.47762179  .00003898  00000+0  15234-3 0  9999
2 62685  97.3887 341.3015 0005369  14.1515 345.9873 15.26446657 93184
FOSSASAT-2E18 (TAT-A)
1 62686U 25009CF  26263.17890882  .00001928  00000+0  88839-4 0  9995
2 62686  97.3906 339.8155 0006232  19.8858 340.2620 15.21461071 93131
BLUEBON
1 62688U 25009CH  26263.19018197  .00005719  00000+0  18757-3 0  9993
2 62688  97.3932 346.0573 0001894  50.4727 309.6682 15.32014397 93517
TRANSPORTER-12 OBJECT CL
1 62691U 25009CL  26263.16200514  .00042380  00000+0  66440-3 0  9997
2 62691  97.3682 350.4546 0001722 224.0651 136.0465 15.53588722 93902
LEMUR-2-WILSON
1 62694U 25009CP  26262.44661141  .00001414  00000+0  13289-3 0  9993
2 62694  97.6962 339.2435 0004759  86.3851 273.7914 14.95491919 91446
CONNECTA IOT-8
1 62695U 25009CQ  26262.45206308  .00001138  00000+0  11368-3 0  9994
2 62695  97.7010 338.4020 0003902  62.9573 297.2045 14.93395170 91360
LEMUR-2-STAR-FOX
1 62696U 25009CR  26262.95801466  .00004649  00000+0  34458-3 0  9991
2 62696  97.6887 343.9096 0003517 122.9018 237.2547 15.03591197 91796
IRIDE-MS2-HEO-1
1 62697U 25009CS  26263.16404520  .00001445  00000+0  13848-3 0  9997
2 62697  97.6975 339.6908 0003572  68.2380 291.9221 14.94676118 91527
ICEYE-X42
1 62698U 25009CT  26263.04924576  .00001236  00000+0  12793-3 0  9999
2 62698  97.7394 339.6394 0001377 105.9449 254.1921 14.91834398 91430
LEMUR-2-ARIANNA
1 62699U 25009CU  26262.15740352  .00003178  00000+0  23694-3 0  9998
2 62699  97.6828 342.8172 0003473 132.4597 227.6922 15.03603901 91670
ICEYE-X41
1 62700U 25009CV  26263.05179440  .00001741  00000+0  15537-3 0  9996
2 62700  97.7017 341.1971 0003204  78.8057 281.3525 14.97241797 91601
FIREFLY-1
1 62701U 25009CW  26263.21212588  .00000690  00000+0  72198-4 0  9995
2 62701  97.6999 339.3339 0004319  44.6521 315.5045 14.92753619 91492
NORSAT 4
1 62702U 25009CX  26262.47271991  .00000883  00000+0  85259-4 0  9992
2 62702  97.6980 339.5134 0003014  86.9007 273.2558 14.95318919 91455
CONNECTA IOT-5
1 62703U 25009CY  26262.16843243  .00001029  00000+0  10092-3 0  9999
2 62703  97.6963 338.9465 0003796 103.6248 256.5395 14.94354365 91400
FIREFLY-2
1 62704U 25009CZ  26263.18961250  .00000421  00000+0  46133-4 0  9993
2 62704  97.6954 339.0459 0008052 115.9831 244.2219 14.92710358 91494
ICEYE-X45
1 62705U 25009DA  26263.20233664  .00001466  00000+0  12020-3 0  9995
2 62705  97.8566 350.7720 0001024  97.1777 262.9563 15.00832612 91935
LEMUR-2-ALISIA
1 62706U 25009DB  26263.17972553  .00005622  00000+0  41161-3 0  9995
2 62706  97.6900 344.7628 0001714 263.4698  96.6332 15.03965794114430
ICEYE-X44
1 62707U 25009DC  26263.18215837  .00001863  00000+0  16928-3 0  9998
2 62707  97.7000 340.8013 0002242 126.0214 234.1216 14.96453295114140
CENTAURI-7
1 62708U 25009DD  26263.17599821  .00003024  00000+0  25884-3 0  9998
2 62708  97.7038 342.2482 0001478 111.9431 248.1949 14.98328698 91683
CONNECTA IOT-6
1 62709U 25009DE  26262.47761920  .00000579  00000+0  58950-4 0  9995
2 62709  97.6959 339.0320 0002107 140.7736 219.3638 14.94430344 91445
FIREFLY-3
1 62710U 25009DF  26263.16855279  .00000816  00000+0  84372-4 0  9996
2 62710  97.6989 339.3123 0002673 185.7880 174.3309 14.92739830 91503
LEMUR-2-ROUNDTRIPPER
1 62711U 25009DG  26263.00390294  .00005186  00000+0  36883-3 0  9999
2 62711  97.7181 345.6069 0004052 161.1765 198.9612 15.05094525 91881
LEMUR-2-MYNAMEISJEFF
1 62712U 25009DH  26263.00224826  .00004740  00000+0  33774-3 0  9998
2 62712  97.7231 346.0455 0002195 191.0587 169.0591 15.05073785 91882
SATGUS
1 62713U 25009DJ  26262.47911778  .00003980  00000+0  30599-3 0  9995
2 62713  97.6889 342.9838 0005259 132.4251 227.7420 15.02275477 91716
CENTAURI-8
1 62714U 25009DK  26263.20628007  .00001812  00000+0  15724-3 0  9993
2 62714  97.6982 342.0606 0001721 162.9562 197.1718 14.98284678 91704
CONNECTA IOT-7
1 62715U 25009DL  26262.45537819  .00001135  00000+0  11069-3 0  9996
2 62715  97.7017 339.4615 0000780 157.6053 202.5202 14.94385215 91428
PRSC-EO1
1 62725U 25012A   26263.20155905  .00004270  00000+0  21531-3 0  9995
2 62725  97.4143 333.7544 0003828 311.5214  48.5691 15.17665094 92603
2025-012B
1 62726U 25012B   26262.96376581  .00002904  00000+0  13043-3 0  9994
2 62726  97.4151 334.7002 0007436 310.7161  49.3428 15.21940622 92665
2025-012C
1 62727U 25012C   26263.21834056  .00007603  00000+0  27078-3 0  9994
2 62727  97.4185 338.4119 0005718 292.3003  67.7630 15.29210471 92900
2025-013A
1 62729U 25013A   26263.17286829  .00027564  00000+0  68128-3 0  9990
2 62729  97.6396  85.6465 0007446 317.7573  42.3098 15.40423999 92559
2025-013B
1 62730U 25013B   26263.20336730  .00002136  00000+0  12864-3 0  9997
2 62730  97.6650  72.7793 0014258  48.3053 311.9395 15.11834653 91683
2025-013C
1 62731U 25013C   26263.19143774  .00001826  00000+0  11065-3 0  9997
2 62731  97.6600  72.4040 0015143  51.1100 309.1478 15.11795106 91680
2025-013D
1 62732U 25013D   26263.20992650  .00002395  00000+0  14384-3 0  9994
2 62732  97.6634  72.8011 0009814  68.2034 292.0239 15.11851818 91636
2025-013E
1 62733U 25013E   26263.22787069  .00002446  00000+0  14792-3 0  9993
2 62733  97.6649  72.7436 0009629  57.5220 302.6939 15.11583600 91574
QIANFAN-55
1 62785U 25016A   26263.14095623  .00000055  00000+0  66563-4 0  9990
2 62785  88.9671  73.9944 0015589 253.4932 106.4506 13.51024861 85186
QIANFAN-56
1 62786U 25016B   26263.15724457  .00000049  00000+0  58053-4 0  9994
2 62786  88.9646  73.7542 0014167 256.2495 103.7079 13.51028091 85237
QIANFAN-57
1 62787U 25016C   26263.19032767  .00000047  00000+0  54486-4 0  9999
2 62787  88.9676  73.9919 0002426  81.8509 278.2917 13.51027802 85209
QIANFAN-58
1 62788U 25016D   26263.16153884  .00000034  00000+0  34263-4 0  9998
2 62788  88.9647  73.7409 0012146 247.3143 112.6724 13.51027268 85240
QIANFAN-59
1 62789U 25016E   26263.18605561  .00000058  00000+0  71022-4 0  9995
2 62789  88.9670  73.8783 0012475 251.6185 108.3610 13.51024612 85248
QIANFAN-60
1 62790U 25016F   26263.14491294  .00000059  00000+0  73177-4 0  9993
2 62790  88.9651  73.8005 0014055 247.9980 111.9678 13.51028061 85227
QIANFAN-61
1 62791U 25016G   26263.17787441  .00000063  00000+0  78312-4 0  9990
2 62791  88.9717  74.1503 0013026 247.1573 112.8203 13.51027577 85242
QIANFAN-62
1 62792U 25016H   26262.88586080  .00000069  00000+0  87886-4 0  9996
2 62792  88.9665  73.8982 0014366 248.6123 111.3495 13.51020022 85196
QIANFAN-63
1 62793U 25016J   26263.13266439  .00000058  00000+0  70687-4 0  9998
2 62793  88.9671  73.8430 0014370 253.8203 106.1367 13.51022980 85267
QIANFAN-64
1 62794U 25016K   26263.17378505  .00000064  00000+0  81073-4 0  9999
2 62794  88.9658  73.7750 0012383 245.3166 114.6697 13.51027569 85261
QIANFAN-65
1 62795U 25016L   26263.16956943  .00000058  00000+0  70773-4 0  9995
2 62795  88.9655  73.7914 0012222 247.2571 112.7289 13.51023679 85246
QIANFAN-66
1 62796U 25016M   26263.12432690  .00000051  00000+0  59767-4 0  9993
2 62796  88.9674  73.8216 0013364 242.7248 117.2543 13.51019805 85286
QIANFAN-67
1 62797U 25016N   26263.12841007  .00000060  00000+0  74715-4 0  9990
2 62797  88.9664  73.8191 0013255 250.4750 109.4970 13.51029214 85250
QIANFAN-68
1 62798U 25016P   26263.19434897  .00000053  00000+0  63813-4 0  9992
2 62798  88.9668  73.8674 0013355 247.8742 112.0992 13.51021971 85248
QIANFAN-69
1 62799U 25016Q   26263.13664183  .00000059  00000+0  73388-4 0  9994
2 62799  88.9647  73.6830 0014072 249.7501 110.2138 13.51024301 85274
QIANFAN-70
1 62800U 25016R   26263.15323512  .00000056  00000+0  67819-4 0  9996
2 62800  88.9667  73.8783 0013794 238.8500 121.1299 13.51023934 85232
QIANFAN-71
1 62801U 25016S   26263.14906870  .00000050  00000+0  58734-4 0  9990
2 62801  88.9662  73.8413 0013947 253.7450 106.2167 13.51026893 85233
QIANFAN-72
1 62802U 25016T   26263.16563659  .00000069  00000+0  88366-4 0  9991
2 62802  88.9652  73.8255 0017175 261.9617  97.9586 13.51028630 85221
COSMOS 2581
1 62902U 25026A   26262.78920523  .00000752  00000+0  66168-4 0  9992
2 62902  81.9984 337.9559 0011501 102.0798 258.1711 14.95178505 88350
COSMOS 2582
1 62903U 25026B   26262.78926813  .00000683  00000+0  59898-4 0  9996
2 62903  81.9985 337.9560 0011462 102.0993 258.1512 14.95182724 88343
COSMOS 2583
1 62904U 25026C   26262.72227990  .00001247  00000+0  11133-3 0  9997
2 62904  81.9986 338.0249 0011524 102.4215 257.8296 14.95170812 88329
KINEIS-2C
1 62929U 25028B   26263.11996453  .00000812  00000+0  13260-3 0  9997
2 62929  98.1151 317.5860 0003012 346.6252  13.4876 14.73574175 86590
KINEIS-2D
1 62930U 25028C   26263.10836160  .00000831  00000+0  12825-3 0  9993
2 62930  97.9195 313.6961 0001853 246.9794 113.1220 14.75918177 86711
KINEIS-2E
1 62931U 25028D   26263.12898514  .00000703  00000+0  10635-3 0  9992
2 62931  97.8864 312.7092 0001171 118.3006 241.8322 14.77218368 86797
KINEIS-2A
1 62932U 25028E   26263.09698355  .00000711  00000+0  11710-3 0  9994
2 62932  98.1208 318.6177 0003870 208.4982 151.6015 14.73575367 86580
KINEIS-2B
1 62934U 25028G   26263.14238562  .00000721  00000+0  11835-3 0  9991
2 62934  97.9577 314.2484 0003259 183.8487 176.2697 14.73578241 86648
HULIANWANG DIGUI-11
1 62971U 25030A   26263.11189824 -.00000079  00000+0  97021-4 0  9997
2 62971  49.9995 255.3498 0000539  53.1831 306.9091 13.29327375 78483
HULIANWANG DIGUI-12
1 62972U 25030B   26263.12032823 -.00000081  00000+0  93609-4 0  9996
2 62972  50.0011 255.4632 0000526  49.3520 310.7398 13.29325075 78483
HULIANWANG DIGUI-13
1 62973U 25030C   26263.10343466 -.00000082  00000+0  90990-4 0  9994
2 62973  50.0015 255.3925 0000448  29.4439 330.6458 13.29326948 78481
HULIANWANG DIGUI-14
1 62974U 25030D   26263.15358647 -.00000083  00000+0  87510-4 0  9992
2 62974  50.0020 255.0180 0000380  30.4322 329.6572 13.29327515 78493
HULIANWANG DIGUI-15
1 62975U 25030E   26263.17027419 -.00000080  00000+0  95904-4 0  9998
2 62975  50.0015 255.0828 0000430  43.2137 316.8769 13.29327382 78497
HULIANWANG DIGUI-16
1 62976U 25030F   26263.14528267 -.00000087  00000+0  79149-4 0  9993
2 62976  50.0037 255.0532 0000421  27.3498 332.7396 13.29328322 78495
HULIANWANG DIGUI-17
1 62977U 25030G   26263.13682270 -.00000087  00000+0  80282-4 0  9998
2 62977  50.0050 255.0672 0000548  38.3589 321.7322 13.29328650 78490
HULIANWANG DIGUI-18
1 62978U 25030H   26263.12855535 -.00000087  00000+0  80054-4 0  9991
2 62978  50.0054 255.0410 0000578  38.9144 321.1770 13.29325997 78493
HULIANWANG DIGUI-19
1 62979U 25030J   26263.16233156 -.00000088  00000+0  77930-4 0  9995
2 62979  50.0039 255.1505 0000564  28.1248 331.9655 13.29321723 78498
FOSSASAT-2E20 (TAT-O)
1 63003U 25009DN  26263.00345764  .00009348  00000+0  30617-3 0  9999
2 63003  97.3087 337.5163 0002757  24.3577 335.7794 15.31870697151018
GLOBAL-31
1 63027U 25033B   26262.79020003  .00006648  00000+0  18385-3 0  9991
2 63027  58.9978 293.7919 0014594 110.4163 249.8482 15.38117691 88886
SUPERVIEW NEO-1 03
1 63125U 25040A   26262.89875395  .00004972  00000+0  22327-3 0  9990
2 63125  97.3566  15.1441 0000985 114.9904 245.1434 15.21615185 86586
SUPERVIEW NEO-1 04
1 63126U 25040B   26262.04455978  .00001601  00000+0  73913-4 0  9993
2 63126  97.3594  14.4390 0000745  28.6954 331.4323 15.21633654 86467
COSMOS 2584 [GLONASS-K2]
1 63130U 25042A   26262.46097414  .00000029  00000+0  00000+0 0  9998
2 63130  65.1442  69.6002 0006647 202.9598 157.0425  2.13103522 12059
SEDNA-2
1 63153U 25009DQ  26261.46981469  .00004936  00000+0  28325-3 0  9992
2 63153  97.4459 332.8035 0010381 100.2376 260.0026 15.12956687 92225
QIANFAN-73
1 63159U 25046A   26263.11852641  .00000058  00000+0  70650-4 0  9992
2 63159  88.9643 290.8056 0016015  37.3265 322.8996 13.51025467 85403
QIANFAN-74
1 63160U 25046B   26263.17616839  .00000008  00000+0 -70352-5 0  9993
2 63160  88.9642 290.6894 0001811  97.6557 262.4800 13.51018681 85473
QIANFAN-75
1 63161U 25046C   26263.16385176  .00000082  00000+0  10739-3 0  9992
2 63161  88.9645 290.9283 0017231  40.1236 320.1184 13.51031043 85342
QIANFAN-76
1 63162U 25046D   26263.15980757 -.00000080  00000+0 -14293-3 0  9997
2 63162  88.9644 290.9085 0014710  41.3892 318.8371 13.51021364 85350
QIANFAN-77
1 63163U 25046E   26263.12664115  .00000110  00000+0  70271-4 0  9993
2 63163  88.9650 286.5988 0012564 284.0302  75.9478 13.96247011 87717
QIANFAN-78
1 63164U 25046F   26263.12736425  .00000053  00000+0  62513-4 0  9994
2 63164  88.9645 290.7736 0016204  42.8791 317.3621 13.51012382 85428
QIANFAN-79
1 63165U 25046G   26263.15556845  .00000013  00000+0  13243-5 0  9997
2 63165  88.9648 290.8879 0015878  41.5864 318.6492 13.51021133 85372
QIANFAN-80
1 63166U 25046H   26263.17202997  .00000072  00000+0  91971-4 0  9994
2 63166  88.9645 290.5853 0014910  46.1694 314.0687 13.51029960 85537
QIANFAN-81
1 63167U 25046J   26262.92923671  .00000100  00000+0  13527-3 0  9998
2 63167  88.9645 290.6780 0015810  36.5976 323.6252 13.51020861 85450
QIANFAN-82
1 63168U 25046K   26263.18441993  .00000081  00000+0  10724-3 0  9994
2 63168  88.9645 290.6957 0013887  43.1211 317.1025 13.51020791 85475
QIANFAN-83
1 63169U 25046L   26263.13932392  .00000044  00000+0  41466-4 0  9995
2 63169  88.9647 289.9219 0014194  13.7389 346.4152 13.62064895 85900
QIANFAN-84
1 63170U 25046M   26263.13916145 -.00000058  00000+0 -10924-3 0  9996
2 63170  88.9643 290.8330 0016739  38.6224 321.6121 13.51016895 85393
QIANFAN-85
1 63171U 25046N   26263.13499413  .00000071  00000+0  91566-4 0  9996
2 63171  88.9644 290.7030 0014402  41.8680 318.3570 13.51020948 85461
QIANFAN-86
1 63172U 25046P   26263.14319698  .00000087  00000+0  11621-3 0  9994
2 63172  88.9646 290.5709 0012422  46.8236 313.3951 13.51025973 85547
QIANFAN-87
1 63173U 25046Q   26263.11438041  .00000023  00000+0  16123-4 0  9999
2 63173  88.9643 290.6751 0012783  42.0651 318.1479 13.51031986 85473
QIANFAN-88
1 63174U 25046R   26263.13084234  .00000045  00000+0  50542-4 0  9990
2 63174  88.9645 290.6349 0013460  49.7635 310.4691 13.51019356 85500
QIANFAN-89
1 63175U 25046S   26263.16787895  .00000077  00000+0  10079-3 0  9992
2 63175  88.9645 290.8199 0017673  38.6220 321.6191 13.51020206 85407
QIANFAN-90
1 63176U 25046T   26263.12268552  .00000015  00000+0  44892-5 0  9997
2 63176  88.9646 290.7979 0014577  38.6624 321.5568 13.51019882 85418
PUNCH-NFI (SMEX 15A)
1 63178U 25047A   26262.99400611  .00000313  00000+0  54105-4 0  9996
2 63178  97.9583  86.8285 0010307 207.9463 152.1194 14.74848526 82054
PUNCH-WFI 1 (SMEX 15B)
1 63179U 25047B   26262.99940315  .00000314  00000+0  54776-4 0  9992
2 63179  97.9605  86.6472 0007881 227.9985 132.0553 14.74431106 82036
PUNCH-WFI 3 (SMEX 15D)
1 63180U 25047C   26262.75062214  .00000313  00000+0  54629-4 0  9997
2 63180  97.9568  86.0746 0009080 219.2266 140.8286 14.74432308 81992
PUNCH-WFI 2 (SMEX 15C)
1 63181U 25047D   26262.97710914  .00000320  00000+0  55790-4 0  9997
2 63181  97.9589  86.3889 0008193 233.2855 126.7601 14.74433272 82021
SPHEREX (MIDEX 9)
1 63182U 25047E   26263.01023071  .00000639  00000+0  10435-3 0  9994
2 63182  97.9599  86.1143 0009069 246.3433 113.6824 14.74213205 82017
SUPERVIEW NEO-3 02
1 63208U 25051A   26263.20790773  .00005048  00000+0  22394-3 0  9995
2 63208  97.4450 341.5665 0001657 129.5970 230.5412 15.22033591 84293
TIANYAN 23
1 63209U 25051B   26263.23861858  .00035656  00000+0  53455-3 0  9992
2 63209  97.4486 353.8886 0005356 107.5189 252.6651 15.54843467 85109
JINJUSAT-1B
1 63210U 25052A   26262.93738047  .00012659  00000+0  36066-3 0  9991
2 63210  97.3860 159.9374 0005227  98.3620 261.8217 15.36213580 84631
NUSHSAT1
1 63211U 25052B   26261.44098437  .00017322  00000+0  44422-3 0  9996
2 63211  97.3832 159.3718 0004946 103.6155 256.5642 15.39404458 84471
IOD-1
1 63212U 25052C   26262.16743128  .00174648  00000+0  13679-2 0  9995
2 63212  97.3653 167.5693 0008287 117.1712 243.0397 15.71017063 85148
TEVEL2-4
1 63213U 25052D   26263.15429541  .00014128  00000+0  38347-3 0  9992
2 63213  97.3756 159.8446 0004481 108.9354 251.2377 15.37701885 84697
TEVEL2-5
1 63214U 25052E   26262.47114869  .00014048  00000+0  38435-3 0  9990
2 63214  97.3755 159.0762 0004348 111.7461 248.4247 15.37454822 84581
TEVEL2-6
1 63215U 25052F   26261.50926385  .00014679  00000+0  40221-3 0  9994
2 63215  97.3757 158.0953 0004217 114.8567 245.3116 15.37399635 84436
BOTSAT-1
1 63216U 25052G   26262.01115578  .00005579  00000+0  20371-3 0  9999
2 63216  97.3743 154.9573 0003623 123.5393 236.6193 15.28521380 84284
TEVEL2-1
1 63217U 25052H   26262.16012861  .00013111  00000+0  36695-3 0  9994
2 63217  97.3727 158.2529 0004201 121.9351 238.2303 15.36766162 84519
TEVEL2-3
1 63218U 25052J   26262.47623284  .00013663  00000+0  38124-3 0  9997
2 63218  97.3733 158.6068 0003969 121.0354 239.1280 15.36851694 84567
TEVEL2-2
1 63219U 25052K   26262.15970493  .00013009  00000+0  36394-3 0  9991
2 63219  97.3728 158.2570 0004214 122.5540 237.6112 15.36780306 84516
AEROCUBE 18A
1 63220U 25052L   26262.97859696  .00003833  00000+0  15470-3 0  9990
2 63220  97.3816 155.2235 0005139 131.8189 228.3489 15.25376062 84343
TRANSPORTER-13 OBJECT M
1 63221U 25052M   26262.93052616  .00002258  00000+0  10047-3 0  9999
2 63221  97.3735 153.3584 0004072 143.6399 216.5114 15.22490481 84252
AEROCUBE 18B
1 63222U 25052N   26263.14649718  .00003595  00000+0  14570-3 0  9999
2 63222  97.3826 155.3655 0005433 136.7139 223.4527 15.25279819 84362
DROID.002
1 63223U 25052P   26263.06280012  .00003687  00000+0  15704-3 0  9991
2 63223  97.3785 154.4012 0004807 139.6551 220.5043 15.23581344 84311
TOMORROW-S6
1 63225U 25052R   26263.12101925  .00002785  00000+0  12106-3 0  9996
2 63225  97.3868 154.5382 0005855 144.2335 215.9295 15.23099266 84293
ETIHAD-SAT
1 63226U 25052S   26263.00575193  .00002397  00000+0  10581-3 0  9990
2 63226  97.3813 153.9427 0005702 151.9405 208.2140 15.22697321 84267
TRANSPORTER-13 OBJECT U
1 63228U 25052U   26260.93601480  .00004483  00000+0  18557-3 0  9999
2 63228  97.3770 152.3053 0005064 162.3502 197.7913 15.24434629 83995
SPACEEYE-T1
1 63229U 25052V   26263.14516542  .00002911  00000+0  12606-3 0  9993
2 63229  97.3800 154.1374 0005054 156.7349 203.4117 15.23191851 84292
ION SCV-017
1 63230U 25052W   26263.18053823  .00002835  00000+0  10433-3 0  9998
2 63230  97.3766 157.5133 0023389  74.8021 285.5803 15.28447609 84544
M-SEL/CORTEZ
1 63231U 25052X   26263.16584111  .00005477  00000+0  20667-3 0  9991
2 63231  97.3771 155.6754 0005135 153.2207 206.9298 15.27434619 84413
SPHINX/FRAZIER
1 63232U 25052Y   26261.93339368  .00004262  00000+0  17409-3 0  9998
2 63232  97.3804 153.6327 0005960 160.8299 199.3164 15.24908392 84155
LIZZIESAT-3 (LS-3)
1 63233U 25052Z   26263.15276145  .00002941  00000+0  12992-3 0  9992
2 63233  97.3763 153.2924 0005814 170.6200 189.5147 15.22499980 84257
TOMORROW-S5
1 63234U 25052AA  26263.15597956  .00002775  00000+0  12042-3 0  9990
2 63234  97.3843 154.3377 0006830 163.6613 196.4846 15.23152793 84296
OTP-2
1 63235U 25052AB  26262.41326886  .00005498  00000+0  22242-3 0  9999
2 63235  97.3717 153.4405 0005947 173.2242 186.9077 15.25100896 84224
ORBASTRO-TR5
1 63236U 25052AC  26262.15564030  .00002955  00000+0  12959-3 0  9995
2 63236  97.3686 152.0868 0003989 159.3525 200.7873 15.22748323 84118
TEVEL2-9
1 63237U 25052AD  26262.98308321  .00012161  00000+0  36515-3 0  9990
2 63237  97.3790 158.2348 0006777 145.7016 214.4666 15.34562116 84555
TEVEL2-7
1 63238U 25052AE  26263.17484444  .00011463  00000+0  34832-3 0  9998
2 63238  97.3793 158.2976 0006707 146.6051 213.5616 15.34198621 84571
TEVEL2-8
1 63239U 25052AF  26261.16192927  .00011984  00000+0  36466-3 0  9991
2 63239  97.3792 156.2599 0006556 151.7923 208.3676 15.34143407 84263
AL MUNTHER
1 63240U 25052AG  26261.49976005  .00011918  00000+0  35702-3 0  9995
2 63240  97.3732 156.1677 0006576 157.1759 202.9777 15.34641021 84317
TRANSPORTER-13 OBJECT AH
1 63241U 25052AH  26261.17072523  .00007889  00000+0  27947-3 0  9997
2 63241  97.3694 153.7757 0006437 172.2427 187.8914 15.29364808 84147
HERMES-1
1 63242U 25052AJ  26262.96407191  .00002907  00000+0  12914-3 0  9993
2 63242  97.3746 152.8471 0006305 198.3509 161.7501 15.22314400 84210
HERMES-2
1 63243U 25052AK  26263.17911086  .00004734  00000+0  15663-3 0  9995
2 63243  97.3747 157.6466 0005778 123.0399 237.1399 15.31807452 84558
PANDORE
1 63244U 25052AL  26262.44502068  .00002180  00000+0  20245-3 0  9996
2 63244  97.6756 151.9135 0003275 230.3734 129.7198 14.95406754 82692
BUCCANEER MM
1 63245U 25052AM  26263.14882479  .00001278  00000+0  12177-3 0  9994
2 63245  97.6711 152.1708 0002447 254.3678 105.7273 14.95086978 82786
LEMUR-2-LEIA-PHILIP
1 63246U 25052AN  26263.15732245  .00001879  00000+0  16563-3 0  9991
2 63246  97.6675 153.4524 0002666 273.0159  87.0758 14.97621131 82880
EZIE-A
1 63247U 25052AP  26262.92031116  .00002779  00000+0  24079-3 0  9996
2 63247  97.6762 153.5420 0001140 197.1563 162.9621 14.97920269 82847
LEMUR-2-LIA-MARTIN
1 63248U 25052AQ  26262.98428623  .00003463  00000+0  29463-3 0  9999
2 63248  97.6741 153.9240 0001876 180.9896 179.1324 14.98464251 82872
EZIE-C
1 63249U 25052AR  26262.98503786  .00003236  00000+0  27976-3 0  9999
2 63249  97.6737 153.4651 0000864 238.2587 121.8551 14.97883823 82852
EZIE-B
1 63250U 25052AS  26262.98302803  .00003328  00000+0  28788-3 0  9992
2 63250  97.6763 153.6592 0002106 202.5177 157.5954 14.97844977 82859
UVSQ-SAT NG
1 63251U 25052AT  26263.13212108  .00001237  00000+0  11607-3 0  9998
2 63251  97.6708 152.6877 0001257 280.8857  79.2223 14.95751673 82828
ARVAKER-1
1 63252U 25052AU  26263.00831884  .00000814  00000+0  79889-4 0  9990
2 63252  97.6727 152.2083 0000891 267.3267  92.7852 14.94862581 82775
ICEYE-X48
1 63253U 25052AV  26262.42768395  .00001822  00000+0  15733-3 0  9999
2 63253  97.6719 153.1343 0000933 226.4464 133.6681 14.98463729 82789
YAM-8
1 63254U 25052AW  26263.14963573  .00003188  00000+0  20355-3 0  9998
2 63254  97.6819 165.0618 0002221 132.4608 227.6808 15.09400638 83606
ICEYE-X50
1 63255U 25052AX  26263.17397221  .00001380  00000+0  12968-3 0  9996
2 63255  97.6737 153.1854 0000496 196.1687 163.9518 14.95527879 82848
FIRESAT 0 (MUSAT-4)
1 63256U 25052AY  26263.17075683  .00000879  00000+0  89657-4 0  9994
2 63256  97.6819 152.2028 0001201  57.9355 302.1981 14.93091230 82761
ICEYE-X51
1 63257U 25052AZ  26263.19478359  .00002865  00000+0  23002-3 0  9992
2 63257  97.7711 158.1939 0001838  61.3958 298.7450 15.00866138 83054
ICEYE-X46
1 63258U 25052BA  26262.96953931  .00001359  00000+0  12770-3 0  9998
2 63258  97.6744 152.9879 0001672  85.7559 274.3853 14.95543923 82815
LEMUR-2-DELOITTE-1
1 63259U 25052BB  26262.97706572  .00002666  00000+0  22986-3 0  9999
2 63259  97.6766 154.2477 0002804 115.4115 244.7398 14.98145029 82886
TRANSPORTER-13 OBJECT BC
1 63260U 25052BC  26262.93941628  .00000512  00000+0  52128-4 0  9990
2 63260  97.6696 152.3056 0002592  50.3248 309.8201 14.94902624 82783
LEMUR-2-EMERSONROSE
1 63261U 25052BD  26263.12440243  .00003090  00000+0  25533-3 0  9993
2 63261  97.6772 155.1409 0005538  84.1786 276.0069 14.99674562 82966
LEMUR-2-MARACHE-FRAN
1 63262U 25052BE  26263.16612176  .00003149  00000+0  25245-3 0  9999
2 63262  97.6652 155.5951 0011243  48.5439 311.6748 15.00787823 83003
SOAP
1 63263U 25052BF  26263.14123081  .00001027  00000+0  93783-4 0  9996
2 63263  97.6714 153.7717 0003255  44.2306 315.9176 14.97187247 82890
LEMUR-2-THEFALCONER
1 63264U 25052BG  26263.15262473  .00000575  00000+0  53891-4 0  9990
2 63264  97.6711 153.9343 0002931  52.8455 307.3035 14.97804555 82904
COSMOS 2585 (RODNIK-S *)
1 63288U 25054A   26263.20779206  .00000026  00000+0  11398-3 0  9997
2 63288  82.4984  19.4841 0024735 185.8524 174.2270 12.42871079 68665
COSMOS 2586 (RODNIK-S *)
1 63289U 25054B   26263.18234383  .00000021  00000+0  81319-4 0  9993
2 63289  82.4968  19.3920 0021398 173.8550 186.2796 12.42879302 68655
COSMOS 2587 (RODNIK-S *)
1 63290U 25054C   26263.15281088  .00000011  00000+0  10980-4 0  9991
2 63290  82.5025  19.6176 0015464 162.2436 197.9187 12.42895950 68650
2025-055A
1 63291U 25055A   26263.19820719  .00005912  00000+0  32885-3 0  9999
2 63291  97.6653  43.5995 0024582 132.3233 228.0086 15.13796968 83420
2025-055B
1 63292U 25055B   26263.21871122  .00005491  00000+0  31248-3 0  9991
2 63292  97.6625  44.3021 0035559 184.5797 175.5114 15.12730102 83446
2025-055C
1 63293U 25055C   26263.19640324  .00005468  00000+0  32271-3 0  9998
2 63293  97.6637  43.9405 0042017 173.3157 186.8642 15.11208989 83414
2025-055D
1 63294U 25055D   26263.18939615  .00006124  00000+0  31288-3 0  9999
2 63294  97.6637  43.9768 0011041 162.4080 197.7537 15.17008663 83411
2025-055E
1 63295U 25055E   26263.19026769  .00005598  00000+0  30819-3 0  9991
2 63295  97.6626  43.4168 0023691 127.6832 232.6552 15.14209848 83388
2025-055F
1 63296U 25055F   26263.22421843  .00006314  00000+0  31435-3 0  9990
2 63296  97.6646  44.0078 0011984 152.4605 207.7266 15.17897316 83419
2025-055G
1 63297U 25055G   26263.21978524  .00014191  00000+0  51892-3 0  9994
2 63297  97.6595  48.7231 0007810 176.7128 183.4163 15.28162189 83733
2025-055H
1 63298U 25055H   26263.18625829  .00048717  00000+0  95855-3 0  9996
2 63298  97.6641  54.5071 0004733 164.5455 195.5939 15.47100559 84091
KINEIS-4E
1 63300U 25056A   26263.19099093  .00000974  00000+0  16172-3 0  9998
2 63300  97.9143  24.5083 0001501 166.0204 194.1045 14.72318803 81106
KINEIS-4C
1 63301U 25056B   26263.20376454  .00000955  00000+0  15878-3 0  9991
2 63301  97.9197  24.8128 0004062  38.4921 321.6575 14.72287386 81119
KINEIS-4D
1 63302U 25056C   26263.20806892  .00000977  00000+0  16201-3 0  9991
2 63302  97.9118  24.7226 0003293  55.1507 305.0010 14.72363844 81116
KINEIS-4A
1 63303U 25056D   26263.17436428  .00000963  00000+0  16008-3 0  9992
2 63303  97.9212  24.7209 0001621  31.0424 329.0879 14.72296089 81101
KINEIS-4B
1 63304U 25056E   26263.22497219  .00000940  00000+0  15642-3 0  9992
2 63304  97.9224  24.8373 0005369   7.6577 352.4712 14.72295741 81109
YUNYAO-1 43
1 63344U 25059A   26263.17174670  .00002147  00000+0  13085-3 0  9996
2 63344  97.6144  84.0830 0013898 181.8455 178.2726 15.11391942 82646
YUNYAO-1 44
1 63345U 25059B   26263.15152837  .00001728  00000+0  10561-3 0  9996
2 63345  97.6131  84.0214 0016394 186.8513 173.2496 15.11510717 82645
YUNYAO-1 45
1 63346U 25059C   26263.14387712  .00001835  00000+0  11203-3 0  9991
2 63346  97.6156  84.2277 0015442 186.1460 173.9583 15.11496278 82640
YUNYAO-1 46
1 63347U 25059D   26263.18308793  .00002455  00000+0  14912-3 0  9997
2 63347  97.6153  84.1415 0011739 171.7026 188.4400 15.11388019 82646
YUNYAO-1 47
1 63348U 25059E   26263.16168601  .00001843  00000+0  11193-3 0  9996
2 63348  97.6127  84.1281 0015476 186.9942 173.1075 15.11667977 82648
YUNYAO-1 48
1 63349U 25059F   26263.20407199  .00002062  00000+0  12459-3 0  9990
2 63349  97.6135  84.3082 0014830 188.5381 171.5599 15.11729581 82651
LEMUR-2-UNTITLED-SC
1 63351U 25061A   26262.68124947  .00002873  00000+0  16125-3 0  9998
2 63351  97.5754 237.4460 0017006 302.5521  57.4067 15.14049343 81883
LEMUR-2-ESPERANZA
1 63352U 25061B   26263.18068105  .00002223  00000+0  12529-3 0  9991
2 63352  97.5761 238.0601 0016574 300.0179  59.9408 15.14154119 81960
LEMUR-2-KREMPEL-BRO2
1 63353U 25061C   26263.18032023  .00002303  00000+0  12800-3 0  9993
2 63353  97.5808 238.7143 0017355 291.4895  68.4485 15.14598118 81980
LEMUR-2-THERMORAPTOR
1 63354U 25061D   26262.76089051  .00002742  00000+0  15141-3 0  9998
2 63354  97.5812 238.3901 0017050 291.8650  68.0768 15.14679454 81926
LEMUR-2-NEUROSPICY
1 63355U 25061E   26262.92341985  .00002461  00000+0  13588-3 0  9995
2 63355  97.5739 238.1053 0015004 295.4607  64.5072 15.14796979 81954
LEMUR-2-TILLINFINITY
1 63356U 25061F   26262.92155991  .00002469  00000+0  13400-3 0  9997
2 63356  97.5724 238.4617 0016046 281.7022  78.2409 15.15402768 81984
LEMUR-2-KREMPEL-BRO1
1 63357U 25061G   26262.90757693  .00002522  00000+0  13756-3 0  9997
2 63357  97.5726 238.3363 0016655 283.1544  76.7829 15.15197338 81977
LEMUR-2-LANGER2SPACE
1 63358U 25061H   26263.15152022  .00002879  00000+0  15797-3 0  9993
2 63358  97.5731 238.3543 0014822 292.6753  67.2911 15.14883417 81993
LEMUR-2-BALTO
1 63395U 25052BH  26263.14948360  .00002250  00000+0  18200-3 0  9996
2 63395  97.6658 155.6348 0009152 110.0717 250.1492 15.00752515 83000
HJS-6B
1 63429U 25067B   26263.20623464  .00009734  00000+0  47060-3 0  9992
2 63429  54.9993 332.4014 0005121 179.3933 180.7094 15.19259524 82389
HJS-6C
1 63430U 25067C   26263.20840228  .00008998  00000+0  43614-3 0  9995
2 63430  55.0014 332.4600 0005457 174.8039 185.3038 15.19262306 82377
HJS-6D
1 63431U 25067D   26263.20732072  .00007610  00000+0  37129-3 0  9997
2 63431  54.9995 332.4248 0003385 170.6472 189.4611 15.19257895 82374
POSAT-2
1 63488U 25009DR  26263.16319889  .00009036  00000+0  48741-3 0  9993
2 63488  97.4771 336.5647 0006146 166.4676 193.6722 15.14973869 81016
HERMES-6
1 63489U 25052BK  26262.97921339  .00003431  00000+0  14467-3 0  9990
2 63489  97.3854 154.0902 0005800 179.7913 180.3328 15.23973571 84267
SHIYAN-27 OBJECT A
1 63599U 25078A   26263.19284175 -.00000002  00000+0  58925-4 0  9995
2 63599  99.6943 269.0063 0001034 105.3713 254.7539 13.57250536 70423
SHIYAN-27 OBJECT B
1 63600U 25078B   26263.22931529  .00000010  00000+0  76556-4 0  9992
2 63600  99.6957 269.0312 0001120  81.4364 278.6901 13.57249197 70429
SHIYAN-27 OBJECT C
1 63601U 25078C   26263.18037150  .00000003  00000+0  66530-4 0  9998
2 63601  99.6950 269.0678 0000841  86.8948 273.2286 13.57247015 70428
SHIYAN-27 OBJECT D
1 63602U 25078D   26263.16790203 -.00000007  00000+0  51878-4 0  9996
2 63602  99.6972 269.0244 0001039  90.9301 269.1956 13.57246145 70411
SHIYAN-27 OBJECT E
1 63603U 25078E   26263.21724454  .00000003  00000+0  65846-4 0  9993
2 63603  99.6939 268.9492 0001036  88.8714 271.2543 13.57250504 70420
SHIYAN-27 OBJECT F
1 63604U 25078F   26263.20506841 -.00000001  00000+0  61179-4 0  9995
2 63604  99.6947 269.0078 0000945  92.0225 268.1021 13.57249186 70424
HULIANWANG DIGUI-20
1 63687U 25086A   26263.13990997 -.00000148  00000+0 -37788-3 0  9997
2 63687  86.4983 281.1426 0001805  79.2041 280.9296 13.24413123 67442
HULIANWANG DIGUI-21
1 63688U 25086B   26263.14756387 -.00000056  00000+0 -16544-3 0  9997
2 63688  86.5011 281.2236 0001926  78.3854 281.7496 13.24412004 67439
HULIANWANG DIGUI-22
1 63689U 25086C   26263.15506463 -.00000144  00000+0 -36921-3 0  9996
2 63689  86.4976 281.0570 0001759  78.9355 281.1977 13.24412043 67435
HULIANWANG DIGUI-23
1 63690U 25086D   26263.17016191 -.00000061  00000+0 -17739-3 0  9998
2 63690  86.5018 281.2686 0001783  79.4485 280.6850 13.24412218 67430
HULIANWANG DIGUI-24
1 63691U 25086E   26263.17772308 -.00000064  00000+0 -18302-3 0  9998
2 63691  86.5025 281.3058 0001868  77.9277 282.2066 13.24412738 67433
HULIANWANG DIGUI-25
1 63692U 25086F   26263.18530530 -.00000067  00000+0 -19030-3 0  9991
2 63692  86.4964 281.0075 0001857  80.6404 279.4940 13.24412125 67431
HULIANWANG DIGUI-26
1 63693U 25086G   26263.16265663 -.00000052  00000+0 -15609-3 0  9994
2 63693  86.5012 281.2349 0001835  71.7202 288.4132 13.24411302 67435
HULIANWANG DIGUI-27
1 63694U 25086H   26263.11719451 -.00000161  00000+0 -40919-3 0  9992
2 63694  86.4973 281.0831 0001848  77.6375 282.4966 13.24413732 67422
HULIANWANG DIGUI-28
1 63695U 25086J   26263.13233590 -.00000061  00000+0 -17659-3 0  9994
2 63695  86.4937 280.9139 0001752  79.6242 280.5090 13.24412875 67425
HULIANWANG DIGUI-29
1 63696U 25086K   26263.20034699 -.00000066  00000+0 -18845-3 0  9995
2 63696  86.4965 281.0247 0001899  79.8542 280.2806 13.24413251 67438
KUIPER-00008
1 63724U 25088A   26263.15443009 -.00000354  00000+0 -17508-4 0  9998
2 63724  51.9015 308.0857 0000392  76.0639 284.0367 14.79925883 76842
KUIPER-00009
1 63725U 25088B   26261.21057610  .00004298  00000+0  29392-3 0  9995
2 63725  51.9028 324.4667 0000266  85.3135 274.7870 15.08053709 76445
KUIPER-00010
1 63726U 25088C   26262.85595676 -.00000181  00000+0  52379-5 0  9997
2 63726  51.9024 304.5175 0000437  73.7865 286.3146 14.79926340 76482
KUIPER-00011
1 63727U 25088D   26263.15174912  .00000537  00000+0  99489-4 0  9994
2 63727  51.9021 310.7515 0000366  45.4031 314.6961 14.79927356 76555
KUIPER-00012
1 63728U 25088E   26263.13414661  .00000437  00000+0  86291-4 0  9997
2 63728  51.9021 295.7693 0000381  73.1278 286.9726 14.79925904 76718
KUIPER-00013
1 63729U 25088F   26262.79522142 -.00000684  00000+0 -60749-4 0  9999
2 63729  51.9030 329.7875 0000414  94.0555 266.0455 14.79928388 76319
KUIPER-00014
1 63730U 25088G   26262.89644661 -.00001110  00000+0 -11664-3 0  9999
2 63730  51.8999 329.2812 0000287  49.6734 310.4253 14.79942080 76149
KUIPER-00015
1 63731U 25088H   26262.78442108  .00000747  00000+0  12695-3 0  9998
2 63731  51.9008 339.8239 0000179  69.5558 290.5424 14.79932057 76441
KUIPER-00016
1 63732U 25088J   26262.48863130  .00000350  00000+0  74930-4 0  9999
2 63732  51.9019 333.5907 0000499  91.2357 268.8663 14.79931204 76043
KUIPER-00018
1 63733U 25088K   26262.73577994 -.00000757  00000+0 -70306-4 0  9994
2 63733  51.9044 322.5469 0000374  38.7001 321.3988 14.79928090 76221
KUIPER-00019
1 63734U 25088L   26262.89750753  .00000335  00000+0  72966-4 0  9992
2 63734  51.9022 320.5758 0000050 350.5838   9.5123 14.79932584 76264
KUIPER-00020
1 63735U 25088M   26262.46295330 -.00001047  00000+0 -10838-3 0  9993
2 63735  51.9034 326.2464 0000226  36.6774 323.4204 14.79931344 76352
KUIPER-00021
1 63736U 25088N   26262.69931046 -.00000306  00000+0 -11168-4 0  9995
2 63736  51.9013 325.1515 0000387  64.8736 295.2267 14.79927339 76224
KUIPER-00023
1 63737U 25088P   26263.20308197  .00000619  00000+0  11020-3 0  9990
2 63737  51.9010 325.4130 0000552  91.8767 268.2259 14.79929338 76565
KUIPER-00024
1 63738U 25088Q   26262.81140907 -.00000490  00000+0 -35226-4 0  9994
2 63738  51.9044 314.7607 0000451  87.3754 272.7260 14.79925038 76809
KUIPER-00025
1 63739U 25088R   26263.17472590 -.00000092  00000+0  16957-4 0  9998
2 63739  51.9048 320.6360 0000503  84.6541 275.4479 14.79928285 76616
KUIPER-00027
1 63740U 25088S   26263.14634931  .00000701  00000+0  12099-3 0  9994
2 63740  51.9028 315.7185 0000363  75.5269 284.5733 14.79926351 76410
KUIPER-00028
1 63741U 25088T   26262.84515637 -.00000843  00000+0 -81657-4 0  9998
2 63741  51.9020 314.4915 0000306  84.4335 275.6663 14.79925940 76810
KUIPER-00029
1 63742U 25088U   26262.82115661  .00000271  00000+0  64603-4 0  9995
2 63742  51.9029 313.2933 0000085 218.0662 142.0294 14.79925185 76356
KUIPER-00030
1 63743U 25088V   26263.19768889  .00000212  00000+0  56769-4 0  9992
2 63743  51.9027 330.4509 0000354  70.1948 289.9052 14.79932439 76430
KUIPER-00031
1 63744U 25088W   26263.18011434  .00000226  00000+0  58661-4 0  9997
2 63744  51.9023 315.5511 0000272  53.0533 307.0454 14.79930868 76356
KUIPER-00032
1 63745U 25088X   26262.94897429  .00010209  00000+0  23996-3 0  9991
2 63745  51.8655 160.8965 0005303  93.2279 266.9317 15.42601896 79489
KUIPER-00033
1 63746U 25088Y   26262.81009459  .00001910  00000+0  27943-3 0  9991
2 63746  51.9034 347.1849 0000136  67.4256 292.6721 14.79935042 76361
KUIPER-00034
1 63747U 25088Z   26262.85049687 -.00002816  00000+0 -34058-3 0  9996
2 63747  51.9032 309.5442 0000573  91.6405 268.4623 14.79922527 76570
KUIPER-00035
1 63748U 25088AA  26262.48591225 -.00002137  00000+0 -25152-3 0  9997
2 63748  51.9012 336.1163 0000195   9.5285 350.5681 14.79927799 76224
KUIPER-00037
1 63749U 25088AB  26262.88403304  .00000649  00000+0  11415-3 0  9993
2 63749  51.9029 333.2214 0000350  85.7834 274.3168 14.79931767 77085
KUIPER-00038
1 63750U 25088AC  26263.14365576  .00000710  00000+0  12209-3 0  9994
2 63750  51.9035 318.2478 0000422  89.3555 270.7456 14.79927376 76315
BIOMASS
1 63772U 25090A   26262.94871488  .00000716  00000+0  13466-3 0  9994
2 63772  98.0753  88.9040 0001446  89.6985 270.4386 14.67533838 74580
HERMES-4
1 63833U 25052BP  26262.97915174  .00006844  00000+0  22303-3 0  9992
2 63833  97.3736 156.3710 0001793 178.9711 181.1535 15.32144276 84457
HERMES-5
1 63834U 25052BQ  26261.48203789  .00004709  00000+0  16410-3 0  9990
2 63834  97.3829 155.3533 0004392 151.4597 208.6884 15.30132718 84211
HERMES-3
1 63835U 25052BR  26263.16117280  .00015614  00000+0  43308-3 0  9991
2 63835  97.3707 158.7988 0007255 133.6588 226.5259 15.36988699 84635
YAOGAN-40 02A
1 63918U 25096A   26263.20973912  .00000050  00000+0  16635-4 0  9990
2 63918  85.9975 145.4234 0002266  95.3262 264.8180 14.12462267 69984
YAOGAN-40 02B
1 63919U 25096B   26263.20989287  .00000081  00000+0  33732-4 0  9994
2 63919  85.9967 145.3858 0001749  87.5609 272.5774 14.12461926 69986
YAOGAN-40 02C
1 63920U 25096C   26263.20981362  .00000080  00000+0  33243-4 0  9998
2 63920  85.9973 144.6712 0002162  87.8097 272.3334 14.12462278 88825
SCS-01 A
1 63982U 25100A   26263.19692498  .00006143  00000+0  27422-3 0  9996
2 63982  97.3591 333.8530 0028379  36.5484 323.7682 15.21361883 75087
SCS-01 B
1 63983U 25100B   26263.17251130  .00024714  00000+0  54637-3 0  9991
2 63983  97.3550 340.9661 0006804 313.0840  46.9839 15.43802815 75543
SCS-01 C
1 63984U 25100C   26263.13145039  .00005444  00000+0  24276-3 0  9993
2 63984  97.3585 333.7588 0029912  33.1473 327.1630 15.21410737 75050
SCS-01 D
1 63985U 25100D   26263.18472000  .00010975  00000+0  43401-3 0  9996
2 63985  97.3589 338.2124 0004924 321.9156  38.1734 15.25631370 75352
SCS-01 E
1 63986U 25100E   26263.13187194  .00008491  00000+0  38147-3 0  9990
2 63986  97.3547 333.6862 0009111 359.5340   0.5886 15.21356353 44886
SCS-01 F
1 63987U 25100F   26263.19484235  .00008242  00000+0  37487-3 0  9993
2 63987  97.3556 333.7921 0006760 353.3300   6.7845 15.20956920 75072
SCS-01 G
1 63988U 25100G   26263.20163677  .00003136  00000+0  11937-3 0  9999
2 63988  97.3625 336.9843 0011628 336.0451  24.0246 15.27430845 75261
SCS-01 H
1 63989U 25100H   26263.16616334  .00026262  00000+0  64017-3 0  9990
2 63989  97.3604 340.0281 0005367 298.8557  61.2151 15.40865469 75465
SCS-01 J
1 63990U 25100J   26263.16220678  .00011274  00000+0  45707-3 0  9996
2 63990  97.3545 337.8447 0005602 338.4850  21.6152 15.24788161 75329
SCS-01 K
1 63991U 25100K   26263.19252248  .00008589  00000+0  39045-3 0  9991
2 63991  97.3553 333.7927 0008536 354.9197   5.1951 15.20951507 75060
SCS-01 L
1 63992U 25100L   26263.19360112  .00008564  00000+0  38954-3 0  9993
2 63992  97.3585 333.9850 0006673 336.3298  23.7630 15.20944209 75059
SCS-01 M
1 63993U 25100M   26263.19661956  .00004849  00000+0  17828-3 0  9993
2 63993  97.3582 339.2281 0004335 351.1372   8.9791 15.28357902 75414
TIANYI A
1 64048U 25103A   26263.22151480  .00001331  00000+0  66517-4 0  9991
2 64048  97.4115 333.9920 0001579  91.6464 268.4952 15.19169009 74505
TIANYI B
1 64049U 25103B   26263.22580770  .00002327  00000+0  11023-3 0  9997
2 64049  97.3713 333.0058 0001770 162.4190 197.7107 15.20305124 74506
TIANYI C
1 64050U 25103C   26263.22503773  .00002179  00000+0  10343-3 0  9996
2 64050  97.3665 332.7144 0002630 156.0209 204.1149 15.20297663 74509
TIANYI D
1 64051U 25103D   26263.19849956  .00002483  00000+0  11980-3 0  9995
2 64051  97.3743 332.1686 0002593 288.1993  71.8959 15.19594747 74427
TIANYI E
1 64052U 25103E   26263.17456164  .00007802  00000+0  30987-3 0  9997
2 64052  97.3658 334.1289 0002963 167.2807 192.8507 15.25597469 74587
TIANYI F
1 64053U 25103F   26263.19899479  .00002294  00000+0  11101-3 0  9997
2 64053  97.3723 332.4862 0003137 165.8821 194.2502 15.19568769 74476
2025-108A
1 64087U 25108A   26263.22698719  .00003184  00000+0  16475-3 0  9995
2 64087  97.4692 336.5700 0002232   7.6705 352.4562 15.16956070 73728
2025-108B
1 64088U 25108B   26263.17207476  .00005236  00000+0  24787-3 0  9991
2 64088  97.4655 337.9144 0008463  49.5266 310.6705 15.19748664 73786
2025-108C
1 64089U 25108C   26263.13786657  .00002924  00000+0  16938-3 0  9991
2 64089  97.4610 335.3020 0006483  80.8369 279.3595 15.12971168 73626
2025-108D
1 64090U 25108D   26263.16010259  .00003430  00000+0  16394-3 0  9993
2 64090  97.4614 337.6946 0012748  40.1572 320.0603 15.19622202 73780
2025-108E
1 64091U 25108E   26263.19548544  .00009280  00000+0  35637-3 0  9990
2 64091  97.4598 339.8501 0011795  33.3536 326.8443 15.26612949 73936
2025-108F
1 64092U 25108F   26263.14914019  .00014689  00000+0  49638-3 0  9995
2 64092  97.4622 341.1964 0010484  33.2697 326.9200 15.30701380 74010
COSMOS 2588
1 64095U 25109A   26262.81056615  .00006356  00000+0  23143-3 0  9996
2 64095  72.9735 354.5331 0008770 217.1596 142.8993 15.28458272 74074
STARLINK-34343
1 64157U 25112M   26262.42028171  .00009678  00000+0  63367-3 0  9994
2 64157  97.6026 312.4139 0013484 316.7031  43.3136 15.07875550 72449
SHIJIAN-26 (SJ-26)
1 64199U 25115A   26263.19811438  .00003221  00000+0  13343-3 0  9991
2 64199  97.4489 341.1720 0019010  23.4718 336.7383 15.24490327 72915
NAVSTAR 84 (USA 545)
1 64202U 25116A   26260.32003325 -.00000081  00000+0  00000+0 0  9991
2 64202  55.2945  27.4305 0009047 334.6534  24.5865  2.00569445  9717
GLOBAL-32
1 64231U 25118B   26262.03449115  .00002249  00000+0  67704-4 0  9992
2 64231  58.9890 113.1984 0011590  76.6345 283.6022 15.38458846 72689
HULIANWANG DIGUI-30
1 64283U 25121A   26263.20794811  .00000015  00000+0  84133-6 0  9995
2 64283  86.5043 341.5175 0001664 109.1038 251.0276 13.24410797 62735
HULIANWANG DIGUI-31
1 64284U 25121B   26263.20022806  .00000021  00000+0  14929-4 0  9995
2 64284  86.5064 341.6099 0001659 107.9732 252.1583 13.24412211 62732
HULIANWANG DIGUI-32
1 64285U 25121C   26263.19267417  .00000024  00000+0  21564-4 0  9999
2 64285  86.5005 341.3292 0001671 103.6148 256.5172 13.24412684 62734
HULIANWANG DIGUI-33
1 64286U 25121D   26263.18514834  .00000032  00000+0  41459-4 0  9991
2 64286  86.5063 341.5979 0001649 108.4536 251.6778 13.24412272 62733
HULIANWANG DIGUI-34
1 64287U 25121E   26263.17759426  .00000043  00000+0  65381-4 0  9991
2 64287  86.5040 341.4893 0001603 119.7766 240.3528 13.24412821 62731
ZHANGHENG 1-02 (CSES-2)
1 64393U 25128A   26262.32762765  .00000146  00000+0  97179-5 0  9997
2 64393  97.3706  27.0042 0009250 123.4434 236.7688 15.20615643 70247
KUIPER-00039
1 64500U 25134A   26263.04869029  .00001847  00000+0  27123-3 0  9994
2 64500  51.9016  93.6632 0000797 111.5059 248.5988 14.79934670 68854
KUIPER-00040
1 64501U 25134B   26263.00414417  .00001920  00000+0  28076-3 0  9998
2 64501  51.8982 103.9185 0001107 112.4690 247.6390 14.79931470 68707
KUIPER-00041
1 64502U 25134C   26262.08978176  .00002034  00000+0  29566-3 0  9995
2 64502  51.8991 110.3545 0000877 103.3960 256.7100 14.79936698 68530
KUIPER-00042
1 64503U 25134D   26262.93929551  .00001844  00000+0  27087-3 0  9997
2 64503  51.8989 101.5748 0000813 112.5344 247.5705 14.79935848 68730
KUIPER-00043
1 64504U 25134E   26262.94738580 -.00000162  00000+0  78097-5 0  9991
2 64504  51.8987  94.0557 0001192 122.0360 238.0718 14.79930988 68849
KUIPER-00044
1 64505U 25134F   26262.05601992  .00000466  00000+0  90108-4 0  9992
2 64505  51.8989 110.4864 0000859 109.6285 250.4771 14.79929929 68538
KUIPER-00046
1 64506U 25134G   26263.17291355  .00004713  00000+0  64634-3 0  9998
2 64506  51.8967 103.0123 0001393 125.5132 234.5961 14.79960042 68730
KUIPER-00047
1 64507U 25134H   26263.16885203  .00001859  00000+0  27275-3 0  9997
2 64507  51.8981  75.5635 0000728 125.9720 234.1310 14.79939878 69116
KUIPER-00048
1 64508U 25134J   26262.93249535  .00001803  00000+0  26546-3 0  9993
2 64508  51.8989  76.6201 0000748 114.3981 245.7060 14.79928307 69080
KUIPER-00049
1 64509U 25134K   26262.95275352  .00004720  00000+0  64746-3 0  9997
2 64509  51.8989  89.0028 0001183  57.8671 302.2406 14.79946998 68917
KUIPER-00050
1 64510U 25134L   26262.97165428 -.00000269  00000+0 -62377-5 0  9999
2 64510  51.9010  71.4378 0001010 156.3371 203.7638 14.79932449 69165
KUIPER-00051
1 64511U 25134M   26262.92879416  .00001843  00000+0  27070-3 0  9990
2 64511  51.9003  87.8079 0000849 121.6185 238.4860 14.79937058 68920
KUIPER-00053
1 64513U 25134P   26262.86867403  .00001575  00000+0  22626-3 0  9992
2 64513  51.8999  82.4826 0002546 119.4619 240.6599 14.81716183 68997
KUIPER-00054
1 64514U 25134Q   26262.99732440  .00001736  00000+0  25662-3 0  9991
2 64514  51.8978  78.8084 0000876 119.3840 240.7210 14.79940014 69057
KUIPER-00055
1 64515U 25134R   26262.94721743  .00002124  00000+0  30730-3 0  9995
2 64515  51.9027  31.6813 0000337 121.4322 238.6673 14.79959884 69719
KUIPER-00056
1 64516U 25134S   26263.02571769  .00001830  00000+0  26897-3 0  9999
2 64516  51.9030  83.8009 0000946 112.9127 247.1936 14.79929817 68993
KUIPER-00057
1 64517U 25134T   26262.07219655  .00002102  00000+0  30473-3 0  9995
2 64517  51.8986  95.4319 0000677 109.6645 250.4391 14.79928916 68749
KUIPER-00058
1 64518U 25134U   26263.12429882  .00001925  00000+0  28137-3 0  9994
2 64518  51.9005  85.7583 0000773 115.9227 244.1815 14.79938710 68970
KUIPER-00059
1 64519U 25134V   26262.92709567  .00001667  00000+0  24757-3 0  9990
2 64519  51.8979  81.6659 0000456 124.1599 235.9407 14.79937309 69015
KUIPER-00060
1 64520U 25134W   26263.02841241  .00001887  00000+0  27640-3 0  9998
2 64520  51.9021  81.2969 0000717 112.7186 247.3852 14.79938303 69017
KUIPER-00061
1 64521U 25134X   26263.05407769  .00001812  00000+0  26661-3 0  9995
2 64521  51.9006  88.6235 0000927 118.3953 241.7103 14.79934717 68915
KUIPER-00062
1 64522U 25134Y   26263.05137979  .00001844  00000+0  27086-3 0  9996
2 64522  51.8957  91.0808 0000832 115.5079 244.5970 14.79934807 68897
KUIPER-00063
1 64523U 25134Z   26262.90824398  .00001935  00000+0  28269-3 0  9993
2 64523  51.9022  99.3115 0000683 118.9339 241.1692 14.79933823 68761
KUIPER-00064
1 64524U 25134AA  26263.04598054  .00001760  00000+0  25977-3 0  9996
2 64524  51.9023  96.1285 0001111 120.3160 239.7913 14.79940359 68820
KUIPER-00065
1 64525U 25134AB  26263.17567411  .00001600  00000+0  23880-3 0  9998
2 64525  51.9020 100.7307 0001006 146.8199 213.2827 14.79935729 68751
KUIPER-00066
1 64526U 25134AC  26263.07422838  .00002099  00000+0  30428-3 0  9990
2 64526  51.9024  38.4454 0000605 114.7107 245.3918 14.79933082 69638
GOOD ANCESTOR KILAKILA
1 64528U 25135A   26262.54806787  .00005787  00000+0  23250-3 0  9995
2 64528  97.4706  17.4734 0004241 197.0941 163.0155 15.25326480 69268
GHGSAT-C12
1 64529U 25135B   26263.14308331  .00002280  00000+0  10660-3 0  9991
2 64529  97.4822  17.1857 0004583 183.7225 176.3977 15.20789245 69252
DUTHSAT-2
1 64530U 25135C   26261.58326434  .00010916  00000+0  39043-3 0  9994
2 64530  97.4692  17.6344 0004133 203.4748 156.6304 15.28970280 69193
TRANSPORTER-14 OBJECT D
1 64531U 25135D   26263.14138919  .00008571  00000+0  31669-3 0  9998
2 64531  97.4791  19.4818 0004214 175.7629 184.3646 15.27970147 69412
TRANSPORTER-14 OBJECT E
1 64532U 25135E   26260.84962039  .00007998  00000+0  29600-3 0  9995
2 64532  97.4812  17.2444 0003980 182.6431 177.4788 15.27940530 69069
TPA-1
1 64533U 25135F   26262.55300232  .00002479  00000+0  11042-3 0  9997
2 64533  97.4762  16.8566 0004492 201.7047 158.4000 15.22388801 69203
CONNECTA IOT-9
1 64534U 25135G   26262.57142764  .00004927  00000+0  22714-3 0  9992
2 64534  97.4831  16.6675 0004876 187.4351 172.6813 15.20715760 69165
ROADS 1
1 64535U 25135H   26262.29119796  .00004073  00000+0  17419-3 0  9999
2 64535  97.4749  16.8318 0003898 190.1456 169.9703 15.23396971 69181
FOSSASAT-2E21
1 64536U 25135J   26262.60274377  .00001956  00000+0  92979-4 0  9994
2 64536  97.4715  15.9885 0003566 194.3011 165.8124 15.20390086 69167
OTTER PUP 2
1 64537U 25135K   26261.58387165  .00000290  00000+0  15112-4 0  9995
2 64537  97.4797  16.7241 0002841 177.8084 182.3166 15.23560166 69097
IOD-2
1 64538U 25135L   26262.54189526  .00002826  00000+0  13064-3 0  9994
2 64538  97.4773  16.3491 0004125 188.4113 171.7054 15.20984767 69163
ELARASAT MMS-1
1 64539U 25135M   26258.56268212  .00004207  00000+0  17917-3 0  9998
2 64539  97.4743  13.7122 0003123 230.5836 129.5124 15.23521577 68630
ARCSTONE
1 64540U 25135N   26263.14019738  .00015287  00000+0  44081-3 0  9999
2 64540  97.4690  21.7077 0002601 186.8722 173.2486 15.35804617 69593
PULSAR-0
1 64541U 25135P   26263.11748005  .00002053  00000+0  96494-4 0  9996
2 64541  97.4774  16.9397 0002570 182.5676 177.5547 15.20726928 69254
T1DES 1 (DRAGOON 1)
1 64542U 25135Q   26262.56439249  .00006632  00000+0  24994-3 0  9994
2 64542  97.4777  18.8029 0002684 174.0050 186.1222 15.27413184 69327
SKYBEE-A02
1 64544U 25135S   26263.11051138  .00001876  00000+0  88988-4 0  9994
2 64544  97.4811  17.1294 0002386 138.9709 221.1706 15.20516176 69250
ION SCV-020
1 64545U 25135T   26263.12768713  .00002087  00000+0  10094-3 0  9997
2 64545  97.4685  16.9763 0007941 169.8331 190.3066 15.19700084 69262
FORGESTAR-1
1 64546U 25135U   26262.27042142  .00007248  00000+0  28768-3 0  9995
2 64546  97.4762  17.8482 0001364 127.6711 232.4650 15.25655252 69242
TRANSPORTER-14 OBJECT V
1 64547U 25135V   26262.55832824  .00005703  00000+0  22218-3 0  9999
2 64547  97.4700  18.1742 0000635 108.9724 251.1584 15.26372240 69310
GHGSAT-C13
1 64548U 25135W   26263.14860058  .00003988  00000+0  17768-3 0  9993
2 64548  97.4852  17.9439 0002299 111.5573 248.5908 15.22015012 69293
ROADS 2
1 64549U 25135X   26262.57905274  .00004296  00000+0  17590-3 0  9996
2 64549  97.4863  18.6113 0002612 111.2692 248.8825 15.24847516 69296
BRO-18
1 64550U 25135Y   26263.23437044  .00003445  00000+0  15129-3 0  9998
2 64550  97.4702  17.6039 0000505 105.0174 255.1119 15.22600930 69338
SATMAR
1 64551U 25135Z   26263.09358201  .00005184  00000+0  20352-3 0  9996
2 64551  97.4694  18.6474 0000413  69.0981 291.0301 15.26160120 69390
HYPERFIELD-1B
1 64552U 25135AA  26263.15376919  .00002905  00000+0  12663-3 0  9994
2 64552  97.4753  17.9307 0001254  53.4699 306.6653 15.22986632 69338
CONNECTA IOT-12
1 64553U 25135AB  26262.56564345  .00002368  00000+0  10958-3 0  9999
2 64553  97.4815  17.3326 0002693  83.4706 276.6836 15.21116238 69215
TRANSPORTER-14 OBJECT AC
1 64554U 25135AC  26262.26578816  .00015612  00000+0  47592-3 0  9995
2 64554  97.4710  20.2118 0001197   4.0414 356.0838 15.34046761 69419
CONNECTA IOT-10
1 64555U 25135AD  26263.04472655  .00005042  00000+0  22961-3 0  9996
2 64555  97.4757  17.2530 0001334  51.7639 308.3717 15.21133707 69279
TRANSPORTER-14 OBJECT AE
1 64556U 25135AE  26262.12038751  .00006284  00000+0  23885-3 0  9995
2 64556  97.4821  18.8349 0002934  91.0387 269.1188 15.27152845 69277
CONNECTA IOT-11
1 64557U 25135AF  26263.11898350  .00003341  00000+0  15275-3 0  9990
2 64557  97.4790  17.6545 0002438  58.4980 301.6493 15.21239178 69295
QUICK3
1 64558U 25135AG  26262.59100738  .00009515  00000+0  33736-3 0  9999
2 64558  97.4817  19.4433 0004999 174.1000 186.0300 15.29290885 69275
PADRE
1 64559U 25135AH  26263.13751183  .00001228  00000+0  12435-3 0  9993
2 64559  97.7795  15.6303 0001073   0.3233 359.7987 14.92740898 68010
TRANSPORTER-14 OBJECT AJ
1 64560U 25135AJ  26263.05305853  .00002950  00000+0  26620-3 0  9999
2 64560  97.7799  17.0685 0000703  76.4876 283.6424 14.96296112 68099
LEMUR-2-KRISH
1 64561U 25135AK  26263.08238657  .00003254  00000+0  28824-3 0  9996
2 64561  97.7824  17.3921 0001760  94.3176 265.8246 14.96945613 68115
HUBBLE 6
1 64562U 25135AL  26263.04642325  .00000925  00000+0  92790-4 0  9990
2 64562  97.7818  16.2327 0001661 104.6977 255.4427 14.93694632 68037
AE3VA
1 64563U 25135AM  26262.29748339  .00003171  00000+0  27290-3 0  9997
2 64563  97.7749  16.7045 0002121 343.0740  17.0411 14.98091914 68025
TIME FLIES
1 64564U 25135AN  26262.54879738  .00002900  00000+0  26732-3 0  9993
2 64564  97.7785  16.2029 0001442  14.9294 345.1969 14.95470867 68002
LEMUR-2-HUBBLE-4
1 64565U 25135AP  26263.13019870  .00001260  00000+0  12431-3 0  9992
2 64565  97.7770  15.9807 0002073  10.3890 349.7372 14.93745335 68045
ARVAKER-3
1 64566U 25135AQ  26263.14365049  .00001496  00000+0  14597-3 0  9992
2 64566  97.7800  16.2678 0001999  33.0786 327.0558 14.93928768 68051
ARVAKER-2
1 64567U 25135AR  26263.22402971  .00001050  00000+0  10417-3 0  9991
2 64567  97.7812  16.3844 0001885  45.4074 314.7299 14.93867362 68060
IRIDE-MS2-HEO-3
1 64568U 25135AS  26263.25160047  .00001166  00000+0  12068-3 0  9992
2 64568  97.7810  16.1388 0001390  78.8658 281.2717 14.91948135 68057
IRIDE-MS2-HEO-2
1 64569U 25135AT  26263.24596463  .00001097  00000+0  10841-3 0  9997
2 64569  97.7831  16.5732 0002731  63.9373 296.2127 14.93942932 68071
ICEYE-X54
1 64570U 25135AU  26263.14866559  .00001945  00000+0  18344-3 0  9992
2 64570  97.7800  16.7108 0002767  33.8478 326.2919 14.94934361 68081
IRIDE-MS2-HEO-5
1 64571U 25135AV  26263.22874940  .00000922  00000+0  96567-4 0  9993
2 64571  97.7804  16.1410 0002035  69.7663 290.3775 14.91967327 68051
ICEYE-X52
1 64572U 25135AW  26263.19411516  .00001350  00000+0  13254-3 0  9993
2 64572  97.7822  16.4550 0002601  47.7599 312.3841 14.93840448 68069
MUSAT-3ALPHA
1 64573U 25135AX  26263.10094962  .00000984  00000+0  76211-4 0  9992
2 64573  97.7162  17.0347 0001248 334.3836  25.7328 15.03744173 68192
ICEYE-X56
1 64574U 25135AY  26263.22016422  .00001659  00000+0  15278-3 0  9996
2 64574  97.7826  17.5043 0002783  47.5723 312.5733 14.96077313 68138
ION SCV-018
1 64575U 25135AZ  26263.14706344  .00000651  00000+0  65162-4 0  9996
2 64575  97.7861  17.4312 0012032 343.1109  16.9709 14.94790563 68110
IRIDE-MS2-HEO-6
1 64576U 25135BA  26263.20581802  .00001250  00000+0  12899-3 0  9998
2 64576  97.7802  16.1424 0002018  70.3374 289.8062 14.91950932 68053
LYRA-3
1 64577U 25135BB  26263.09250524  .00000898  00000+0  14117-3 0  9992
2 64577  97.7766   4.3064 0021475  39.4432 320.8336 14.74703471 67257
ICEYE-X57
1 64578U 25135BC  26263.20488251  .00002969  00000+0  23840-3 0  9990
2 64578  97.8206  20.0891 0001877  52.0475 308.0918 15.00841202 68275
GRUS-3ALPHA
1 64579U 25135BD  26263.24490557  .00000737  00000+0  75704-4 0  9995
2 64579  97.7844  16.4781 0003985  55.4001 304.7594 14.93327232 68067
YAM-10
1 64580U 25135BE  26263.11302771  .00001077  00000+0  11159-3 0  9994
2 64580  97.7804  15.7014 0004136  55.5565 304.6044 14.92081680 68018
ICEYE-X55
1 64581U 25135BF  26263.24551983  .00001690  00000+0  15719-3 0  9997
2 64581  97.7818  17.3122 0003831  48.7798 311.3753 14.95675579 68128
IRIDE-MS2-HEO-4
1 64582U 25135BG  26263.15050740  .00001088  00000+0  11302-3 0  9998
2 64582  97.7804  16.2323 0002057  66.2985 293.8449 14.91963237 68052
CAPELLA-17 (ACADIA-7)
1 64583U 25135BH  26263.04649429  .00004105  00000+0  40772-3 0  9991
2 64583  97.7744  15.3324 0005764  50.3444 309.8282 14.92258822 67992
ICEYE-X53
1 64584U 25135BJ  26263.22670366  .00001902  00000+0  15418-3 0  9997
2 64584  97.7303  19.5458 0001411 136.4566 223.6769 15.00899182 68336
IRIDE-MS2-HEO-9
1 64585U 25135BK  26263.19534266  .00001276  00000+0  13154-3 0  9991
2 64585  97.7838  16.5018 0002160  76.4996 283.6463 14.91956209 68061
LEMUR-2-SEJONG-2
1 64586U 25135BL  26263.15016135  .00002818  00000+0  24759-3 0  9994
2 64586  97.7775  17.6065 0005003  29.8431 330.3075 14.97375804 68152
IRIDE-MS2-HEO-8
1 64587U 25135BM  26263.24023634  .00000941  00000+0  98499-4 0  9995
2 64587  97.7815  16.4790 0002183  75.7365 284.4096 14.91958878 68077
BIFROST-DNK
1 64588U 25135BN  26263.12569274  .00001835  00000+0  17304-3 0  9996
2 64588  97.7823  16.9916 0005038  46.2563 313.9074 14.95016467 68096
SATORO-T3
1 64589U 25135BP  26263.10173024  .00001881  00000+0  17843-3 0  9998
2 64589  97.7785  16.7217 0005286  28.9224 331.2288 14.94739809 68082
TRANSPORTER-14 OBJECT BQ
1 64590U 25135BQ  26263.08350301  .00001049  00000+0  10295-3 0  9992
2 64590  97.7797  16.5872 0005934  30.7108 329.4458 14.94323957 68074
AE2A
1 64591U 25135BR  26263.23946969  .00002623  00000+0  22803-3 0  9998
2 64591  97.7755  17.9617 0005370  22.0165 338.1286 14.97846866 68182
HUBBLE 7
1 64592U 25135BS  26262.54418668  .00001288  00000+0  12703-3 0  9996
2 64592  97.7828  16.2606 0003744  53.2257 306.9306 14.93738133 67992
HAWK-12C
1 64621U 25138A   26262.73424505  .00002549  00000+0  12553-3 0  9994
2 64621  97.4401 263.6362 0014099 166.3607 193.8012 15.18802866 68212
HAWK-12B
1 64622U 25138B   26261.94382796  .00002138  00000+0  10586-3 0  9990
2 64622  97.4523 263.6562 0013244 163.9456 196.2201 15.18795174 68092
HAWK-12A
1 64623U 25138C   26262.79993056  .00002338  00000+0  11539-3 0  9993
2 64623  97.4463 264.0995 0014231 161.2482 198.9279 15.18802204 68220
KESTREL-0A
1 64624U 25138D   26260.95564291  .00007642  00000+0  31376-3 0  9999
2 64624  97.4462 264.4145 0013638 152.2841 207.9126 15.24413164 68075
LYRA-4
1 64691U 25140A   26263.21107911  .00000849  00000+0  13765-3 0  9994
2 64691  96.0099 358.9530 0010861 244.1551 115.8542 14.72695193 66041
GOSAT-GW (IBUKI GW)
1 64694U 25141A   26263.16694390  .00000403  00000+0  79508-4 0  9998
2 64694  98.0606 198.9490 0001422  84.2854 275.8513 14.67552890 65773
KUIPER-00069
1 64816U 25151A   26263.06498455  .00001999  00000+0  29109-3 0  9990
2 64816  51.9014 141.1264 0000836 118.4041 241.7006 14.79938127 65543
KUIPER-00070
1 64817U 25151B   26262.26141806  .00001419  00000+0  21512-3 0  9994
2 64817  51.8966 169.5804 0001320  84.6814 275.4299 14.79925333 65086
KUIPER-00071
1 64818U 25151C   26263.00694660  .00002061  00000+0  29923-3 0  9997
2 64818  51.8994 163.8295 0000761  99.5504 260.5544 14.79935030 64046
KUIPER-00072
1 64819U 25151D   26263.06227796 -.00000093  00000+0  16805-4 0  9996
2 64819  51.8995 143.5066 0000691 123.0658 237.0371 14.79929395 64330
KUIPER-00073
1 64820U 25151E   26263.17577520  .00000545  00000+0  10058-3 0  9997
2 64820  51.9013 163.0594 0001210  77.1632 282.9465 14.79929693 65252
KUIPER-00075
1 64822U 25151G   26262.98082492  .00023163  00000+0  60206-3 0  9997
2 64822  51.8670 354.4969 0002844 245.9543 114.1147 15.38828250 66396
KUIPER-00076
1 64823U 25151H   26263.11903185  .00000777  00000+0  13098-3 0  9998
2 64823  51.8999 153.3351 0001155  98.5899 261.5194 14.79932789 64206
KUIPER-00077
1 64824U 25151J   26263.11364516  .00000665  00000+0  11621-3 0  9994
2 64824  51.9030 158.3807 0001140  70.3474 289.7611 14.79928711 64134
KUIPER-00078
1 64825U 25151K   26263.01503350  .00002064  00000+0  29972-3 0  9998
2 64825  51.9000 156.2879 0001034  98.4483 261.6597 14.79931534 64152
KUIPER-00079
1 64826U 25151L   26263.11093957  .00000644  00000+0  11346-3 0  9995
2 64826  51.8998 160.8179 0001161  69.9171 290.1916 14.79929877 65295
KUIPER-00080
1 64827U 25151M   26263.14469691  .00001861  00000+0  27302-3 0  9992
2 64827  51.8990 160.6800 0000611  70.4032 289.6997 14.79933178 64109
KUIPER-00082
1 64828U 25151N   26262.98935853  .00002083  00000+0  30218-3 0  9999
2 64828  51.9014 148.9312 0000927  98.8694 261.2373 14.79933489 64258
KUIPER-00083
1 64829U 25151P   26263.11633625  .00001370  00000+0  20873-3 0  9992
2 64829  51.9034 155.8502 0001418  79.4414 280.6708 14.79931997 65351
KUIPER-00084
1 64830U 25151Q   26263.17304962  .00002147  00000+0  31042-3 0  9992
2 64830  51.9011 165.5857 0000809  98.8923 261.2131 14.79950253 64037
KUIPER-00085
1 64831U 25151R   26262.95561145  .00001971  00000+0  28746-3 0  9997
2 64831  51.9037 149.1382 0000928  96.6572 263.4496 14.79932257 64240
KUIPER-00086
1 64832U 25151S   26262.13445871  .00000895  00000+0  14643-3 0  9990
2 64832  51.9016 162.7029 0000979  94.3272 265.7803 14.79930805 63989
KUIPER-00087
1 64833U 25151T   26263.03130543  .00010062  00000+0  13487-2 0  9999
2 64833  51.8996 141.1933 0001436  88.6895 271.4232 14.79876450 64354
KUIPER-00089
1 64834U 25151U   26262.95828955  .00000592  00000+0  10664-3 0  9993
2 64834  51.9003 146.5404 0000829  99.8760 260.2296 14.79926728 64289
KUIPER-00090
1 64835U 25151V   26263.03389431 -.00000140  00000+0  10600-4 0  9996
2 64835  51.8953 138.7002 0000775 115.2101 244.8942 14.79923247 64393
KUIPER-00091
1 64836U 25151W   26262.96099323  .00001920  00000+0  28087-3 0  9999
2 64836  51.9019 144.0506 0000995  97.5091 262.5984 14.79930595 64310
KUIPER-00092
1 64837U 25151X   26262.21007658  .00000347  00000+0  74508-4 0  9990
2 64837  51.8998 154.8586 0000914  99.6592 260.4473 14.79931660 65318
KUIPER-00093
1 64838U 25151Y   26263.08526715  .00001125  00000+0  17661-3 0  9998
2 64838  51.8982 153.4558 0001123  92.6730 267.4361 14.79927243 64196
KUIPER-00094
1 64839U 25151Z   26262.12087329  .00000099  00000+0  42026-4 0  9999
2 64839  51.9040 112.8397 0001184  93.4356 266.6742 14.79929233 64682
LEMUR-2-HUBBLE-5
1 64840U 25135BT  26263.04570522  .00000832  00000+0  82661-4 0  9991
2 64840  97.7790  16.6446 0006109  35.9196 324.2433 14.94371014 68075
LEMUR-2-KARENDARRELL
1 64841U 25135BU  26263.06464513  .00005240  00000+0  41177-3 0  9990
2 64841  97.7864  19.2920 0009949 248.2707 111.7458 15.01284510 68244
LIDE
1 64869U 25154A   26262.79012314  .00002539  00000+0  23818-3 0  9998
2 64869  97.6627 324.4668 0003579 274.7493  85.3319 14.94859091 63137
TRACERS 1
1 64870U 25154B   26263.17232088  .00000851  00000+0  85670-4 0  9995
2 64870  97.6593 324.4673 0004178 310.5301  49.5555 14.93691409 63174
ATHENA EPIC
1 64871U 25154C   26263.15862362  .00000664  00000+0  66857-4 0  9996
2 64871  97.6575 324.6863 0005198 293.5682  66.4993 14.94375040 63190
SKYCRAFT-4B
1 64872U 25154D   26263.15116949  .00002912  00000+0  24794-3 0  9991
2 64872  97.6577 326.0502 0003961 314.9262  45.1639 14.98562998 63260
TRACERS 2
1 64873U 25154E   26263.17160047  .00000820  00000+0  82788-4 0  9996
2 64873  97.6593 324.4802 0003608   4.6695 355.4558 14.93695966 63179
PEXT (BARD)
1 64874U 25154F   26262.99264793  .00001855  00000+0  86950-4 0  9993
2 64874  97.3869 326.2032 0001786 350.2588   9.8613 15.20921943 64254
REAL
1 64875U 25154G   26263.15994441  .00017340  00000+0  48867-3 0  9993
2 64875  97.3938 331.7733 0001667 114.4381 245.7037 15.36493994 64618
IONOSFERA-M 3
1 64876U 25155A   26263.19974696  .00000039  00000+0  37592-4 0  9990
2 64876  98.6149 222.7600 0000872   5.4442 354.6745 14.21499942 59907
IONOSFERA-M 4
1 64877U 25155B   26263.16403534  .00000029  00000+0  32870-4 0  9999
2 64877  98.6141 222.6418 0000662  53.0977 307.0262 14.21502542 59890
INNOSAT 16 (RS92S7)
1 64878U 25155C   26263.15331534  .00003962  00000+0  15518-3 0  9997
2 64878  97.4687 230.1020 0009384 201.0347 159.0507 15.26354466 95154
GEOSCAN 6 (RS92S6)
1 64879U 25155D   26263.14859814  .00007393  00000+0  24320-3 0  9996
2 64879  97.4672 232.2427 0007056 183.6180 176.5012 15.31797552 95290
GEOSCAN 1 (RS92S1)
1 64880U 25155E   26263.17470155  .00007903  00000+0  25386-3 0  9998
2 64880  97.4667 232.5096 0006955 182.6238 177.4969 15.32540230 95315
239ALFEROV (RS61S)
1 64881U 25155F   26263.18587043  .00010780  00000+0  31624-3 0  9994
2 64881  97.4662 233.4420 0006593 178.5568 181.5695 15.35333655 95372
2025-155G
1 64882U 25155G   26263.17426797  .00006339  00000+0  21440-3 0  9992
2 64882  97.4698 232.1679 0006577 184.5161 175.6021 15.30962711 95285
2025-155H
1 64883U 25155H   26263.17420528  .00006417  00000+0  21698-3 0  9991
2 64883  97.4688 232.1321 0006790 178.9962 181.1294 15.30965206 95288
2025-155J
1 64884U 25155J   26263.17392672  .00006427  00000+0  21724-3 0  9991
2 64884  97.4684 232.1194 0007443 174.6459 185.4862 15.30974380 95284
2025-155K
1 64885U 25155K   26263.17305101  .00029111  00000+0  60731-3 0  9999
2 64885  97.4605 235.9513 0007387 143.7825 216.3925 15.45482136 95558
2025-155L
1 64886U 25155L   26263.15918400  .00031846  00000+0  61748-3 0  9997
2 64886  97.4555 236.4570 0007016 150.0291 210.1361 15.47601853 95590
2025-155M
1 64887U 25155M   26263.19243838  .00023648  00000+0  53587-3 0  9991
2 64887  97.4599 235.3492 0007099 154.7616 205.3980 15.43074739 95511
2025-155N
1 64888U 25155N   26263.20410132  .00033085  00000+0  63772-3 0  9990
2 64888  97.4560 236.5909 0006949 147.0152 213.1532 15.47765300 95604
2025-155P
1 64889U 25155P   26263.16255397  .00003278  00000+0  12544-3 0  9998
2 64889  97.4713 231.0037 0006659 187.3633 172.7509 15.27278478 95209
GEOSCAN 2 (RS92S2)
1 64890U 25155Q   26263.15263552  .00007939  00000+0  25310-3 0  9994
2 64890  97.4667 232.6756 0006876 167.8474 192.2935 15.32784985 95325
GEOSCAN 5 (RS92S5)
1 64891U 25155R   26263.15633054  .00010780  00000+0  31340-3 0  9991
2 64891  97.4655 233.5840 0005440 179.8113 180.3134 15.35623992 95384
GEOSCAN 4 (RS92S4)
1 64892U 25155S   26263.19470616  .00011188  00000+0  32311-3 0  9991
2 64892  97.4661 233.7036 0005315 178.4160 181.7102 15.35822696 95392
GEOSCAN 3 (RS92S3)
1 64893U 25155T   26263.18399243  .00013758  00000+0  36472-3 0  9994
2 64893  97.4645 234.4388 0005314 175.1075 185.0223 15.38438279 95441
INNOSAT 3 (RS92S0)
1 64894U 25155U   26263.18487313  .00038162  00000+0  65652-3 0  9999
2 64894  97.4584 237.5006 0005215 152.8249 207.3276 15.50998299 95656
2025-155V
1 64895U 25155V   26263.17408691  .00006115  00000+0  20693-3 0  9990
2 64895  97.4694 232.1443 0006690 183.1756 176.9444 15.30960158 95270
SKYCRAFT-4C
1 64896U 25154H   26263.16228492  .00001073  00000+0  10173-3 0  9998
2 64896  97.6596 325.2128 0004196 312.2942  47.7923 14.95623089213345
SKYCRAFT-4A
1 64897U 25154J   26262.93670264  .00002070  00000+0  18253-3 0  9996
2 64897  97.6627 325.5666 0003755 323.3061  36.7904 14.97508813 61567
SKYKRAFT-4D
1 64898U 25154K   26263.17906407  .00002627  00000+0  23290-3 0  9990
2 64898  97.6578 325.4258 0002832 301.3307  58.7637 14.97060489 61506
MICROCARB
1 64899U 25156A   26262.92213852  .00000284  00000+0  52225-4 0  9998
2 64899  98.0094 338.6695 0016871 325.3494  34.6613 14.72850258 61913
CO3D 3
1 64900U 25156B   26263.16991499  .00002639  00000+0  12497-3 0  9990
2 64900  97.4340 340.4975 0001296 115.7437 244.3932 15.20200878 63960
CO3D 4
1 64901U 25156C   26263.17006711  .00002612  00000+0  12373-3 0  9990
2 64901  97.4340 340.4976 0001276  29.0232 331.1074 15.20203267 63967
CO3D 2
1 64902U 25156D   26263.20254626  .00001233  00000+0  60091-4 0  9994
2 64902  97.4341 340.4286 0001583  96.8474 263.2941 15.20199698 63964
CO3D 1
1 64903U 25156E   26263.20269287  .00000844  00000+0  42077-4 0  9995
2 64903  97.4341 340.4287 0001294  98.8331 261.3051 15.20208884 63968
HULIANWANG DIGUI-35
1 64956U 25159A   26263.13992285 -.00000068  00000+0 -19371-3 0  9999
2 64956  86.4898 250.3354 0002172 185.8286 174.2823 13.24405930 55690
HULIANWANG DIGUI-36
1 64957U 25159B   26263.21179587 -.00000075  00000+0 -20845-3 0  9997
2 64957  86.4918 250.3896 0002237  86.4089 273.7301 13.24401622 55706
HULIANWANG DIGUI-37
1 64958U 25159C   26263.20418779 -.00000065  00000+0 -18547-3 0  9991
2 64958  86.4859 250.1418 0002045  88.7790 271.3578 13.24402292 55704
HULIANWANG DIGUI-38
1 64959U 25159D   26263.19668164 -.00000071  00000+0 -19900-3 0  9996
2 64959  86.4918 250.3825 0001988  87.8255 272.3107 13.24402397 55701
HULIANWANG DIGUI-39
1 64960U 25159E   26263.18912263 -.00000059  00000+0 -17070-3 0  9991
2 64960  86.4894 250.2785 0002045  85.5197 274.6170 13.24401921 55702
ENSHI XIDA SHANQUAN
1 64962U 25160A   26263.18528119  .00039186  00000+0  73247-3 0  9997
2 64962  97.3550 342.3595 0006153 210.5998 149.4895 15.48621487 64082
HULIANWANG DIGUI-40
1 65043U 25162A   26263.11771941 -.00000086  00000+0  82289-4 0  9991
2 65043  49.9992 285.4389 0000750 282.9354  77.1434 13.29327640 55975
HULIANWANG DIGUI-41
1 65044U 25162B   26263.10932794 -.00000086  00000+0  81846-4 0  9994
2 65044  50.0002 285.4277 0000773 283.1702  76.9084 13.29326194 55984
HULIANWANG DIGUI-42
1 65045U 25162C   26263.10106501 -.00000076  00000+0  10379-3 0  9995
2 65045  49.9967 285.2710 0000750 280.7154  79.3633 13.29325537 55988
HULIANWANG DIGUI-43
1 65046U 25162D   26263.16779598 -.00000092  00000+0  68413-4 0  9995
2 65046  49.9985 285.0149 0000677 281.1050  78.9746 13.29326431 55996
HULIANWANG DIGUI-44
1 65047U 25162E   26263.15969975 -.00000090  00000+0  73007-4 0  9998
2 65047  50.0012 285.0603 0001152 209.8033 150.2773 13.29322262 56008
HULIANWANG DIGUI-45
1 65048U 25162F   26263.15111602 -.00000092  00000+0  68187-4 0  9990
2 65048  50.0042 285.1143 0000750 280.5417  79.5370 13.29326965 55994
HULIANWANG DIGUI-46
1 65049U 25162G   26263.14272317 -.00000086  00000+0  82273-4 0  9996
2 65049  50.0060 285.1299 0000748 284.3570  75.7219 13.29331048 55994
HULIANWANG DIGUI-47
1 65050U 25162H   26263.13438682 -.00000086  00000+0  82123-4 0  9990
2 65050  50.0024 284.9714 0000714 286.0244  74.0549 13.29330310 55994
HULIANWANG DIGUI-48
1 65051U 25162J   26263.12603295 -.00000094  00000+0  65768-4 0  9999
2 65051  50.0034 284.9601 0000716 281.5480  78.5312 13.29326408 55995
NISAR
1 65053U 25163A   26263.12452498  .00000040  00000+0  25043-4 0  9991
2 65053  98.4057  89.4122 0001238  89.1335 270.9996 14.42504059 60072
HULIANWANG DIGUI-49
1 65106U 25168A   26263.18844760 -.00000085  00000+0  83501-4 0  9991
2 65106  50.0052 345.2355 0007461  26.6173 333.5081 13.29326240 55322
HULIANWANG DIGUI-50
1 65107U 25168B   26263.18003784 -.00000089  00000+0  74738-4 0  9991
2 65107  50.0022 345.0906 0008177  11.4315 348.6742 13.29325930 55321
HULIANWANG DIGUI-51
1 65108U 25168C   26263.17119225 -.00000108  00000+0  34112-4 0  9993
2 65108  50.0060 345.1686 0009541  11.2592 348.8492 13.29322770 55324
HULIANWANG DIGUI-52
1 65109U 25168D   26263.16319613 -.00000090  00000+0  72806-4 0  9998
2 65109  50.0053 345.1000 0009612  24.6863 335.4468 13.29327266 55325
HULIANWANG DIGUI-53
1 65110U 25168E   26263.15450203 -.00000074  00000+0  10875-3 0  9999
2 65110  50.0061 345.0882 0008231  14.4121 345.6984 13.29324613 55322
HULIANWANG DIGUI-54
1 65111U 25168F   26263.20478453 -.00000085  00000+0  84267-4 0  9992
2 65111  50.0011 344.5251 0009989  19.8171 340.3088 13.29330850 55335
HULIANWANG DIGUI-55
1 65112U 25168G   26263.14640309 -.00000083  00000+0  88246-4 0  9996
2 65112  50.0017 344.8980 0011084  15.7554 344.3661 13.29326874 55324
HULIANWANG DIGUI-56
1 65113U 25168H   26263.21334139 -.00000086  00000+0  81191-4 0  9991
2 65113  50.0008 344.5574 0011070  37.2906 322.8733 13.29326339 55334
HULIANWANG DIGUI-57
1 65114U 25168J   26263.19647531 -.00000082  00000+0  91586-4 0  9997
2 65114  50.0037 344.5673 0008756  28.1635 331.9709 13.29330821 55348
GEESAT-4 01
1 65119U 25170A   26263.16837000  .00001001  00000+0  14525-3 0  9992
2 65119  49.9875  93.8717 0010433  56.8536 303.3402 14.84269603 60548
GEESAT-4 02
1 65120U 25170B   26263.15635274  .00000971  00000+0  14161-3 0  9993
2 65120  49.9849  93.7002 0009687  93.9105 266.2941 14.84277645 60562
GEESAT-4 03
1 65121U 25170C   26263.12252882  .00001024  00000+0  14788-3 0  9996
2 65121  49.9917  93.7478 0020360  66.4391 293.8684 14.84278496 60531
GEESAT-4 04
1 65122U 25170D   26263.12753428  .00000914  00000+0  14044-3 0  9991
2 65122  49.9711  48.4556 0029401 317.2339  42.6311 14.82391871 61137
GEESAT-4 05
1 65123U 25170E   26263.09374535  .00000970  00000+0  14756-3 0  9998
2 65123  49.9955  49.6712 0007493 324.2070  35.8365 14.82396658 61122
GEESAT-4 06
1 65124U 25170F   26263.14499484  .00000967  00000+0  14127-3 0  9994
2 65124  49.9832  93.5635 0018611  46.3190 313.9287 14.84269532 60537
GEESAT-4 07
1 65125U 25170G   26263.13332005  .00000997  00000+0  14476-3 0  9999
2 65125  49.9912  93.8084 0017903  58.8059 301.4631 14.84250461 60539
GEESAT-4 08
1 65126U 25170H   26263.11074891  .00000912  00000+0  14056-3 0  9995
2 65126  49.9665  48.1214 0020350 346.5466  13.4926 14.82380325 61137
GEESAT-4 09
1 65127U 25170J   26263.18827368  .00000821  00000+0  13159-3 0  9990
2 65127  49.9906 125.1051 0022079  34.8372 325.4006 14.81613724 60083
GEESAT-4 10
1 65128U 25170K   26263.00954588  .00000952  00000+0  14523-3 0  9998
2 65128  49.9788  48.6920 0024550 294.0152  65.8216 14.82416591 61126
GEESAT-4 11
1 65129U 25170L   26263.11155838  .00001010  00000+0  14626-3 0  9992
2 65129  49.9833  93.3837 0007263  96.5246 263.6519 14.84273211 60533
KUIPER-00081
1 65132U 25171A   26262.60012034  .00002270  00000+0  32662-3 0  9999
2 65132  51.9014  10.6000 0000361  95.9594 264.1410 14.79929701 61753
KUIPER-00088
1 65133U 25171B   26263.05395890  .00001243  00000+0  19202-3 0  9998
2 65133  51.9020  26.0927 0000487 103.9510 256.1506 14.79931306 61578
KUIPER-00095
1 65134U 25171C   26262.94048044  .00001542  00000+0  23129-3 0  9997
2 65134  51.9010   6.6313 0000322 117.3767 242.7228 14.79929914 61835
KUIPER-00096
1 65135U 25171D   26263.02827664  .00000057  00000+0  36519-4 0  9999
2 65135  51.8986  18.6988 0000280 130.4872 229.6114 14.79931835 61679
KUIPER-00097
1 65136U 25171E   26262.95807955  .00000156  00000+0  49521-4 0  9999
2 65136  51.9032  21.6815 0000677  98.1306 261.9733 14.79929006 61615
KUIPER-00098
1 65137U 25171F   26263.02288919  .00001927  00000+0  28163-3 0  9997
2 65137  51.9021  23.7536 0000635  98.3385 261.7649 14.79935710 60948
KUIPER-00099
1 65138U 25171G   26262.99992060  .00000388  00000+0  79890-4 0  9996
2 65138  51.9041  13.8695 0000621 114.8060 245.2967 14.79927975 61738
KUIPER-00100
1 65139U 25171H   26263.03637544  .00000594  00000+0  10693-3 0  9990
2 65139  51.9035  11.1744 0000443  97.0025 263.0988 14.79931412 61779
KUIPER-00102
1 65140U 25171J   26262.96614834  .00001921  00000+0  28096-3 0  9991
2 65140  51.9002  13.9522 0000467 134.9220 225.1780 14.79926077 61728
KUIPER-00103
1 65141U 25171K   26262.37324259  .00006662  00000+0  90158-3 0  9991
2 65141  51.8985  34.0762 0000278 113.2731 246.8261 14.79952456 61392
KUIPER-00104
1 65142U 25171L   26263.06205281  .00000186  00000+0  53448-4 0  9999
2 65142  51.9057  18.5517 0000484 103.7540 256.3477 14.79930297 61675
KUIPER-00105
1 65143U 25171M   26262.61502114  .00002205  00000+0  31815-3 0  9992
2 65143  51.9021  28.1192 0000541 111.4685 248.6335 14.79926836 61506
KUIPER-00106
1 65144U 25171N   26263.00092156  .00001455  00000+0  21984-3 0  9999
2 65144  51.9024   5.1811 0000505  99.8874 260.2146 14.79930292 61862
KUIPER-00107
1 65145U 25171P   26263.03904154  .00002152  00000+0  31127-3 0  9998
2 65145  51.9017   8.6852 0000767  78.6672 281.4376 14.79925732 61817
KUIPER-00108
1 65146U 25171Q   26262.04640897  .00002473  00000+0  35324-3 0  9999
2 65146  51.9038  25.6227 0000411 103.6153 256.4855 14.79930252 61496
KUIPER-00109
1 65147U 25171R   26262.69332949  .00002273  00000+0  32702-3 0  9992
2 65147  51.9034  17.7038 0000475 112.0715 248.0298 14.79931703 61651
KUIPER-00110
1 65148U 25171S   26263.05126877 -.00000090  00000+0  17185-4 0  9990
2 65148  51.9002  28.6655 0000474 115.6092 244.4919 14.79929668 61522
KUIPER-00111
1 65149U 25171T   26262.40432960  .00000466  00000+0  90155-4 0  9996
2 65149  51.8992  36.3874 0000364 129.4469 230.6526 14.79929900 61360
KUIPER-00112
1 65150U 25171U   26262.59203979  .00000440  00000+0  86759-4 0  9991
2 65150  51.9030  18.1961 0000461 114.5241 245.5770 14.79930928 61630
KUIPER-00114
1 65151U 25171V   26263.00939611  .00001079  00000+0  17052-3 0  9996
2 65151  51.9002  36.3073 0000418 130.0402 230.0597 14.79925267 61412
KUIPER-00115
1 65152U 25171W   26263.08503494 -.00000430  00000+0 -27454-4 0  9991
2 65152  51.9030  28.4847 0000408 103.8355 256.2653 14.79927604 61532
KUIPER-00116
1 65153U 25171X   26263.04586897  .00001683  00000+0  24967-3 0  9990
2 65153  51.8988  33.6869 0000300  91.9777 268.1220 14.79940221 61455
KUIPER-00118
1 65154U 25171Y   26263.04316569  .00002200  00000+0  31747-3 0  9998
2 65154  51.9005  36.1457 0000469 104.2031 255.8983 14.79936337 61424
KUIPER-00119
1 65155U 25171Z   26262.92159831  .00002181  00000+0  31508-3 0  9995
2 65155  51.9021  24.2878 0000571  82.6182 277.4845 14.79930548 61579
METOP-SGA1
1 65159U 25172A   26263.12546075  .00000001  00000+0  20310-4 0  9992
2 65159  98.7069 321.1169 0000845  95.7794 264.3480 14.21503483 57277
HULIANWANG DIGUI-58
1 65164U 25174A   26263.15549194  .00000063  00000+0  11227-3 0  9992
2 65164  86.4990 219.9472 0002222  77.1988 282.9394 13.24400276 53365
HULIANWANG DIGUI-59
1 65165U 25174B   26263.16308297  .00000044  00000+0  68541-4 0  9992
2 65165  86.4951 219.7995 0002119  76.8613 283.2757 13.24400214 53366
HULIANWANG DIGUI-60
1 65166U 25174C   26263.17065034  .00000034  00000+0  44839-4 0  9996
2 65166  86.4983 219.9273 0002224  75.3350 284.8030 13.24399515 53364
HULIANWANG DIGUI-61
1 65167U 25174D   26263.17819567  .00000031  00000+0  37429-4 0  9999
2 65167  86.4991 219.9635 0002361  78.5020 281.6379 13.24400050 53365
HULIANWANG DIGUI-62
1 65168U 25174E   26263.18554431  .00000036  00000+0  49497-4 0  9990
2 65168  86.4932 219.7384 0002338  74.8020 285.3373 13.24401924 53369
HULIANWANG DIGUI-63
1 65169U 25174F   26263.19331809  .00000044  00000+0  67652-4 0  9996
2 65169  86.4985 219.9461 0002426  76.2500 283.8904 13.24396030 53367
HULIANWANG DIGUI-64
1 65170U 25174G   26263.20082801  .00000066  00000+0  11916-3 0  9990
2 65170  86.4943 219.7900 0002272  74.5485 285.5899 13.24400256 53369
HULIANWANG DIGUI-65
1 65171U 25174H   26263.14034354  .00000081  00000+0  15407-3 0  9990
2 65171  86.4907 219.6802 0002304  79.0702 281.0691 13.24399988 53357
HULIANWANG DIGUI-66
1 65172U 25174J   26263.13284578  .00000076  00000+0  14187-3 0  9993
2 65172  86.4942 219.8162 0002225  75.7032 284.4349 13.24399739 53350
HULIANWANG DIGUI-67
1 65173U 25174K   26263.14784784  .00000068  00000+0  12527-3 0  9996
2 65173  86.4954 219.8668 0002217  77.1535 282.9846 13.24401214 53324
SKYKRAFT-4E
1 65227U 25154L   26261.14249672  .00003732  00000+0  31347-3 0  9996
2 65227  97.6617 324.3215 0003730 334.5534  25.5505 14.98912077 61254
HULIANWANG DIGUI-68
1 65228U 25178A   26263.17002279  .00000053  00000+0  89534-4 0  9993
2 65228  86.5036 341.4878 0001605 106.7782 253.3528 13.24413496 52889
HULIANWANG DIGUI-69
1 65229U 25178B   26263.16249765  .00000054  00000+0  90711-4 0  9996
2 65229  86.5056 341.5637 0001682 105.3947 254.7373 13.24415335 52886
HULIANWANG DIGUI-70
1 65230U 25178C   26263.15502472  .00000037  00000+0  51906-4 0  9998
2 65230  86.4994 341.3177 0001619 108.3248 251.8062 13.24412812 52882
HULIANWANG DIGUI-71
1 65231U 25178D   26263.14746800  .00000028  00000+0  29987-4 0  9997
2 65231  86.5053 341.5469 0001630 107.7100 252.4212 13.24413701 52881
HULIANWANG DIGUI-72
1 65232U 25178E   26263.21549154  .00000014  00000+0 -85100-6 0  9996
2 65232  86.5036 341.4497 0001619 107.3780 252.7531 13.24413037 52890
2025-180A
1 65259U 25180A   26262.01815047  .00003219  00000+0  13066-3 0  9990
2 65259  97.5314  31.2054 0011256 352.3268   7.7796 15.25289024 60085
2025-180B
1 65260U 25180B   26263.19479505  .00002128  00000+0  11396-3 0  9999
2 65260  97.5388  29.6451 0014151   0.9660 359.1597 15.16051814 60053
2025-180C
1 65261U 25180C   26263.19466481  .00002895  00000+0  15371-3 0  9997
2 65261  97.5356  29.5097 0013424 358.9544   1.1658 15.16054696 60056
2025-180D
1 65262U 25180D   26263.19452606  .00002648  00000+0  14090-3 0  9995
2 65262  97.5375  29.6024 0013736 357.4518   2.6642 15.16060878 60058
2025-180E
1 65263U 25180E   26263.22835074  .00002048  00000+0  10901-3 0  9995
2 65263  97.4788  28.9168 0001627  85.2391 274.9028 15.16353315 60129
COSMOS 2591
1 65267U 25182A   26263.13807729  .00063346  33729-5  15331-3 0  9997
2 65267  96.5780 192.2885 0007994 118.6678 241.5405 15.96418864 62847
COSMOS 2592
1 65268U 25182B   26263.15374656  .00065677  34870-5  15883-3 0  9997
2 65268  96.5772 192.2272 0007654 107.9573 252.2541 15.96431922 62847
COSMOS 2593
1 65269U 25182C   26263.16906940  .00077754  41390-5  19168-3 0  9990
2 65269  96.5823 192.2389 0006561 113.4090 246.7879 15.96067670 62843
COSMOS 2594
1 65270U 25182D   26263.12204323  .00067235  35696-5  16297-3 0  9999
2 65270  96.5819 192.1957 0005825 118.8582 241.3282 15.96411000 62857
DRESDEN
1 65297U 25185A   26263.19133991  .00005324  00000+0  69459-3 0  9994
2 65297  97.9608 345.7322 0015191 138.2025 222.0351 14.80876841 57884
FOURIER
1 65298U 25185B   26263.19049826  .00005960  00000+0  77656-3 0  9992
2 65298  97.9643 345.8183 0015353 137.4945 222.7459 14.80877531 57896
STARK
1 65299U 25185C   26263.16484287  .00001288  00000+0  16409-3 0  9992
2 65299  97.9641 346.3198 0013257 137.0930 223.1320 14.83204423 57921
BASIL
1 65301U 25185E   26263.05453529  .00005497  00000+0  71686-3 0  9993
2 65301  97.9641 345.6973 0015459 133.7856 226.4638 14.80871561 57876
DOJO
1 65302U 25185F   26263.18877398  .00006221  00000+0  81021-3 0  9992
2 65302  97.9632 345.8152 0015468 134.8314 225.4158 14.80877243 57890
HULIANWANG DIGUI-73
1 65305U 25187A   26263.16426175 -.00000090  00000+0  73081-4 0  9995
2 65305  50.0041 225.2510 0000726 357.2891   2.7977 13.29326597 52330
HULIANWANG DIGUI-74
1 65306U 25187B   26263.14776105 -.00000096  00000+0  59676-4 0  9995
2 65306  50.0084 225.2940 0000721 359.1840   0.9030 13.29324525 52334
HULIANWANG DIGUI-75
1 65307U 25187C   26263.20618767 -.00000101  00000+0  49123-4 0  9995
2 65307  50.0076 224.9137 0000720 358.3359   1.7511 13.29325505 52348
HULIANWANG DIGUI-76
1 65308U 25187D   26263.18946971 -.00000093  00000+0  67811-4 0  9998
2 65308  50.0000 225.2537 0000746 350.8070   9.2788 13.29326733 52331
HULIANWANG DIGUI-77
1 65309U 25187E   26263.18103164 -.00000087  00000+0  78781-4 0  9999
2 65309  50.0035 225.3149 0000924 359.7168   0.3703 13.29326690 52335
HULIANWANG DIGUI-78
1 65310U 25187F   26263.21463339 -.00000096  00000+0  61485-4 0  9991
2 65310  50.0100 225.0311 0000723 357.6273   2.4596 13.29325473 52341
HULIANWANG DIGUI-79
1 65311U 25187G   26263.19797943 -.00000093  00000+0  67910-4 0  9996
2 65311  50.0030 225.3877 0000681 359.0858   1.0012 13.29322426 52334
HULIANWANG DIGUI-80
1 65312U 25187H   26263.17273559 -.00000084  00000+0  86428-4 0  9992
2 65312  50.0020 225.2284 0000925   0.5666 359.5207 13.29325726 52334
HULIANWANG DIGUI-81
1 65313U 25187J   26263.15628015 -.00000092  00000+0  68431-4 0  9995
2 65313  50.0059 225.2655 0000735 359.7396   0.3475 13.29322469 52347
PELICAN-3
1 65315U 25188A   26260.77227428  .00005492  00000+0  13489-3 0  9996
2 65315  97.1887 335.5292 0000512  52.9151 307.2143 15.41074407 59571
PELICAN-4
1 65316U 25188B   26262.43221680  .00005764  00000+0  14157-3 0  9991
2 65316  97.1933 337.2905 0002578 107.9463 252.2065 15.41052017 59828
NAOS
1 65317U 25188C   26263.15054330  .00005900  00000+0  15713-3 0  9999
2 65317  97.1956 336.7508 0001261  95.5977 264.5412 15.38559147 59865
CAPELLA-16 (ACADIA-6)
1 65318U 25188D   26263.18045262  .00002869  00000+0  26988-3 0  9994
2 65318  97.7315 336.9225 0002700 282.8905  77.2013 14.94664250 58105
FFLY03
1 65319U 25188E   26263.17573822  .00000672  00000+0  70217-4 0  9997
2 65319  97.7247 336.6055 0008787 141.2556 218.9295 14.92867123 58084
FFLY01
1 65320U 25188F   26263.22263472  .00000957  00000+0  97873-4 0  9995
2 65320  97.7304 336.8221 0008839 211.6646 148.4042 14.92840676 58088
LEAP-1
1 65321U 25188G   26263.17345722  .00001299  00000+0  13403-3 0  9995
2 65321  97.7289 335.7635 0001738 238.0321 122.0729 14.91877989 58011
FFLY02
1 65322U 25188H   26263.20181588  .00000584  00000+0  61777-4 0  9992
2 65322  97.7291 336.7895 0013001 162.7938 197.3725 14.92849317 58080
LEMUR-2-LUCILLE-ROSE
1 65403U 25135BV  26263.10511411  .00004179  00000+0  32929-3 0  9995
2 65403  97.7636  19.2636 0012095 335.2917  24.7726 15.01280211 62874
2025-197A
1 65488U 25197A   26262.77894622  .00002302  00000+0  14137-3 0  9993
2 65488  97.4171  81.9891 0014808  65.6646 294.6129 15.10976323 57295
2025-197B
1 65489U 25197B   26262.82095062  .00002398  00000+0  11403-3 0  9999
2 65489  97.4115  87.4055 0014571  40.9937 319.2391 15.20072146 57659
2025-197C
1 65490U 25197C   26262.99086637  .00002898  00000+0  11808-3 0  9991
2 65490  97.4111  89.0057 0015187  41.4961 318.7427 15.25176525 57761
YAOGAN-40 03A
1 65544U 25199A   26263.19596455  .00000222  00000+0  83704-4 0  9994
2 65544  85.9943 357.4930 0015511 121.8216 238.4488 14.26530042 53966
YAOGAN-40 03B
1 65545U 25199B   26263.11026756  .00000074  00000+0  29602-4 0  9991
2 65545  85.9968   1.4956 0002086 107.9249 252.2161 14.12463650 53431
YAOGAN-40 03C
1 65546U 25199C   26263.11042409  .00000106  00000+0  47134-4 0  9991
2 65546  85.9967   1.4929 0002101 108.1990 251.9422 14.12463521 53438
GEESAT-5 01
1 65550U 25201A   26263.19235848  .00000830  00000+0  12447-3 0  9991
2 65550  49.9929 318.8502 0002732  48.7088 311.4085 14.84406367 55916
GEESAT-5 02
1 65551U 25201B   26262.17459202  .00000907  00000+0  13366-3 0  9997
2 65551  49.9877 323.3121 0008200 324.3790  35.6600 14.84416147 55753
GEESAT-5 03
1 65552U 25201C   26263.17724691  .00000860  00000+0  12829-3 0  9997
2 65552  49.9886 318.6067 0010962 266.9297  93.0387 14.84369294 55908
GEESAT-5 04
1 65553U 25201D   26262.89438964  .00000648  00000+0  10319-3 0  9997
2 65553  49.9870 320.4484 0008514 273.9624  86.0341 14.84430539 55855
GEESAT-5 05
1 65554U 25201E   26262.49646842  .00000883  00000+0  13100-3 0  9992
2 65554  49.9827 321.4949 0011015 281.2189  78.7511 14.84362028 55802
GEESAT-5 06
1 65555U 25201F   26263.16109390  .00000866  00000+0  12873-3 0  9997
2 65555  49.9924 318.6599 0013543 326.2833  33.7243 14.84464198 55897
GEESAT-5 07
1 65556U 25201G   26262.21252470  .00000924  00000+0  13575-3 0  9996
2 65556  49.9898 322.8815 0013185 313.0375  46.9459 14.84400231 55762
GEESAT-5 08
1 65557U 25201H   26262.42192288  .00000910  00000+0  13399-3 0  9999
2 65557  49.9780 320.9208 0007777 270.4318  89.5730 14.84387438 55815
GEESAT-5 09
1 65558U 25201J   26263.14739816  .00000868  00000+0  12913-3 0  9997
2 65558  49.9822 318.1976 0008735 272.6755  87.3183 14.84389603 55902
GEESAT-5 10
1 65559U 25201K   26262.19748018  .00000923  00000+0  13557-3 0  9993
2 65559  49.9842 322.5751 0007750 286.0714  73.9371 14.84394384 55761
GEESAT-5 11
1 65560U 25201L   26262.86327646  .00000841  00000+0  12584-3 0  9997
2 65560  49.9886 319.5819 0008474 342.9382  17.1270 14.84406883 55888
PRAETORIAN SDA_602
1 65565U 25203A   26263.02298537  .00000054  00000+0  38257-4 0  9991
2 65565  81.2997 282.9855 0005032 305.2493  54.8192 13.83893209 51810
PRAETORIAN SDA_603
1 65566U 25203B   26263.04772633  .00000117  00000+0  95079-4 0  9993
2 65566  81.3000 282.8804 0008625 297.8532  62.1750 13.83966676 51823
PRAETORIAN SDA_604
1 65567U 25203C   26263.05692623  .00000051  00000+0  35858-4 0  9991
2 65567  81.3020 283.4349 0004624 311.6659  48.4100 13.83056741 51792
PRAETORIAN SDA_605
1 65568U 25203D   26263.01034672  .00000057  00000+0  41058-4 0  9997
2 65568  81.2983 283.0800 0007245 299.2964  60.7468 13.83134253 51801
PRAETORIAN SDA_606
1 65569U 25203E   26263.06680786  .00000055  00000+0  39813-4 0  9990
2 65569  81.3020 283.2894 0005070 303.0557  57.0111 13.83211527 51800
PRAETORIAN SDA_607
1 65570U 25203F   26262.81338608  .00000156  00000+0  13066-3 0  9990
2 65570  81.3004 283.0744 0007921 298.8479  61.1882 13.83764741 51797
PRAETORIAN SDA_608
1 65571U 25203G   26263.00989220  .00000059  00000+0  43005-4 0  9994
2 65571  81.2973 283.0279 0005075 309.0536  51.0168 13.83824981 51802
PRAETORIAN SDA_609
1 65572U 25203H   26262.98797685  .00000165  00000+0  13776-3 0  9992
2 65572  81.3014 283.0150 0005843 300.7031  59.3549 13.84216437 51816
PRAETORIAN SDA_610
1 65573U 25203J   26263.00581690  .00000056  00000+0  39728-4 0  9999
2 65573  81.2975 283.0267 0005781 307.4216  52.6414 13.83534258 51800
PRAETORIAN SDA_611
1 65574U 25203K   26263.02530464  .00000389  00000+0  34324-3 0  9990
2 65574  81.2980 283.2119 0004737 315.0406  45.0366 13.83314769 51794
PRAETORIAN SDA_612
1 65575U 25203L   26262.31868112  .00000113  00000+0  89094-4 0  9996
2 65575  81.2993 283.2213 0008228 300.1728  59.8614 13.85039325 51743
PRAETORIAN SDA_613
1 65576U 25203M   26263.06923407  .00000054  00000+0  38976-4 0  9996
2 65576  81.2966 283.2422 0004676 302.4012  57.6691 13.82772758 51797
PRAETORIAN SDA_614
1 65577U 25203N   26263.04806667  .00000053  00000+0  36986-4 0  9991
2 65577  81.2979 282.6455 0006094 297.4517  62.6020 13.84784567 51841
PRAETORIAN SDA_615
1 65578U 25203P   26263.04831969  .00000148  00000+0  12176-3 0  9994
2 65578  81.2987 282.6689 0007994 296.5307  63.5030 13.84442998 51836
PRAETORIAN SDA_616
1 65579U 25203Q   26263.02728078  .00000088  00000+0  69390-4 0  9993
2 65579  81.3029 283.4187 0004650 312.5469  47.5294 13.83275783 51795
PRAETORIAN SDA_617
1 65580U 25203R   26262.76761256  .00000063  00000+0  47087-4 0  9992
2 65580  81.3004 283.4812 0006380 299.1410  60.9107 13.83157040 51767
PRAETORIAN SDA_618
1 65581U 25203S   26263.02593839  .00000100  00000+0  79345-4 0  9997
2 65581  81.2987 282.6425 0008781 300.5310  59.4979 13.84229857 51836
PRAETORIAN SDA_619
1 65582U 25203T   26263.02376623  .00000161  00000+0  13463-3 0  9993
2 65582  81.3010 283.0386 0007154 297.6468  62.3962 13.83731154 52449
PRAETORIAN SDA_620
1 65583U 25203U   26262.79592578  .00000166  00000+0  14047-3 0  9990
2 65583  81.2998 283.3289 0006419 296.4320  63.6177 13.83212522 51776
PRAETORIAN SDA_621
1 65584U 25203V   26262.80626441  .00000054  00000+0  38192-4 0  9994
2 65584  81.2987 283.1500 0006302 292.4575  67.5914 13.83809580 51787
PRAETORIAN SDA_601
1 65585U 25203W   26262.38622828  .00000367  00000+0  32442-3 0  9991
2 65585  81.3012 283.9434 0004707 318.7093  41.3707 13.83175651 51703
COSMOS 2595 (MOZHAETS 6)
1 65589U 25206A   26263.12768958 -.00000026  00000+0  00000+0 0  9990
2 65589  64.5785 311.4591 0066144 304.1664  55.2813  2.14901440  7993
COSMOS 2596 [GLONASS-K1]
1 65590U 25206B   26257.17568588 -.00000054  00000+0  00000+0 0  9998
2 65590  64.5776 311.8831 0012346 302.0561  78.6627  2.13100925  7815
HJS-7A
1 65617U 25209A   26262.84014396 -.00000102  00000+0  46881-4 0  9990
2 65617  50.0016  12.5138 0000118 158.3491 201.7392 13.41475886 50376
HJS-7B
1 65618U 25209B   26262.24023595 -.00000091  00000+0  66568-4 0  9997
2 65618  50.0012  14.6844 0001324  70.0378 290.0642 13.41472644 50260
HJS-7C
1 65619U 25209C   26262.98248142 -.00000085  00000+0  76560-4 0  9992
2 65619  50.0021  11.3003 0001926  77.5757 282.5336 13.41474877 50360
HJS-7D
1 65620U 25209D   26262.97787780 -.00000082  00000+0  83378-4 0  9991
2 65620  50.0024  11.2595 0003735 314.5356  45.5216 13.41483657 50369
SHIKONGXING 01
1 65712U 25214A   26262.56627327  .00001284  00000+0  14504-3 0  9992
2 65712  49.9864 210.0704 0013195 259.1633 100.7825 14.93167348 53800
GEESAT-6 01
1 65713U 25214B   26262.83598760  .00000873  00000+0  13180-3 0  9993
2 65713  49.9854 229.9891 0011952 236.1803 123.7998 14.83697103 53553
GEESAT-6 02
1 65714U 25214C   26263.16724154  .00001098  00000+0  15890-3 0  9999
2 65714  49.9837 228.3303 0009937 221.4305 138.5880 14.83616618 53602
GEESAT-6 03
1 65715U 25214D   26262.92740426  .00001086  00000+0  15766-3 0  9992
2 65715  49.9818 228.9662 0012722 229.5530 130.4299 14.83568168 53578
GEESAT-6 04
1 65716U 25214E   26263.20464278  .00001093  00000+0  15831-3 0  9994
2 65716  49.9846 227.8747 0009323 233.0265 126.9820 14.83610856 53617
GEESAT-6 05
1 65717U 25214F   26263.15954337  .00000955  00000+0  14181-3 0  9992
2 65717  49.9791 228.1395 0012558 219.0387 140.9646 14.83618769 53605
GEESAT-6 06
1 65718U 25214G   26263.15909725  .00000940  00000+0  14237-3 0  9990
2 65718  49.9891 226.2899 0008451 237.5618 122.4502 14.82876338 53630
GEESAT-6 07
1 65719U 25214H   26262.51616762  .00001140  00000+0  16399-3 0  9990
2 65719  49.9797 230.7270 0009773 239.3931 120.6043 14.83601613 53526
GEESAT-6 08
1 65720U 25214J   26263.21248154  .00000976  00000+0  14438-3 0  9994
2 65720  49.9906 228.1033 0009509 222.0637 137.9572 14.83605675 53617
GEESAT-6 09
1 65721U 25214K   26262.54610618  .00000995  00000+0  14669-3 0  9995
2 65721  49.9841 231.0442 0008167 215.6792 144.3601 14.83576375 53510
GEESAT-6 10
1 65722U 25214L   26262.56861323  .00000975  00000+0  14429-3 0  9991
2 65722  49.9894 231.3654 0011580 239.2209 120.7590 14.83582930 53514
GEESAT-6 11
1 65723U 25214M   26263.18227127  .00001116  00000+0  16112-3 0  9998
2 65723  49.9827 227.6671 0009859 231.2475 128.7583 14.83599952 53614
KUIPER-00120
1 65762U 25217A   26263.02335987  .00001633  00000+0  24319-3 0  9993
2 65762  51.9004 273.7045 0000511  62.8599 297.2415 14.79927808 53510
KUIPER-00132
1 65763U 25217B   26263.12830552  .00011124  00000+0  28898-3 0  9995
2 65763  51.8514 137.2469 0004890 299.6297  60.4203 15.39447714 55415
KUIPER-00133
1 65764U 25217C   26263.05713734  .00001623  00000+0  24181-3 0  9994
2 65764  51.9039 273.6943 0000504  71.2288 288.8729 14.79938097 53524
KUIPER-00139
1 65765U 25217D   26262.68698850  .00001902  00000+0  27847-3 0  9996
2 65765  51.8981 242.7544 0000790  58.1125 301.9914 14.79924984 53922
KUIPER-00142
1 65766U 25217E   26262.63706087  .00000155  00000+0  49325-4 0  9999
2 65766  51.9034 257.9429 0001264  33.1405 326.9637 14.79925260 53707
KUIPER-00145
1 65767U 25217F   26262.97201044  .00001751  00000+0  25869-3 0  9999
2 65767  51.9005 258.9874 0000636  50.7314 309.3705 14.79922675 53716
KUIPER-00147
1 65768U 25217G   26262.53029877  .00001649  00000+0  24508-3 0  9999
2 65768  51.8973 263.4134 0000659  33.4264 326.6740 14.79952793 53611
KUIPER-00148
1 65769U 25217H   26262.48171687  .00001909  00000+0  27937-3 0  9999
2 65769  51.9048 246.1798 0000648  78.2029 281.9006 14.79933560 53859
KUIPER-00150
1 65770U 25217J   26263.05982674  .00001687  00000+0  25020-3 0  9995
2 65770  51.9003 271.1199 0000594  87.9836 272.1194 14.79937915 53553
KUIPER-00151
1 65771U 25217K   26262.32509165  .00000302  00000+0  68659-4 0  9994
2 65771  51.9011 266.8679 0000519  49.9349 310.1659 14.79931395 53556
KUIPER-00152
1 65772U 25217L   26262.64245792  .00001769  00000+0  26096-3 0  9999
2 65772  51.9001 252.9446 0000661  48.0170 312.0848 14.79932496 53772
KUIPER-00153
1 65773U 25217M   26262.98549843  .00001663  00000+0  24710-3 0  9995
2 65773  51.9022 246.5158 0000859  75.4241 284.6817 14.79924118 53892
KUIPER-00155
1 65774U 25217N   26263.15021788 -.00001802  00000+0 -20748-3 0  9993
2 65774  51.9010 218.2508 0000915  62.2279 297.8777 14.79925504 54301
KUIPER-00156
1 65775U 25217P   26263.01926365  .00001685  00000+0  24988-3 0  9991
2 65775  51.9024 246.3489 0000547  69.1380 290.9641 14.79938290 53890
KUIPER-00165
1 65778U 25217S   26263.00849146  .00010324  00000+0  13819-2 0  9994
2 65778  51.8901 256.3215 0001399 102.8966 257.2152 14.79913576 53753
KUIPER-00166
1 65779U 25217T   26262.51545868 -.00002056  00000+0 -24067-3 0  9997
2 65779  51.9026 246.0698 0000630  82.4716 277.6318 14.79939833 53852
KUIPER-00167
1 65780U 25217U   26262.72754362  .00001638  00000+0  24384-3 0  9998
2 65780  51.8965 267.4514 0000692  48.8060 311.2961 14.79933455 53577
KUIPER-00168
1 65781U 25217V   26262.54385425  .00000809  00000+0  13513-3 0  9990
2 65781  51.9009 250.8879 0000415 108.9612 251.1396 14.79932170 53793
KUIPER-00169
1 65782U 25217W   26263.01117848  .00001591  00000+0  23766-3 0  9996
2 65782  51.9004 253.8344 0000633  85.7765 274.3270 14.79935566 53792
KUIPER-00170
1 65783U 25217X   26262.73566169  .00001806  00000+0  26588-3 0  9993
2 65783  51.8988 259.9957 0000578  62.3706 297.7315 14.79931566 53687
KUIPER-00172
1 65785U 25217Z   26262.51816870  .00001654  00000+0  24595-3 0  9995
2 65785  51.8984 243.4905 0000924  43.5429 316.5606 14.79935730 53897
KUIPER-00173
1 65786U 25217AA  26262.70729141  .00001194  00000+0  18563-3 0  9998
2 65786  51.8997 255.1710 0000638  42.9107 317.1905 14.79933066 53747
KUIPER-00174
1 65787U 25217AB  26262.64514379  .00002702  00000+0  38329-3 0  9995
2 65787  51.9014 250.5096 0000869  72.7121 287.3937 14.79932437 53809
KUIPER-00176
1 65788U 25217AC  26263.03415190  .00000944  00000+0  15288-3 0  9996
2 65788  51.8994 263.7037 0000823  45.1747 314.9282 14.79925514 53656
FENGYUN 3H
1 65815U 25219A   26263.09953056  .00000028  00000+0  33758-4 0  9999
2 65815  98.6822 202.0416 0001431  98.1456 261.9883 14.19933488 50854
HULIANWANG DIGUI-82
1 65817U 25220A   26263.05295308  .00000024  00000+0  20953-4 0  9997
2 65817  86.5036  11.8328 0001300  87.7234 272.4049 13.24411454 47474
HULIANWANG DIGUI-83
1 65818U 25220B   26262.28997264  .00000029  00000+0  33745-4 0  9990
2 65818  86.5058  12.1635 0001305  88.6593 271.4690 13.24411592 47370
HULIANWANG DIGUI-84
1 65819U 25220C   26263.03787661  .00000047  00000+0  74410-4 0  9997
2 65819  86.4996  11.6826 0001357  89.0260 271.1030 13.24411145 47470
HULIANWANG DIGUI-85
1 65820U 25220D   26262.65263228  .00000052  00000+0  88183-4 0  9992
2 65820  86.5057  12.0228 0001410  86.3934 273.7362 13.24410148 47423
HULIANWANG DIGUI-86
1 65821U 25220E   26263.02281867  .00000058  00000+0  10044-3 0  9990
2 65821  86.5035  11.8161 0001484 110.1299 249.9995 13.24412991 47474
2025-226A
1 65938U 25226A   26263.20600676  .00004776  00000+0  24060-3 0  9992
2 65938  97.6382 344.4413 0013592 172.3816 187.7626 15.17594251 52104
2025-226B
1 65939U 25226B   26263.18209957  .00002258  00000+0  14513-3 0  9992
2 65939  97.6328 341.3402 0012253 175.7433 184.3902 15.09390330 51904
2025-226C
1 65940U 25226C   26263.01685713  .00004876  00000+0  24902-3 0  9995
2 65940  97.6289 343.6649 0013478 165.7345 194.4271 15.17104380 52056
SHIYAN-31
1 65945U 25227A   26263.15560292  .00004932  00000+0  20492-3 0  9993
2 65945  80.0060   8.1428 0009854 230.9188 129.1165 15.23631798 52013
KUIPER-00101
1 65947U 25228A   26263.18108806 -.00011247  00000+0 -14472-2 0  9997
2 65947  51.8966 220.4956 0001189  85.0985 275.0113 14.79978206 52032
KUIPER-00113
1 65948U 25228B   26263.15287740  .00002029  00000+0  29516-3 0  9992
2 65948  51.8966 215.6449 0000948  78.1032 282.0037 14.79928170 52098
KUIPER-00117
1 65949U 25228C   26263.18395611 -.00000450  00000+0 -29996-4 0  9994
2 65949  51.8974 218.0060 0000923  59.1375 300.9678 14.79928991 52065
KUIPER-00121
1 65950U 25228D   26263.15560503 -.00000664  00000+0 -58051-4 0  9998
2 65950  51.8998 213.1543 0000931  67.3092 292.7969 14.79926322 52136
KUIPER-00122
1 65951U 25228E   26262.53703151  .00001965  00000+0  28671-3 0  9995
2 65951  51.8983 225.8596 0000767  72.3710 287.7336 14.79930421 51900
KUIPER-00123
1 65952U 25228F   26262.63833615  .00001772  00000+0  26139-3 0  9999
2 65952  51.9002 225.4181 0000856  50.8025 309.3013 14.79935208 51911
KUIPER-00124
1 65953U 25228G   26262.57889854 -.00001530  00000+0 -17171-3 0  9999
2 65953  51.8985 218.1709 0001168  62.0429 298.0652 14.79939398 52015
KUIPER-00125
1 65954U 25228H   26262.52751511  .00002327  00000+0  33394-3 0  9991
2 65954  51.8994 203.4536 0001085  73.3123 286.7958 14.79955846 52216
KUIPER-00126
1 65955U 25228J   26262.60728461  .00000784  00000+0  13187-3 0  9992
2 65955  51.8954 223.0804 0001076  82.2500 277.8584 14.79924207 51949
KUIPER-00127
1 65956U 25228K   26262.46341908  .00001548  00000+0  23196-3 0  9994
2 65956  51.9005 216.1962 0000852  74.7607 285.3450 14.79933971 52036
KUIPER-00128
1 65957U 25228L   26262.91926181  .00002042  00000+0  29689-3 0  9990
2 65957  51.8996 214.2483 0000816  79.0422 281.0632 14.79926594 52099
KUIPER-00129
1 65958U 25228M   26262.55323042  .00002116  00000+0  30644-3 0  9993
2 65958  51.8989 210.8455 0000744  74.7212 285.3833 14.79931591 52118
KUIPER-00130
1 65959U 25228N   26263.12455281 -.00000030  00000+0  25099-4 0  9992
2 65959  51.9015 210.8666 0000913  76.2955 283.8109 14.79930085 42455
KUIPER-00134
1 65960U 25228P   26262.94569860  .00016848  00000+0  45387-3 0  9996
2 65960  51.8697  97.3250 0003899 275.4377  84.6165 15.37941836 53728
KUIPER-00135
1 65961U 25228Q   26263.15831907  .00002026  00000+0  29478-3 0  9991
2 65961  51.9017 210.7679 0000656  81.5637 278.5399 14.79927576 52165
KUIPER-00136
1 65962U 25228R   26263.12711102  .00001889  00000+0  27647-3 0  9995
2 65962  51.8996 208.3500 0000985  57.5362 302.5695 14.79968458 52194
KUIPER-00137
1 65963U 25228S   26263.12994774  .00000828  00000+0  13764-3 0  9991
2 65963  51.9039 205.8509 0001053  59.9747 300.1320 14.79930885 52232
KUIPER-00138
1 65964U 25228T   26263.09886355 -.00000397  00000+0 -23009-4 0  9990
2 65964  51.8986 203.3836 0000903  74.2232 285.8829 14.79927138 52264
KUIPER-00140
1 65965U 25228U   26262.55593966  .00001100  00000+0  17337-3 0  9991
2 65965  51.8994 208.3784 0001420  76.4076 283.7045 14.79928948 52140
KUIPER-00141
1 65966U 25228V   26262.49379986 -.00001577  00000+0 -17796-3 0  9998
2 65966  51.9009 203.7321 0001036  76.0817 284.0260 14.79926617 52208
KUIPER-00146
1 65967U 25228W   26262.32227924  .00002199  00000+0  31731-3 0  9999
2 65967  51.9017 207.0028 0001022  68.2087 291.8984 14.79935301 52148
KUIPER-00149
1 65968U 25228X   26263.10425654  .00001803  00000+0  26543-3 0  9993
2 65968  51.8996 198.4180 0000838  71.7265 288.3788 14.79935173 52338
KUIPER-00154
1 65969U 25228Y   26263.07319806  .00000517  00000+0  96877-4 0  9990
2 65969  51.9013 196.0382 0000882  77.7454 282.3607 14.79930437 52368
KUIPER-00157
1 65970U 25228Z   26263.09491598  .00001763  00000+0  28034-3 0  9996
2 65970  51.9019 198.1535 0001716 130.7983 229.3127 14.76652280 52332
SDA_1664
1 65974U 25230A   26262.85242895  .00000102  00000+0  89949-4 0  9999
2 65974  81.2981 125.4439 0001627  56.9491 303.1819 13.78096113 46813
SDA_1665
1 65975U 25230B   26262.99231781  .00000144  00000+0  12319-3 0  9999
2 65975  81.2994 124.4589 0000991  61.9460 298.1796 13.82053003 46899
SDA_1666
1 65976U 25230C   26263.02874067  .00000122  00000+0  10245-3 0  9997
2 65976  81.2981 124.4299 0001170  47.7941 312.3313 13.81922282 46897
SDA_1667
1 65977U 25230D   26262.98142693  .00000062  00000+0  47514-4 0  9998
2 65977  81.2978 124.6707 0001255  65.4470 294.6816 13.81447603 46875
SDA_1668
1 65978U 25230E   26263.08211795  .00000168  00000+0  13965-3 0  9990
2 65978  81.2982 123.5809 0002661 341.1553  18.9505 13.84245018 46950
SDA_1669
1 65979U 25230F   26262.94564036  .00000093  00000+0  76281-4 0  9992
2 65979  81.2992 124.0559 0003092 327.0652  33.0310 13.81708681 46917
SDA_1670
1 65980U 25230G   26262.34751292  .00000028  00000+0  16013-4 0  9995
2 65980  81.2979 125.7486 0000706  62.6020 297.5205 13.78094413 46750
SDA_1671
1 65981U 25230H   26262.93836628  .00000067  00000+0  55014-4 0  9995
2 65981  81.2985 124.8188 0001893 329.0803  31.0238 13.78088057 46860
SDA_1672
1 65982U 25230J   26262.95123626  .00000109  00000+0  90131-4 0  9991
2 65982  81.3000 124.5720 0000874  73.3202 286.8050 13.82263494 46888
SDA_1673
1 65983U 25230K   26262.99834028  .00000129  00000+0  10874-3 0  9998
2 65983  81.2997 124.1578 0001276  46.5734 313.5527 13.82268598 46910
SDA_1674
1 65984U 25230L   26262.32783919  .00000109  00000+0  90262-4 0  9996
2 65984  81.2986 124.8489 0001519  26.9464 333.1770 13.82090191 46818
SDA_1675
1 65985U 25230M   26263.02464913  .00000107  00000+0  84974-4 0  9996
2 65985  81.2961 123.7533 0001989 268.6434  91.4495 13.84770079 46936
SDA_1676
1 65986U 25230N   26262.86006450  .00000036  00000+0  24642-4 0  9993
2 65986  81.3001 125.6960 0000701  43.5264 316.5945 13.78091513 46809
SDA_1677
1 65987U 25230P   26262.36267988  .00000103  00000+0  90737-4 0  9997
2 65987  81.2986 126.0969 0000378  15.5201 344.5964 13.78090094 46732
SDA_1678
1 65988U 25230Q   26263.04471108  .00000169  00000+0  13884-3 0  9994
2 65988  81.2993 123.5801 0001339 349.3863  10.7266 13.84992823 46957
SDA_1679
1 65989U 25230R   26262.36061035  .00000117  00000+0  93297-4 0  9993
2 65989  81.3012 124.3346 0002835 328.2964  31.8022 13.84861341 46857
SDA_1680
1 65990U 25230S   26263.12699377  .00000156  00000+0  12670-3 0  9994
2 65990  81.2992 123.5065 0003398 312.0063  48.0804 13.85242537 46961
SDA_1681
1 65991U 25230T   26263.03649925  .00000167  00000+0  13638-3 0  9996
2 65991  81.2993 123.5434 0003709 316.4852  43.6012 13.85313528 46953
SDA_1682
1 65992U 25230U   26263.02292875  .00000086  00000+0  73695-4 0  9994
2 65992  81.3011 125.6376 0001131  53.2201 306.9055 13.78100161 46822
SDA_1683
1 65993U 25230V   26263.02582199  .00000104  00000+0  91390-4 0  9999
2 65993  81.2998 125.4361 0001175  56.7405 303.3861 13.78094981 46839
SDA_1684
1 65994U 25230W   26263.01919499  .00000094  00000+0  82374-4 0  9996
2 65994  81.2995 125.4024 0000754  35.5555 324.5649 13.78100294 46830
HULIANWANG DIGUI-87
1 65995U 25231A   26263.19184128 -.00000101  00000+0  50434-4 0  9992
2 65995  49.9992 195.0743 0000394  43.8181 316.2723 13.29328289 45525
HULIANWANG DIGUI-88
1 65996U 25231B   26261.54640771 -.00000093  00000+0  67276-4 0  9993
2 65996  49.9980 201.0177 0000479  53.3732 306.7184 13.29326611 45302
HULIANWANG DIGUI-89
1 65997U 25231C   26263.18349558 -.00000102  00000+0  47850-4 0  9992
2 65997  49.9955 194.9390 0000401  58.3952 301.6959 13.29327573 45522
HULIANWANG DIGUI-90
1 65998U 25231D   26263.17518536 -.00000096  00000+0  60913-4 0  9993
2 65998  49.9987 194.9729 0000467  62.0412 298.0507 13.29329511 45521
HULIANWANG DIGUI-91
1 65999U 25231E   26263.16680975 -.00000099  00000+0  53910-4 0  9992
2 65999  50.0007 194.9811 0000463  59.6347 300.4571 13.29329857 45527
HULIANWANG DIGUI-92
1 66000U 25231F   26262.25628647 -.00000088  00000+0  77718-4 0  9993
2 66000  50.0046 198.2786 0000390  57.6350 302.4560 13.29327393 45403
HULIANWANG DIGUI-93
1 66001U 25231G   26262.08921092 -.00000090  00000+0  73019-4 0  9998
2 66001  50.0012 198.6497 0000429  56.8108 303.2805 13.29328068 45383
HULIANWANG DIGUI-94
1 66002U 25231H   26263.07504911 -.00000099  00000+0  53400-4 0  9997
2 66002  50.0053 195.2905 0000446  62.6149 297.4768 13.29329046 45519
HULIANWANG DIGUI-95
1 66003U 25231J   26263.13338741 -.00000105  00000+0  41834-4 0  9997
2 66003  50.0026 194.8626 0000389  54.5392 305.5516 13.29327638 45529
QIANFAN-91
1 66033U 25233A   26263.15508681  .00000078  00000+0  10147-3 0  9996
2 66033  89.0054  33.5889 0001753  93.6887 266.4464 13.51029545 46006
QIANFAN-92
1 66034U 25233B   26263.16358964  .00000038  00000+0  40561-4 0  9995
2 66034  89.0039  33.5443 0001991 100.7265 259.4110 13.51016073 46002
QIANFAN-93
1 66035U 25233C   26260.35705125 -.01893751  00000+0 -34531+1 0  9990
2 66035  89.0038  33.9026 0006262  26.1590 333.9873 13.45060301 45628
QIANFAN-94
1 66036U 25233D   26262.34458193  .00000079  00000+0  10436-3 0  9993
2 66036  89.0060  33.6042 0001771  99.7637 260.3714 13.51027840 45947
QIANFAN-95
1 66037U 25233E   26260.35280701 -.01881968  00000+0 -34325+1 0  9998
2 66037  89.0070  33.3481 0009145  41.7698 318.4146 13.45007786 45922
QIANFAN-96
1 66038U 25233F   26262.59963804  .00000077  00000+0  10046-3 0  9997
2 66038  89.0055  33.6608 0001731  91.6128 268.5222 13.51029010 45926
QIANFAN-97
1 66039U 25233G   26263.10161381  .00000044  00000+0  49063-4 0  9992
2 66039  89.0059  33.5974 0001823  94.2941 265.8419 13.51038905 45998
QIANFAN-98
1 66040U 25233H   26263.10987523  .00000079  00000+0  10377-3 0  9991
2 66040  89.0048  33.3173 0001645 113.2788 246.8537 13.51029340 46141
QIANFAN-99
1 66041U 25233J   26263.18797027  .00000079  00000+0  10343-3 0  9991
2 66041  89.0060  33.5934 0001487 107.6359 252.4955 13.51035814 46014
QIANFAN-100
1 66042U 25233K   26263.17985350  .00000084  00000+0  11179-3 0  9993
2 66042  89.0071  33.5320 0001802  94.4923 265.6434 13.51020389 46061
QIANFAN-101
1 66043U 25233L   26263.11001110  .00000265  00000+0  10311-3 0  9999
2 66043  89.0060  29.6772 0014972 184.4346 175.6718 14.26861626 48166
QIANFAN-102
1 66044U 25233M   26263.12631970  .00000079  00000+0  10401-3 0  9997
2 66044  89.0057  33.5071 0001711 101.1126 259.0217 13.51028607 46056
QIANFAN-103
1 66045U 25233N   26263.13047141  .00000038  00000+0  40984-4 0  9995
2 66045  89.0060  33.6045 0001804  94.3640 265.7717 13.51028547 46007
QIANFAN-104
1 66046U 25233P   26263.13449705  .00000085  00000+0  11253-3 0  9996
2 66046  89.0065  33.5105 0001805 102.6585 257.4768 13.51026608 46056
QIANFAN-105
1 66047U 25233Q   26263.14285141  .00000039  00000+0  41165-4 0  9995
2 66047  89.0077  33.3653 0001826  99.1446 260.9911 13.51029809 46162
QIANFAN-106
1 66048U 25233R   26263.13861920  .00000085  00000+0  11359-3 0  9992
2 66048  89.0047  33.5489 0001633 110.5486 249.5840 13.51030238 46002
QIANFAN-107
1 66049U 25233S   26263.14686422  .00000080  00000+0  10510-3 0  9999
2 66049  89.0062  33.5955 0001812  95.4246 264.7112 13.51029500 46014
QIANFAN-108
1 66050U 25233T   26263.15103622  .00000075  00000+0  96891-4 0  9999
2 66050  89.0055  33.5762 0001677 109.2495 250.8838 13.51029201 46012
2025-234B
1 66054U 25234B   26262.44348115  .00003296  00000+0  14794-3 0  9992
2 66054  97.4673 330.9966 0012258 120.8783 239.3660 15.21832319 50977
2025-234C
1 66055U 25234C   26262.99650769  .00003205  00000+0  13150-3 0  9999
2 66055  97.4167 330.5035 0014492 178.4080 181.7207 15.24876699 51138
2025-234D
1 66056U 25234D   26263.15579222  .00007221  00000+0  33852-3 0  9996
2 66056  97.4151 329.6089 0001935 118.3459 241.7972 15.19979390 51087
GAOFEN-14 02
1 66175U 25242A   26262.96134578  .00003271  00000+0  14012-3 0  9994
2 66175  97.4042 337.6367 0010609   3.9261 356.2057 15.23441449 50140
SENTINEL-1D
1 66315U 25251A   26263.00134947  .00000150  00000+0  41520-4 0  9994
2 66315  98.1829 269.0198 0001324  91.3675 268.7676 14.59197783 46552
SHIYAN-32 02
1 66378U 25255C   26262.92229188  .00010105  00000+0  24281-3 0  9994
2 66378  52.9923 284.7703 0016221 151.1309 209.0596 15.41869190 48574
SHIYAN-32 03
1 66379U 25255D   26262.92263922  .00007134  00000+0  17500-3 0  9993
2 66379  52.9950 284.8502 0008130 121.6117 238.5682 15.41834872 48596
CHUTIAN-2 A
1 66409U 25256A   26262.96687519  .00000257  00000+0  77204-4 0  9991
2 66409  98.2424 327.1980 0014404  44.6755 315.5597 14.50278832 45633
CHUTIAN-2 B
1 66410U 25256B   26262.95069853  .00000257  00000+0  77146-4 0  9992
2 66410  98.2448 327.3127 0014731  49.2871 310.9600 14.50269626 45634
HULIANWANG DIGUI-96
1 66412U 25258A   26261.87897646 -.00000090  00000+0  74103-4 0  9991
2 66412  50.0058 319.6115 0000024 178.6300 181.4573 13.29330689 42195
HULIANWANG DIGUI-97
1 66413U 25258B   26263.19040079 -.00000080  00000+0  95890-4 0  9994
2 66413  50.0024 315.1160 0000099  97.0172 263.0712 13.29330464 42365
HULIANWANG DIGUI-98
1 66414U 25258C   26263.18238072 -.00000083  00000+0  89155-4 0  9996
2 66414  50.0059 315.1705 0000179  68.4577 291.6314 13.29327052 42363
HULIANWANG DIGUI-99
1 66415U 25258D   26263.14872829 -.00000087  00000+0  80087-4 0  9996
2 66415  50.0058 314.9878 0000104 129.0259 231.0622 13.29330413 42354
HULIANWANG DIGUI-100
1 66416U 25258E   26263.17401457 -.00000085  00000+0  83170-4 0  9999
2 66416  50.0061 315.1326 0000186 150.6643 209.4240 13.29327198 42370
HULIANWANG DIGUI-101
1 66417U 25258F   26262.86467323 -.00000087  00000+0  80761-4 0  9994
2 66417  50.0014 316.0342 0000125 227.3258 132.7603 13.29328236 42335
HULIANWANG DIGUI-102
1 66418U 25258G   26262.83984012 -.00000089  00000+0  75546-4 0  9998
2 66418  50.0027 315.9364 0000017 312.0388  48.0483 13.29326632 42320
HULIANWANG DIGUI-103
1 66419U 25258H   26260.42545792 -.00000085  00000+0  83414-4 0  9999
2 66419  50.0024 324.5020 0000243 138.0831 222.0060 13.29330025 42004
HULIANWANG DIGUI-104
1 66420U 25258J   26263.19879308 -.00000088  00000+0  77719-4 0  9995
2 66420  50.0034 314.5299 0000038  35.6305 324.4570 13.29329597 42368
SENTINEL-6B
1 66514U 25264A   26263.02617426 -.00000042  00000+0  82429-4 0  9993
2 66514  66.0409 298.1975 0007883 267.9004  92.1109 12.80929337 39316
SHIJIAN-30A (SJ-30A)
1 66545U 25266A   26262.92990333  .00003855  00000+0  21622-3 0  9999
2 66545  51.7966  95.5535 0006554 205.2799 154.7857 15.15637813 46229
SHIJIAN-30B (SJ-30B)
1 66546U 25266B   26262.93110980  .00004788  00000+0  26509-3 0  9998
2 66546  51.7948  95.5096 0006293 201.4556 158.6157 15.15568544 46221
SHIJIAN-30C (SJ-30C)
1 66547U 25266C   26262.93214879  .00004494  00000+0  24968-3 0  9992
2 66547  51.7955  95.5396 0006489 203.3834 156.6848 15.15584512 46228
COSMOS 2597 (RODNIK-S *)
1 66647U 25273A   26262.98413490  .00000027  00000+0  12322-3 0  9995
2 66647  82.4956 111.5817 0012406  14.5063 345.6370 12.42901732 37077
COSMOS 2598 (RODNIK-S *)
1 66648U 25273B   26263.03563002  .00000028  00000+0  12974-3 0  9992
2 66648  82.4997 111.6125 0011096 343.9903  16.0824 12.42882750 37084
COSMOS 2599 (RODNIK-S *)
1 66649U 25273C   26261.32108651  .00000032  00000+0  15654-3 0  9991
2 66649  82.4997 112.7578 0016368   3.6969 356.4229 12.42899228 36861
BEE-1000
1 66650U 25274A   26263.11349946  .00001602  00000+0  15812-3 0  9997
2 66650  97.7482 190.7600 0012886  44.3657 315.8593 14.93315488 44377
2025-274B
1 66651U 25274B   26262.59181500  .00001554  00000+0  15238-3 0  9997
2 66651  97.7474 190.3435 0013132  43.4969 316.7284 14.93623824 44308
2025-274C
1 66652U 25274C   26262.54190750  .00001807  00000+0  17726-3 0  9995
2 66652  97.7481 190.2725 0012857  49.6596 310.5744 14.93401464 44290
INHA-ROSAT
1 66653U 25274D   26262.58230373  .00000809  00000+0  83194-4 0  9990
2 66653  97.7485 190.2273 0013727  46.6094 313.6266 14.93004894 44299
JACK E
1 66654U 25274E   26262.26008935  .00001143  00000+0  11423-3 0  9990
2 66654  97.7487 190.0414 0014281  48.3536 311.8904 14.93367046 44259
CAS500-3
1 66655U 25274F   26263.07755329  .00000773  00000+0  89301-4 0  9996
2 66655  97.7430 188.9545 0002832 291.2577  68.8337 14.88332150 44264
2025-274G
1 66656U 25274G   26261.26960860  .00001688  00000+0  16469-3 0  9994
2 66656  97.7481 189.1754 0014970  52.2550 308.0023 14.93692814 44115
SPIRONE
1 66657U 25274H   26262.03934476  .00001314  00000+0  12892-3 0  9997
2 66657  97.7482 190.0062 0013522  64.7772 295.4848 14.93856107 44230
COSMIC
1 66658U 25274J   26263.12961642  .00002024  00000+0  19106-3 0  9998
2 66658  97.7471 191.3379 0013851  62.8715 297.3916 14.94795653 44411
JACK K
1 66659U 25274K   26263.11669700  .00000982  00000+0  97013-4 0  9993
2 66659  97.7488 191.2223 0014753  64.6309 295.6437 14.94133871 44404
K-HERO
1 66660U 25274L   26261.54984893  .00001759  00000+0  16893-3 0  9992
2 66660  97.7491 189.7520 0015416  69.9156 290.3722 14.94248246 44173
SNUGLITE-III
1 66661U 25274M   26262.54071200  .00001364  00000+0  13218-3 0  9993
2 66661  97.7488 190.7501 0015986  67.8422 292.4493 14.94256298 44327
E3T-1 (E3TESTER-1)
1 66662U 25274N   26263.11428223  .00000973  00000+0  95292-4 0  9997
2 66662  97.7491 191.3890 0016305  64.9847 295.3065 14.94489024 44417
FORMOSAT-8A
1 66666U 25276A   26263.14402216  .00001065  00000+0  87937-4 0  9990
2 66666  97.6540 335.9625 0005269 313.0636  47.0146 15.01077642 44306
PELICAN-5
1 66667U 25276B   26261.96665623  .00005686  00000+0  16298-3 0  9996
2 66667  97.3802 337.1985 0001132 164.3356 195.7924 15.36304782 44894
SARI-1
1 66668U 25276C   26263.15676345  .00025501  00000+0  80082-3 0  9993
2 66668  97.3959 337.0492 0005870  40.0198 320.1475 15.32979276 45019
SARI-2
1 66669U 25276D   26263.14324978  .00022998  00000+0  74321-3 0  9991
2 66669  97.3982 336.9833 0006090  45.5951 314.5789 15.32081899 45004
HUNITY
1 66670U 25276E   26263.00243387  .00021959  00000+0  72143-3 0  9998
2 66670  97.3984 336.7408 0006025  45.9574 314.2163 15.31559654 44973
ANISCSAT-1
1 66671U 25276F   26262.43560235  .00007246  00000+0  30858-3 0  9999
2 66671  97.4126 334.9733 0006165  42.0414 318.1294 15.23260458 44778
BRO-17
1 66672U 25276G   26263.15501531  .00001862  00000+0  93566-4 0  9998
2 66672  97.4111 334.4040 0007599  41.5864 318.5947 15.18472861 44804
TRANSPORTER-15 OBJECT H
1 66673U 25276H   26262.44985967  .00010836  00000+0  43369-3 0  9995
2 66673  97.4081 335.2108 0006586  50.9222 309.2601 15.25226801 44805
BRO-20
1 66674U 25276J   26261.47624289  .00002357  00000+0  11700-3 0  9998
2 66674  97.4088 332.7450 0007401  49.9158 310.2724 15.18642817 44559
VEERY-0G
1 66675U 25276K   26262.93679450  .00005941  00000+0  26126-3 0  9991
2 66675  97.4096 335.0862 0006401  46.0569 314.1195 15.22238070 44838
TRANSPORTER-15 OBJECT L
1 66676U 25276L   26260.76145970  .00003457  00000+0  16470-3 0  9997
2 66676  97.4092 332.3609 0006982  52.7634 307.4238 15.19765844 44467
AE5RC
1 66677U 25276M   26262.50760302  .00007938  00000+0  32189-3 0  9997
2 66677  97.4095 335.3578 0005697  56.4218 303.7563 15.24884816 44816
OTTER SDM
1 66678U 25276N   26263.16179977  .00004311  00000+0  19890-3 0  9999
2 66678  97.4129 335.0859 0006402  40.4261 319.7449 15.20744609 44844
LILIUM-2
1 66679U 25276P   26263.15094681  .00001981  00000+0  99630-4 0  9998
2 66679  97.4070 334.2716 0007042  47.3953 312.7874 15.18375858 44802
LEMUR-2-DEANANDMAEVE
1 66680U 25276Q   26262.44821234  .00003330  00000+0  15754-3 0  9997
2 66680  97.4121 334.1757 0006557  42.3123 317.8617 15.20038475 44725
TRANSPORTER-15 OBJECT R
1 66681U 25276R   26262.61408358  .00012256  00000+0  46988-3 0  9995
2 66681  97.4036 335.6001 0005559  55.8494 304.3271 15.26636818 44852
ION SCV-022
1 66682U 25276S   26262.43699460 -.00000069  00000+0 -10841-5 0  9994
2 66682  97.5204 329.7258 0004805 205.1493 154.9496 14.98044033 44185
6GSTARLAB
1 66683U 25276T   26263.13824037  .00001795  00000+0  89378-4 0  9998
2 66683  97.4164 334.7864 0006573  37.4784 322.6908 15.18837838 44810
MICE-1
1 66684U 25276U   26263.14047110  .00002218  00000+0  10689-3 0  9998
2 66684  97.4191 335.1826 0006135  37.4262 322.7399 15.19754339 44831
AE5RA
1 66685U 25276V   26262.96628199  .00010702  00000+0  43282-3 0  9992
2 66685  97.4136 335.9548 0005097  55.4649 304.7069 15.24889047 44885
LEMUR-2-STAS-GORBUK
1 66686U 25276W   26263.13763087  .00003535  00000+0  16615-3 0  9995
2 66686  97.4162 335.0975 0005793  40.5982 319.5684 15.20223798 44831
LEO EXPRESS 3
1 66687U 25276X   26263.05270671  .00007581  00000+0  32780-3 0  9995
2 66687  97.4180 335.4754 0004529 156.1575 203.9872 15.22733592 44856
WISDOM A
1 66688U 25276Y   26263.13885645  .00003316  00000+0  15660-3 0  9998
2 66688  97.4137 335.0008 0005649  41.5199 318.6464 15.20104716 44837
AC1-003
1 66689U 25276Z   26263.15066683  .00001380  00000+0  70003-4 0  9996
2 66689  97.4121 334.6208 0004042  59.9310 300.2325 15.18565401 44812
TRANSPORTER-15 OBJECT AA
1 66690U 25276AA  26263.11302863  .00002679  00000+0  12854-3 0  9998
2 66690  97.4100 334.7378 0005615  43.4897 316.6780 15.19723457 44820
TRANSPORTER-15 OBJECT AB
1 66691U 25276AB  26262.51320680  .00005263  00000+0  23167-3 0  9990
2 66691  97.4120 334.8492 0005263  43.7142 316.4511 15.22263795 44778
NUSAT-52
1 66692U 25276AC  26263.00044666  .00003278  00000+0  15295-3 0  9990
2 66692  97.4124 334.9818 0004411  64.0871 296.0818 15.20543467 44829
AE5RB
1 66693U 25276AD  26262.44153877  .00007806  00000+0  31660-3 0  9998
2 66693  97.4085 335.2599 0004472  54.0928 306.0724 15.24890157 44806
YAM-9
1 66694U 25276AE  26262.95160105  .00003525  00000+0  18811-3 0  9994
2 66694  97.4129 333.2516 0008105 353.5812   6.5315 15.15758866 44706
IRIDE-MS1-EAGLET 2-1
1 66695U 25276AF  26263.18663228  .00003098  00000+0  13967-3 0  9997
2 66695  97.4117 335.5925 0002171  64.6906 295.4555 15.21769558 44885
IRIDE-MS1-EAGLET 2-2
1 66696U 25276AG  26262.50906425  .00003240  00000+0  14720-3 0  9999
2 66696  97.4105 334.6203 0004866  53.0592 307.1089 15.21467153 44764
IRIDE-MS1-EAGLET 2-3
1 66697U 25276AH  26263.19044885  .00004232  00000+0  18867-3 0  9997
2 66697  97.4102 335.5352 0001963  34.7991 325.3374 15.21949321 44885
IRIDE-MS1-EAGLET 2-4
1 66698U 25276AJ  26263.13568494  .00003995  00000+0  18527-3 0  9997
2 66698  97.4103 335.0102 0004847  49.8215 310.3444 15.20621287 44840
IRIDE-MS1-EAGLET 2-5
1 66699U 25276AK  26262.94262361  .00004983  00000+0  22640-3 0  9999
2 66699  97.4118 335.0143 0004877  52.5363 307.6316 15.21208416 44821
IRIDE-MS1-EAGLET 2-6
1 66700U 25276AL  26263.15135606  .00003633  00000+0  16144-3 0  9990
2 66700  97.4138 335.7215 0002396  42.1242 318.0178 15.22153411 44881
IRIDE-MS1-EAGLET 2-7
1 66701U 25276AM  26263.00615747  .00005124  00000+0  23339-3 0  9995
2 66701  97.4138 335.1540 0005519  47.2858 312.8842 15.21103288 44837
IRIDE-MS1-EAGLET 2-8
1 66702U 25276AN  26263.14688845  .00005287  00000+0  24119-3 0  9997
2 66702  97.4113 335.1778 0005375  64.6563 295.5228 15.21035141 44859
PELICAN-6
1 66703U 25276AP  26263.20142093  .00003942  00000+0  11856-3 0  9995
2 66703  97.3306 337.8419 0002010  95.0617 265.0855 15.34976397 45080
FLOCK 4H-1
1 66704U 25276AQ  26262.18915033  .00004244  00000+0  19076-3 0  9992
2 66704  97.4061 334.4128 0001556  20.7064 339.4235 15.21671634 44725
FLOCK 4H-2
1 66705U 25276AR  26262.93864194  .00004794  00000+0  21378-3 0  9995
2 66705  97.4095 335.2242 0001842  54.8375 305.3033 15.21874539 44840
FLOCK 4H-3
1 66706U 25276AS  26262.44209779  .00004406  00000+0  20214-3 0  9992
2 66706  97.4164 334.6305 0004802  49.8385 310.3270 15.20939194 44741
FLOCK 4H-4
1 66707U 25276AT  26262.42075127  .00004967  00000+0  22855-3 0  9994
2 66707  97.4147 334.4425 0005458  48.9863 311.1844 15.20766789 44736
FLOCK 4H-5
1 66708U 25276AU  26262.96906883  .00004242  00000+0  19133-3 0  9997
2 66708  97.4097 335.2019 0001653  69.4154 290.7259 15.21550327 44847
FLOCK 4H-6
1 66709U 25276AV  26262.96114826  .00002947  00000+0  13465-3 0  9998
2 66709  97.4110 335.2514 0002709  48.4638 311.6830 15.21353773 44834
FLOCK 4H-7
1 66710U 25276AW  26262.95218801  .00004882  00000+0  22255-3 0  9994
2 66710  97.4106 334.9461 0003641  73.5337 286.6299 15.21109069 44825
FLOCK 4H-8
1 66711U 25276AX  26263.00389264  .00004664  00000+0  21202-3 0  9993
2 66711  97.4150 335.1934 0004385  59.9040 300.2630 15.21226330 44832
FLOCK 4H-9
1 66712U 25276AY  26261.16253901  .00004578  00000+0  20639-3 0  9994
2 66712  97.4137 333.4974 0003760  39.1665 320.9843 15.21525252 44562
FLOCK 4H-10
1 66713U 25276AZ  26262.00495180  .00004916  00000+0  22567-3 0  9994
2 66713  97.4111 333.9507 0005339  50.9819 309.1891 15.20856968 44672
FLOCK 4H-12
1 66715U 25276BB  26262.99017365  .00003212  00000+0  14564-3 0  9995
2 66715  97.4113 335.2121 0002333  36.7403 323.3992 15.21543555 45155
FLOCK 4H-13
1 66716U 25276BC  26263.15498322  .00004485  00000+0  20182-3 0  9997
2 66716  97.4144 335.5841 0001194  49.9225 310.2116 15.21599788 44874
FLOCK 4H-14
1 66717U 25276BD  26261.97645148  .00005149  00000+0  22767-3 0  9995
2 66717  97.4126 334.5030 0001281  56.8566 303.2793 15.22133711 43958
FLOCK 4H-15
1 66718U 25276BE  26261.44813014  .00014972  00000+0  66866-3 0  9999
2 66718  97.4135 333.4289 0004462  64.1406 296.0290 15.21441517 44588
FLOCK 4H-16
1 66719U 25276BF  26262.99869177  .00004385  00000+0  20156-3 0  9991
2 66719  97.4156 335.0817 0005191  50.0318 310.1373 15.20873959 44828
FLOCK 4H-18
1 66721U 25276BH  26263.13913417  .00004489  00000+0  20667-3 0  9990
2 66721  97.4099 334.9769 0005146  67.5170 292.6610 15.20801900 44847
FLOCK 4H-19
1 66722U 25276BJ  26262.43050090  .00004062  00000+0  18146-3 0  9998
2 66722  97.4098 334.8566 0001137  31.1634 328.9669 15.21909379 44060
FLOCK 4H-20
1 66723U 25276BK  26262.16044474  .00005110  00000+0  22568-3 0  9996
2 66723  97.4134 334.7511 0002235  12.8324 347.2968 15.22176090 43986
FLOCK 4H-21
1 66724U 25276BL  26263.19561691  .00003853  00000+0  17295-3 0  9999
2 66724  97.4100 335.5240 0001956  13.3580 346.7708 15.21774829 44134
FLOCK 4H-22
1 66725U 25276BM  26262.93347279  .00004787  00000+0  21718-3 0  9997
2 66725  97.4093 334.9180 0003949  71.9218 288.2448 15.21279362 44823
FLOCK 4H-23
1 66726U 25276BN  26263.13952727  .00004606  00000+0  21215-3 0  9993
2 66726  97.4161 335.2183 0005104  42.4481 317.7149 15.20778379 44846
FLOCK 4H-24
1 66727U 25276BP  26261.14529028  .00004856  00000+0  22275-3 0  9991
2 66727  97.4156 333.2931 0005128  61.6320 298.5432 15.20891438 44541
FLOCK 4H-25
1 66728U 25276BQ  26262.42961705  .00004127  00000+0  18580-3 0  9991
2 66728  97.4113 334.7608 0001159  78.6258 281.5108 15.21628074 44042
FLOCK 4H-26
1 66729U 25276BR  26262.44131757  .00004304  00000+0  19940-3 0  9998
2 66729  97.4113 334.2821 0005800  54.3727 305.8047 15.20609285 44734
FLOCK 4H-27
1 66730U 25276BS  26263.19133824  .00003908  00000+0  17691-3 0  9990
2 66730  97.4089 335.3251 0001564  74.1016 286.0392 15.21474726 44870
FLOCK 4H-29
1 66732U 25276BU  26263.13856575  .00004775  00000+0  21995-3 0  9996
2 66732  97.4093 334.9454 0004527  65.6249 294.5459 15.20757594 44843
FLOCK 4H-30
1 66733U 25276BV  26262.46664205  .00004584  00000+0  21049-3 0  9997
2 66733  97.4153 334.5595 0005302  56.4296 303.7445 15.20886676 44746
FLOCK 4H-31
1 66734U 25276BW  26262.95888249  .00004369  00000+0  20223-3 0  9992
2 66734  97.4091 334.7234 0004945  62.6829 297.4910 15.20632752 44811
FLOCK 4H-32
1 66735U 25276BX  26263.00733218  .00004523  00000+0  20853-3 0  9996
2 66735  97.4144 335.0281 0005564  51.3941 308.7792 15.20752617 44823
FLOCK 4H-33
1 66736U 25276BY  26263.11370992  .00004215  00000+0  18839-3 0  9994
2 66736  97.4142 335.6356 0001635  12.3783 347.7493 15.21868337 44871
FLOCK 4H-34
1 66737U 25276BZ  26263.18112866  .00004137  00000+0  18678-3 0  9990
2 66737  97.4158 335.6063 0002032  18.3605 341.7704 15.21533459 44126
FLOCK 4H-35
1 66738U 25276CA  26263.15227654  .00003863  00000+0  17416-3 0  9994
2 66738  97.4116 335.4891 0001216  16.3174 343.8101 15.21623262 44160
FLOCK 4H-36
1 66739U 25276CB  26262.47616906  .00004952  00000+0  22336-3 0  9998
2 66739  97.4167 334.9019 0002515  26.3229 333.8134 15.21464493 44768
NUSAT-51 (YVONNE BRILL)
1 66740U 25276CC  26262.44887445  .00003859  00000+0  17609-3 0  9997
2 66740  97.4135 334.6492 0003952  47.1001 313.0566 15.21198800 44756
BLACK KITE-1
1 66741U 25276CD  26263.16221144  .00005267  00000+0  23483-3 0  9998
2 66741  97.4162 335.5142 0005982  32.7221 327.4385 15.21827360 42169
MERCURY ONE (M1)
1 66742U 25276CE  26262.99706174  .00002757  00000+0  13009-3 0  9994
2 66742  97.4111 334.9255 0002727  36.9253 323.2170 15.20292938 44824
NUSAT-47
1 66743U 25276CF  26261.46732339  .00004139  00000+0  18881-3 0  9997
2 66743  97.4105 333.5989 0002925  64.0338 296.1198 15.21173632 44607
AC1-001
1 66744U 25276CG  26262.92996418  .00001413  00000+0  71392-4 0  9999
2 66744  97.4122 334.4572 0003967  53.0763 307.0834 15.18685742 44786
AC1-002
1 66745U 25276CH  26263.17692255  .00001435  00000+0  72264-4 0  9993
2 66745  97.4114 334.7036 0003107  49.0540 311.0963 15.18775628 44826
UMBRA-11
1 66748U 25276CL  26263.18225226  .00015276  00000+0  52431-3 0  9998
2 66748  97.4118 337.4257 0001618  27.8559 332.2768 15.30237681 45002
PIAST-S1
1 66749U 25276CM  26262.43882189  .00003566  00000+0  16343-3 0  9994
2 66749  97.4110 334.5938 0002711  34.8547 325.2866 15.21104595 44758
TRANSPORTER-15 OBJECT CN
1 66750U 25276CN  26262.15678111  .00002879  00000+0  13498-3 0  9997
2 66750  97.4148 334.3587 0001741  25.9444 334.1878 15.20473521 44702
ICEYE-X58
1 66751U 25276CP  26263.14540601  .00001726  00000+0  89256-4 0  9996
2 66751  97.4124 334.6284 0003669  30.8533 329.2916 15.17568379 44811
ICEYE-X59
1 66752U 25276CQ  26262.94144038  .00002851  00000+0  22502-3 0  9998
2 66752  97.4524 330.2745 0001331  58.5841 301.5514 15.01468784 44485
ICEYE-X60
1 66753U 25276CR  26262.50601227  .00002283  00000+0  14466-3 0  9998
2 66753  97.4113 332.2792 0003818  78.3509 281.8149 15.09912673 44604
ICEYE-X61
1 66754U 25276CS  26262.50914225  .00001955  00000+0  96546-4 0  9999
2 66754  97.4121 334.2320 0003726  32.3735 327.7728 15.19031335 44737
ICEYE-X62
1 66755U 25276CT  26263.00802323  .00001440  00000+0  91294-4 0  9995
2 66755  97.4117 332.2304 0003683  60.1917 299.9679 15.10444223 44646
MAUVE
1 66756U 25276CU  26263.17811500  .00004053  00000+0  18220-3 0  9991
2 66756  97.4125 335.4914 0001766  36.8457 323.2900 15.21690687 44879
PIAST-S2
1 66757U 25276CV  26263.18453112  .00003238  00000+0  14762-3 0  9995
2 66757  97.4130 335.5186 0001676  36.4762 323.6587 15.21353996 44877
PIAST-M
1 66758U 25276CW  26263.15260691  .00003362  00000+0  15461-3 0  9996
2 66758  97.4102 335.2944 0001605  55.6038 304.5349 15.21030136 44868
TRANSPORTER-15 OBJECT CX
1 66759U 25276CX  26263.18144470  .00003805  00000+0  17013-3 0  9993
2 66759  97.4086 335.5002 0001224  41.9610 318.1719 15.21919468 44887
TRANSPORTER-15 OBJECT CY
1 66760U 25276CY  26262.94625454  .00003146  00000+0  14504-3 0  9994
2 66760  97.4106 335.1257 0001191  73.2096 286.9270 15.20990640 44838
TRANSPORTER-15 OBJECT CZ
1 66761U 25276CZ  26263.17874862  .00005633  00000+0  23770-3 0  9998
2 66761  97.4103 336.0190 0000852  68.8846 291.2482 15.23682414 44911
HYDROGNSS-1
1 66762U 25276DA  26262.98965971  .00001796  00000+0  10845-3 0  9994
2 66762  97.4116 332.7085 0012463  84.9457 275.3196 15.11891235 44678
HYDROGNSS-2
1 66763U 25276DB  26262.42825823  .00001786  00000+0  10794-3 0  9997
2 66763  97.4119 332.0949 0011971  36.7326 323.4723 15.11870830 44586
NAHLA
1 66764U 25276DC  26262.43890420  .00001765  00000+0  86871-4 0  9991
2 66764  97.4120 334.1708 0003272  34.2655 325.8790 15.19290613 44727
TRANSPORTER-15 OBJECT DD
1 66765U 25276DD  26263.15247022  .00007957  00000+0  31470-3 0  9999
2 66765  97.4138 336.6128 0000853  89.0790 271.0546 15.25737915 44943
T.MICROSAT-1
1 66766U 25276DE  26263.18947950  .00003346  00000+0  15101-3 0  9991
2 66766  97.4079 335.4459 0001451 115.8214 244.3172 15.21674094 44881
ACCENTURE-1
1 66767U 25276DF  26262.45297396  .00002266  00000+0  10671-3 0  9990
2 66767  97.4081 334.4615 0001397 117.6528 242.4849 15.20546451 44755
LEMUR-2-TEODOR
1 66768U 25276DG  26263.14794844  .00003755  00000+0  16793-3 0  9993
2 66768  97.4071 335.4669 0001806 119.0777 241.0640 15.21918432 44883
SPEQTRE
1 66769U 25276DH  26261.98253421  .00002946  00000+0  13522-3 0  9993
2 66769  97.4123 334.3468 0000474 125.7959 234.3321 15.21197098 44690
LILIUM-3
1 66770U 25276DJ  26262.51286084  .00001486  00000+0  72376-4 0  9997
2 66770  97.4164 334.6942 0000520 334.9498  25.1712 15.19892742 44753
GYEONGGISAT-1
1 66771U 25276DK  26262.01371329  .00004143  00000+0  18665-3 0  9993
2 66771  97.4152 334.5616 0000116 160.2095 199.9145 15.21605145 44709
IHI-SAT2
1 66772U 25276DL  26263.15213641  .00004236  00000+0  18618-3 0  9993
2 66772  97.4154 335.9274 0000836 154.2078 205.9200 15.22442271 44890
TRANSPORTER-15 OBJECT DM
1 66773U 25276DM  26262.95847051  .00002873  00000+0  13185-3 0  9998
2 66773  97.4136 335.3844 0000736 167.0572 193.0682 15.21214395 44847
GENA-OT
1 66774U 25276DN  26262.48007490  .00004020  00000+0  17893-3 0  9998
2 66774  97.4124 335.0474 0000820 155.6995 204.4280 15.22040032 44787
PHI 1
1 66775U 25276DP  26263.17568485  .00003942  00000+0  17423-3 0  9993
2 66775  97.4049 335.5100 0002258 136.5988 223.5426 15.22289888 44892
LEMUR-2-LAILA
1 66776U 25276DQ  26262.45019844  .00003594  00000+0  15978-3 0  9990
2 66776  97.4093 334.9620 0001540 143.1405 216.9938 15.22149450 44785
LUNA-1
1 66777U 25276DR  26261.45356092  .00006849  00000+0  28392-3 0  9999
2 66777  97.4175 334.7829 0000636 206.0119 154.1087 15.24209280 44667
FORESAIL-1 PRIME
1 66778U 25276DS  26262.91847926  .00002716  00000+0  13162-3 0  9991
2 66778  97.4116 334.4563 0003583 119.6315 240.5277 15.19377039 44782
FOSSASAT-2E22
1 66779U 25276DT  26263.18834609  .00001450  00000+0  71760-4 0  9999
2 66779  97.4103 334.6189 0006052 149.6976 210.4610 15.19362047 44820
FOSSASAT-2E24
1 66780U 25276DU  26262.99427344  .00002072  00000+0  10101-3 0  9995
2 66780  97.4093 334.5527 0005333 144.3875 215.7716 15.19424005 44802
LEMUR-2-CELIJO-SB-PK
1 66781U 25276DV  26262.46621434  .00004246  00000+0  33774-3 0  9990
2 66781  97.5147 330.1255 0002179 174.4258 185.6991 15.00922618 36767
LEMUR-2-FINNIAN
1 66782U 25276DW  26262.42701168  .00003128  00000+0  24907-3 0  9996
2 66782  97.5219 330.4981 0010644 134.4186 225.7912 15.01032450 34134
LEMUR-2-STARLIGHT
1 66783U 25276DX  26262.46027848  .00003560  00000+0  29102-3 0  9999
2 66783  97.5138 329.8868 0016977 166.6305 193.5372 14.99876175 44326
LEMUR-2-TARTIFLETTE
1 66784U 25276DY  26262.99246167  .00003087  00000+0  25312-3 0  9998
2 66784  97.5141 330.4104 0015796 172.0975 188.0501 14.99861964 44406
LEMUR-2-VUKASIN
1 66785U 25276DZ  26261.44448242  .00003758  00000+0  29863-3 0  9996
2 66785  97.5031 329.3136 0005996 127.2229 232.9544 15.01017346 44139
LEMUR-2-HOTSPUR-TOM
1 66786U 25276EA  26262.99094007  .00003431  00000+0  28131-3 0  9999
2 66786  97.5127 330.3634 0016253 169.2784 190.8790 14.99795715 44337
LEMUR-2-MYRA
1 66787U 25276EB  26263.14189054  .00004411  00000+0  34849-3 0  9997
2 66787  97.5324 331.0027 0016435 185.0887 175.0173 15.01068450 44459
FOSSASA-2E23
1 66788U 25276EC  26262.14678506  .00006570  00000+0  28237-3 0  9994
2 66788  97.4159 334.6624 0006348 143.6956 216.4713 15.22983720 44725
KOMPSAT-7
1 66820U 25279A   26263.14152631  .00000751  00000+0  63091-4 0  9994
2 66820  97.7412 211.1017 0013679  54.3577 305.8918 15.01257688 43862
DUPLEX
1 66906U 98067XS  26263.12705406  .00048713  00000+0  39686-3 0  9998
2 66906  51.6253 167.4684 0004483 162.7348 197.3803 15.70127789 45532
2025-284A
1 66913U 25284A   26262.55758437  .00000129  00000+0  85583-4 0  9992
2 66913  80.4075 190.8721 0005049 244.2755 115.7886 13.97367891 40662
2025-284B
1 66914U 25284B   26263.06354720  .00000110  00000+0  71402-4 0  9992
2 66914  80.4002 190.1327 0011716 346.6750  13.4100 13.97342253 40734
HULIANWANG DIGUI-105
1 66915U 25285A   26262.90235934 -.00000107  00000+0  37438-4 0  9999
2 66915  50.0046 166.5315 0000112 229.8336 130.2527 13.29326037 38656
HULIANWANG DIGUI-106
1 66916U 25285B   26263.11948892 -.00000108  00000+0  34696-4 0  9992
2 66916  50.0058 165.7052 0000127 229.3435 130.7426 13.29326028 38686
HULIANWANG DIGUI-107
1 66917U 25285C   26263.18605116 -.00000106  00000+0  39390-4 0  9993
2 66917  50.0022 165.3114 0000091 262.3653  97.7209 13.29327597 38696
HULIANWANG DIGUI-108
1 66918U 25285D   26263.10248213 -.00000102  00000+0  48306-4 0  9990
2 66918  50.0045 165.5863 0000112 264.8578  95.2281 13.29329115 38682
HULIANWANG DIGUI-109
1 66919U 25285E   26262.94412096 -.00000100  00000+0  51537-4 0  9992
2 66919  50.0069 166.1408 0000205 313.6954  46.3901 13.29320139 38677
HULIANWANG DIGUI-110
1 66920U 25285F   26263.16098766 -.00000098  00000+0  55740-4 0  9999
2 66920  50.0100 165.3596 0000054 311.3260  48.7607 13.29329691 38694
HULIANWANG DIGUI-111
1 66921U 25285G   26263.15269995 -.00000099  00000+0  53122-4 0  9996
2 66921  50.0116 165.3545 0000080 298.8068  61.2796 13.29329280 38693
HULIANWANG DIGUI-112
1 66922U 25285H   26262.01660555 -.00000094  00000+0  65743-4 0  9995
2 66922  50.0080 169.2724 0000122 249.8544 110.2315 13.29329157 38547
HULIANWANG DIGUI-113
1 66923U 25285J   26262.98576954 -.00000105  00000+0  41836-4 0  9991
2 66923  50.0090 165.7466 0000127 248.6835 111.4024 13.29327681 38672
HULIANWANG DIGUI-114
1 66953U 25287A   26261.67053689  .00000041  00000+0  61199-4 0  9998
2 66953  86.4879 250.7609 0001673  85.3940 274.7385 13.24404323 37718
HULIANWANG DIGUI-115
1 66954U 25287B   26262.94750399 -.00000079  00000+0 -21942-3 0  9996
2 66954  86.4902 250.3688 0001305  86.1948 273.9335 13.24394716 37886
HULIANWANG DIGUI-116
1 66955U 25287C   26262.93974513  .00000039  00000+0  57719-4 0  9998
2 66955  86.4840 250.1927 0001550  87.2846 272.8466 13.24404337 37887
HULIANWANG DIGUI-117
1 66956U 25287D   26262.93214855 -.00000063  00000+0 -18109-3 0  9993
2 66956  86.4898 250.3628 0002937 102.7168 257.4294 13.24406679 37880
HULIANWANG DIGUI-118
1 66957U 25287E   26262.69795872 -.00000057  00000+0 -16669-3 0  9992
2 66957  86.4879 250.3676 0001552  86.0461 274.0850 13.24406179 37850
YAOGAN-47
1 66988U 25289A   26262.92165183  .00003236  00000+0  13896-3 0  9999
2 66988  97.4934 333.1648 0002390 231.6824 128.4198 15.23421664 43355
2025-292A
1 66993U 25292A   26262.48908412  .00003007  00000+0  20507-3 0  9993
2 66993  97.6239 337.2865 0015635  42.2977 317.9453 15.06901282 42648
THE ARAB SATELLITE 813
1 66994U 25292B   26263.18738397  .00001969  00000+0  13486-3 0  9998
2 66994  97.6253 338.1024 0015282  41.1978 319.0400 15.07159863 42757
2025-292C
1 66995U 25292C   26263.17847369  .00002349  00000+0  15952-3 0  9991
2 66995  97.6235 338.0679 0015274  38.8242 321.4080 15.07275251 42752
2025-292D
1 66996U 25292D   26263.18596012  .00001114  00000+0  79464-4 0  9997
2 66996  97.6239 337.9039 0015039  43.4325 316.8084 15.06517333 42748
2025-292E
1 66997U 25292E   26262.99841502  .00001875  00000+0  12932-3 0  9993
2 66997  97.6262 337.9129 0015437  45.2149 315.0331 15.06943870 42713
2025-292F
1 66998U 25292F   26263.20028809  .00002519  00000+0  17055-3 0  9993
2 66998  97.6276 338.3246 0015262  47.0384 313.2121 15.07328008 42764
2025-292G
1 66999U 25292G   26262.93323153  .00002558  00000+0  17296-3 0  9993
2 66999  97.6287 338.0979 0016125  54.0465 306.2255 15.07358099 42723
2025-292H
1 67000U 25292H   26263.14810588  .00003755  00000+0  24430-3 0  9992
2 67000  97.6311 338.6465 0015253  45.4773 314.7698 15.08499133 42640
2025-292J
1 67001U 25292J   26262.92646514  .00002352  00000+0  15981-3 0  9997
2 67001  97.6272 337.9084 0015768  37.8951 322.3383 15.07258332 42717
HULIANWANG DIGUI-119
1 67059U 25295A   26263.10823741 -.00000111  00000+0  28434-4 0  9993
2 67059  50.0044  45.3401 0000731  82.9776 277.1179 13.29326022 38127
HULIANWANG DIGUI-120
1 67060U 25295B   26263.09143904 -.00000110  00000+0  29229-4 0  9991
2 67060  50.0050  45.2657 0000787  80.7012 279.3950 13.29328210 38120
HULIANWANG DIGUI-121
1 67061U 25295C   26262.64872636 -.00000116  00000+0  18270-4 0  9993
2 67061  50.0011  46.8338 0000759  77.4212 282.6745 13.29327102 38066
HULIANWANG DIGUI-122
1 67062U 25295D   26262.78239754 -.00000108  00000+0  34011-4 0  9999
2 67062  50.0044  46.2886 0000754  78.7501 281.3455 13.29325760 38089
HULIANWANG DIGUI-123
1 67063U 25295E   26263.07482022 -.00000110  00000+0  30322-4 0  9995
2 67063  50.0046  45.1707 0000697  86.6352 273.4599 13.29325554 38127
HULIANWANG DIGUI-124
1 67064U 25295F   26262.76561415 -.00000104  00000+0  42737-4 0  9991
2 67064  50.0005  46.1066 0000787  79.7499 280.3462 13.29326317 38086
HULIANWANG DIGUI-125
1 67065U 25295G   26263.13312481 -.00000108  00000+0  34281-4 0  9990
2 67065  49.9998  44.6942 0000712  80.7836 279.3117 13.29325988 38130
HULIANWANG DIGUI-126
1 67066U 25295H   26263.12491250 -.00000110  00000+0  29412-4 0  9995
2 67066  50.0001  44.6578 0000684  75.9157 284.1791 13.29326502 38139
HULIANWANG DIGUI-127
1 67067U 25295J   26263.11646727 -.00000110  00000+0  31020-4 0  9994
2 67067  50.0020  44.6574 0000730  78.3202 281.7752 13.29324397 38137
RAISE-4
1 67073U 25297B   26262.87506378  .00002380  00000+0  15184-3 0  9994
2 67073  97.5253  49.0449 0013571  74.4274 285.8453 15.09586734 42178
ZIYUAN 3-04 (ZY 3-04)
1 67131U 25300A   26263.01234765  .00002577  00000+0  11879-3 0  9994
2 67131  97.4662 340.1721 0006932 357.4738   2.6462 15.21157418 42257
KUIPER-00144
1 67133U 25301A   26263.05442779  .00001643  00000+0  24442-3 0  9990
2 67133  51.9014 276.1448 0000642  64.3702 295.7326 14.79931958 42655
KUIPER-00164
1 67134U 25301B   26263.10848747  .00000108  00000+0  43147-4 0  9991
2 67134  51.9036 288.4264 0000436  63.0138 297.0869 14.79929724 42668
KUIPER-00175
1 67135U 25301C   26263.02606231  .00001526  00000+0  22910-3 0  9992
2 67135  51.9008 271.2229 0000536  36.4924 323.6075 14.79934758 42799
KUIPER-00179
1 67136U 25301D   26262.77351121  .00001553  00000+0  23261-3 0  9999
2 67136  51.8990 287.3381 0000469  58.3796 301.7212 14.79933647 42652
KUIPER-00181
1 67137U 25301E   26262.76005213 -.00000095  00000+0  16483-4 0  9997
2 67137  51.9044 299.9647 0000360  68.2883 291.8118 14.79928414 42453
KUIPER-00183
1 67138U 25301F   26263.02876063  .00001661  00000+0  24676-3 0  9998
2 67138  51.9016 268.7798 0000471  64.6343 295.4668 14.79939490 42926
KUIPER-00184
1 67139U 25301G   26263.01527418  .00001649  00000+0  24524-3 0  9993
2 67139  51.8996 281.2800 0000450  69.3898 290.7112 14.79937146 42851
KUIPER-00186
1 67140U 25301H   26263.13145220  .00000829  00000+0  13773-3 0  9998
2 67140  51.9053 298.3307 0000327  71.0815 289.0183 14.79931406 42358
KUIPER-00187
1 67141U 25301J   26263.12870757  .00002384  00000+0  34147-3 0  9994
2 67141  51.9025 300.8679 0000954 119.3492 240.7566 14.79959169 42313
KUIPER-00188
1 67142U 25301K   26263.06254017  .00001707  00000+0  25291-3 0  9991
2 67142  51.9023 268.7461 0000554  57.1859 302.9156 14.79934128 42757
KUIPER-00191
1 67143U 25301L   26262.83297304  .00001375  00000+0  20933-3 0  9991
2 67143  51.8999 294.6508 0000494  80.5827 279.5191 14.79936814 42401
KUIPER-00196
1 67144U 25301M   26262.67622644  .00001683  00000+0  24972-3 0  9992
2 67144  51.8983 252.7953 0000627  66.2006 293.9022 14.79932990 42945
KUIPER-00204
1 67145U 25301N   26262.49120248  .00001734  00000+0  25632-3 0  9997
2 67145  51.9011 268.6511 0000501  60.2676 299.8336 14.79941416 42826
KUIPER-00210
1 67146U 25301P   26262.79919126  .00001631  00000+0  24282-3 0  9998
2 67146  51.9005 294.7465 0000363  53.1721 306.9275 14.79941072 42545
KUIPER-00221
1 67147U 25301Q   26262.41969858  .00000993  00000+0  15927-3 0  9991
2 67147  51.9025 303.9611 0000615  68.4031 291.6997 14.79935296 42213
KUIPER-00232
1 67148U 25301R   26262.80730278  .00001658  00000+0  24648-3 0  9996
2 67148  51.8997 287.2562 0000422  67.9395 292.1612 14.79927903 42477
KUIPER-00241
1 67149U 25301S   26262.83026476  .00000161  00000+0  50106-4 0  9995
2 67149  51.9033 297.1794 0000713  64.8116 295.2920 14.79932763 42675
KUIPER-00245
1 67150U 25301T   26262.14688810  .00001829  00000+0  26886-3 0  9996
2 67150  51.9051 307.7109 0000433  89.0825 271.0187 14.79935348 42130
KUIPER-00246
1 67151U 25301U   26262.80459047  .00001015  00000+0  16212-3 0  9997
2 67151  51.9024 289.7376 0000355  71.6779 288.4222 14.79935333 42466
KUIPER-00247
1 67152U 25301V   26262.74784378  .00000516  00000+0  96689-4 0  9991
2 67152  51.8963 279.9321 0000460  69.8721 290.2290 14.79930865 42575
KUIPER-00248
1 67153U 25301W   26262.69921067  .00001631  00000+0  24290-3 0  9991
2 67153  51.8991 262.7929 0000557  65.3113 294.7907 14.79930439 42979
KUIPER-00249
1 67154U 25301X   26262.75055841  .00000131  00000+0  46205-4 0  9992
2 67154  51.8982 277.5003 0000610  43.8713 316.2297 14.79930118 42600
KUIPER-00250
1 67155U 25301Y   26262.56554193  .00000438  00000+0  86507-4 0  9995
2 67155  51.9022 293.2698 0000753  66.6560 293.4482 14.79928555 42405
KUIPER-00251
1 67156U 25301Z   26262.71409535  .00001107  00000+0  17420-3 0  9993
2 67156  51.9001 280.1913 0000386  57.1212 302.9787 14.79931099 42758
KUIPER-00252
1 67157U 25301AA  26263.04902830  .00001636  00000+0  24360-3 0  9995
2 67157  51.9008 281.1595 0000523  83.2368 276.8654 14.79935013 42581
KUIPER-00261
1 67158U 25301AB  26262.80190647  .00001074  00000+0  16990-3 0  9990
2 67158  51.9028 292.3181 0000407  53.8503 306.2497 14.79936755 42402
KUIPER-00265
1 67159U 25301AC  26262.75195681  .00001625  00000+0  24210-3 0  9994
2 67159  51.9036 307.5156 0000469  89.1618 270.9398 14.79927078 42225
GSAT0233 (GALILEO 33)
1 67160U 25302A   26260.61760637  .00000008  00000+0  00000+0 0  9990
2 67160  54.3946  99.4961 0003056 142.0392 221.3345  1.70474424  4700
GSAT0234 (GALILEO 34)
1 67162U 25302C   26262.08092277  .00000017  00000+0  00000+0 0  9993
2 67162  54.3983  99.4534 0000329  62.8198 298.7279  1.70474430  4781
SPACEMOBILE-006
1 67232U 25309A   26261.29202904  .00002522  00000+0  13443-3 0  9992
2 67232  52.9955 265.0568 0012143  62.8179 297.4051 15.18908841 40741
OBZOR-R 1
1 67234U 25310A   26262.46476079  .00000058  00000+0  15785-4 0  9996
2 67234  97.9689 268.4104 0001220  79.7196 280.4151 14.75911516 39532
HULIANWANG DIGUI-128
1 67236U 25311A   26262.91306600 -.00000106  00000+0  39700-4 0  9999
2 67236  50.0074 135.8443 0000213 339.3841  20.7023 13.29327366 35944
HULIANWANG DIGUI-129
1 67237U 25311B   26262.09431171 -.00000096  00000+0  60587-4 0  9996
2 67237  50.0063 138.8291 0000217 348.7131  11.3737 13.29328510 35835
HULIANWANG DIGUI-130
1 67238U 25311C   26262.89634208 -.00000108  00000+0  34947-4 0  9996
2 67238  50.0044 136.3458 0000197 328.2686  31.8174 13.29327287 35931
HULIANWANG DIGUI-131
1 67239U 25311D   26262.90472078 -.00000106  00000+0  39003-4 0  9990
2 67239  50.0038 136.3793 0000245 327.7798  32.3059 13.29326972 35937
HULIANWANG DIGUI-132
1 67240U 25311E   26262.35333736 -.00000112  00000+0  26558-4 0  9996
2 67240  50.0051 138.1629 0000186 332.1050  27.9812 13.29327635 35863
HULIANWANG DIGUI-133
1 67241U 25311F   26262.03595371 -.00000103  00000+0  45376-4 0  9996
2 67241  50.0094 139.2512 0000211 343.7238  16.3628 13.29327667 35827
HULIANWANG DIGUI-134
1 67242U 25311G   26262.94647661 -.00000101  00000+0  49447-4 0  9998
2 67242  50.0025 135.9087 0000190 339.4494  20.6371 13.29325409 35942
HULIANWANG DIGUI-135
1 67243U 25311H   26262.36170505 -.00000108  00000+0  33686-4 0  9998
2 67243  50.0010 138.1217 0000202 328.9193  31.1667 13.29327072 35864
HULIANWANG DIGUI-136
1 67244U 25311J   26262.92968734 -.00000097  00000+0  57556-4 0  9999
2 67244  50.0082 135.9467 0000216 359.8428   0.2444 13.29328109 35946
2025-313A
1 67248U 25313A   26262.43316968  .00000802  00000+0  84856-4 0  9993
2 67248  97.5329 319.4389 0277601  34.1170 327.7536 14.67463086 38841
2025-313B
1 67249U 25313B   26262.15859743  .00001843  00000+0  14235-3 0  9995
2 67249  97.5013 320.8532 0291768  29.7773 331.9689 14.74700019 38986
2025-313C
1 67250U 25313C   26262.42053913  .00004658  00000+0  39622-3 0  9996
2 67250  97.6090 329.6407 0147467  24.4544 336.3577 14.90189312 39381
2025-313D
1 67251U 25313D   26262.91328953  .00001239  00000+0  10988-3 0  9996
2 67251  97.5597 329.1955 0147959  12.8408 347.6513 14.90003635 39504
ZORKIY-2M-VPE
1 67252U 25313E   26262.02362180  .00004954  00000+0  19898-3 0  9995
2 67252  97.3864 335.8013 0010101  23.3301 336.8394 15.25365022 40279
AIST-2T 1
1 67253U 25313F   26260.76316758  .00021747  00000+0  26174-3 0  9999
2 67253  97.0753 338.2174 0005257 234.3953 125.6815 15.60825634 41061
AIST-2T 2
1 67254U 25313G   26262.20626780  .00017337  00000+0  20891-3 0  9990
2 67254  97.0754 339.5799 0004750 195.9922 164.1187 15.60841965 41273
2025-313H
1 67255U 25313H   26262.91160296  .00001511  00000+0  98473-4 0  9993
2 67255  97.2766 325.7907 0068309   9.9943 350.2625 15.07463460 39929
SITRO-AIS-57
1 67256U 25313J   26262.44141877  .00005825  00000+0  23870-3 0  9996
2 67256  97.3845 335.6524 0015776  36.0958 324.1342 15.24549577 40304
SITRO-AIS-59
1 67257U 25313K   26262.18753856  .00005538  00000+0  22781-3 0  9995
2 67257  97.3852 335.4051 0015695  39.1970 321.0401 15.24443207 40264
SITRO-AIS-58
1 67258U 25313L   26262.43355537  .00006027  00000+0  24661-3 0  9991
2 67258  97.3848 335.6697 0015569  37.6005 322.6318 15.24585715 40300
2025-313M
1 67259U 25313M   26262.18140262  .00008145  00000+0  31442-3 0  9999
2 67259  97.3884 336.0060 0014210  35.6851 324.5334 15.26445393 40295
SITRO-AIS-60
1 67260U 25313N   26262.42782214  .00004444  00000+0  19038-3 0  9992
2 67260  97.3868 335.4343 0014134  38.8973 321.3278 15.23197589 40280
2025-313P
1 67261U 25313P   26262.19593964  .00012144  00000+0  42985-3 0  9992
2 67261  97.3891 336.5906 0012952  33.3226 326.8827 15.29209599 40338
2025-313Q
1 67262U 25313Q   26262.43953364  .00007533  00000+0  30020-3 0  9997
2 67262  97.3855 335.9976 0014434  43.1901 317.0467 15.25405731 40328
DCS-1
1 67263U 25313R   26262.45965265  .00005740  00000+0  23357-3 0  9996
2 67263  97.3872 335.8805 0014691  37.4075 322.8183 15.24810966 40318
KOWSAR 1.5
1 67264U 25313S   26262.93620681  .00003719  00000+0  15950-3 0  9994
2 67264  97.3944 336.2392 0015455  42.0772 318.1649 15.23253511 40366
SITRO-TD-4
1 67265U 25313T   26262.46968456  .00005769  00000+0  23561-3 0  9992
2 67265  97.3854 335.7956 0014694  38.2598 321.9680 15.24682791 40313
SITRO-AIS-65
1 67266U 25313U   26262.45638877  .00005807  00000+0  23602-3 0  9992
2 67266  97.3879 335.9090 0014534  37.0235 323.2002 15.24843733 40318
2025-313V
1 67267U 25313V   26262.18117373  .00006527  00000+0  25832-3 0  9993
2 67267  97.3857 335.7415 0014061  43.3458 316.8884 15.25693454 40282
ZORKY-2M 7
1 67268U 25313W   26262.43183480  .00004283  00000+0  18104-3 0  9995
2 67268  97.3868 335.5812 0015242  38.8059 321.4269 15.23659301 40293
2025-313X
1 67269U 25313X   26261.93602495  .00008789  00000+0  33433-3 0  9999
2 67269  97.3887 335.8610 0013722  36.3481 323.8687 15.26914669 40268
SITRO-TD-3
1 67270U 25313Y   26261.47470856  .00006671  00000+0  27093-3 0  9997
2 67270  97.3860 334.8720 0014753  41.1273 319.1074 15.24808913 40169
2025-313Z
1 67271U 25313Z   26262.44045213  .00002732  00000+0  12151-3 0  9994
2 67271  97.3858 335.2426 0015548  36.7198 323.5101 15.22237924 40272
2025-313AA
1 67272U 25313AA  26262.43913127  .00006445  00000+0  25725-3 0  9998
2 67272  97.3853 336.0037 0014534  38.4021 321.8249 15.25408331 40328
2025-313AB
1 67273U 25313AB  26262.43549168  .00001924  00000+0  88128-4 0  9993
2 67273  97.3877 335.1620 0015207  45.9429 314.3056 15.21589584 40268
2025-313AC
1 67274U 25313AC  26262.44528479  .00004192  00000+0  17802-3 0  9997
2 67274  97.3851 335.5247 0015111  38.4888 321.7424 15.23516563 40293
2025-313AD
1 67275U 25313AD  26262.95132772  .00004008  00000+0  16969-3 0  9990
2 67275  97.3830 335.9936 0014304  41.5941 318.6381 15.23659286 40374
2025-313AE
1 67276U 25313AE  26262.42581635  .00004427  00000+0  18708-3 0  9997
2 67276  97.3823 335.4539 0014305  41.7657 318.4670 15.23662184 40299
2025-313AF
1 67277U 25313AF  26262.43131955  .00004315  00000+0  18274-3 0  9999
2 67277  97.3828 335.4637 0014281  42.0378 318.1952 15.23603189 40291
2025-313AG
1 67278U 25313AG  26262.89220108  .00004199  00000+0  17847-3 0  9994
2 67278  97.3816 335.8910 0015005  40.5696 319.6656 15.23490595 40379
GALAPAGOS-UTE-SWSU
1 67279U 25313AH  26262.46605710  .00004530  00000+0  19003-3 0  9999
2 67279  97.3841 335.6220 0014518  38.2261 322.0003 15.23896422 40306
2025-313AJ
1 67280U 25313AJ  26261.97811807  .00003325  00000+0  14324-3 0  9994
2 67280  97.3916 335.2956 0013790  38.1863 322.0348 15.23197898 40225
2025-313AK
1 67281U 25313AK  26262.94688751  .00003241  00000+0  13931-3 0  9993
2 67281  97.3799 335.8886 0012460  34.8416 325.3634 15.23301458 40372
2025-313AL
1 67282U 25313AL  26262.46309726  .00003426  00000+0  14426-3 0  9998
2 67282  97.3846 335.7714 0011615  34.5784 325.6207 15.23978387 40315
HORS 5
1 67283U 25313AM  26262.93693179  .00005537  00000+0  22417-3 0  9993
2 67283  97.3857 336.5391 0010560  33.0426 327.1470 15.25041832 40400
LOBACHEVSKY (RS83S)
1 67284U 25313AN  26262.16528124  .00003298  00000+0  14028-3 0  9997
2 67284  97.3840 335.3896 0011262  37.0744 323.1269 15.23663569 40268
NASBSAT-2
1 67285U 25313AP  26262.04663054  .00004327  00000+0  17754-3 0  9990
2 67285  97.3841 335.5303 0010786  37.9292 322.2704 15.24713388 40262
MULE 4T
1 67286U 25313AQ  26262.43665195  .00005726  00000+0  22846-3 0  9994
2 67286  97.3851 336.1434 0010001  31.3549 328.8283 15.25521444 40332
LUCA (RS90S)
1 67287U 25313AR  26260.16262581  .00008656  00000+0  33995-3 0  9997
2 67287  97.3854 333.9986 0010021  40.3505 319.8476 15.25898059 39990
2025-313AS
1 67288U 25313AS  26262.51610299  .00003147  00000+0  13295-3 0  9993
2 67288  97.3846 335.8507 0011744  25.9395 334.2429 15.23925960 40329
NASBSAT-1
1 67289U 25313AT  26262.45787969  .00008628  00000+0  31770-3 0  9993
2 67289  97.3854 336.7174 0009145  31.0880 329.0898 15.28045452 40379
SAKHACUBE-CHOLBON (RS1*)
1 67290U 25313AU  26262.47528959  .00006672  00000+0  25897-3 0  9999
2 67290  97.3858 336.3909 0009480  32.4435 327.7385 15.26386511 40356
QMR-KWT-2 (RS95S)
1 67291U 25313AV  26261.43871697  .00010335  00000+0  37511-3 0  9992
2 67291  97.3844 335.7841 0008824  33.4783 326.7013 15.28472222 40228
SITRO-AIS-64
1 67292U 25313AW  26262.45725406  .00006259  00000+0  24231-3 0  9997
2 67292  97.3855 336.4283 0009190  32.2550 327.9249 15.26499981 40352
SCORPION (RS89S)
1 67293U 25313AX  26262.48883755  .00002429  00000+0  10488-3 0  9997
2 67293  97.3858 335.7771 0011374  25.2487 334.9304 15.23404047 40310
SITRO-AIS-63
1 67294U 25313AY  26262.51496299  .00006251  00000+0  24156-3 0  9999
2 67294  97.3864 336.5167 0009028  32.9355 327.2444 15.26562999 40367
ZORKIY-2M-5
1 67295U 25313AZ  26262.43239052  .00004756  00000+0  19154-3 0  9993
2 67295  97.3861 336.1567 0010481  23.3992 336.7721 15.25291977 40335
SITRO-AIS-62
1 67296U 25313BA  26261.44455099  .00007282  00000+0  27951-3 0  9996
2 67296  97.3866 335.5193 0008983  36.8169 323.3685 15.26729014 40204
SITRO-AIS-61
1 67297U 25313BB  26262.48166879  .00007007  00000+0  26836-3 0  9993
2 67297  97.3867 336.5768 0008643  35.5774 324.6040 15.26820260 40367
TIANHUI 7
1 67300U 25314A   26262.17237624  .00003615  00000+0  14545-3 0  9997
2 67300  97.3944 336.7893 0005741  71.3050 288.8810 15.25523289 40119
CSG-3
1 67304U 26001A   26262.91635062  .00000174  00000+0  28457-4 0  9990
2 67304  97.8916  85.1718 0001346  88.3390 271.7977 14.82156513 38497
LEMUR-2 FIKRETDENGIZ
1 67363U 26004A   26261.96927132  .00002306  00000+0  25136-3 0  9993
2 67363  97.8092 259.1591 0008393 180.2204 179.9011 14.88914603 37231
TWILIGHT-1 OBJECT B
1 67364U 26004B   26262.91769255  .00001034  00000+0  11867-3 0  9993
2 67364  97.8136 260.0446 0008727 168.0532 192.0893 14.87968642 37370
LEMUR-2-MARIO-SOUSA
1 67365U 26004C   26262.94731314  .00002180  00000+0  23675-3 0  9995
2 67365  97.8059 260.1148 0008065 177.2602 182.8661 14.89125774 37395
LEMUR-2 CALLUM-K-J
1 67366U 26004D   26262.23852825  .00002234  00000+0  24378-3 0  9990
2 67366  97.8083 259.4203 0008549 174.8385 185.2922 14.88897475 37282
LEMUR-2-SONNENBLUME
1 67367U 26004E   26262.96596311  .00001650  00000+0  18240-3 0  9998
2 67367  97.8060 260.0691 0007704 179.5133 180.6093 14.88723434 37395
LEMUR-2-WOBLER
1 67368U 26004F   26262.80710102  .00002620  00000+0  28357-3 0  9996
2 67368  97.8112 260.1387 0008131 168.5295 191.6108 14.89088602 37378
BLACKCAT
1 67369U 26004G   26262.91704794  .00000594  00000+0  70865-4 0  9999
2 67369  97.8052 259.8054 0006839 180.5250 179.5961 14.87874146 37372
LEMUR-2-GRAM-E-SUE
1 67370U 26004H   26262.94073841  .00002971  00000+0  32211-3 0  9999
2 67370  97.8046 260.0638 0006804 179.3396 180.7831 14.88926966 37399
UMBRA-12
1 67371U 26004J   26262.95176758  .00003174  00000+0  33484-3 0  9991
2 67371  97.8088 260.4851 0006092 163.6014 196.5402 14.89996855 37416
ICEYE-X63
1 67372U 26004K   26262.94139841  .00000545  00000+0  64603-4 0  9990
2 67372  97.8075 260.1400 0004492 157.5889 202.5525 14.88442099 37390
ICEYE-X64
1 67373U 26004L   26262.80461951  .00000504  00000+0  60755-4 0  9995
2 67373  97.8088 259.8979 0005967 170.4027 189.7305 14.88077892 37361
AETHER-3
1 67374U 26004M   26262.25224928  .00000448  00000+0  55989-4 0  9996
2 67374  97.8076 259.3417 0004416 136.9087 223.2475 14.87000124 37288
AETHER-4
1 67375U 26004N   26262.70630640  .00000409  00000+0  53025-4 0  9995
2 67375  97.8109 259.6300 0001308 154.2451 205.8830 14.85940619 37332
AETHER-5
1 67376U 26004P   26262.81108501  .00000376  00000+0  49249-4 0  9990
2 67376  97.8111 259.6431 0000776 164.5450 195.5789 14.85882769 37342
AETHER-6
1 67377U 26004Q   26262.24986747  .00000390  00000+0  50926-4 0  9994
2 67377  97.8110 259.1468 0000526 166.8002 193.3227 14.85858196 37258
AETHER-7
1 67378U 26004R   26262.94576977  .00001018  00000+0  12114-3 0  9996
2 67378  97.8083 259.6924 0003352 151.1055 209.0347 14.86488806 37352
AETHER-8
1 67379U 26004S   26262.93830878  .00000371  00000+0  48673-4 0  9990
2 67379  97.8088 259.7169 0000744 169.1469 190.9763 14.85897698 37352
AETHER-9
1 67380U 26004T   26262.93091888  .00000428  00000+0  55177-4 0  9992
2 67380  97.8072 259.7003 0001441 153.6868 206.4421 14.85915236 37353
AETHER-10
1 67381U 26004U   26262.96824782  .00000402  00000+0  52210-4 0  9990
2 67381  97.8114 259.9176 0000964 165.5927 194.5316 14.85919764 37362
AETHER-11
1 67382U 26004V   26262.96082420  .00000407  00000+0  52768-4 0  9999
2 67382  97.8107 259.9004 0000633 168.8167 191.3062 14.85909176 37369
AETHER-12
1 67383U 26004W   26262.91668981  .00056867  00000+0  64908-2 0  9995
2 67383  97.8080 259.6441 0000331 115.3538  49.7964 14.85818972  5664
CAPELLA-19 (ACADIA-9)
1 67384U 26004X   26262.96718020  .00002346  00000+0  27021-3 0  9990
2 67384  97.8045 259.6461 0001571  97.7114 262.4280 14.86650393 37356
CAPELLA-18 (ACADIA-8)
1 67385U 26004Y   26262.23686719 -.00002915  00000+0 -32279-3 0  9995
2 67385  97.8075 259.0899 0000417  69.2941 290.8319 14.86632036 37250
TWILIGHT-1 OBJECT Z
1 67386U 26004Z   26262.25163995  .00001012  00000+0  11308-3 0  9999
2 67386  97.8062 259.6385 0003165 145.3844 214.7580 14.89122774 37299
LEMUR-2-KATIE
1 67387U 26004AA  26262.95416918  .00003113  00000+0  32285-3 0  9994
2 67387  97.8103 260.8576 0004229 120.7090 239.4545 14.90701438 37426
LEMUR-2-HCS-BAZUS
1 67388U 26004AB  26262.95260624  .00003024  00000+0  31386-3 0  9998
2 67388  97.8090 260.8235 0003988 115.2420 244.9212 14.90693405 37427
HYDRA-2
1 67389U 26004AC  26262.79263556  .00002683  00000+0  13006-3 0  9997
2 67389  97.4647 260.6821 0004012  34.6596 325.4899 15.19375443 38112
CONNECTA IOT-16
1 67390U 26004AD  26262.23623845  .00004708  00000+0  23098-3 0  9991
2 67390  97.4655 259.9025 0004641  42.7355 317.4239 15.18580215 38013
FLAMINGO-1
1 67391U 26004AE  26262.95972155  .00001345  00000+0  69611-4 0  9998
2 67391  97.4618 260.4808 0006012  15.0661 345.0750 15.17928724 38123
HAWK-13A
1 67392U 26004AF  26262.95811328  .00002834  00000+0  13552-3 0  9999
2 67392  97.4509 260.5434 0005878  21.7187 338.4296 15.19798495 38151
HAWK-13C
1 67393U 26004AG  26262.95800141  .00002812  00000+0  13451-3 0  9995
2 67393  97.4654 261.0941 0005910  24.4665 335.6849 15.19801291 38152
TWILIGHT-1 OBJECT AH
1 67394U 26004AH  26262.97326497  .00002770  00000+0  13138-3 0  9990
2 67394  97.4566 260.8885 0008947  17.9513 342.2036 15.20094038 38169
PANDORA
1 67395U 26004AJ  26262.97742957  .00000426  00000+0  52124-4 0  9999
2 67395  97.8109 260.2019 0005566 160.8872 199.2554 14.88204562 37375
HAWK-13B
1 67396U 26004AK  26262.95791479  .00002850  00000+0  13626-3 0  9997
2 67396  97.4593 260.8645 0007016  19.6389 340.5115 15.19799732 38150
CARBSAR
1 67397U 26004AL  26262.44186242  .00004497  00000+0  20870-3 0  9996
2 67397  97.4607 260.5425 0006095  25.8138 334.3401 15.20531286 38088
TOMORROW-S10
1 67398U 26004AM  26262.79284470  .00002671  00000+0  12634-3 0  9998
2 67398  97.4644 260.9591 0006850  28.5993 331.5617 15.20223109 38132
TOMORROW-S11
1 67399U 26004AN  26262.89760031  .00002753  00000+0  12993-3 0  9991
2 67399  97.4635 261.0888 0007800  28.0039 332.1615 15.20273092 38159
CONNECTA IOT-13
1 67400U 26004AP  26262.97889869  .00004959  00000+0  24230-3 0  9991
2 67400  97.4632 260.6691 0009250  33.3915 326.7901 15.18671367 38138
CONNECTA IOT-14
1 67401U 26004AQ  26262.94462389  .00005883  00000+0  28166-3 0  9992
2 67401  97.4578 260.6829 0009918  22.4314 337.7352 15.19294814 38146
CONNECTA IOT-15
1 67402U 26004AR  26262.79382796  .00005135  00000+0  25220-3 0  9997
2 67402  97.4637 260.3181 0003875  35.9515 324.1979 15.18502160 38082
HULIANWANG DIGUI-137
1 67435U 26007A   26261.97970902 -.00000112  00000+0  25541-4 0  9995
2 67435  50.0068 109.4872 0000412  18.4291 341.6596 13.29330662 33262
HULIANWANG DIGUI-138
1 67436U 26007B   26261.99652242 -.00000108  00000+0  34928-4 0  9996
2 67436  50.0048 109.5337 0000407  18.2823 341.8064 13.29329009 33266
HULIANWANG DIGUI-139
1 67437U 26007C   26261.98789118 -.00000106  00000+0  38237-4 0  9994
2 67437  50.0017 109.4296 0000233   3.8692 356.2181 13.29330580 33263
HULIANWANG DIGUI-140
1 67438U 26007D   26262.83178474 -.00000112  00000+0  25727-4 0  9994
2 67438  50.0042 106.6012 0000402  24.9508 335.1383 13.29329785 33372
HULIANWANG DIGUI-141
1 67439U 26007E   26262.94865269 -.00000111  00000+0  28303-4 0  9994
2 67439  50.0031 105.8720 0000400  25.7998 334.2894 13.29330574 33395
HULIANWANG DIGUI-142
1 67440U 26007F   26262.94036322 -.00000109  00000+0  32394-4 0  9998
2 67440  50.0110 105.9832 0000399  28.1611 331.9283 13.29330470 33397
HULIANWANG DIGUI-143
1 67441U 26007G   26262.93213360 -.00000110  00000+0  29722-4 0  9990
2 67441  50.0090 105.9010 0000449  44.3253 315.7656 13.29328668 33391
HULIANWANG DIGUI-144
1 67442U 26007H   26262.84829264 -.00000107  00000+0  37549-4 0  9999
2 67442  50.0079 106.1051 0000454  26.4598 333.6297 13.29330051 33384
HULIANWANG DIGUI-145
1 67443U 26007J   26262.61466285 -.00000111  00000+0  29062-4 0  9991
2 67443  50.0082 106.8790 0000391  32.1793 327.9103 13.29329657 33356
ALSAT-3A
1 67474U 26009A   26262.90964688  .00003438  00000+0  14854-3 0  9995
2 67474  97.4465 336.1065 0009094 136.0347 224.1615 15.23131441 37696
ION SCV-021
1 67483U 25276ED  26262.43766089  .00000234  00000+0  24550-4 0  9999
2 67483  97.5156 329.4451 0010330 153.4770 206.6984 14.98062702 36716
HULIANWANG DIGUI-146
1 67522U 26013A   26262.65948434 -.00000098  00000+0  57153-4 0  9997
2 67522  50.0102  17.0957 0000800 100.1278 259.9685 13.29329282 32615
HULIANWANG DIGUI-147
1 67523U 26013B   26262.57569877 -.00000097  00000+0  58319-4 0  9993
2 67523  50.0072  17.2582 0000722 104.5964 255.4988 13.29331161 32606
HULIANWANG DIGUI-148
1 67524U 26013C   26262.64253066 -.00000099  00000+0  53619-4 0  9992
2 67524  50.0111  17.0274 0000732 102.6067 257.4887 13.29330866 32613
HULIANWANG DIGUI-149
1 67525U 26013D   26262.63430247 -.00000103  00000+0  45656-4 0  9998
2 67525  50.0107  16.9732 0000903  94.5698 265.5278 13.29329367 32613
HULIANWANG DIGUI-150
1 67526U 26013E   26262.69291945 -.00000092  00000+0  69683-4 0  9998
2 67526  50.0067  16.5401 0000761 102.2984 257.7974 13.29328335 32648
HULIANWANG DIGUI-151
1 67527U 26013F   26262.70115737 -.00000105  00000+0  40882-4 0  9990
2 67527  50.0113  16.6708 0000745 104.8111 255.2844 13.29330133 32620
HULIANWANG DIGUI-152
1 67528U 26013G   26262.30841254 -.00000095  00000+0  63521-4 0  9990
2 67528  50.0061  17.8296 0000735 101.6810 258.4145 13.29331163 32575
HULIANWANG DIGUI-153
1 67529U 26013H   26262.67624070 -.00000097  00000+0  58046-4 0  9994
2 67529  50.0062  16.4438 0000782 104.1200 255.9759 13.29327756 32614
HULIANWANG DIGUI-154
1 67530U 26013J   26262.66765406 -.00000094  00000+0  64372-4 0  9990
2 67530  50.0086  16.4501 0000730 102.8993 257.1961 13.29329540 32612
MR-2
1 67556U 26015A   26262.95937720  .00000050  00000+0  57156-4 0  9995
2 67556  88.9945 258.9183 0004265 137.6673 222.4809 13.52700769 32529
MR-1
1 67557U 26015B   26262.96388304  .00000043  00000+0  46610-4 0  9990
2 67557  88.9944 258.9181 0004365 137.3343 222.8149 13.52675026 32527
NAVSTAR 85 (USA 581)
1 67588U 26017A   26261.92727343  .00000007  00000+0  00000+0 0  9999
2 67588  55.1550  84.9940 0020771 263.5416  96.2731  2.00568884433497
NEONSAT-1A
1 67614U 26019A   26262.55224646  .00002249  00000+0  14657-3 0  9996
2 67614  97.4352  19.6858 0012020 223.9979 136.0294 15.08848611 35048
ALSAT-3B
1 67646U 26021A   26262.94209897  .00003645  00000+0  15476-3 0  9999
2 67646  97.4507 336.0808 0012163 185.9013 174.2082 15.23658457 35290
COSMOS 2600
1 67674U 26023A   26261.91809294  .00041840  00000+0  19839-3 0  9991
2 67674  96.7504 332.8937 0004870 195.2397 164.8728 15.82854241 35614
COSMOS 2601
1 67675U 26023B   26262.87164545  .00006536  00000+0  24915-3 0  9995
2 67675  96.6147 313.5923 0017433 153.3810 206.8330 15.26834748 34457
COSMOS 2602
1 67676U 26023C   26261.89121081  .00005294  00000+0  20701-3 0  9994
2 67676  96.6256 312.8423 0018448 147.1287 213.1105 15.26047549 34290
COSMOS 2603
1 67677U 26023D   26261.39670797  .00002313  00000+0  90978-4 0  9996
2 67677  96.6213 312.4044 0017231 155.4491 204.7574 15.26358964 34211
COSMOS 2604
1 67678U 26023E   26260.68442821  .00006829  00000+0  25883-3 0  9991
2 67678  96.6102 311.5868 0018360 154.6582 205.5563 15.26993232 34118
COSMOS 2605
1 67679U 26023F   26262.38064346  .00007276  00000+0  27568-3 0  9992
2 67679  96.6123 315.6419 0021098 147.3219 212.9332 15.26934091 34368
COSMOS 2606
1 67680U 26023G   26261.40397554  .00003404  00000+0  13028-3 0  9991
2 67680  96.6060 314.5548 0021831 145.2124 215.0550 15.26909837 34218
COSMOS 2607
1 67681U 26023H   26262.93667681  .00005833  00000+0  22191-3 0  9991
2 67681  96.6204 316.2831 0021897 139.1163 221.1726 15.26856147 34443
COSMOS 2608
1 67682U 26023J   26262.38020586  .00007805  00000+0  29536-3 0  9999
2 67682  96.6157 315.7370 0021540 137.2600 223.0321 15.26944234 34361
KNACKSAT-2
1 67683U 98067XZ  26262.25468691  .00061304  00000+0  51271-3 0  9991
2 67683  51.6237 178.1756 0008279 181.0467 179.0514 15.69367004 35000
GXIBA-1
1 67685U 98067YB  26262.48015762  .00085832  00000+0  59955-3 0  9994
2 67685  51.6228 174.3941 0008976 180.7732 179.3254 15.73504864 35074
UITMSAT-2
1 67686U 98067YC  26262.04776538  .00203393  00000+0  80180-3 0  9990
2 67686  51.6181 170.6922 0008124 164.7475 195.3775 15.85686331 35082
LEOPARD
1 67687U 98067YD  26262.14038350  .00149197  00000+0  95417-3 0  9995
2 67687  51.6236 176.6625 0008795 163.3610 196.7679 15.75302472 34931
HMU-SAT2
1 67688U 98067YE  26262.48212092  .00135849  00000+0  73260-3 0  9991
2 67688  51.6246 171.4040 0007936 160.9140 199.2160 15.79194602 35037
PRC TEST SPACECRAFT 4
1 67689U 26024A   26262.94676833 -.00000073  00000+0  16783-4 0  9993
2 67689  49.9938 190.8482 0005281  44.4290 315.7074 14.91922781 33581
2026-027A
1 67746U 26027A   26262.10680078  .00005099  00000+0  23923-3 0  9999
2 67746  97.5176  29.8117 0008419 242.8567 117.1810 15.20081117 33226
2026-027B
1 67747U 26027B   26261.63081695  .00005271  00000+0  24624-3 0  9998
2 67747  97.5171  29.3580 0008523 248.5253 111.5073 15.20215078 33158
2026-027C
1 67748U 26027C   26262.59867864  .00002933  00000+0  14118-3 0  9994
2 67748  97.5187  30.2546 0009143 247.7422 112.2843 15.19535774 33291
2026-027D
1 67749U 26027D   26262.79622322  .00005096  00000+0  23229-3 0  9991
2 67749  97.5171  30.7288 0008493 251.1095 108.9219 15.21073935 33293
2026-027E
1 67750U 26027E   26262.30663253  .00004838  00000+0  22387-3 0  9995
2 67750  97.5188  30.1933 0007894 255.2414 104.7946 15.20587108 33267
2026-027F
1 67751U 26027F   26262.32045061  .00003110  00000+0  17932-3 0  9991
2 67751  97.5179  28.3477 0010620 144.4337 215.7604 15.13069015 33149
2026-027G
1 67752U 26027G   26262.58255684  .00003786  00000+0  21042-3 0  9990
2 67752  97.5172  28.5891 0010683 285.1310  74.8740 15.14262070 33184
KUIPER-00159
1 67764U 26030A   26262.82193820  .00030410  00000+0  43058-2 0  9991
2 67764  51.9029  25.8853 0000841 130.3121 229.7914 14.76806610 34609
KUIPER-00160
1 67765U 26030B   26262.91668981 -.00058896  00000+0 -77640-2 0  9991
2 67765  51.8982   6.7745 0002473  82.9417  61.0508 14.79932157  4891
KUIPER-00177
1 67766U 26030C   26262.90144389  .00001702  00000+0  25224-3 0  9996
2 67766  51.8993  74.3225 0000851  99.2913 260.8146 14.79931394 33934
KUIPER-00178
1 67767U 26030D   26261.98978539  .00000185  00000+0  53236-4 0  9995
2 67767  51.8997  78.3346 0000587 100.2734 259.8294 14.79932117 33809
KUIPER-00180
1 67768U 26030E   26262.87306538  .00000277  00000+0  65397-4 0  9992
2 67768  51.8993  69.4171 0000779 140.3363 219.7657 14.79929629 34004
KUIPER-00197
1 67769U 26030F   26262.96216539  .00002049  00000+0  29766-3 0  9992
2 67769  51.8990  49.0433 0000639 122.0194 238.0830 14.79931460 34295
KUIPER-00198
1 67770U 26030G   26262.71232586 -.00001514  00000+0 -16970-3 0  9998
2 67770  51.8976  62.6212 0000826 114.0740 246.0309 14.79926788 34087
KUIPER-00199
1 67771U 26030H   26262.91668981 -.01265177  00000+0 -75661-1 0  9991
2 67771  51.8870   2.9882 0012211  29.4886 241.4918 15.13737915  5862
KUIPER-00200
1 67772U 26030J   26262.93110384 -.00000895  00000+0 -88433-4 0  9990
2 67772  51.8991  46.6997 0000719 111.0770 249.0269 14.79929226 34324
KUIPER-00203
1 67773U 26030K   26262.89605676  .00001850  00000+0  27159-3 0  9996
2 67773  51.9041  79.4284 0000999 114.3097 245.7970 14.79931511 33863
KUIPER-00205
1 67774U 26030L   26262.39355195  .00002126  00000+0  30770-3 0  9990
2 67774  51.9013  46.5418 0000560 107.6094 252.4930 14.79936256 34282
KUIPER-00208
1 67775U 26030M   26262.06000905  .00000073  00000+0  38649-4 0  9994
2 67775  51.8975  75.5133 0001343 115.6759 244.4342 14.79928338 33843
KUIPER-00209
1 67776U 26030N   26262.83931020  .00001918  00000+0  28057-3 0  9991
2 67776  51.8986  69.6678 0000747 123.6723 236.4311 14.79934654 33992
KUIPER-00213
1 67777U 26030P   26262.94328356  .00001920  00000+0  28071-3 0  9995
2 67777  51.8958  66.6642 0000733 122.7544 237.3490 14.79943116 34044
KUIPER-00214
1 67778U 26030Q   26262.03434351  .00002141  00000+0  30977-3 0  9993
2 67778  51.8993  68.2211 0000623 112.2744 247.8285 14.79937728 33946
KUIPER-00215
1 67779U 26030R   26262.14910460  .00001957  00000+0  28559-3 0  9993
2 67779  51.8984  55.0674 0000617 121.9124 238.1898 14.79934805 34145
KUIPER-00218
1 67780U 26030S   26261.96410240 -.00000123  00000+0  12880-4 0  9991
2 67780  51.8970  70.9248 0000675 111.7666 248.3369 14.79930953 33906
KUIPER-00220
1 67781U 26030T   26262.93649387  .00000280  00000+0  65683-4 0  9998
2 67781  51.8959  41.6481 0000599 112.4704 247.6322 14.79929574 34396
KUIPER-00222
1 67782U 26030U   26262.88117290  .00000656  00000+0  11509-3 0  9990
2 67782  51.8999  62.0300 0001162 141.8904 218.2141 14.79931351 34101
KUIPER-00223
1 67783U 26030V   26262.92300079  .00002063  00000+0  29950-3 0  9998
2 67783  51.9005  54.1553 0000603 119.7742 240.3280 14.79934700 34220
KUIPER-00225
1 67784U 26030W   26262.78256786 -.00000652  00000+0 -56487-4 0  9998
2 67784  51.8964  59.9248 0000538  90.5125 269.5899 14.79923198 34123
KUIPER-00226
1 67785U 26030X   26259.92611342  .00002393  00000+0  33846-3 0  9999
2 67785  51.8996  59.9374 0002437 320.9208  39.1578 14.80496066 33889
KUIPER-00259
1 67786U 26030Y   26262.41113537  .00001299  00000+0  19935-3 0  9998
2 67786  51.8980  61.4677 0000651 122.6849 237.4176 14.79936059 34079
KUIPER-00260
1 67787U 26030Z   26262.00866713  .00002246  00000+0  32355-3 0  9999
2 67787  51.9003  60.8587 0000792 126.2184 233.8852 14.79938220 33957
KUIPER-00262
1 67788U 26030AA  26262.92031144  .00002038  00000+0  29629-3 0  9992
2 67788  51.8996  56.7459 0000931 114.0945 246.0115 14.79934186 34186
KUIPER-00266
1 67789U 26030AB  26262.14641135  .00002103  00000+0  30475-3 0  9998
2 67789  51.8996  57.6569 0000846 120.6659 239.4387 14.79933213 34108
KUIPER-00268
1 67790U 26030AC  26262.92571443  .00001891  00000+0  27704-3 0  9994
2 67790  51.9039  51.7543 0000810 132.9509 227.1522 14.79927815 34259
KUIPER-00270
1 67791U 26030AD  26262.90273150  .00004502  00000+0  61938-3 0  9996
2 67791  51.8993  41.8025 0000948 113.4329 246.6733 14.79920254 34394
KUIPER-00274
1 67792U 26030AE  26262.87845113  .00001675  00000+0  24869-3 0  9997
2 67792  51.9014  64.4279 0000556 125.4780 234.6235 14.79931180 34070
KUIPER-00275
1 67793U 26030AF  26262.96755748  .00000375  00000+0  78258-4 0  9990
2 67793  51.9012  44.0277 0000604 130.1455 229.9561 14.79930232 34365
KUIPER-00276
1 67794U 26030AG  26262.38815426  .00001942  00000+0  28360-3 0  9996
2 67794  51.8993  51.5664 0000949  95.2667 264.8403 14.79938873 34210
KUIPER-00279
1 67795U 26030AH  26262.90541967  .00001955  00000+0  28525-3 0  9998
2 67795  51.9035  39.3317 0000491  47.1691 312.9313 14.79941889 34422
CREW DRAGON 12
1 67796U 26031A   26262.82001780  .00006624  00000+0  12748-3 0  9993
2 67796  51.6308 191.7362 0004806 159.4528 200.6655 15.49182630586856
HULIANWANG DIGUI-155
1 68129U 26047A   26263.18064811 -.00000111  00000+0  28914-4 0  9994
2 68129  50.0025  75.6794 0001238  86.6968 273.4045 13.29329726 25708
HULIANWANG DIGUI-156
1 68130U 26047B   26262.87179185 -.00000114  00000+0  21577-4 0  9993
2 68130  50.0024  76.7178 0001264  91.2709 268.8308 13.29319798 25653
HULIANWANG DIGUI-157
1 68131U 26047C   26262.93859801 -.00000107  00000+0  36606-4 0  9992
2 68131  49.9995  76.3611 0001187  88.7117 271.3891 13.29325569 25675
HULIANWANG DIGUI-158
1 68132U 26047D   26263.15572182 -.00000107  00000+0  35835-4 0  9995
2 68132  50.0040  75.5791 0001233  85.5583 274.5430 13.29328300 25696
HULIANWANG DIGUI-159
1 68133U 26047E   26262.84676032 -.00000105  00000+0  40285-4 0  9993
2 68133  50.0011  76.5676 0001211  80.9026 279.1983 13.29324375 25664
HULIANWANG DIGUI-160
1 68134U 26047F   26262.90499321 -.00000107  00000+0  37088-4 0  9994
2 68134  50.0067  76.2987 0001114  71.4776 288.6217 13.29329804 25664
HULIANWANG DIGUI-161
1 68135U 26047G   26262.83821912 -.00000101  00000+0  49980-4 0  9990
2 68135  50.0087  76.6426 0001157  82.9798 277.1206 13.29328910 25665
HULIANWANG DIGUI-162
1 68136U 26047H   26262.89705441 -.00000108  00000+0  33919-4 0  9997
2 68136  50.0057  76.2424 0001257  88.9470 271.1546 13.29324721 25668
HULIANWANG DIGUI-163
1 68137U 26047J   26263.18903764 -.00000109  00000+0  32596-4 0  9990
2 68137  50.0060  75.1236 0001185  91.3931 268.7077 13.29329732 25716
2026-052A
1 68198U 26052A   26262.44193192  .00003640  00000+0  21606-3 0  9998
2 68198  97.5248 335.8045 0012508 350.2020   9.8965 15.11897227 28285
YUXING-3 06
1 68199U 26052B   26262.91552794  .00002314  00000+0  14007-3 0  9992
2 68199  97.5254 336.2474 0011920 350.9299   9.1714 15.11559983 28353
2026-052C
1 68200U 26052C   26262.92944074  .00001645  00000+0  10220-3 0  9991
2 68200  97.5285 336.2379 0001209  94.8586 265.2782 15.11056435 28349
2026-052D
1 68201U 26052D   26263.17945789  .00003081  00000+0  18150-3 0  9990
2 68201  97.5252 336.6577 0010676 350.1291   9.9728 15.12298778 28406
2026-052E
1 68202U 26052E   26263.18047605  .00003062  00000+0  18044-3 0  9993
2 68202  97.5253 336.6660 0010769 353.9375   6.1723 15.12294064 28406
2026-052F
1 68203U 26052F   26263.01393197  .00003949  00000+0  22978-3 0  9991
2 68203  97.5248 336.5661 0009760 347.4203  12.6782 15.12591399 28383
2026-052G
1 68204U 26052G   26263.02204029  .00003107  00000+0  18289-3 0  9994
2 68204  97.5250 336.5621 0009626 351.2338   8.8723 15.12339822 28389
2026-052J
1 68206U 26052J   26261.43463845  .00081780  27111-5  92667-3 0  9995
2 68206  97.3175 322.9822 0437197 116.0968 248.5926 14.95315951 27576
TEN-KOH 2
1 68261U 25241B   26262.61482259  .00004060  00000+0  17425-3 0  9993
2 68261  51.6575 229.8503 0008223  98.9139 261.2771 15.24912673 29318
STRIX-6
1 68291U 26056A   26263.03366297  .00002797  00000+0  23817-3 0  9998
2 68291  50.2817 261.2751 0016335 251.1496 108.7682 15.00763571 27513
CENTISPACE-2 S1
1 68350U 26060A   26262.07296712 -.00000385  00000+0 -10720-3 0  9998
2 68350  54.9839  31.9647 0005908 271.1674  88.8624 14.20025378 26323
CENTISPACE-2 S2
1 68351U 26060B   26261.87056750 -.00000104  00000+0  23537-4 0  9991
2 68351  54.9830  32.8107 0008915 276.4338  83.5622 14.22254437 26290
CENTISPACE-2 S3
1 68352U 26060C   26260.87953544 -.00000164  00000+0 -30729-5 0  9997
2 68352  54.9782  35.8030 0009330 277.3203  82.6713 14.23806283 26168
CENTISPACE-2 S4
1 68353U 26060D   26261.68775730  .00000289  00000+0  19838-3 0  9999
2 68353  54.9802  33.1365 0007772 273.5889  86.4198 14.22571610 26273
CENTISPACE-2 S5
1 68354U 26060E   26262.02740307  .00000286  00000+0  19824-3 0  9993
2 68354  54.9772  31.6034 0007252 261.2782  98.7372 14.22208988 26326
CENTISPACE-2 S6
1 68355U 26060F   26261.92937308 -.00000082  00000+0  31802-4 0  9997
2 68355  54.9780  31.1450 0008997 261.6164  98.3793 14.25784776 26328
CENTISPACE-2 S7
1 68356U 26060G   26262.02651352  .00000116  00000+0  11486-3 0  9994
2 68356  54.9868  31.1819 0011516 318.0983  41.9112 14.25609592 26334
CENTISPACE-2 S8
1 68357U 26060H   26260.84621235  .00000135  00000+0  13019-3 0  9995
2 68357  54.9813  35.7154 0007908 273.7029  86.3043 14.22369198 26164
CENTISPACE-2 S9
1 68358U 26060J   26261.90994397  .00000005  00000+0  72328-4 0  9991
2 68358  54.9798  32.3638 0009831 267.7571  92.2278 14.22206698 26306
CENTISPACE-2 S10
1 68359U 26060K   26260.91451689  .00000098  00000+0  10610-3 0  9991
2 68359  54.9854  34.7109 0009391 268.8854  91.1048 14.26420774 26182
RASSVET-3 1
1 68360U 26061A   26262.77976107  .00002520  00000+0  12097-3 0  9990
2 68360  82.2876 275.6103 0002134  68.4985 291.6476 15.18440752 27924
RASSVET-3 2
1 68361U 26061B   26261.08308059  .00001651  00000+0  77795-4 0  9990
2 68361  82.2886 275.9707 0004515 132.9949 227.1664 15.18840694 27754
RASSVET-3 3
1 68362U 26061C   26262.04184420  .00002382  00000+0  11430-3 0  9997
2 68362  82.2926 278.5135 0000538 288.7094  71.4080 15.18442256 27682
RASSVET-3 5
1 68364U 26061E   26263.03688139  .00002003  00000+0  95926-4 0  9998
2 68364  82.2936 278.3398 0001935  67.2751 292.8687 15.18414334 27785
RASSVET-3 6
1 68365U 26061F   26262.37360513  .00002189  00000+0  10501-3 0  9998
2 68365  82.2912 278.6490 0000470 149.8597 210.2664 15.18414345 27707
RASSVET-3 7
1 68366U 26061G   26263.03472323  .00002002  00000+0  95837-4 0  9996
2 68366  82.2910 277.3278 0002143 150.4831 209.6523 15.18429778 27841
RASSVET-3 8
1 68367U 26061H   26262.98900956  .00002208  00000+0  10420-3 0  9990
2 68367  82.2888 274.8252 0005138 126.2561 233.9148 15.18961870 27991
RASSVET-3 9
1 68368U 26061J   26261.13018080  .00002783  00000+0  13389-3 0  9990
2 68368  82.2895 277.4906 0003202  35.2067 324.9377 15.18402200 27661
RASSVET-3 10
1 68369U 26061K   26263.12755485  .00001553  00000+0  72969-4 0  9993
2 68369  82.2823 269.6121 0004314 118.6043 241.5626 15.18895155 28331
RASSVET-3 11
1 68370U 26061L   26260.98015037  .00028074  00000+0  28696-3 0  9992
2 68370  82.2868 270.0425 0004801 165.4135 194.7263 15.64860983 28112
RASSVET-3 12
1 68371U 26061M   26262.77542303  .00002244  00000+0  10756-3 0  9992
2 68371  82.2917 278.2500 0002942  77.0610 283.0952 15.18445668 27767
RASSVET-3 13
1 68372U 26061N   26262.32815613  .00002627  00000+0  12455-3 0  9994
2 68372  82.2929 278.3112 0001560 106.0439 254.0967 15.18898764 27727
RASSVET-3 14
1 68373U 26061P   26263.12117576  .00025727  00000+0  19877-3 0  9998
2 68373  82.2883 267.3128 0011979 123.1221 237.1193 15.71647556 28472
RASSVET-3 15
1 68374U 26061Q   26262.33257238  .00002016  00000+0  95252-4 0  9999
2 68374  82.2918 275.2244 0002264  95.9101 264.2391 15.18878892 27918
RASSVET-3 16
1 68375U 26061R   26262.32070560  .00003359  00000+0  16192-3 0  9996
2 68375  82.2898 276.2946 0002632  71.2885 288.8633 15.18409608 27849
SUPERVIEW NEO-2 05
1 68377U 26062A   26262.57014536  .00000638  00000+0  33053-4 0  9990
2 68377  97.4392 268.5358 0001591  88.7505 271.3912 15.19714691 26987
SUPERVIEW NEO-2 06
1 68378U 26062B   26262.57014433  .00000660  00000+0  34088-4 0  9991
2 68378  97.4392 268.5408 0001252 111.5377 248.5991 15.19716192 26981
SHIYAN-33
1 68405U 26064A   26262.94638966  .00003129  00000+0  12375-3 0  9995
2 68405  97.4540 338.0961 0024814 331.4881  28.4998 15.25958117 26935
LPNTSAT-001 (IOD-1)
1 68408U 26065A   26263.08434419  .00001701  00000+0  84409-4 0  9994
2 68408  97.3854 141.5306 0017391  38.0278 322.2181 15.18931333 26669
LPNTSAT-002 (IOD-2)
1 68409U 26065B   26261.94975747  .00004939  00000+0  23013-3 0  9991
2 68409  97.3846 140.5840 0014721  37.6239 322.6023 15.20254314 26488
XINZHENGCHENG-01
1 68412U 26066A   26263.15501146  .00000312  00000+0  30270-4 0  9994
2 68412  84.9709 167.3482 0023320 283.4006  76.4618 14.88486036 25854
XINZHENGCHENG 01
1 68414U 26066C   26263.06213743  .00000610  00000+0  61735-4 0  9990
2 68414  84.9707 167.3664 0023907 284.4806  75.3765 14.88779156 25844
TIANSHI-01
1 68415U 26066D   26263.19041563  .00001522  00000+0  15810-3 0  9999
2 68415  84.9703 167.2722 0023354 284.0894  75.7734 14.88972195 25864
PEAKSAT
1 68416U 26067A   26262.62527937  .00004903  00000+0  22743-3 0  9991
2 68416  97.4650 220.1444 0001151  15.6469 344.4802 15.20512338 26298
JACK-002
1 68417U 26067B   26262.63505559  .00004873  00000+0  22676-3 0  9990
2 68417  97.4671 220.1781 0001318  19.7204 340.4082 15.20404539 26292
OPTISAT
1 68418U 26067C   26263.14464531  .00003254  00000+0  15567-3 0  9995
2 68418  97.4690 220.6108 0002046  14.6357 345.4936 15.19687369 26367
FEMTO-1
1 68419U 26067D   26262.69326014  .00002156  00000+0  10509-3 0  9999
2 68419  97.4647 220.0433 0000900  20.8471 339.2800 15.19399893 26293
ERMIS-2
1 68420U 26067E   26263.11583934  .00006956  00000+0  31430-3 0  9993
2 68420  97.4569 220.5564 0001037  72.9902 287.1448 15.21267388 26371
VIREON-2
1 68421U 26067F   26263.16380796  .00002415  00000+0  11730-3 0  9997
2 68421  97.4625 220.4383 0000862  78.5839 281.5493 15.19403980 26363
BRO-19
1 68422U 26067G   26262.11298643  .00002189  00000+0  10684-3 0  9996
2 68422  97.4581 219.2992 0000975  74.9665 285.1678 15.19339431 26206
SPOQC
1 68423U 26067H   26263.15919546  .00003588  00000+0  17179-3 0  9994
2 68423  97.4614 220.4134 0001445  72.9919 287.1474 15.19595495 26366
SPACEVAN-002
1 68424U 26067J   26262.68474062  .00003021  00000+0  14491-3 0  9997
2 68424  97.4625 219.8545 0003445  73.2102 286.9511 15.19643909 26281
ERMIS-3
1 68425U 26067K   26262.63513293  .00004291  00000+0  20417-3 0  9998
2 68425  97.4691 220.0728 0002589  50.3364 309.8099 15.19697217 26283
TRANSPORTER-16 OBJECT L
1 68426U 26067L   26262.12931605  .00011314  00000+0  50461-3 0  9990
2 68426  97.4641 219.7284 0003125  61.0749 299.0800 15.21561554 26225
EMISAR
1 68427U 26067M   26261.12267034  .00007586  00000+0  34790-3 0  9991
2 68427  97.4647 218.6328 0002997  59.7703 300.3828 15.20721841 26063
OUT OF THE BOX (OOTB)
1 68428U 26067N   26263.13683721  .00002044  00000+0  10087-3 0  9997
2 68428  97.4684 220.4453 0002959  59.9306 300.2222 15.19026823 26359
TROOP-F3
1 68429U 26067P   26263.13797897  .00009182  00000+0  41057-3 0  9999
2 68429  97.4603 220.5944 0004541  74.9151 285.2587 15.21525271 26373
VEGAFLY-1
1 68430U 26067Q   26262.67016910  .00004651  00000+0  21773-3 0  9998
2 68430  97.4590 219.9704 0002225  68.7962 291.3511 15.20223844 26290
DISCO-2
1 68431U 26067R   26263.12926579  .00005383  00000+0  25073-3 0  9991
2 68431  97.4705 220.6697 0003540  55.4398 304.7170 15.20325406 26361
NUSAT-53 (JANE GOODALL)
1 68432U 26067S   26263.12735959  .00003631  00000+0  17513-3 0  9996
2 68432  97.4662 220.4246 0004378  65.8433 294.3259 15.19323715 26357
T.MICROSAT-2
1 68433U 26067T   26262.33636551  .00002896  00000+0  14504-3 0  9996
2 68433  97.4670 219.3639 0007528  92.4668 267.7428 15.18152632 26210
VIREON-1
1 68434U 26067U   26263.18813272  .00001969  00000+0  97032-4 0  9996
2 68434  97.4699 220.5532 0002501  51.2432 308.9026 15.19113503 26369
ION SCV-019 (ASTOUNDIN*)
1 68435U 26067V   26263.19164896  .00002734  00000+0  12911-3 0  9992
2 68435  97.4657 220.6206 0011341  72.2851 287.9621 15.20235447 26375
HAWK-14B
1 68436U 26067W   26263.16829030  .00003087  00000+0  15131-3 0  9997
2 68436  97.4655 220.3454 0004416  81.1138 279.0596 15.18879628 26351
AIGLONSAT-1
1 68437U 26067X   26262.33355171  .00011505  00000+0  50670-3 0  9997
2 68437  97.4600 219.8206 0004922  82.9640 277.2156 15.21980786 26252
TRANSPORTER-16 OBJECT Y
1 68438U 26067Y   26262.30757273  .00013476  00000+0  58400-3 0  9992
2 68438  97.4618 219.9046 0005075  80.3766 279.8044 15.22493262 26259
TRANSPORTER-16 OBJECT Z
1 68439U 26067Z   26262.34482758  .00010184  00000+0  45067-3 0  9998
2 68439  97.4599 219.8287 0004903  90.8087 269.3711 15.21852797 26251
TRANSPORTER-16 OBJECT AA
1 68440U 26067AA  26263.16011147  .00015863  00000+0  66167-3 0  9994
2 68440  97.4592 220.8636 0004952  89.3132 270.8672 15.23752477 26398
HAWK-14C
1 68441U 26067AB  26262.31196562  .00002991  00000+0  14671-3 0  9997
2 68441  97.4588 219.3255 0004548 100.8895 259.2851 15.18874570 26225
NUSAT-54 (BRANCA MARQU*)
1 68442U 26067AC  26263.15409146  .00003811  00000+0  18777-3 0  9999
2 68442  97.4648 220.1986 0006248  95.5338 264.6609 15.18545611 26340
DB-WALI-WMU
1 68443U 26067AD  26262.11485620  .00003474  00000+0  17250-3 0  9996
2 68443  97.4659 219.1591 0006384 100.4937 259.7016 15.18328641 26186
SHARJAH-SAT-2
1 68444U 26067AE  26263.15074458  .00004597  00000+0  21717-3 0  9995
2 68444  97.4677 220.5783 0002731  57.4797 302.6701 15.19908452 26367
DB SKYFORGE CORE TU
1 68445U 26067AF  26263.13098441  .00002672  00000+0  13469-3 0  9999
2 68445  97.4632 220.0338 0006753 102.7760 257.4229 15.17996191 26336
HADES-SA (SPINNYONE)
1 68446U 26067AG  26260.81483313  .00014198  00000+0  62496-3 0  9998
2 68446  97.4497 217.9593 0008915 105.6833 254.5387 15.21924785 26001
IRIDE-MS1-EAGLET 2-14
1 68447U 26067AH  26263.14647853  .00005200  00000+0  24400-3 0  9996
2 68447  97.4616 220.4595 0003281  67.5364 292.6218 15.20083717 26367
HAWK-14A
1 68448U 26067AJ  26263.10262448  .00003089  00000+0  15139-3 0  9998
2 68448  97.4716 220.4609 0005190 101.6118 258.5699 15.18877202 26342
IRIDE-MS1-EAGLET 2-9
1 68449U 26067AK  26263.11792405  .00004800  00000+0  23195-3 0  9994
2 68449  97.4610 220.1763 0006087  93.9454 266.2476 15.19088590 26340
IRIDE-MS1-EAGLET 2-13
1 68450U 26067AL  26263.16318447  .00005240  00000+0  24731-3 0  9997
2 68450  97.4647 220.5018 0004258  68.5186 291.6502 15.19873251 26367
IRIDE-MS1-EAGLET 2-10
1 68451U 26067AM  26263.15483523  .00005462  00000+0  25703-3 0  9991
2 68451  97.4606 220.4167 0003531  71.8067 288.3552 15.19961804 26365
IRIDE-MS1-EAGLET 2-16
1 68452U 26067AN  26262.32124097  .00004566  00000+0  22058-3 0  9992
2 68452  97.4646 219.4866 0006116  90.7385 269.4550 15.19128536 26229
IRIDE-MS1-EAGLET 2-11
1 68453U 26067AP  26262.10933814  .00005625  00000+0  26494-3 0  9999
2 68453  97.4648 219.4660 0004200  69.2308 290.9376 15.19916663 26201
AISSAT 4
1 68454U 26067AQ  26263.14780583  .00003824  00000+0  18721-3 0  9991
2 68454  97.4673 220.2801 0007213  92.5077 267.6983 15.18756828 26340
DB CHARMS ND
1 68455U 26067AR  26263.12986817  .00002865  00000+0  14385-3 0  9994
2 68455  97.4687 220.1638 0007470  92.5686 267.6403 15.18083474 26330
PARUS-6U1
1 68456U 26067AS  26263.11305567  .00003990  00000+0  19734-3 0  9994
2 68456  97.4658 220.1269 0007477  92.9710 267.2380 15.18370521 26330
TRANSPORTER-16 OBJECT AT
1 68457U 26067AT  26262.68837648  .00007384  00000+0  33596-3 0  9999
2 68457  97.4648 220.2115 0003054  60.5459 299.6081 15.21007271 26306
SAL-E
1 68458U 26067AU  26263.14873194  .00005523  00000+0  26744-3 0  9998
2 68458  97.4581 220.0618 0007728  99.5751 260.6357 15.18940262 26348
DB GME UT (DB-GLOBE MI*)
1 68459U 26067AV  26262.32840552  .00003718  00000+0  18422-3 0  9998
2 68459  97.4638 219.2943 0007806  95.6486 264.5638 15.18346658 26212
COSMO
1 68460U 26067AW  26263.19260882  .00007757  00000+0  36684-3 0  9995
2 68460  97.4582 220.1870 0008035  96.2074 264.0076 15.19629188 26356
IRIDE-MS1-EAGLET 2-12
1 68461U 26067AX  26262.31917341  .00004645  00000+0  22427-3 0  9991
2 68461  97.4648 219.4956 0006116  92.9168 267.2767 15.19133330 26228
IRIDE-MS1-EAGLET 2-15
1 68462U 26067AY  26262.18743441  .00004835  00000+0  22935-3 0  9990
2 68462  97.4651 219.5222 0004863  72.2540 287.9225 15.19740440 26215
GARAI-B (UNAMUNO)
1 68463U 26067AZ  26262.31311906  .00003472  00000+0  19219-3 0  9990
2 68463  97.4633 219.1639 0005137  99.3417 260.8396 15.14486275 26208
FGN-100-D3
1 68464U 26067BA  26262.69519212  .00003330  00000+0  16521-3 0  9998
2 68464  97.4625 219.6884 0004779 106.4305 253.7455 15.18397230 26274
HOTSAT-2
1 68465U 26067BB  26263.11063689  .00002140  00000+0  10854-3 0  9990
2 68465  97.4636 220.0712 0005137  97.1284 263.0534 15.18014836 26331
DB-PFW
1 68466U 26067BC  26262.97005500  .00005181  00000+0  25283-3 0  9992
2 68466  97.4588 219.8573 0007903 105.7143 254.4964 15.18697960 26169
TRANSPORTER-16 OBJECT BD
1 68467U 26067BD  26262.13498654  .00013062  00000+0  57867-3 0  9997
2 68467  97.4500 219.2663 0008391 102.6699 257.5475 15.21728133 26210
ERMIS-1
1 68468U 26067BE  26263.15422411  .00006065  00000+0  29259-3 0  9998
2 68468  97.4641 220.2148 0008794  86.4720 273.7520 15.19022289 26349
LUNA-2
1 68470U 26067BG  26262.79387711  .00004167  00000+0  20558-3 0  9997
2 68470  97.4578 219.6173 0008830  98.0616 262.1621 15.18426914 26284
LEMUR-2-DELOITTE-3
1 68471U 26067BH  26263.11434016  .00002860  00000+0  28598-3 0  9996
2 68471  97.7675 219.8569 0005593  91.6300 268.5560 14.92229324 25883
FLYLAB1
1 68472U 26067BJ  26259.54399867  .00000869  00000+0  91184-4 0  9992
2 68472  97.7731 216.3281 0005277  98.5027 261.6790 14.92051137 25346
VIGORIDE-7
1 68473U 26067BK  26263.12516676  .00006275  00000+0  26438-3 0  9997
2 68473  97.4639 221.1377 0009665 163.5936 196.5615 15.23654350 26386
BLACK KITE-2
1 68474U 26067BL  26263.13049698  .00001157  00000+0  11697-3 0  9999
2 68474  97.7652 220.0820 0001082 340.9284  19.1895 14.92933807 25895
UNICORN-2S
1 68475U 26067BM  26263.11726778  .00005594  00000+0  53756-3 0  9990
2 68475  97.7594 219.8602 0005918  91.6576 268.5321 14.93422439 25362
LEMUR-2-JULIA-JOEL
1 68476U 26067BN  26263.04357125  .00002490  00000+0  24313-3 0  9998
2 68476  97.7666 220.0743 0001613   8.4491 351.6755 14.93306854 25887
UNICORN-2R
1 68477U 26067BP  26263.13664404  .00005894  00000+0  57105-3 0  9996
2 68477  97.7586 219.8448 0006048 104.5499 255.6392 14.93071976 25299
FOSSASAT-2E25
1 68478U 26067BQ  26262.64715803  .00000537  00000+0  58146-4 0  9998
2 68478  97.7702 219.5870 0001943  19.5042 340.6251 14.92270877 25811
LEMUR-2-PEGGY-2004
1 68479U 26067BR  26263.11147194  .00002871  00000+0  27817-3 0  9997
2 68479  97.7646 220.1036 0001380  36.7492 323.3822 14.93491681 25895
LEMUR-2-IRINA
1 68480U 26067BS  26262.68686230  .00002034  00000+0  19905-3 0  9999
2 68480  97.7726 219.9063 0003130 343.2449  16.8666 14.93409815 25837
TORO-3
1 68481U 26067BT  26263.11911795  .00001018  00000+0  10528-3 0  9999
2 68481  97.7784 220.2044 0003333  28.6133 331.5269 14.92260566 25883
LEMUR-2-SEJONG-3
1 68482U 26067BU  26263.15536442  .00002171  00000+0  21206-3 0  9992
2 68482  97.7671 220.2557 0002124 322.6875  37.4196 14.93425611 25904
LEMUR-2-CLARA
1 68483U 26067BV  26262.30839543  .00002736  00000+0  26693-3 0  9999
2 68483  97.7746 219.5126 0003033  11.5425 348.5863 14.93261743 25772
VINDLER 2.2
1 68484U 26067BW  26263.20165992  .00000731  00000+0  77124-4 0  9999
2 68484  97.7631 220.9512 0002837  54.1685 305.9797 14.92247186 25949
CAPELLA-20 (ACADIA-10)
1 68485U 26067BX  26260.81967816  .00004090  00000+0  42249-3 0  9990
2 68485  97.7635 217.6314 0002920  70.7006 289.4528 14.90689369 25535
VINDLER 2.3
1 68486U 26067BY  26263.13453809  .00000969  00000+0  10051-3 0  9998
2 68486  97.7678 219.9860 0002352  60.3548 299.7905 14.92241189 25886
AE1A
1 68487U 26067BZ  26263.11697944  .00002347  00000+0  22967-3 0  9998
2 68487  97.7648 220.0901 0000877  14.8404 345.2841 14.93272791 25899
VINDLER 2.1
1 68488U 26067CA  26262.33019029  .00000806  00000+0  84513-4 0  9998
2 68488  97.7662 219.1818 0002700  84.5894 275.5633 14.92242071 25763
LEMUR-2-CARROLLEMO
1 68489U 26067CB  26262.63514149  .00002350  00000+0  23660-3 0  9996
2 68489  97.7634 219.3174 0003746 100.2327 259.9314 14.92119981 25808
MIMIR 1
1 68490U 26067CC  26263.10604499  .00001399  00000+0  14679-3 0  9991
2 68490  97.7718 219.7884 0003648  79.7075 280.4554 14.91078596 25862
LEMUR-2-DELOITTE-2
1 68491U 26067CD  26263.11282319  .00003268  00000+0  32568-3 0  9990
2 68491  97.7660 219.8263 0004708  91.2286 268.9472 14.92264659 25871
LEMUR-2-EMARCHIA
1 68492U 26067CE  26261.62118993  .00003945  00000+0  38979-3 0  9995
2 68492  97.7653 218.3944 0005137  97.3146 262.8657 14.92488049 25658
LEMUR-2-POLO-11
1 68493U 26067CF  26262.15645185  .00004600  00000+0  45372-3 0  9997
2 68493  97.7751 219.1157 0005304  76.8410 283.3401 14.92478880 25731
ICEYE-X71
1 68494U 26067CG  26262.32238525  .00006040  00000+0  49956-3 0  9995
2 68494  97.7738 219.4271 0003836  79.5826 280.5829 14.99281801 25786
GRAVITAS
1 68495U 26067CH  26263.16670139  .00074384  00000+0  13486-1 0  9993
2 68495  97.7348 215.2688 0092765 352.6502 240.8281 14.63087203  4065
ICEYE-X73
1 68496U 26067CJ  26263.10505351  .00001593  00000+0  16036-3 0  9999
2 68496  97.7714 220.0877 0002370  35.8658 324.2720 14.92585966 25881
ICEYE-X75
1 68497U 26067CK  26263.12035242  .00000594  00000+0  63695-4 0  9993
2 68497  97.7700 220.0322 0002107  39.9587 320.1787 14.92287116 25880
IO-1
1 68498U 26067CL  26262.71429137  .00000980  00000+0  10229-3 0  9991
2 68498  97.7646 219.3964 0003958  97.8426 262.3242 14.91947962 25810
SERT3
1 68499U 26067CM  26262.64672591  .00001103  00000+0  11495-3 0  9992
2 68499  97.7681 219.3957 0002882  88.4731 271.6818 14.91784489 25806
ICEYE-X74
1 68500U 26067CN  26263.16647765  .00001663  00000+0  16881-3 0  9993
2 68500  97.7724 220.0286 0003839  72.8128 287.3511 14.92175239 25881
N1-ATLAS
1 68501U 26067CP  26263.12637178  .00001071  00000+0  11188-3 0  9995
2 68501  97.7740 219.9581 0004926  76.3713 283.8054 14.91752272 25871
ICEYE-X76
1 68502U 26067CQ  26263.16933922  .00000835  00000+0  88197-4 0  9998
2 68502  97.7733 220.0403 0003504  69.2394 290.9199 14.91860219 25888
FLYLAB2
1 68503U 26067CR  26261.63183328  .00001962  00000+0  18735-3 0  9998
2 68503  97.7672 218.2409 0006401 131.1686 229.0087 14.94420561 25646
ICEYE-X72
1 68504U 26067CS  26263.15264515  .00001893  00000+0  16235-3 0  9992
2 68504  97.7705 220.8273 0002750  51.9518 308.1952 14.98716201 25933
GEMS2-AMETHYST
1 68505U 26067CT  26263.16288634  .00003279  00000+0  33099-3 0  9999
2 68505  97.7704 219.8521 0007006  88.5534 271.6487 14.91743714 25872
AEPEX
1 68506U 26067CU  26263.14400221  .00004697  00000+0  21958-3 0  9992
2 68506  97.4611 220.4571 0004851 103.4236 256.7540 15.20257964 26247
CAMOES
1 68507U 26067CV  26263.08306701  .00006205  00000+0  29471-3 0  9999
2 68507  97.4745 220.4585 0004983  97.4069 262.7732 15.19582065 26323
MERIDIAN-M 21L
1 68571U 26071A   26262.42354854  .00000105  00000+0  00000+0 0  9990
2 68571  62.8354 216.3750 7116575 285.4932  11.4432  2.00608167  3408
KUIPER-00131
1 68573U 26072A   26263.10414851  .00001920  00000+0  28080-3 0  9991
2 68573  51.9011 135.9298 0000839 107.3835 252.7220 14.79930679 25172
KUIPER-00189
1 68574U 26072B   26262.25731951  .00001530  00000+0  22974-3 0  9993
2 68574  51.9002 142.1499 0000713 118.7571 241.3463 14.79925053 25016
KUIPER-00192
1 68575U 26072C   26263.03930640  .00001961  00000+0  28609-3 0  9996
2 68575  51.9000 133.7113 0001070 101.0749 259.0333 14.79937964 25200
KUIPER-00193
1 68576U 26072D   26262.98257383  .00001961  00000+0  28619-3 0  9997
2 68576  51.9048 124.0111 0001073 110.3425 249.7653 14.79933888 25337
KUIPER-00194
1 68577U 26072E   26263.00824473  .00001792  00000+0  26400-3 0  9990
2 68577  51.9017 131.3756 0000880 101.1672 258.9389 14.79925758 25231
KUIPER-00229
1 68578U 26072F   26263.00285411 -.00000181  00000+0  52074-5 0  9994
2 68578  51.9003 136.3802 0000644 117.4969 242.6059 14.79932147 25167
KUIPER-00230
1 68579U 26072G   26263.16670139 -.00084439  00000+0 -10602-1 0  9993
2 68579  51.9026  82.8762 0001223  52.8425 298.5983 14.82171163  1376
KUIPER-00231
1 68580U 26072H   26263.16758191  .00001849  00000+0  27151-3 0  9991
2 68580  51.8982 108.2209 0002046 114.8871 245.2304 14.79930319 25560
KUIPER-00234
1 68581U 26072J   26262.90695337 -.00000049  00000+0  22601-4 0  9993
2 68581  51.9009 131.7864 0001014  98.9682 261.1395 14.79923562 25217
KUIPER-00236
1 68582U 26072K   26263.00003471  .00030168  00000+0  42976-2 0  9997
2 68582  51.9025  86.3259 0001437 201.4142  67.4828 14.76551518  4513
KUIPER-00244
1 68583U 26072L   26263.01903991  .00000949  00000+0  15346-3 0  9991
2 68583  51.8995 121.3162 0001358  88.7203 271.3915 14.79929197 25373
KUIPER-00253
1 68584U 26072M   26262.94880902  .00001881  00000+0  27571-3 0  9998
2 68584  51.9044 124.1524 0001058  94.8762 265.2321 14.79931204 25328
KUIPER-00254
1 68585U 26072N   26262.97987288  .00001797  00000+0  26475-3 0  9995
2 68585  51.9025 126.5123 0001306  79.3925 280.7184 14.79930887 25295
KUIPER-00263
1 68586U 26072P   26262.99606154  .00001772  00000+0  26141-3 0  9991
2 68586  51.9017 111.5068 0000743 111.4422 248.6620 14.79931728 25500
KUIPER-00269
1 68587U 26072Q   26262.99335110  .00001842  00000+0  27050-3 0  9991
2 68587  51.8998 113.9254 0001108 106.9124 253.1960 14.79939194 25474
KUIPER-00272
1 68588U 26072R   26263.07306961  .00001917  00000+0  28035-3 0  9991
2 68588  51.8990 133.5390 0001029 117.9863 242.1204 14.79933692 25207
KUIPER-00285
1 68589U 26072S   26262.95959221  .00001861  00000+0  27300-3 0  9993
2 68589  51.9046 114.1578 0001460  83.5279 276.5850 14.79941436 25463
KUIPER-00286
1 68590U 26072T   26263.16487897  .00001011  00000+0  16162-3 0  9995
2 68590  51.9002 110.6780 0000967 133.0739 227.0304 14.79930698 25537
KUIPER-00289
1 68591U 26072U   26263.15678280  .00001882  00000+0  27581-3 0  9996
2 68591  51.8984 118.1902 0001078 106.1449 253.9632 14.79931372 25428
KUIPER-00290
1 68592U 26072V   26262.11001900 -.00003333  00000+0 -40840-3 0  9999
2 68592  51.9010 122.8269 0000744  57.5446 302.5588 14.79937780 25276
KUIPER-00293
1 68593U 26072W   26263.01093527  .00001927  00000+0  28178-3 0  9991
2 68593  51.8982 128.8149 0001779  59.6780 300.4358 14.79931262 25260
KUIPER-00294
1 68594U 26072X   26263.02442843  .00000521  00000+0  97416-4 0  9993
2 68594  51.9004 116.2756 0000765 119.0877 241.0162 14.79929141 25440
KUIPER-00296
1 68595U 26072Y   26262.26669279  .00001345  00000+0  20534-3 0  9994
2 68595  51.9012 102.1460 0000359 136.7833 223.3158 14.79937871 25574
KUIPER-00297
1 68596U 26072Z   26263.04469799  .00001844  00000+0  27083-3 0  9997
2 68596  51.8994 128.6654 0001375 109.8403 250.2708 14.79936690 25279
KUIPER-00300
1 68597U 26072AA  26263.01363101  .00001874  00000+0  27476-3 0  9994
2 68597  51.9028 126.3390 0000828 110.9273 249.1778 14.79937811 25305
KUIPER-00301
1 68598U 26072AB  26263.03319088  .00001210  00000+0  20264-3 0  9994
2 68598  51.9017  95.7818 0001877 193.9033 166.1876 14.76502916 25722
KUIPER-00304
1 68599U 26072AC  26262.92764647  .00001432  00000+0  23365-3 0  9998
2 68599  51.9006  98.1982 0000664  34.0017 326.0986 14.76617257 25689
KUIPER-00317
1 68600U 26072AD  26262.92312992  .00000165  00000+0  50618-4 0  9997
2 68600  51.9003 116.7315 0000919 103.4830 256.6235 14.79930997 25422
KUIPER-00320
1 68601U 26072AE  26262.98525141 -.00000504  00000+0 -37133-4 0  9992
2 68601  51.9021 121.4732 0000794 105.9380 254.1670 14.79929962 25366
STP-S29A OBJECT A
1 68627U 26074A   26262.22124280  .00006311  00000+0  25334-3 0  9997
2 68627  60.0169 177.2905 0037144  83.8382 276.6929 15.25548982 25125
MISR-C-1
1 68628U 26074B   26262.99324721  .00007048  00000+0  28087-3 0  9990
2 68628  60.0218 174.2984 0035122  84.4540 276.0545 15.25694910 25235
RAWHIDE-1
1 68629U 26074C   26262.46077859  .00001919  00000+0  86527-4 0  9995
2 68629  60.0201 176.2431 0038357  89.2370 271.3106 15.24992177 25162
STPSAT-7
1 68630U 26074D   26262.24362050  .00004669  00000+0  19111-3 0  9992
2 68630  60.0210 176.9039 0036070  89.8605 270.6609 15.25478031 25127
STP-S29A OBJECT E
1 68631U 26074E   26263.17525578  .00002847  00000+0  12203-3 0  9993
2 68631  60.0199 173.4354 0036474  91.2939 269.2321 15.25215877 25279
RAWHIDE-2
1 68632U 26074F   26263.04029019  .00002244  00000+0  97714-4 0  9991
2 68632  60.0297 173.5262 0036348  92.6999 267.8243 15.25569623 25255
MISR-C-2
1 68633U 26074G   26263.19249583  .00007427  00000+0  27887-3 0  9999
2 68633  60.0209 171.7716 0034827  95.6183 264.8872 15.27611806 25293
AGGIESAT6 (AGS6)
1 68634U 26074H   26263.02620278  .00007286  00000+0  27165-3 0  9998
2 68634  60.0195 172.0715 0035157  97.9112 262.5963 15.27863106 25282
CANVAS
1 68635U 26074J   26263.01459152  .00010117  00000+0  38097-3 0  9992
2 68635  60.0226 173.2381 0037283  90.0969 270.4385 15.27067471 25261
QIANFAN-109
1 68636U 26075A   26263.16490588  .00000059  00000+0  73340-4 0  9993
2 68636  88.9865 311.3209 0002047  83.7240 276.4144 13.51020891 22610
QIANFAN-110
1 68637U 26075B   26263.17307597  .00000059  00000+0  72219-4 0  9996
2 68637  88.9865 311.3416 0002245  96.9494 263.1913 13.51021837 22616
QIANFAN-111
1 68638U 26075C   26263.16099580  .00000048  00000+0  54975-4 0  9993
2 68638  88.9864 311.3018 0002221  96.6386 263.5018 13.51021285 22634
QIANFAN-112
1 68639U 26075D   26263.12386631  .00000043  00000+0  48035-4 0  9991
2 68639  88.9863 311.3133 0002282  84.2423 275.8988 13.51023672 22627
QIANFAN-113
1 68640U 26075E   26263.16897900  .00000060  00000+0  74452-4 0  9994
2 68640  88.9868 311.3077 0002287  94.0748 266.0665 13.51020290 22633
QIANFAN-114
1 68641U 26075F   26263.17720451  .00000041  00000+0  44266-4 0  9991
2 68641  88.9863 311.3215 0002213  96.3606 263.7797 13.51027924 22620
QIANFAN-115
1 68642U 26075G   26263.13202788  .00000052  00000+0  62503-4 0  9992
2 68642  88.9863 311.3334 0002080  94.0129 266.1260 13.51024607 22616
QIANFAN-116
1 68643U 26075H   26263.11965713  .00000038  00000+0  39923-4 0  9999
2 68643  88.9856 311.2881 0002328  87.6301 272.5117 13.51025165 22623
QIANFAN-117
1 68644U 26075J   26263.18147000  .00000041  00000+0  45443-4 0  9996
2 68644  88.9861 311.3019 0002140  89.8560 270.2836 13.51023022 22631
QIANFAN-118
1 68645U 26075K   26262.91805994  .00000040  00000+0  43784-4 0  9995
2 68645  88.9866 311.3414 0002313  98.7492 261.3922 13.51024753 22595
QIANFAN-119
1 68646U 26075L   26262.89329247  .00000043  00000+0  48032-4 0  9999
2 68646  88.9866 311.3396 0001976  87.1084 273.0294 13.51020465 22596
QIANFAN-120
1 68647U 26075M   26262.90567804  .00000044  00000+0  50020-4 0  9996
2 68647  88.9868 311.3249 0001910  86.8429 273.2941 13.51020270 22600
QIANFAN-121
1 68648U 26075N   26262.93048748  .00000038  00000+0  39846-4 0  9997
2 68648  88.9865 311.3252 0002226  98.0973 262.0431 13.51023811 22606
QIANFAN-122
1 68649U 26075P   26262.92220452  .00000044  00000+0  49536-4 0  9995
2 68649  88.9864 311.3230 0002126  87.7113 272.4282 13.51027391 22596
QIANFAN-123
1 68650U 26075Q   26262.88918677  .00000034  00000+0  33647-4 0  9990
2 68650  88.9861 311.3133 0002091  81.5534 278.5854 13.51020295 22573
QIANFAN-124
1 68651U 26075R   26262.91400020  .00000042  00000+0  46166-4 0  9992
2 68651  88.9864 311.3223 0002148  86.3558 273.7839 13.51026888 22607
QIANFAN-125
1 68652U 26075S   26262.92637338  .00000035  00000+0  35388-4 0  9994
2 68652  88.9863 311.3230 0002254  97.6273 262.5134 13.51023932 22603
QIANFAN-126
1 68653U 26075T   26262.93442073  .00000053  00000+0  62937-4 0  9996
2 68653  88.9868 311.2916 0002070  82.2150 277.9236 13.51029394 22622
HULIANWANG DIGUI-164
1 68656U 26076A   26263.16651216  .00000042  00000+0  62666-4 0  9994
2 68656  86.5029  11.8106 0001633 116.6851 243.4450 13.24407202 21944
HULIANWANG DIGUI-165
1 68657U 26076B   26263.15883220  .00000042  00000+0  62892-4 0  9997
2 68657  86.5052  11.8444 0001334 114.1190 246.0084 13.24410036 21944
HULIANWANG DIGUI-166
1 68658U 26076C   26263.15141745  .00000022  00000+0  17437-4 0  9990
2 68658  86.4994  11.7405 0001365 113.5405 246.5873 13.24408687 21941
HULIANWANG DIGUI-167
1 68659U 26076D   26263.21924775  .00000016  00000+0  32649-5 0  9996
2 68659  86.5048  11.8058 0001365 113.4469 246.6809 13.24410494 21957
HULIANWANG DIGUI-168
1 68660U 26076E   26263.13628236  .00000011  00000+0 -90917-5 0  9990
2 68660  86.5030  11.7952 0001356 113.8988 246.2288 13.24407447 21931
HJS-8A
1 68687U 26078A   26263.14373975 -.00000060  00000+0 -17391-3 0  9997
2 68687  86.4958 250.4050 0002229  82.7886 277.3502 13.24402192 21543
CYGNUS NG-24
1 68689U 26079A   26262.82001780  .00006624  00000+0  12748-3 0  9997
2 68689  51.6308 191.7362 0004806 159.4528 200.6655 15.49182630586870
JILIN GAOFEN OBJECT A
1 68691U 26080A   26263.18140531  .00002673  00000+0  17634-3 0  9999
2 68691  97.6544 338.5029 0012589 103.9569 256.3060 15.08266318 23989
JILIN GAOFEN OBJECT B
1 68692U 26080B   26263.16278716  .00003632  00000+0  23431-3 0  9993
2 68692  97.6522 338.4783 0018150  88.1208 272.2099 15.08795141 23986
JILIN GAOFEN OBJECT C
1 68693U 26080C   26263.18273919  .00002560  00000+0  16882-3 0  9997
2 68693  97.6528 338.4676 0013841  86.0568 274.2242 15.08308257 23982
JILIN GAOFEN OBJECT D
1 68694U 26080D   26263.16457144  .00003677  00000+0  23687-3 0  9991
2 68694  97.6587 338.6079 0019397  99.9022 260.4397 15.08820761 23962
JILIN GAOFEN OBJECT E
1 68695U 26080E   26263.14644657  .00003341  00000+0  21913-3 0  9995
2 68695  97.6571 338.5931 0015337  99.3315 260.9648 15.08283459 23940
JILIN GAOFEN OBJECT F
1 68696U 26080F   26263.14474670  .00002928  00000+0  19255-3 0  9998
2 68696  97.6542 338.5366 0013721 101.1764 259.1007 15.08294817 23945
JILIN GAOFEN OBJECT G
1 68697U 26080G   26263.19860372  .00002683  00000+0  17665-3 0  9993
2 68697  97.6587 338.7104 0015478 102.9172 257.3785 15.08314182 23952
JILIN GAOFEN OBJECT H
1 68698U 26080H   26263.19680781  .00002675  00000+0  17619-3 0  9998
2 68698  97.6573 338.6880 0016332 101.3245 258.9819 15.08284540 23951
SL-4 R/B
1 68753U 26083A   26262.90496147  .00003302  00000+0  13597-3 0  9991
2 68753  98.2851  63.8845 0060992 263.6333  95.7953 15.23294625 23743
COSMOS 2609
1 68754U 26083B   26262.96414277  .00001382  00000+0  99945-4 0  9990
2 68754  98.1357  57.0189 0012673  71.9487 288.3118 15.05810179 23496
COSMOS 2610
1 68758U 26083F   26262.90839297  .00001195  00000+0  84409-4 0  9992
2 68758  97.8190  42.1948 0012000  92.9315 267.3285 15.06856821 23460
COSMOS 2611
1 68759U 26083G   26262.93873008  .00001916  00000+0  13389-3 0  9993
2 68759  97.8249  41.6980 0012632  99.0486 261.2171 15.06520084 23459
DAQI-2
1 68760U 26084A   26262.49308665  .00000227  00000+0  59986-4 0  9997
2 68760  98.2800 336.2201 0002574 138.8109 221.3284 14.57589755 22632
COSMOS 2612
1 68762U 26083H   26262.92544707  .00001719  00000+0  11785-3 0  9996
2 68762  97.8677  43.0236 0014230  89.4696 270.8161 15.07360694 23477
COSMOS 2613
1 68763U 26083J   26262.97904569  .00001193  00000+0  86632-4 0  9998
2 68763  97.7944  41.9478 0008295  42.3998 317.7868 15.05842781 23471
COSMOS 2614
1 68764U 26083K   26262.94764482  .00001508  00000+0  10755-3 0  9996
2 68764  97.7913  41.0469 0007522  62.4337 297.7653 15.06108055 23469
NAVSTAR 86 (USA 585)
1 68791U 26087A   26257.40036010  .00000015  00000+0  00000+0 0  9994
2 68791  54.9549 204.2625 0021536 102.5730  75.4972  2.00577731  2621
FSI-SAT2
1 68792U 26088A   26263.15943828  .00003524  00000+0  23591-3 0  9991
2 68792  97.5198  50.1552 0015090 139.2268 221.0092 15.07472443 22598
KAKUSHIN RISING OBJECT B
1 68793U 26088B   26262.87494653  .00002337  00000+0  15731-3 0  9995
2 68793  97.5202  49.9130 0016471 135.4450 224.8105 15.07574556 22558
KAKUSHIN RISING OBJECT C
1 68794U 26088C   26262.38783870  .00002081  00000+0  13968-3 0  9990
2 68794  97.5199  49.4996 0013975 130.1819 230.0635 15.07835133 22486
ORIGAMISAT-2
1 68795U 26088D   26263.14205632  .00008285  00000+0  50333-3 0  9990
2 68795  97.5190  50.6328 0015697 111.6885 248.6018 15.10631775 22627
ARICA-2
1 68796U 26088E   26262.66985394  .00002789  00000+0  17951-3 0  9999
2 68796  97.5195  50.0220 0016871 112.8379 247.4634 15.09071214 22540
WASEDA-SAT-ZERO-II
1 68797U 26088F   26262.64357720  .00004134  00000+0  26074-3 0  9996
2 68797  97.5183  50.0502 0016405 112.7189 247.5777 15.09553759 22540
MAGNARO-II
1 68798U 26088G   26260.91223527  .00002637  00000+0  16847-3 0  9995
2 68798  97.5200  48.3924 0020043 121.2776 239.0419 15.09344135 22285
KAKUSHIN RISING OBJECT H
1 68799U 26088H   26262.36781532  .00003186  00000+0  20242-3 0  9996
2 68799  97.5185  49.7949 0020084 116.5360 243.7931 15.09401017 22500
COSMOS 2615
1 68826U 26090A   26263.07136784  .00036125  00000+0  14202-3 0  9990
2 68826  96.6342 178.2239 0010577  49.1427 311.0761 15.86746388 23719
COSMOS 2616
1 68827U 26090B   26263.05519579  .00036972  22985-5  14655-3 0  9990
2 68827  96.6360 178.0029 0014594  46.5819 313.6666 15.86812247 23691
COSMOS 2617
1 68828U 26090C   26262.65979272  .00007037  18471-5  29722-4 0  9993
2 68828  96.6323 177.6463 0014150  43.8210 316.4183 15.86821533 23638
COSMOS 2618
1 68829U 26090D   26263.02364149  .00033299  22119-5  13251-3 0  9999
2 68829  96.6364 178.0414 0013807  41.6812 318.5510 15.86787051 23696
MARS-1
1 68830U 26067CW  26263.15136256  .00004681  00000+0  21998-3 0  9994
2 68830  97.4624 220.4592 0004200 116.8630 243.3035 15.20084084 66918
HJS-9A
1 68831U 26091A   26263.07340433  .00001555  00000+0  87700-4 0  9998
2 68831  55.0049 327.0976 0007485 296.5471  63.4781 15.19252052 22626
HJS-9B
1 68832U 26091B   26263.20828035  .00007006  00000+0  34465-3 0  9999
2 68832  55.0045 326.5382 0006859 280.2169  79.8077 15.19080800 22647
HJS-9C
1 68833U 26091C   26263.20607388  .00011279  00000+0  54346-3 0  9993
2 68833  55.0049 326.5150 0004165 324.2432  35.8308 15.19222174 22646
HJS-9D
1 68834U 26091D   26263.20000498  .00004282  00000+0  21407-3 0  9991
2 68834  55.0043 326.4816 0013626 339.1730  20.8733 15.19442314 22643
BESSA
1 68836U 26067CX  26263.12890428  .00005564  00000+0  26467-3 0  9992
2 68836  97.4628 220.3712 0011859  49.9588 310.2685 15.19523576 26156
PROGRESS-MS 34
1 68837U 26093A   26262.82001780  .00006624  00000+0  12748-3 0  9998
2 68837  51.6308 191.7362 0004806 159.4528 200.6655 15.49182630586897
KUIPER-00299
1 68864U 26095A   26261.52538800  .00007164  00000+0  96823-3 0  9990
2 68864  51.9000 197.8905 0001203 102.1023 258.0074 14.79912269 21439
KUIPER-00353
1 68865U 26095B   26263.12853108  .00000045  00000+0  34876-4 0  9992
2 68865  51.8998 175.8275 0001003 135.6911 224.4131 14.79926670 21887
KUIPER-00357
1 68866U 26095C   26263.15420581  .00002256  00000+0  32484-3 0  9999
2 68866  51.9014 183.2242 0001162  67.5101 292.5984 14.79933732 21783
KUIPER-00364
1 68867U 26095D   26262.30739716  .00000146  00000+0  48188-4 0  9994
2 68867  51.9036 189.4929 0001422  56.5156 303.5943 14.79928199 21627
KUIPER-00375
1 68868U 26095E   26262.48429859 -.00000009  00000+0  27804-4 0  9999
2 68868  51.9016 181.1808 0000523 104.5867 255.5153 14.79934886 21758
KUIPER-00433
1 68869U 26095F   26262.19800401 -.00000585  00000+0 -47672-4 0  9999
2 68869  51.8977 197.4432 0000933  49.7388 310.3656 14.79929453 21505
KUIPER-00437
1 68870U 26095G   26263.16670139 -.00041331  00000+0 -33095-2 0  9998
2 68870  51.8889 145.7249 0009823 286.4913 214.0036 14.99676154  2322
KUIPER-00448
1 68871U 26095H   26263.04757870  .00001201  00000+0  20218-3 0  9998
2 68871  51.9041 183.6367 0003489  55.0253 305.1035 14.76334868 21763
KUIPER-00459
1 68872U 26095J   26263.03264110 -.00000728  00000+0 -66463-4 0  9996
2 68872  51.9025 171.3215 0000803  91.0078 269.0976 14.79925802 21932
KUIPER-00468
1 68873U 26095K   26262.22168116  .00001390  00000+0  22759-3 0  9999
2 68873  51.8986 172.4191 0000850 167.6942 192.4040 14.76625847 21850
KUIPER-00476
1 68874U 26095L   26263.16670139 -.00013386  00000+0 -14697-2 0  9998
2 68874  51.8965 150.7101 0011620 276.3257 253.4606 14.86583520  5627
KUIPER-00478
1 68875U 26095M   26263.02993973  .00000135  00000+0  46683-4 0  9996
2 68875  51.9027 173.7675 0000812  85.9458 274.1597 14.79923657 21906
KUIPER-00480
1 68876U 26095N   26262.99885395  .00001936  00000+0  28290-3 0  9993
2 68876  51.9040 171.4207 0000887  91.2902 268.8162 14.79931626 21930
KUIPER-00482
1 68877U 26095P   26263.19067045  .00000684  00000+0  11871-3 0  9997
2 68877  51.9007 180.5596 0001600  43.4041 316.7047 14.79932773 21820
KUIPER-00483
1 68878U 26095Q   26263.17712501  .00002271  00000+0  32734-3 0  9995
2 68878  51.8984 193.0809 0001682   6.5579 353.5405 14.79860867 21647
KUIPER-00488
1 68879U 26095R   26263.16229755  .00002108  00000+0  30542-3 0  9993
2 68879  51.8984 175.6908 0001226  80.4588 279.6512 14.79934610 21880
KUIPER-00489
1 68880U 26095S   26262.96778848  .00002119  00000+0  30680-3 0  9999
2 68880  51.8957 169.0310 0001346  86.5870 273.5246 14.79938183 21965
KUIPER-00499
1 68881U 26095T   26263.06368454  .00004234  00000+0  58378-3 0  9994
2 68881  51.8983 173.6680 0001139  75.2039 284.9050 14.79955297 21906
KUIPER-00500
1 68882U 26095U   26263.17988655  .00000088  00000+0  40524-4 0  9996
2 68882  51.9007 190.6033 0000788  76.9308 283.1742 14.79930847 21680
KUIPER-00502
1 68883U 26095V   26262.45423815  .00002310  00000+0  33188-3 0  9996
2 68883  51.8996 170.0666 0001395  71.5000 288.6114 14.79933280 21908
KUIPER-00503
1 68884U 26095W   26263.14881514  .00000786  00000+0  13218-3 0  9995
2 68884  51.8989 188.2148 0001018  77.6173 282.4903 14.79930150 21717
KUIPER-00504
1 68885U 26095X   26262.22907275  .00002159  00000+0  31209-3 0  9993
2 68885  51.9008 199.8150 0000756  83.1065 276.9983 14.79929502 21470
KUIPER-00505
1 68886U 26095Y   26263.15150545  .00002273  00000+0  32700-3 0  9991
2 68886  51.9007 185.7364 0000696  85.3608 274.7434 14.79936521 21747
KUIPER-00507
1 68887U 26095Z   26262.26753057  .00000261  00000+0  63280-4 0  9993
2 68887  51.8992 179.6284 0000954  86.1068 274.0003 14.79928117 21757
KUIPER-00511
1 68888U 26095AA  26262.46133292  .00000719  00000+0  12333-3 0  9999
2 68888  51.9014 171.3818 0001068  76.4425 283.6656 14.79928091 21887
KUIPER-00512
1 68889U 26095AB  26263.18258251 -.00000779  00000+0 -73211-4 0  9994
2 68889  51.9007 188.1020 0000900  82.9914 277.1150 14.79927814 21711
KUIPER-00519
1 68890U 26095AC  26262.51806754  .00000928  00000+0  15068-3 0  9998
2 68890  51.9006 181.1069 0000582  65.8473 294.2551 14.79929827 21759
KUIPER-00521
1 68891U 26095AD  26263.19164978  .00002057  00000+0  29884-3 0  9995
2 68891  51.9024 171.8202 0000723  92.1202 267.9843 14.79928327 21941
KUIPER-00524
1 68892U 26095AE  26263.15690479 -.00000407  00000+0 -24451-4 0  9997
2 68892  51.8949 180.6870 0000702  58.6113 301.4918 14.79926825 21815
KUIPER-00370
1 68919U 26098A   26262.57712705  .00002162  00000+0  31243-3 0  9996
2 68919  51.9001   0.6312 0000300 103.4583 256.6413 14.79939825 21467
KUIPER-00380
1 68920U 26098B   26263.19301531  .00000852  00000+0  14076-3 0  9997
2 68920  51.9006 350.5468 0000283  87.2839 272.8155 14.79933957 21650
KUIPER-00386
1 68921U 26098C   26262.80202254  .00000183  00000+0  53025-4 0  9992
2 68921  51.9005 354.7702 0000515  91.6341 268.4680 14.79927629 21565
KUIPER-00388
1 68922U 26098D   26262.77436418  .00002090  00000+0  30310-3 0  9990
2 68922  51.9016   5.0533 0000374  98.8431 261.2574 14.79935381 21419
KUIPER-00405
1 68923U 26098E   26262.99652330  .00000715  00000+0  12283-3 0  9999
2 68923  51.9021   1.4264 0000628 197.3635 162.7306 14.79927994 21486
KUIPER-00408
1 68924U 26098F   26262.24488683  .00002216  00000+0  31957-3 0  9993
2 68924  51.9010 357.1614 0000445  96.4855 263.6158 14.79932190 21485
KUIPER-00409
1 68925U 26098G   26262.96544257  .00001998  00000+0  29107-3 0  9993
2 68925  51.9033 359.0622 0000486  95.8187 264.2831 14.79930486 21512
KUIPER-00410
1 68926U 26098H   26262.63049844  .00000683  00000+0  11861-3 0  9998
2 68926  51.8990 358.0163 0000710 154.7105 205.3892 14.79928098 21506
KUIPER-00412
1 68927U 26098J   26262.95935262  .00000970  00000+0  15619-3 0  9996
2 68927  51.9040 349.0986 0000241 135.1823 224.9159 14.79930276 21656
KUIPER-00413
1 68928U 26098K   26262.97963655  .00000842  00000+0  13938-3 0  9996
2 68928  51.9013   1.4805 0000438 185.2426 174.8531 14.79929726 21485
KUIPER-00414
1 68929U 26098L   26262.80003728  .00000635  00000+0  11226-3 0  9993
2 68929  51.8990  12.3571 0001235 138.8572 221.2484 14.79929355 21316
KUIPER-00415
1 68930U 26098M   26262.95396757 -.00000069  00000+0  19950-4 0  9993
2 68930  51.9037 354.1124 0000487  99.8108 260.2910 14.79927756 21580
KUIPER-00416
1 68931U 26098N   26262.56668011  .00001060  00000+0  16801-3 0  9998
2 68931  51.9032 347.1757 0000498 113.3245 246.7770 14.79929239 21644
KUIPER-00420
1 68932U 26098P   26262.96201907  .00002374  00000+0  34014-3 0  9995
2 68932  51.9049 346.5389 0000187 261.4186  98.6755 14.79955508 21691
KUIPER-00421
1 68933U 26098Q   26262.95665321  .00001311  00000+0  20092-3 0  9990
2 68933  51.9023 351.5446 0000424  86.3082 273.7929 14.79930190 21629
KUIPER-00425
1 68934U 26098R   26263.21869297  .00000873  00000+0  14355-3 0  9996
2 68934  51.8978 357.9277 0000770 102.8370 257.2678 14.79935667 21552
KUIPER-00430
1 68935U 26098S   26262.94584476  .00001336  00000+0  20415-3 0  9998
2 68935  51.9022   1.5385 0000117 108.4655 251.6320 14.79932015 21487
KUIPER-00431
1 68936U 26098T   26263.01070740  .00001368  00000+0  20840-3 0  9999
2 68936  51.9008   3.8376 0000514 121.4693 238.6320 14.79932091 21451
KUIPER-00432
1 68937U 26098U   26262.27595075 -.00000069  00000+0  20019-4 0  9997
2 68937  51.8988 359.4841 0000776 116.4095 243.6947 14.79932394 21452
KUIPER-00434
1 68938U 26098V   26262.32471981  .00001294  00000+0  21512-3 0  9991
2 68938  51.9027   3.3225 0001521 133.5811 226.5276 14.76392810 21404
KUIPER-00436
1 68939U 26098W   26262.32391157  .00002053  00000+0  29830-3 0  9993
2 68939  51.9003   1.8872 0000502  95.5693 264.5327 14.79927705 21424
KUIPER-00438
1 68940U 26098X   26262.79932712 -.00000172  00000+0  64183-5 0  9997
2 68940  51.9041 357.3107 0000497  87.9580 272.1439 14.79924492 21521
KUIPER-00439
1 68941U 26098Y   26262.91748932  .00002236  00000+0  32225-3 0  9993
2 68941  51.9038 356.7788 0000683  74.2551 285.8487 14.79919753 21540
KUIPER-00440
1 68942U 26098Z   26262.94246794  .00002022  00000+0  29414-3 0  9995
2 68942  51.9048 349.1672 0000463   6.7386 353.3582 14.79932508 21654
KUIPER-00442
1 68943U 26098AA  26262.53444794  .00001919  00000+0  28049-3 0  9998
2 68943  51.9016 353.4884 0000221 175.2847 184.8118 14.79952674 21556
KUIPER-00446
1 68944U 26098AB  26262.76825662 -.00000410  00000+0 -24758-4 0  9992
2 68944  51.9014 354.9374 0000557 221.1569 138.9351 14.79930841 21550
KUIPER-00451
1 68945U 26098AC  26262.62240700  .00000907  00000+0  14792-3 0  9997
2 68945  51.9015   5.5641 0000352 133.4554 226.6438 14.79932494 21399
KUIPER-00452
1 68946U 26098AD  26262.97354404  .00000500  00000+0  94565-4 0  9999
2 68946  51.9038 351.5291 0000426  91.3959 268.7052 14.79931856 21629
KUIPER-00453
1 68947U 26098AE  26263.19569385  .00001472  00000+0  22208-3 0  9994
2 68947  51.8991 347.9637 0001960 140.5852 219.5253 14.79937021 21697
KUIPER-00454
1 68948U 26098AF  26262.63654547  .00000963  00000+0  15545-3 0  9998
2 68948  51.9015   7.9907 0000933 102.9495 257.1572 14.79910933 21362
KUIPER-00455
1 68949U 26098AG  26262.99382309  .00000199  00000+0  55078-4 0  9999
2 68949  51.9023   3.9250 0001522 142.8320 217.2748 14.79931393 21459
KUIPER-00458
1 68950U 26098AH  26262.77364638  .00001154  00000+0  18037-3 0  9997
2 68950  51.9007 349.9225 0000642  94.7306 265.3730 14.79930110 21629
PEARL-1B
1 68980U 26100A   26263.15670132  .00001166  00000+0  12382-3 0  9996
2 68980  97.7229 158.5422 0006844 180.2339 179.8877 14.90877750 20832
IRIDE-MS2-HEO-7
1 68981U 26100B   26263.18217153  .00000922  00000+0  98270-4 0  9990
2 68981  97.7227 158.6580 0004707 175.0804 185.0461 14.91222967 20857
IRIDE-MS2-HEO-10
1 68982U 26100C   26263.16813872  .00000742  00000+0  79863-4 0  9996
2 68982  97.7199 158.6329 0003786 179.7097 180.4125 14.91376273 20854
IRIDE-MS2-HEO-11
1 68983U 26100D   26263.16812213  .00000733  00000+0  79624-4 0  9990
2 68983  97.7245 158.7099 0003299 161.6616 198.4721 14.91042120 20850
IRIDE-MS2-HEO-12
1 68984U 26100E   26263.18568453  .00000929  00000+0  99884-4 0  9994
2 68984  97.7206 158.6200 0003585 169.9435 190.1856 14.90852705 20854
IRIDE-MS2-HEO-13
1 68985U 26100F   26262.45448970  .00002413  00000+0  24549-3 0  9990
2 68985  97.7220 158.0874 0003328 129.3578 230.7936 14.91674735 20750
IRIDE-MS2-HEO-14
1 68986U 26100G   26262.99068211  .00001022  00000+0  10753-3 0  9993
2 68986  97.7227 158.6021 0004239 126.2960 233.8651 14.91517691 20835
IRIDE-MS2-HEO-15
1 68987U 26100H   26263.17720425  .00000803  00000+0  84616-4 0  9993
2 68987  97.7203 158.7792 0002264 130.5129 229.6288 14.92019657 20869
FOREST-17 (TELPERION)
1 68988U 26100J   26262.53529448  .00001016  00000+0  10330-3 0  9993
2 68988  97.7209 158.0929 0005391 172.3287 187.8016 14.92917396 20764
CAS500-2 RIDESHARE OBJE*
1 68989U 26100K   26263.06197091  .00001269  00000+0  13344-3 0  9996
2 68989  97.7258 158.5587 0006054 166.7090 193.4289 14.91152070 20832
PEARL-1A
1 68990U 26100L   26263.18797172  .00001310  00000+0  13741-3 0  9995
2 68990  97.7175 158.5674 0004638 193.4290 166.6806 14.91193795 20852
YAM-11
1 68991U 26100M   26262.98164578  .00000906  00000+0  98689-4 0  9996
2 68991  97.7728 158.7136 0001953  79.5997 280.5441 14.90414192 20810
YAM-16
1 68992U 26100N   26263.14416463  .00000948  00000+0  99843-4 0  9998
2 68992  97.7234 158.7215 0003259 161.8477 198.2859 14.91669207 20852
YAM-13
1 68993U 26100P   26262.53295189  .00001035  00000+0  11187-3 0  9993
2 68993  97.7768 158.4080 0001564 101.5269 258.6124 14.90439139 20752
NULINK-2
1 68994U 26100Q   26263.17604965  .00000627  00000+0  66062-4 0  9990
2 68994  97.7201 158.9280 0002060  52.5170 307.6236 14.92761150 20875
ICEYE-X78
1 68995U 26100R   26263.18478029  .00000658  00000+0  70554-4 0  9997
2 68995  97.7234 158.8184 0002934 139.7898 220.3538 14.91902715 20867
ICEYE-X82
1 68996U 26100S   26262.95253081  .00001261  00000+0  13098-3 0  9991
2 68996  97.7226 158.4972 0003898 171.4401 188.6885 14.91651196 20824
YAM-15
1 68997U 26100T   26262.99173360  .00000979  00000+0  10604-3 0  9992
2 68997  97.7758 158.8739 0001909  79.1758 280.9675 14.90439076 20823
FOREST-16 (SOWITASGOHT)
1 68998U 26100U   26262.95449661  .00000646  00000+0  67660-4 0  9995
2 68998  97.7258 158.6986 0004882  92.0493 268.1286 14.92906448 20835
FOREST-18 (MANGOSHRIKH*)
1 68999U 26100V   26262.51832716  .00000976  00000+0  99482-4 0  9998
2 68999  97.7191 158.2403 0000600  85.6279 274.5009 14.92913980 20772
GEMINI-POLLUX
1 69000U 26100W   26262.53218649  .00001650  00000+0  16602-3 0  9999
2 69000  97.7190 158.2202 0000976  54.7971 305.3340 14.92533090 20775
FOREST-19 (PATADASTRA)
1 69001U 26100X   26263.17198882  .00000664  00000+0  69335-4 0  9993
2 69001  97.7238 158.9943 0002742  70.8404 289.3112 14.92925648 20863
NULINK-1
1 69002U 26100Y   26263.16429274  .00000426  00000+0  46521-4 0  9993
2 69002  97.7221 158.9762 0003019  57.1269 303.0240 14.92878993 20866
YAM-12
1 69003U 26100Z   26263.03059817  .00000767  00000+0  84231-4 0  9990
2 69003  97.7755 158.8030 0001798  73.2415 286.9001 14.90498398 20814
GEN1A-1
1 69004U 26100AA  26262.93685983  .00002334  00000+0  10955-3 0  9991
2 69004  97.3908 158.9755 0005771  56.6733 303.5055 15.20613968 21215
GEN1A-2
1 69005U 26100AB  26262.98722069  .00002166  00000+0  10128-3 0  9999
2 69005  97.3897 159.0330 0006617  57.4210 302.7664 15.20814519 21226
JEN-1
1 69006U 26100AC  26263.06237595  .00004093  00000+0  18851-3 0  9997
2 69006  97.3917 159.1245 0011726  37.1584 323.0461 15.20796528 21222
BRO-21
1 69007U 26100AD  26261.96198586  .00001996  00000+0  90626-4 0  9991
2 69007  97.3910 158.2847 0009637  86.8252 273.4087 15.21905919 21066
YAM-14
1 69008U 26100AE  26263.08826213  .00000494  00000+0  56316-4 0  9992
2 69008  97.7751 158.8847 0001601  66.9691 293.1696 14.90411103 20829
CAS500-2 RIDESHARE OBJE*
1 69009U 26100AF  26262.96829433  .00007198  00000+0  31884-3 0  9996
2 69009  97.3900 159.0702 0005418  31.9557 328.2007 15.21922001 21217
DRISHTI
1 69010U 26100AG  26262.45085608  .00001735  00000+0  81678-4 0  9998
2 69010  97.3905 158.5387 0006878  65.9837 294.2118 15.20835451 21133
EYCORE-1
1 69011U 26100AH  26263.15004120  .00002882  00000+0  13176-3 0  9998
2 69011  97.3913 159.3006 0006227  69.8548 290.3357 15.21332654 21242
JACKAL-004
1 69012U 26100AJ  26263.14172212  .00002388  00000+0  10942-3 0  9995
2 69012  97.4524 159.7829 0012266 189.6682 170.4320 15.21390700 21243
CAS500-2
1 69013U 26100AK  26263.18637223  .00003893  00000+0  18213-3 0  9999
2 69013  97.3749 159.0904 0010861  50.8419 309.3780 15.20290474 21244
SNAPPY
1 69014U 26100AL  26261.19582764  .00003011  00000+0  13571-3 0  9992
2 69014  97.3927 157.5226 0007809  90.7611 269.4520 15.21778110 20952
FRONTIERSAT
1 69015U 26100AM  26263.17016806  .00005167  00000+0  22259-3 0  9999
2 69015  97.3859 159.4782 0009871  73.4169 286.8151 15.22978971 21279
RAVEN
1 69016U 26100AN  26262.43361611  .00001719  00000+0  78831-4 0  9992
2 69016  97.3898 158.6961 0009660  81.4393 278.7938 15.21745836 21147
EDDA-1
1 69017U 26100AP  26263.15094642  .00002129  00000+0  87143-4 0  9992
2 69017  97.3441 159.4860 0003349 117.3521 242.8059 15.25397813 21271
PELICAN-8
1 69018U 26100AQ  26261.45912803  .00016042  00000+0  60331-3 0  9990
2 69018  97.3160 157.7295 0003535 108.6583 251.5040 15.27219183 21037
PELICAN-9
1 69019U 26100AR  26262.50698406  .00012857  00000+0  48402-3 0  9993
2 69019  97.2582 158.2711 0003032 111.8753 248.2809 15.27234868 21179
SELENE
1 69020U 26100AS  26263.15100567  .00003289  00000+0  15254-3 0  9991
2 69020  97.3903 159.1328 0004809  32.7672 327.3861 15.20740891 21232
HELIOS
1 69021U 26100AT  26262.47481527  .00004571  00000+0  20871-3 0  9990
2 69021  97.3885 158.4794 0005596  37.3050 322.8574 15.21075023 21135
HYDRA-3
1 69022U 26100AU  26262.42479724  .00003615  00000+0  16754-3 0  9995
2 69022  97.3889 158.3959 0005871  40.8707 319.2968 15.20693019 21122
QUBE-II
1 69023U 26100AV  26263.17518471  .00005200  00000+0  23451-3 0  9996
2 69023  97.3931 159.3134 0004316  47.2957 312.8641 15.21444162 21242
BALKAN-2
1 69024U 26100AW  26261.15812309  .00003702  00000+0  17058-3 0  9991
2 69024  97.3929 157.2759 0004492  53.2726 306.8922 15.20884667 20933
QIANFAN-127
1 69073U 26104A   26263.16206500  .00000062  00000+0  76847-4 0  9990
2 69073  88.9922 331.7886 0002544 102.4142 257.7294 13.51028181 17981
QIANFAN-128
1 69074U 26104B   26263.17017249  .00000054  00000+0  65318-4 0  9994
2 69074  88.9900 331.8116 0002269 112.6582 247.4809 13.51023704 17962
QIANFAN-129
1 69075U 26104C   26263.19479159  .00000069  00000+0  88706-4 0  9991
2 69075  88.9903 331.7434 0002342 107.8570 252.2837 13.51023673 18009
QIANFAN-130
1 69076U 26104D   26263.15774433  .00000065  00000+0  82744-4 0  9993
2 69076  88.9905 331.8130 0002514  96.8659 263.2778 13.51021799 17969
QIANFAN-131
1 69077U 26104E   26263.17849323  .00000070  00000+0  89264-4 0  9997
2 69077  88.9898 331.7714 0002081 106.9892 253.1487 13.51025875 17985
QIANFAN-132
1 69078U 26104F   26263.16599328  .00000060  00000+0  73899-4 0  9990
2 69078  88.9901 331.8293 0002393  99.7013 260.4408 13.51022070 17959
QIANFAN-133
1 69079U 26104G   26263.17432824  .00000057  00000+0  68956-4 0  9993
2 69079  88.9904 331.7787 0002019 113.0000 247.1364 13.51030874 17977
QIANFAN-134
1 69080U 26104H   26263.20310495  .00000057  00000+0  69019-4 0  9999
2 69080  88.9908 331.8021 0002218 111.9872 248.1515 13.51029210 17971
QIANFAN-135
1 69081U 26104J   26263.18245036  .00000066  00000+0  83161-4 0  9999
2 69081  88.9902 331.7949 0002460 111.9359 248.2054 13.51022345 17974
QIANFAN-136
1 69082U 26104K   26263.19071130  .00000068  00000+0  87152-4 0  9999
2 69082  88.9904 331.7971 0002074 113.0523 247.0847 13.51032315 17974
QIANFAN-137
1 69083U 26104L   26263.18663737  .00000072  00000+0  93051-4 0  9999
2 69083  88.9913 331.6742 0002259 100.1542 259.9864 13.51022044 18041
QIANFAN-138
1 69084U 26104M   26263.21124737  .00000060  00000+0  74327-4 0  9998
2 69084  88.9897 331.7948 0002532 106.0491 254.0939 13.51021800 17973
QIANFAN-139
1 69085U 26104N   26263.19907985  .00000053  00000+0  63564-4 0  9993
2 69085  88.9899 331.7778 0002491 100.6127 259.5305 13.51030564 17982
QIANFAN-140
1 69086U 26104P   26263.20714688  .00000062  00000+0  77543-4 0  9994
2 69086  88.9900 331.7806 0002538 110.7173 249.4250 13.51022936 17984
QIANFAN-141
1 69087U 26104Q   26263.21544448  .00000070  00000+0  89654-4 0  9996
2 69087  88.9897 331.7440 0002342 112.1598 247.9802 13.51020724 18007
QIANFAN-142
1 69088U 26104R   26263.14952028  .00000029  00000+0  26310-4 0  9990
2 69088  88.9896 331.7501 0002496 106.7477 253.3948 13.51019810 17993
QIANFAN-143
1 69089U 26104S   26263.14551788  .00000069  00000+0  88766-4 0  9996
2 69089  88.9907 331.7571 0002014 106.3664 253.7708 13.51027377 17999
QIANFAN-144
1 69090U 26104T   26263.15363600  .00000068  00000+0  87240-4 0  9998
2 69090  88.9905 331.7744 0002540 103.2593 256.8842 13.51020815 17984
ZHUQUE-2E R/B
1 69095U 26105A   26262.87785408  .00177920 -71182-6  27723-3 0  9994
2 69095  88.9628 180.9932 0304131 289.9196  66.9541 15.54427709 19656
2026-106A
1 69097U 26106A   26263.19920014  .00003646  00000+0  21531-3 0  9994
2 69097  97.5553 343.6336 0013648 191.6043 168.4875 15.12072165 19336
2026-106B
1 69098U 26106B   26263.19378332  .00002275  00000+0  14268-3 0  9991
2 69098  97.5018 343.2901 0014370 189.7812 170.3140 15.10244013 19318
2026-106C
1 69099U 26106C   26263.19561417  .00003741  00000+0  22063-3 0  9991
2 69099  97.5568 343.6520 0013172 192.9845 167.1048 15.12111734 19339
2026-106D
1 69100U 26106D   26263.15783531  .00001143  00000+0  67568-4 0  9997
2 69100  97.5069 343.6521 0001617  88.4521 271.6895 15.13465871 19336
2026-106E
1 69101U 26106E   26263.17291395  .00005197  00000+0  30141-3 0  9991
2 69101  97.5018 343.6173 0016034 198.7707 161.2935 15.12494456 19333
QIANFAN-145
1 69104U 26108A   26262.85983565 -.01759069  00000+0 -30950+1 0  9999
2 69104  89.0189  12.5973 0004051  67.5619 292.5958 13.47050109 17220
QIANFAN-146
1 69105U 26108B   26263.11683168  .00000127  00000+0  17824-3 0  9995
2 69105  89.0196  12.4093 0001958  99.9351 260.2021 13.51040124 17354
QIANFAN-147
1 69106U 26108C   26263.16635190  .00000112  00000+0  15539-3 0  9998
2 69106  89.0195  12.5717 0002083 103.2845 256.8538 13.51025141 17250
QIANFAN-148
1 69107U 26108D   26263.15394176  .00000131  00000+0  18367-3 0  9997
2 69107  89.0189  12.5629 0002015 109.8313 250.3056 13.51024698 17253
QIANFAN-149
1 69108U 26108E   26263.16210494  .00000116  00000+0  16176-3 0  9998
2 69108  89.0189  12.5833 0002308 108.6396 251.5006 13.51024192 17251
QIANFAN-150
1 69109U 26108F   26263.17030334  .00000103  00000+0  14154-3 0  9993
2 69109  89.0194  12.5358 0002322 107.3846 252.7559 13.51024624 17270
QIANFAN-151
1 69110U 26108G   26263.12521623  .00000115  00000+0  15917-3 0  9997
2 69110  89.0193  12.5639 0001819 103.7510 256.3844 13.51027831 17259
QIANFAN-152
1 69111U 26108H   26262.95632256  .00000034  00000+0  34449-4 0  9995
2 69111  89.0190  12.5725 0002188  97.1944 262.9456 13.51028635 17244
QIANFAN-153
1 69112U 26108J   26263.17440698  .00000117  00000+0  16222-3 0  9998
2 69112  89.0186  12.5272 0002232 103.6801 256.4598 13.51024993 17273
QIANFAN-154
1 69113U 26108K   26263.18277061  .00000120  00000+0  16750-3 0  9992
2 69113  89.0197  12.5752 0002152 105.9145 254.2244 13.51026968 17263
QIANFAN-155
1 69114U 26108L   26263.11270964  .00000121  00000+0  16873-3 0  9998
2 69114  89.0194  12.5467 0002283 105.1918 254.9486 13.51023809 17265
QIANFAN-156
1 69115U 26108M   26263.13325139  .00000107  00000+0  14757-3 0  9999
2 69115  89.0209  12.5460 0001920 108.3575 251.7785 13.51023775 17288
QIANFAN-157
1 69116U 26108N   26263.12107997  .00000119  00000+0  16557-3 0  9992
2 69116  89.0190  12.4705 0002110 111.2022 248.9355 13.51028495 17310
QIANFAN-158
1 69117U 26108P   26263.13734450  .00000107  00000+0  14792-3 0  9990
2 69117  89.0191  12.5101 0001872 106.6424 253.4933 13.51024010 17290
QIANFAN-159
1 69118U 26108Q   26263.12916822  .00000114  00000+0  15765-3 0  9994
2 69118  89.0183  12.5173 0001895 104.2232 255.9130 13.51023804 17282
QIANFAN-160
1 69119U 26108R   26263.21982332  .00000124  00000+0  17303-3 0  9995
2 69119  89.0198  12.5458 0002398 105.2994 254.8422 13.51023957 17281
QIANFAN-161
1 69120U 26108S   26263.14971704  .00000124  00000+0  17402-3 0  9990
2 69120  89.0205  12.4695 0001850 105.3640 254.7715 13.51022292 17325
QIANFAN-162
1 69121U 26108T   26263.14151407  .00000115  00000+0  15922-3 0  9996
2 69121  89.0195  12.4955 0002132  99.2971 260.8422 13.51023140 17297
SMILE
1 69123U 26109A   26260.22617252  .00000590  00000+0  00000+0 0  9994
2 69123  70.0141 206.2461 8169204 285.7290   5.5729  0.47508927   381
KUIPER-00282
1 69267U 26118A   26262.91679679  .00000387  00000+0  79811-4 0  9997
2 69267  51.8996 341.7450 0000238 216.0620 144.0326 14.79928365 18186
KUIPER-00383
1 69268U 26118B   26263.20650081  .00000419  00000+0  83970-4 0  9994
2 69268  51.9002 337.9861 0000257  91.3321 268.7671 14.79929707 18269
KUIPER-00527
1 69269U 26118C   26262.49744538  .00000977  00000+0  15712-3 0  9993
2 69269  51.8983 341.2529 0000473  91.2020 268.8997 14.79931141 18156
KUIPER-00562
1 69270U 26118D   26263.21465021  .00051256  00000+0  67173-2 0  9996
2 69270  51.9041 330.3968 0001411  59.6133 300.4968 14.79832570 18377
KUIPER-00570
1 69271U 26118E   26262.49204999  .00000499  00000+0  94396-4 0  9993
2 69271  51.9001 346.2473 0000272  62.0310 298.0680 14.79931622 18078
KUIPER-00572
1 69272U 26118F   26262.95323365  .00002426  00000+0  34702-3 0  9990
2 69272  51.9021 339.1019 0000315  67.8803 292.2192 14.79949747 18224
KUIPER-00581
1 69273U 26118G   26263.21795874  .00003783  00000+0  52471-3 0  9999
2 69273  51.9068 342.9404 0001060 190.4394 169.6547 14.79949920 18282
KUIPER-00584
1 69274U 26118H   26262.92829807  .00001226  00000+0  18976-3 0  9993
2 69274  51.9021 346.8316 0000250  86.4021 273.6970 14.79932471 18119
KUIPER-00587
1 69275U 26118J   26262.48324811  .00002070  00000+0  30047-3 0  9991
2 69275  51.9025 338.6893 0000619  95.8249 264.2784 14.79932937 18192
KUIPER-00590
1 69276U 26118K   26261.26231531  .00002028  00000+0  29490-3 0  9996
2 69276  51.9034 349.0972 0000541 129.8640 230.2370 14.79935604 17944
KUIPER-00592
1 69277U 26118L   26262.73114836  .00005889  00000+0  79983-3 0  9998
2 69277  51.9026 342.4829 0000550 122.4181 237.6835 14.79985868 18162
KUIPER-00593
1 69278U 26118M   26263.15514200  .00001705  00000+0  25273-3 0  9991
2 69278  51.9013 323.2258 0001293 172.1495 187.9488 14.79925068 18524
KUIPER-00594
1 69279U 26118N   26263.21727113  .00001637  00000+0  24373-3 0  9992
2 69279  51.9036 327.9580 0001269  83.9450 276.1656 14.79939301 18402
KUIPER-00595
1 69280U 26118P   26262.71627099  .00001724  00000+0  25517-3 0  9998
2 69280  51.9016 325.1240 0001165 182.1933 177.9024 14.79920267 18439
KUIPER-00596
1 69281U 26118Q   26262.70881591  .00002073  00000+0  30077-3 0  9992
2 69281  51.9035 347.6953 0000351  97.4798 262.6205 14.79935157 18082
KUIPER-00597
1 69282U 26118R   26263.18617130  .00003983  00000+0  55118-3 0  9996
2 69282  51.8987 325.5834 0001991  49.3525 310.7610 14.79935183 18439
KUIPER-00599
1 69283U 26118S   26262.80400074  .00000008  00000+0  30052-4 0  9998
2 69283  51.9038 337.1874 0000121 149.8599 210.2370 14.79929088 18245
KUIPER-00600
1 69284U 26118T   26262.67974241 -.00002995  00000+0 -36381-3 0  9995
2 69284  51.9022 327.7399 0001785  49.0645 311.0472 14.79948156 18369
KUIPER-00601
1 69285U 26118U   26262.69732865  .00001091  00000+0  17206-3 0  9991
2 69285  51.9015 342.7420 0000363  87.9951 272.1053 14.79926328 18152
KUIPER-00602
1 69286U 26118V   26262.77292490  .00001881  00000+0  27570-3 0  9998
2 69286  51.9024 334.8234 0000416 217.8588 142.2345 14.79933721 18276
KUIPER-00603
1 69287U 26118W   26262.51700665  .00001966  00000+0  28677-3 0  9992
2 69287  51.9060 338.5469 0000335  87.6546 272.4455 14.79935416 18197
KUIPER-00605
1 69288U 26118X   26262.50892153  .00000807  00000+0  13489-3 0  9994
2 69288  51.9010 346.0584 0000315  87.1865 272.9133 14.79928902 18091
KUIPER-00606
1 69289U 26118Y   26263.17543537  .00001858  00000+0  27266-3 0  9993
2 69289  51.9028 335.6304 0000331  87.3727 272.7273 14.79927733 18298
KUIPER-00607
1 69290U 26118Z   26263.16932995  .00001729  00000+0  25579-3 0  9996
2 69290  51.9022 325.6641 0001359  17.7277 342.3732 14.79936963 18430
KUIPER-00608
1 69291U 26118AA  26262.91338139 -.00001099  00000+0 -11515-3 0  9996
2 69291  51.9017 329.1554 0001035  76.0589 284.0488 14.79930746 18367
KUIPER-00610
1 69292U 26118AB  26263.21188878  .00000186  00000+0  53431-4 0  9992
2 69292  51.9027 332.9685 0000322  72.6685 287.4313 14.79930903 18339
KUIPER-00613
1 69293U 26118AC  26263.20111174  .00001895  00000+0  27754-3 0  9993
2 69293  51.9035 343.0157 0000305  85.0621 275.0376 14.79927195 18190
KUIPER-00618
1 69294U 26118AD  26263.18081619  .00000131  00000+0  46177-4 0  9994
2 69294  51.9052 330.6139 0001604 193.9652 166.1266 14.79929268 18368
KUIPER-00620
1 69295U 26118AE  26263.19500910 -.00000434  00000+0 -28008-4 0  9997
2 69295  51.9048 333.0565 0000301  56.2812 303.8179 14.79928149 18333
GUOWANG TEST OBJECT A
1 69320U 26120A   26263.20808112  .00007108  00000+0  34886-3 0  9999
2 69320  55.0116 326.4644 0010372 166.5807 193.5490 15.19123340 17227
GUOWANG TEST OBJECT B
1 69321U 26120B   26263.17026057  .00005567  00000+0  18988-3 0  9998
2 69321  54.9975 321.4687 0008154 172.3892 187.7259 15.31888715 17298
GUOWANG TEST OBJECT C
1 69322U 26120C   26263.14946370  .00008939  00000+0  24888-3 0  9997
2 69322  54.9976 320.6592 0009321 187.7618 172.3267 15.37588060 17306
GUOWANG TEST OBJECT D
1 69323U 26120D   26262.87825986  .00001919  00000+0  10463-3 0  9991
2 69323  55.0078 327.1985 0010666 196.9646 163.1018 15.19303097 17180
QIANFAN-163
1 69325U 26121A   26263.03208957  .00000013  00000+0  14552-5 0  9995
2 69325  89.0100 291.0724 0002414 119.9547 240.1844 13.51022063 14974
QIANFAN-164
1 69326U 26121B   26262.77699488  .00000045  00000+0  51314-4 0  9990
2 69326  89.0099 291.0885 0002073 110.9862 249.1511 13.51021485 14946
QIANFAN-165
1 69382U 26124A   26263.15699355  .00000096  00000+0  13013-3 0  9990
2 69382  89.0070 352.0575 0001947 120.8974 239.2369 13.51022194 14864
QIANFAN-166
1 69383U 26124B   26263.16114168  .00000114  00000+0  15810-3 0  9994
2 69383  89.0089 352.0679 0001831 104.7308 255.4046 13.51022822 14864
QIANFAN-167
1 69384U 26124C   26263.16513442  .00000114  00000+0  15730-3 0  9994
2 69384  89.0062 352.0731 0002220 106.9405 253.1990 13.51031820 14850
QIANFAN-168
1 69385U 26124D   26263.16919645  .00000117  00000+0  16259-3 0  9990
2 69385  89.0059 352.0526 0001654 108.6984 251.4346 13.51020458 14862
QIANFAN-169
1 69386U 26124E   26263.17345380  .00000110  00000+0  15200-3 0  9999
2 69386  89.0057 352.0520 0001837 100.5841 259.5517 13.51023708 14861
QIANFAN-170
1 69387U 26124F   26263.17751961  .00000103  00000+0  14036-3 0  9994
2 69387  89.0075 352.0239 0001785  98.8350 261.3003 13.51026144 14885
QIANFAN-171
1 69388U 26124G   26263.18582060  .00000096  00000+0  13067-3 0  9992
2 69388  89.0090 352.0356 0002123 103.6041 256.5347 13.51029206 14881
QIANFAN-172
1 69389U 26124H   26263.18162355  .00000104  00000+0  14287-3 0  9999
2 69389  89.0072 352.0258 0001853 117.4962 242.6377 13.51029751 14881
QIANFAN-173
1 69390U 26124J   26263.18974500  .00000101  00000+0  13712-3 0  9993
2 69390  89.0061 352.0215 0001625 103.8207 256.3125 13.51022702 14884
QIANFAN-174
1 69391U 26124K   26263.20213828  .00000112  00000+0  15409-3 0  9993
2 69391  89.0042 351.9776 0002242 108.7639 251.3756 13.51030581 14893
QIANFAN-175
1 69392U 26124L   26263.20638194  .00000112  00000+0  15469-3 0  9997
2 69392  89.0094 352.0223 0001819 102.6676 257.4678 13.51020629 14895
QIANFAN-176
1 69393U 26124M   26263.21047668  .00000107  00000+0  14690-3 0  9998
2 69393  89.0056 352.0017 0001836 102.9161 257.2195 13.51021391 14884
QIANFAN-177
1 69394U 26124N   26263.14462472  .00000097  00000+0  13173-3 0  9998
2 69394  89.0066 351.9969 0002136 109.3600 250.7782 13.51030442 14891
QIANFAN-178
1 69395U 26124P   26263.21451332  .00000106  00000+0  14480-3 0  9993
2 69395  89.0011 351.9456 0001841 102.0874 258.0484 13.51026405 14915
QIANFAN-179
1 69396U 26124Q   26263.14874610  .00000091  00000+0  12297-3 0  9991
2 69396  89.0044 351.9703 0001827 101.5321 258.6036 13.51029992 14904
QIANFAN-180
1 69397U 26124R   26263.15287182  .00000088  00000+0  11696-3 0  9993
2 69397  89.0050 351.9909 0001805  97.4642 262.6715 13.51022227 14896
QIANFAN-181
1 69398U 26124S   26263.19400323  .00000105  00000+0  14383-3 0  9998
2 69398  89.0072 352.0803 0002176 105.7165 254.4226 13.51024044 14852
QIANFAN-182
1 69399U 26124T   26263.19804922  .00000104  00000+0  14287-3 0  9994
2 69399  89.0047 352.0503 0001836 104.7594 255.3761 13.51028565 14855
QIANFAN-183
1 69401U 26125A   26263.15861058  .00000029  00000+0  26145-4 0  9991
2 69401  88.9832 270.3386 0002047 101.4729 258.6652 13.51027474 14762
QIANFAN-184
1 69402U 26125B   26263.16685576  .00000041  00000+0  45270-4 0  9996
2 69402  88.9883 270.3651 0001986  97.6365 262.5012 13.51028750 14769
QIANFAN-185
1 69403U 26125C   26260.52372312 -.01777842  00000+0 -31393+1 0  9995
2 69403  88.9894 270.5744 0009178 115.9164 244.2932 13.46850617 14441
QIANFAN-186
1 69404U 26125D   26262.94062757  .00000027  00000+0  23780-4 0  9999
2 69404  88.9885 270.3882 0002022  95.8958 264.2423 13.51008240 14733
QIANFAN-187
1 69405U 26125E   26263.17099627  .00000025  00000+0  20444-4 0  9994
2 69405  88.9885 270.3475 0002185  99.3481 260.7918 13.51007334 14779
QIANFAN-188
1 69406U 26125F   26263.17911603  .00000032  00000+0  31556-4 0  9996
2 69406  88.9883 270.3463 0002077 102.4931 257.6453 13.51029426 14776
QIANFAN-189
1 69407U 26125G   26263.18729324  .00000029  00000+0  26153-4 0  9998
2 69407  88.9866 270.3401 0002139 107.3824 252.7561 13.51019121 14760
QIANFAN-190
1 69408U 26125H   26263.17494264  .00000026  00000+0  21270-4 0  9992
2 69408  88.9867 270.3392 0001936  97.8880 262.2491 13.51019021 14778
QIANFAN-191
1 69409U 26125J   26263.19969245  .00000040  00000+0  43347-4 0  9996
2 69409  88.9881 270.3488 0002040 102.3460 257.7920 13.51032936 14770
QIANFAN-192
1 69410U 26125K   26263.18318529  .00000023  00000+0  16560-4 0  9998
2 69410  88.9888 270.3510 0002169 105.2309 254.9082 13.51019611 14774
QIANFAN-193
1 69411U 26125L   26263.13394744  .00000035  00000+0  35866-4 0  9990
2 69411  88.9866 270.3322 0001952 103.3741 256.7627 13.51027492 14771
QIANFAN-194
1 69412U 26125M   26263.12981975  .00000036  00000+0  36595-4 0  9999
2 69412  88.9899 270.3474 0002071 102.0972 258.0411 13.51026119 14761
QIANFAN-195
1 69413U 26125N   26263.13809718  .00000038  00000+0  40937-4 0  9992
2 69413  88.9900 270.3314 0001929  89.1206 271.0166 13.51011841 14784
QIANFAN-196
1 69414U 26125P   26263.14620110  .00000018  00000+0  92246-5 0  9990
2 69414  88.9905 270.3346 0001867  93.6421 266.4944 13.51035251 14788
QIANFAN-197
1 69415U 26125Q   26263.15455124  .00000028  00000+0  24662-4 0  9990
2 69415  88.9879 270.3051 0002030 100.2792 259.8588 13.51023723 14782
QIANFAN-198
1 69416U 26125R   26263.14216021  .00000024  00000+0  18655-4 0  9992
2 69416  88.9873 270.3190 0002072 102.8067 257.3316 13.51028170 14783
QIANFAN-199
1 69417U 26125S   26263.15043949  .00000031  00000+0  29529-4 0  9991
2 69417  88.9877 270.2684 0002261 100.7479 259.3927 13.51025740 14813
QIANFAN-200
1 69418U 26125T   26263.12158209  .00000035  00000+0  36023-4 0  9996
2 69418  88.9884 270.3569 0002087 105.5752 254.5630 13.51026220 14764
DTC TEST OBJECT A
1 69472U 26128A   26262.47102593  .00014184  00000+0  24094-3 0  9995
2 69472  54.9907 229.3613 0014159 146.4788 213.7145 15.51694814 15900
DTC TEST OBJECT B
1 69473U 26128B   26262.99897122  .00015870  00000+0  23893-3 0  9991
2 69473  55.0005 227.8718 0011238 143.3591 216.8215 15.54991829 15961
STARS-X
1 69502U 26132A   26263.13427605  .00001361  00000+0  11629-3 0  9995
2 69502  97.6832 325.5270 0011258 319.1850  40.8529 14.99271160 15001
PETREL
1 69503U 26132B   26263.12925140  .00001657  00000+0  14032-3 0  9991
2 69503  97.6852 325.5712 0010599 319.5203  40.5231 14.99340021 15008
BRO-22
1 69504U 26132C   26263.15405515 -.00000253  00000+0 -15509-4 0  9998
2 69504  97.6777 325.6138 0017357 310.6334  49.3379 14.99939778 15018
VERTECS
1 69506U 26132E   26262.40791042  .00001743  00000+0  14020-3 0  9999
2 69506  97.6581 324.9479 0013433 358.6988   1.4199 15.01232907 14901
HORN-R
1 69507U 26132F   26260.63475632  .00001940  00000+0  90129-4 0  9991
2 69507  97.6783 324.6402 0004940 315.0349  45.0485 15.21249679 14728
2026-134A
1 69538U 26134A   26263.14169736  .00003384  00000+0  21929-3 0  9996
2 69538  97.6929 333.5452 0014931 311.0380  48.9557 15.08737128 14638
2026-134B
1 69539U 26134B   26262.94115675  .00003297  00000+0  21397-3 0  9999
2 69539  97.6902 333.3160 0015063 311.0073  48.9852 15.08697574 14593
2026-134C
1 69540U 26134C   26262.17379168  .00002443  00000+0  15734-3 0  9995
2 69540  97.6904 332.6440 0017383 320.4297  39.5661 15.09205948 14482
2026-134D
1 69541U 26134D   26262.50375433  .00002398  00000+0  15434-3 0  9990
2 69541  97.6945 333.0270 0019137 312.8655  47.0965 15.09227020 14538
2026-134E
1 69542U 26134E   26262.43848353  .00002649  00000+0  17262-3 0  9999
2 69542  97.6963 332.9824 0020537 311.1620  48.7836 15.08645145 14527
2026-134F
1 69543U 26134F   26261.97300620  .00002702  00000+0  17604-3 0  9998
2 69543  97.6917 332.4605 0019410 311.4431  48.5129 15.08660780 14457
2026-134G
1 69544U 26134G   26262.42832627  .00003184  00000+0  20152-3 0  9994
2 69544  97.6959 332.9918 0016366 309.8974  50.0815 15.09633207 14529
2026-134H
1 69545U 26134H   26262.42700815  .00003303  00000+0  20878-3 0  9996
2 69545  97.6945 332.9758 0016882 311.9328  48.0460 15.09640430 14515
SHIJIAN-31 (SJ-31)
1 69570U 26136A   26263.17494755 -.00000337  00000+0  00000+0 0  9998
2 69570  63.4835 346.2963 6935962 172.0412 211.3901  1.92225658  1916
HULIANWANG DIGUI-169
1 69572U 26137A   26263.04076992 -.00000074  00000+0  10763-3 0  9995
2 69572  50.0002 255.9447 0000278 354.1157   5.9712 13.29326556 12949
HULIANWANG DIGUI-170
1 69573U 26137B   26263.03244684 -.00000076  00000+0  10293-3 0  9990
2 69573  50.0001 255.8990 0000279 353.8059   6.2810 13.29328271 12959
HULIANWANG DIGUI-171
1 69574U 26137C   26263.02406639 -.00000073  00000+0  11041-3 0  9999
2 69574  49.9960 255.8184 0000541 162.1907 197.8984 13.29328957 12940
HULIANWANG DIGUI-172
1 69575U 26137D   26263.01574906 -.00000082  00000+0  90842-4 0  9999
2 69575  49.9960 255.7775 0000258 349.7048  10.3819 13.29324166 12944
HULIANWANG DIGUI-173
1 69576U 26137E   26263.00737549 -.00000076  00000+0  10428-3 0  9997
2 69576  50.0020 255.7915 0000297 355.7978   4.2891 13.29326563 12948
HULIANWANG DIGUI-174
1 69577U 26137F   26262.99903419 -.00000084  00000+0  86313-4 0  9992
2 69577  50.0012 255.7424 0000285 349.9788  10.1078 13.29325327 12957
HULIANWANG DIGUI-175
1 69578U 26137G   26262.23885655 -.00000079  00000+0  97073-4 0  9990
2 69578  49.9961 258.3491 0000258 355.2521   4.8348 13.29327627 12850
HULIANWANG DIGUI-176
1 69579U 26137H   26263.05750814 -.00000081  00000+0  92353-4 0  9999
2 69579  49.9995 255.3726 0000335 347.2936  12.7927 13.29325250 12955
HULIANWANG DIGUI-177
1 69580U 26137J   26263.04914008 -.00000078  00000+0  10002-3 0  9993
2 69580  49.9975 255.3111 0000247 353.2049   6.8820 13.29326253 12968
CENTISPACE-1 GROUP 05 O*
1 69582U 26138A   26260.88020851 -.00093634  00000+0 -57440-1 0  9995
2 69582  55.1424 299.7003 0005655 262.7532  97.2796 14.06059082 13134
CENTISPACE-1 GROUP 05 O*
1 69583U 26138B   26261.22470867 -.00332793  00000+0 -21077+0 0  9998
2 69583  55.1412 298.3449 0005511 237.1922 122.8517 14.05766058 13189
CENTISPACE-1 GROUP 05 O*
1 69584U 26138C   26260.43798828 -.00000024  00000+0  75846-4 0  9997
2 69584  55.1417 301.2052 0007268 305.2309  54.7980 14.06258098 13072
CENTISPACE-1 GROUP 05 O*
1 69585U 26138D   26263.09400899  .00000125  00000+0  14086-3 0  9990
2 69585  55.1400 290.5188 0012641 106.9464 253.2897 14.15933655 13469
CENTISPACE-1 GROUP 05 O*
1 69586U 26138E   26263.08943723  .00000014  00000+0  84420-4 0  9995
2 69586  55.1394 290.5003 0012246 107.2986 252.9329 14.16002463 13463
CENTISPACE-1 GROUP 05 O*
1 69587U 26138F   26261.77815887 -.00404143  00000+0 -25948+0 0  9997
2 69587  55.1373 296.2113 0002293 277.7065  82.3644 14.05470489 13266
CENTISPACE-1 GROUP 05 O*
1 69588U 26138G   26261.76497974  .00000014  00000+0  99060-4 0  9998
2 69588  55.1394 296.1445 0006752 256.5354 103.4863 14.06035338 13266
SPACEMOBILE-008
1 69589U 26139A   26262.94086788  .00001285  00000+0  88796-4 0  9993
2 69589  52.9951 192.3288 0002409 247.0746 112.9991 15.12989045 14324
SPACEMOBILE-009
1 69590U 26139B   26262.94743595  .00001430  00000+0  97180-4 0  9990
2 69590  52.9943 192.3576 0002715 241.1599 118.9120 15.12884185 14327
SPACEMOBILE-010
1 69591U 26139C   26263.08943436  .00001408  00000+0  96325-4 0  9998
2 69591  52.9947 191.8239 0002933 227.5721 132.5022 15.12742388 14353
KUIPER-00423
1 69592U 26140A   26263.16670139 -.00004708  00000+0 -63856-3 0  9997
2 69592  51.9013 305.5401 0001509 131.9738  74.3003 14.76572004  5252
KUIPER-00428
1 69593U 26140B   26263.11062154  .00023993  00000+0  64094-3 0  9995
2 69593  51.8790 299.9655 0004919 269.5999  90.4424 15.37956749 15837
KUIPER-00481
1 69594U 26140C   26263.16837432  .00000671  00000+0  12598-3 0  9990
2 69594  51.9015 310.4904 0001926 340.4685  19.6202 14.76499259 15692
KUIPER-00490
1 69595U 26140D   26262.42039513  .00001853  00000+0  27199-3 0  9999
2 69595  51.9054 318.9246 0000405  77.2561 282.8447 14.79931795 15512
KUIPER-00493
1 69596U 26140E   26263.19159918  .00001721  00000+0  25465-3 0  9995
2 69596  51.9047 320.5643 0000647 301.2961  58.7938 14.79934446 15552
KUIPER-00496
1 69597U 26140F   26263.16670139 -.00035349  00000+0 -31532-2 0  9992
2 69597  51.8960 304.9666 0005639 280.6215 262.2801 14.95466585  4343
KUIPER-00513
1 69598U 26140G   26262.85934457  .00001663  00000+0  24706-3 0  9990
2 69598  51.9008 317.0280 0000373  78.4377 281.6627 14.79932696 15578
KUIPER-00516
1 69599U 26140H   26263.16670139 -.00084213  00000+0 -58587-2 0  9997
2 69599  51.8882 301.1269 0006546 202.4658 169.6809 15.05348761  5073
KUIPER-00517
1 69600U 26140J   26263.16670139 -.01453186  00000+0 -61457-1 0  9999
2 69600  51.8844 299.5820 0009831 172.4194 196.6968 15.26033256  5718
KUIPER-00520
1 69601U 26140K   26263.17746718  .00000665  00000+0  12487-3 0  9996
2 69601  51.9024 317.5961 0000863 193.6524 166.4414 14.76603771 15592
KUIPER-00522
1 69602U 26140L   26263.16670139 -.00006138  00000+0 -73495-3 0  9998
2 69602  51.9024 305.6807 0008507 140.4705  86.8661 14.82180383  3743
KUIPER-00528
1 69603U 26140M   26263.17740988  .00001878  00000+0  27526-3 0  9998
2 69603  51.9038 318.1388 0000323  66.4370 293.6627 14.79944701 15588
KUIPER-00532
1 69604U 26140N   26263.16670139 -.00040893  00000+0 -37810-2 0  9996
2 69604  51.8958 303.5959 0004184 237.2638  13.2759 14.94139205  5162
KUIPER-00533
1 69605U 26140P   26262.15298443 -.00000006  00000+0  28223-4 0  9990
2 69605  51.9025 317.6635 0000393  69.7213 290.3791 14.79931300 15503
KUIPER-00534
1 69606U 26140Q   26263.16670139 -.00003042  00000+0 -91734-4 0  9990
2 69606  51.8811 300.5473 0013035 131.2397 122.0241 15.29609695  4988
KUIPER-00537
1 69607U 26140R   26262.88771277 -.00000518  00000+0 -38912-4 0  9998
2 69607  51.9013 321.8263 0000733   2.8009 357.2957 14.79927520 15512
KUIPER-00538
1 69608U 26140S   26262.85676706  .00001733  00000+0  25618-3 0  9993
2 69608  51.9041 319.4888 0000707  20.2099 339.8892 14.79945452 15545
KUIPER-00540
1 69609U 26140T   26262.70821204  .00014604  00000+0  38990-3 0  9991
2 69609  51.8821 301.7827 0005050 268.0567  91.9841 15.38334333 15777
KUIPER-00541
1 69610U 26140U   26263.16670139 -.01895365  00000+0 -10625+0 0  9998
2 69610  51.8896 299.9448 0006863 184.0592 332.5310 15.16342117  4864
KUIPER-00542
1 69611U 26140V   26263.16670139 -.00252116  00000+0 -10956-1 0  9998
2 69611  51.8864 299.4407 0008024 162.3714 240.8748 15.22876303  4565
KUIPER-00543
1 69612U 26140W   26263.16670139 -.00036966  00000+0 -36597-2 0  9992
2 69612  51.8987 303.5061 0003169 213.8424 294.5003 14.91394533  4565
KUIPER-00544
1 69613U 26140X   26263.16670139 -.01859464  00000+0 -11276+0 0  9994
2 69613  51.8850 300.2266 0006645 173.7514 268.2650 15.13525066  4267
KUIPER-00546
1 69614U 26140Y   26263.16670139 -.00064487  00000+0 -81303-2 0  9998
2 69614  51.9004 305.6894 0015011 124.9388 187.8795 14.81753148  2701
KUIPER-00547
1 69615U 26140Z   26263.16670139 -.01884640  00000+0 -61298-1 0  9991
2 69615  51.8817 299.0653 0011019 159.3295 101.6732 15.34740138  5538
KUIPER-00549
1 69616U 26140AA  26263.16670139 -.00031919  00000+0 -25158-2 0  9990
2 69616  51.8958 301.5679 0004536 226.9805 174.9566 15.00189249  5784
KUIPER-00550
1 69617U 26140AB  26263.16670139 -.00021926  00000+0 -15983-2 0  9993
2 69617  51.8870 305.4219 0003540 298.7217 109.3365 15.02943342  1935
KUIPER-00551
1 69618U 26140AC  26262.70771584  .00018960  00000+0  50013-3 0  9995
2 69618  51.8785 301.0146 0010979 146.8724 213.2953 15.38458258 15784
KUIPER-00554
1 69619U 26140AD  26262.72615761  .00009708  00000+0  27258-3 0  9997
2 69619  51.8777 301.1329 0009702 157.9334 202.2073 15.37169600 15782
KUIPER-00555
1 69620U 26140AE  26263.10970838  .00017688  00000+0  48827-3 0  9992
2 69620  51.8871 299.2432 0010170 149.6451 210.5127 15.37108191 15847
KUIPER-00556
1 69621U 26140AF  26263.13765015  .00008635  00000+0  11645-2 0  9994
2 69621  51.8987 308.3014 0000419  66.9991 293.1015 14.79775721 15723
KUIPER-00557
1 69622U 26140AG  26263.16670139 -.00003281  00000+0 -81128-4 0  9999
2 69622  51.8807 299.1005 0008908 166.6735  79.5686 15.36008139  3348
KUIPER-00560
1 69623U 26140AH  26262.76891726  .00009820  00000+0  27633-3 0  9995
2 69623  51.8793 301.4105 0008174 186.5114 173.5767 15.37097804 15782
KUIPER-00561
1 69624U 26140AJ  26263.13213552  .00001611  00000+0  24036-3 0  9997
2 69624  51.9027 313.2992 0000629  90.4493 269.6541 14.79916968 15658
KUIPER-00564
1 69625U 26140AK  26261.20718696  .00003404  00000+0  51350-3 0  9994
2 69625  51.8983 319.2870 0002494 115.6463 244.4756 14.76595908 15405
KUIPER-00567
1 69626U 26140AL  26263.17128488 -.00000877  00000+0 -85957-4 0  9991
2 69626  51.8987 308.1525 0002287 135.2669 224.8478 14.79935213 15728
KUIPER-00573
1 69627U 26140AM  26263.13485103  .00001622  00000+0  24169-3 0  9992
2 69627  51.9028 310.8238 0000383 114.7240 245.3762 14.79931105 15684
CENTISPACE-1 GROUP 05 O*
1 69636U 26138J   26260.28764172 -.00000022  00000+0  76889-4 0  9999
2 69636  55.1491 301.6604 0006633 290.5163  69.5095 14.06624070 13021
VICTUS HAZE PUMA
1 69646U 26142A   26263.14138177  .00002681  00000+0  12217-3 0  9999
2 69646  97.4515 159.6620 0015594 127.0491 233.2174 15.21429509 14107
HOKUSHIN-1
1 69648U 98067YH  26262.52848122  .00022115  00000+0  34116-3 0  9991
2 69648  51.6303 191.3052 0005849 182.8085 177.2874 15.54050699 14300
HAIYANG-2E
1 69737U 26149A   26263.04001444 -.00000008  00000+0  35461-4 0  9991
2 69737  99.3478 269.0684 0000394  79.1387 280.9809 13.79299747 11039
KUIPER-00258
1 69763U 26151A   26263.16670139 -.00037757  00000+0 -33162-2 0  9995
2 69763  51.8896 221.1983 0010925  56.6280  10.1824 14.96063432  2961
KUIPER-00526
1 69764U 26151B   26263.19888657 -.00000322  00000+0 -13210-4 0  9997
2 69764  51.8995 235.5991 0000709  57.4412 302.6619 14.79925810 12055
KUIPER-00558
1 69765U 26151C   26262.96251135  .00005692  00000+0  77471-3 0  9998
2 69765  51.8948 236.5632 0000530  38.5613 321.5387 14.79949209 12029
KUIPER-00569
1 69766U 26151D   26262.30680257  .00000323  00000+0  71339-4 0  9992
2 69766  51.8992 236.9541 0001092  33.9952 326.1080 14.79929813 11963
KUIPER-00589
1 69767U 26151E   26262.95800177  .00001364  00000+0  22447-3 0  9990
2 69767  51.9000 237.1379 0002885  62.0528 298.0725 14.76534243 12016
KUIPER-00598
1 69768U 26151F   26263.20697109 -.00003947  00000+0 -48888-3 0  9997
2 69768  51.8970 227.9926 0000738  97.9639 262.1407 14.79940351 12161
KUIPER-00604
1 69769U 26151G   26263.18749752  .00001675  00000+0  24855-3 0  9999
2 69769  51.9012 230.5773 0000479  62.1910 297.9101 14.79948964 12129
KUIPER-00609
1 69770U 26151H   26263.20601392  .00001571  00000+0  25334-3 0  9999
2 69770  51.9016 227.8074 0002398  36.6812 323.4313 14.76620788 12169
KUIPER-00611
1 69771U 26151J   26263.22115124 -.00002544  00000+0 -30474-3 0  9999
2 69771  51.8986 230.4104 0000835  36.2438 323.8580 14.79941311 12131
KUIPER-00612
1 69772U 26151K   26263.20146303  .00049082  00000+0  64630-2 0  9997
2 69772  51.9008 233.0197 0001333  81.7851 278.3262 14.79654526 12092
KUIPER-00614
1 69773U 26151L   26262.93416183  .00000255  00000+0  62453-4 0  9995
2 69773  51.8987 231.7507 0001254  48.7787 311.3284 14.79929506 12085
KUIPER-00615
1 69774U 26151M   26262.67551142  .00002418  00000+0  34596-3 0  9991
2 69774  51.8997 237.7761 0001114 131.5094 228.5964 14.79941745 11983
KUIPER-00616
1 69775U 26151N   26263.16670139 -.00055263  00000+0 -60873-2 0  9999
2 69775  51.8972 220.8457 0006070 140.8857 330.9406 14.87291971  2738
KUIPER-00617
1 69776U 26151P   26263.19284104  .00001968  00000+0  28687-3 0  9995
2 69776  51.8989 225.5564 0000475 172.2909 187.8061 14.79955045 12195
KUIPER-00619
1 69777U 26151Q   26263.21160816  .00001463  00000+0  23820-3 0  9996
2 69777  51.9015 227.7254 0001538 150.7587 209.3460 14.76584661 12160
KUIPER-00621
1 69778U 26151R   26262.63026462 -.00000799  00000+0 -75861-4 0  9996
2 69778  51.9020 233.0391 0000731  96.1022 264.0024 14.79938079 12040
KUIPER-00622
1 69779U 26151S   26263.21779927  .00001540  00000+0  24919-3 0  9993
2 69779  51.9000 234.4040 0001247  71.5360 288.5737 14.76569193 12079
KUIPER-00623
1 69780U 26151T   26262.55997487  .00000350  00000+0  74948-4 0  9990
2 69780  51.8973 235.8619 0001229 102.5062 257.6038 14.79915960 11991
KUIPER-00626
1 69781U 26151U   26263.19009294 -.00002269  00000+0 -26867-3 0  9991
2 69781  51.8990 228.0437 0001123 110.2478 249.8605 14.79944388 12162
KUIPER-00627
1 69782U 26151V   26263.16670139 -.00055671  00000+0 -66066-2 0  9990
2 69782  51.8986 223.2476 0008277  84.5667 266.0509 14.84240044  3470
KUIPER-00629
1 69783U 26151W   26262.63903830  .00000772  00000+0  13023-3 0  9995
2 69783  51.9008 240.4401 0000425  97.5071 262.5939 14.79928069 11949
KUIPER-00631
1 69784U 26151X   26262.92605236 -.00002312  00000+0 -27435-3 0  9993
2 69784  51.8993 239.2297 0000837 116.2928 243.8120 14.79940964 11984
KUIPER-00634
1 69785U 26151Y   26262.94834095  .00001971  00000+0  28747-3 0  9998
2 69785  51.8999 234.1377 0000826  96.8739 263.2317 14.79927889 12059
KUIPER-00639
1 69786U 26151Z   26263.16670139 -.00020680  00000+0 -24410-2 0  9993
2 69786  51.9013 223.2218 0009504  41.5908 129.9984 14.83949961  5654
KUIPER-00641
1 69787U 26151AA  26263.16670139 -.00015288  00000+0 -19814-2 0  9994
2 69787  51.8984 225.6787 0002320 125.2350 185.9653 14.79919588  5324
KUIPER-00644
1 69788U 26151AB  26263.16670139 -.00031286  00000+0 -22966-2 0  9993
2 69788  51.8881 219.2056 0009469  53.0815 284.8708 15.02834884  4910
KUIPER-00646
1 69789U 26151AC  26263.00705405 -.00000919  00000+0 -91543-4 0  9990
2 69789  51.8978 226.4651 0000605  92.7990 267.3041 14.79925634 12165
KUIPER-00647
1 69790U 26151AD  26263.16670139 -.00064295  00000+0 -79225-2 0  9992
2 69790  51.9004 225.3056 0006263  64.0131 139.7513 14.82775822  4512
KUIPER-00662
1 69791U 26151AE  26262.95989198  .00001515  00000+0  22780-3 0  9996
2 69791  51.9002 239.0787 0000073  25.8564 334.2402 14.79910480 11987
ISS OBJECT YJ
1 69794U 98067YJ  26261.08822952  .00029166  00000+0  44990-3 0  9990
2 69794  51.6302 198.9304 0008436 163.6846 196.4417 15.53867441 12079
PROVES-ELECTRA
1 69795U 98067YK  26262.85272312  .00062251  00000+0  81097-3 0  9997
2 69795  51.6287 188.9637 0008119 160.7877 199.3423 15.58096649 12360
ISS OBJECT YL
1 69796U 98067YL  26262.51544197  .00042694  00000+0  60660-3 0  9996
2 69796  51.6314 191.2100 0009459 168.8003 191.3201 15.55915770 12292
ISS OBJECT YM
1 69797U 98067YM  26262.19391877  .00041425  00000+0  59015-3 0  9999
2 69797  51.6291 192.8112 0010700 163.0379 197.0972 15.55842534 12230
ISS OBJECT YN
1 69798U 98067YN  26261.20949225  .00028200  00000+0  43598-3 0  9992
2 69798  51.6306 198.2402 0009209 172.5035 187.6094 15.53816284 12091
ISS OBJECT YP
1 69799U 98067YP  26262.18924418  .00043519  00000+0  61390-3 0  9998
2 69799  51.6292 192.7813 0010708 162.0187 198.1185 15.56087107 12241
QIANFAN-201
1 69800U 26153A   26263.16153862  .00000049  00000+0  23590-4 0  9996
2 69800  88.9977 351.4996 0005019   9.6439 350.4835 14.00290734 11006
QIANFAN-202
1 69801U 26153B   26263.16455933  .00000282  00000+0  16260-3 0  9995
2 69801  88.9978 351.4626 0007018 345.6508  14.4474 14.06321150 11019
QIANFAN-203
1 69802U 26153C   26262.87496598 -.01784701  00000+0 -12284+1 0  9992
2 69802  88.9973 351.5313 0010759 335.7645  24.3028 14.03597517 10964
QIANFAN-204
1 69803U 26153D   26263.05103588  .00000121  00000+0  66419-4 0  9995
2 69803  88.9978 351.5025 0005673 341.2955  18.8017 14.05218033 10999
QIANFAN-205
1 69804U 26153E   26262.79332794 -.01794648  00000+0 -13466+1 0  9996
2 69804  88.9971 351.5556 0003424  20.2703 339.8610 13.98780198 10946
QIANFAN-206
1 69805U 26153F   26262.87109257 -.01770268  00000+0 -12233+1 0  9995
2 69805  88.9973 351.4934 0010734 332.6244  27.4370 14.03344104 10987
QIANFAN-207
1 69806U 26153G   26263.15454867  .00000034  00000+0  12806-4 0  9992
2 69806  88.9978 351.4984 0006585 350.3743   9.7311 14.04604552 11007
QIANFAN-208
1 69807U 26153H   26263.21291155 -.00000020  00000+0 -21793-4 0  9991
2 69807  88.9975 351.4887 0005960  32.6387 327.5161 14.03357272 11026
QIANFAN-209
1 69808U 26153J   26263.18083654 -.00000050  00000+0 -40916-4 0  9992
2 69808  88.9982 351.5035 0006592 340.4768  19.6159 14.02902201 11007
QIANFAN-210
1 69809U 26153K   26262.86445514 -.01770622  00000+0 -13186+1 0  9999
2 69809  88.9973 351.5303 0004686  35.4753 324.6736 13.99150769 10966
QIANFAN-211
1 69810U 26153L   26263.15024323  .00000280  00000+0  13870-3 0  9991
2 69810  88.9979 351.4612 0006688 346.8951  13.2061 14.14540683 11025
QIANFAN-212
1 69811U 26153M   26263.06591582 -.00000003  00000+0 -10134-4 0  9994
2 69811  88.9977 351.4852 0008159 351.4384   8.6659 14.08612333 11001
QIANFAN-213
1 69812U 26153N   26262.87408773 -.01799611  00000+0 -12834+1 0  9998
2 69812  88.9974 351.5120 0008128 317.1707  42.8838 14.01653787 10977
QIANFAN-214
1 69813U 26153P   26262.90287799 -.01795309  00000+0 -12163+1 0  9991
2 69813  88.9972 351.4608 0009853 315.8657  44.1737 14.04513462 11007
QIANFAN-215
1 69814U 26153Q   26262.92740323  .00000041  00000+0  13839-4 0  9995
2 69814  88.9976 351.4071 0006815 358.6058   1.5109 14.15196393 11036
QIANFAN-216
1 69815U 26153R   26263.19776991  .00000223  00000+0  11670-3 0  9998
2 69815  88.9977 351.4118 0006369   1.8563 358.2644 14.10942616 11052
QIANFAN-217
1 69816U 26153S   26263.17369125  .00000379  00000+0  16267-3 0  9993
2 69816  88.9976 351.3322 0007301 358.9412   1.1763 14.22764286 11092
QIANFAN-218
1 69817U 26153T   26263.17254425  .00000388  00000+0  16799-3 0  9990
2 69817  88.9979 351.3347 0005891   1.2052 358.9152 14.22320247 11093
QIANFAN-219
1 69848U 26155A   26263.16608213  .00000138  00000+0  18723-3 0  9995
2 69848  89.0086  53.7331 0037136  11.4274 348.7713 13.53480374 10696
QIANFAN-220
1 69849U 26155B   26262.81159607 -.01920665  00000+0 -32185+1 0  9999
2 69849  89.0089  53.7964 0035820  13.6977 346.5138 13.50317053 10635
QIANFAN-221
1 69850U 26155C   26262.74960344 -.01871803  00000+0 -22183+1 0  9997
2 69850  89.0083  53.5671 0029442  18.7622 341.4619 13.71899379 10750
QIANFAN-222
1 69851U 26155D   26262.83223653 -.01819272  00000+0 -30594+1 0  9990
2 69851  89.0085  53.8142 0036184  11.4677 348.7290 13.49844585 10625
QIANFAN-223
1 69852U 26155E   26263.14922532  .00000069  00000+0  89001-4 0  9992
2 69852  89.0091  53.7883 0034722  12.6540 347.5474 13.49929195 10668
QIANFAN-224
1 69853U 26155F   26262.83836649 -.01816590  00000+0 -30266+1 0  9993
2 69853  89.0066  53.7650 0037117  17.7990 342.4451 13.50418947 10646
QIANFAN-225
1 69854U 26155G   26262.83878916 -.01704552  00000+0 -28789+1 0  9998
2 69854  89.0079  53.8111 0033777  21.5342 338.7220 13.49325804 10623
QIANFAN-226
1 69855U 26155H   26262.77368566 -.01813144  00000+0 -29777+1 0  9993
2 69855  89.0078  53.8014 0036319  16.6338 343.5996 13.51339567 10628
QIANFAN-227
1 69856U 26155J   26262.84108167 -.01777029  00000+0 -31727+1 0  9990
2 69856  89.0080  53.7958 0037319  11.3010 348.8968 13.45879698 10633
QIANFAN-228
1 69857U 26155K   26262.79605182 -.01773867  00000+0 -28271+1 0  9990
2 69857  89.0085  53.7907 0033910  18.1080 342.1272 13.53189769 10635
QIANFAN-229
1 69858U 26155L   26262.78706105 -.01877480  00000+0 -32123+1 0  9994
2 69858  89.0090  53.7705 0038013   8.9911 351.1911 13.48849488 10643
QIANFAN-230
1 69859U 26155M   26262.89906334  .00000048  00000+0  56058-4 0  9995
2 69859  89.0088  53.8021 0034644  14.2681 345.9440 13.51033410 10634
QIANFAN-231
1 69860U 26155N   26262.90297294  .00000045  00000+0  45820-4 0  9999
2 69860  89.0087  53.7512 0036827   8.9579 351.2225 13.57849306 10669
QIANFAN-232
1 69861U 26155P   26263.13989338  .00000068  00000+0  87788-4 0  9997
2 69861  89.0082  53.7276 0026228  11.4159 348.7581 13.50451866 10691
QIANFAN-233
1 69862U 26155Q   26262.80869671 -.01822722  00000+0 -29961+1 0  9995
2 69862  89.0084  53.7555 0037180  14.0399 346.1777 13.51294682 10655
QIANFAN-234
1 69863U 26155R   26262.81180670 -.01839708  00000+0 -27950+1 0  9990
2 69863  89.0076  53.7016 0032146  12.8444 347.3522 13.56400445 10688
QIANFAN-235
1 69864U 26155S   26262.83681368 -.01861903  00000+0 -17940+1 0  9993
2 69864  89.0086  53.5091 0029458  21.8127 338.4290 13.84271764 10797
QIANFAN-236
1 69865U 26155T   26263.20178920  .00000043  00000+0  43138-4 0  9990
2 69865  89.0093  53.7415 0034519  11.0957 349.0951 13.57139917 10698
QIANFAN-237
1 69866U 26155U   26262.82255542 -.01804373  00000+0 -29100+1 0  9994
2 69866  89.0086  53.7411 0034788  16.7510 343.4782 13.52496755 10659
QIANFAN-238
1 69867U 26155V   26262.82830697 -.01832833  00000+0 -29998+1 0  9992
2 69867  89.0086  53.7592 0027073  13.6111 346.5765 13.51721159 10655
CAS500-4
1 69869U 26156A   26262.57160533  .00000254  00000+0  19940-3 0  9992
2 69869  98.9888 161.5535 0011824   0.8672 359.2512 14.00808477 10394
ICEYE-X79
1 69870U 26156B   26262.99824520  .00001824  00000+0  18593-3 0  9990
2 69870  97.7433 162.1772 0005148 261.4827  98.5809 14.91892243 11137
PELICAN-11
1 69871U 26156C   26262.94171657  .00000782  00000+0  76853-4 0  9998
2 69871  97.7135 162.2028 0004192 352.9338   7.1823 14.94926923 10949
TOM-1
1 69872U 26156D   26263.18218527  .00000634  00000+0  70041-4 0  9993
2 69872  97.7429 162.2455 0002619 199.2443 160.8677 14.90821165 11157
FIRESAT2
1 69873U 26156E   26263.15224738  .00000495  00000+0  57466-4 0  9993
2 69873  97.7669 162.3352 0004788 264.8139  95.2532 14.89650757 11157
CUBY-4
1 69874U 26156F   26262.97326868  .00000329  00000+0  38836-4 0  9996
2 69874  97.7437 162.0629 0001754 222.8669 137.2413 14.90977526 11127
CUBY-3
1 69875U 26156G   26263.03696434  .00000260  00000+0  31783-4 0  9992
2 69875  97.7422 162.1210 0002164 220.0733 140.0326 14.91064926 11135
ION SCV-023
1 69876U 26156H   26263.19260808  .00000465  00000+0  51374-4 0  9997
2 69876  97.5920 161.4263 0005368 264.5112  95.5495 14.91867893 11168
TRANSPORTER-17 OBJECT J
1 69877U 26156J   26262.54234611  .00002719  00000+0  27601-3 0  9998
2 69877  97.7459 161.7299 0003165 253.7424 106.3447 14.91668853 11061
GRUS-3G
1 69878U 26156K   26262.46145749  .00000754  00000+0  80266-4 0  9997
2 69878  97.7426 161.6470 0005232 262.7243  97.3381 14.91810158 11054
ANDURIL-216
1 69879U 26156L   26263.14233686  .00001072  00000+0  11227-3 0  9996
2 69879  97.7465 162.3301 0004020 257.7923 102.2845 14.91636730 11156
TRANSPORTER-17 OBJECT M
1 69880U 26156M   26263.16479860  .00001110  00000+0  11722-3 0  9999
2 69880  97.7366 162.2105 0003444 218.3272 141.7702 14.91215874 11150
CUBY-2
1 69881U 26156N   26263.16774477  .00000241  00000+0  29920-4 0  9996
2 69881  97.7404 162.2401 0002865 225.4279 134.6706 14.91083849 11155
LEMUR-2-DELOITTE-6
1 69882U 26156P   26262.95903775  .00001213  00000+0  12722-3 0  9999
2 69882  97.7482 162.1236 0001876 271.8171  88.2833 14.91352311 11129
HYPERION GR-1
1 69883U 26156Q   26262.95543196  .00000512  00000+0  57078-4 0  9992
2 69883  97.7457 162.1072 0003767 261.2579  98.8213 14.91189497 11128
YAM-17
1 69884U 26156R   26262.97640613  .00000845  00000+0  91964-4 0  9998
2 69884  97.5583 160.9296 0001861  68.2817 291.8600 14.90463377 11120
GRUS-3A
1 69885U 26156S   26262.94470021  .00000707  00000+0  76134-4 0  9999
2 69885  97.7433 162.0986 0004337 250.4152 109.6599 14.91535416 11122
FIRESAT1
1 69886U 26156T   26262.99812801  .00000810  00000+0  86349-4 0  9995
2 69886  97.7467 162.2120 0005860 272.6050  87.4498 14.91571231 11123
NAVIGATOR
1 69887U 26156U   26262.52555286  .00000538  00000+0  58818-4 0  9993
2 69887  97.7467 161.7532 0005702 271.6206  88.4359 14.91861506 11069
TRANSPORTER-17 OBJECT V
1 69888U 26156V   26262.00901321  .00001622  00000+0  16747-3 0  9991
2 69888  97.7478 161.2115 0003225 261.2282  98.8571 14.91524782 10827
ICEYE-X81
1 69889U 26156W   26263.14475965  .00001786  00000+0  18334-3 0  9993
2 69889  97.7465 162.3264 0003868 254.4421 105.6371 14.91628380 11154
FIRESAT3
1 69890U 26156X   26262.44792588  .00000611  00000+0  65463-4 0  9992
2 69890  97.7458 161.6957 0004942 274.1532  85.9122 14.92223315 11058
GRUS-3C
1 69891U 26156Y   26263.14181090  .00000735  00000+0  78760-4 0  9992
2 69891  97.7426 162.2937 0004686 252.1717 107.8991 14.91618848 11152
ICEYE-X77
1 69892U 26156Z   26263.18726823  .00051988  00000+0  50412-2 0  9994
2 69892  97.7436 162.4065 0005520 267.1993  92.8594 14.92442443 11168
ICEYE-X80
1 69893U 26156AA  26262.94424792  .00001764  00000+0  18120-3 0  9996
2 69893  97.7458 162.1209 0003755 254.6400 105.4404 14.91626443 11122
GRUS-3F
1 69894U 26156AB  26262.93990280  .00000755  00000+0  80721-4 0  9992
2 69894  97.7466 162.1356 0004170 258.3240 101.7511 14.91631750 11125
MIKROGLOB-1 (PIRX-1)
1 69895U 26156AC  26263.14020618  .00000742  00000+0  79404-4 0  9998
2 69895  97.7430 162.2995 0004803 253.5157 106.5534 14.91653884 11157
BRO-31
1 69896U 26156AD  26262.44605386  .00000876  00000+0  91607-4 0  9999
2 69896  97.7446 161.6860 0006036 273.1335  86.9194 14.92152888 11056
TRANSPORTER-17 OBJECT AE
1 69897U 26156AE  26262.97903373  .00000904  00000+0  97256-4 0  9993
2 69897  97.7484 162.0999 0000445 274.3948  85.7219 14.90883599 11129
GRUS-3E
1 69898U 26156AF  26261.46761816  .00000822  00000+0  87579-4 0  9997
2 69898  97.7463 160.6775 0003942 262.3249  97.7522 14.91557881 10907
FOSSASAT-2E26
1 69899U 26156AG  26263.15814154  .00001173  00000+0  12332-3 0  9994
2 69899  97.7431 162.2766 0003597 239.5504 120.5359 14.91307313 11151
TRANSPORTER-17 OBJECT AH
1 69900U 26156AH  26262.55316968  .00001581  00000+0  16400-3 0  9993
2 69900  97.7481 161.7332 0002874 247.3403 112.7511 14.91381102 11065
R5-S9
1 69901U 26156AJ  26263.16399463  .00000592  00000+0  65204-4 0  9991
2 69901  97.7439 162.2787 0003231 230.6571 129.4361 14.91178548 11154
CUBY-1
1 69902U 26156AK  26263.16631779  .00000452  00000+0  51064-4 0  9995
2 69902  97.7404 162.2462 0002680 227.7593 132.3398 14.91167909 11157
BALKAN-3
1 69903U 26156AL  26263.16649933  .00001252  00000+0  13162-3 0  9992
2 69903  97.7490 162.3230 0001741 244.9214 115.1824 14.91187802 11152
KITA-53
1 69904U 26156AM  26262.19904678  .00000974  00000+0  10234-3 0  9992
2 69904  97.7428 161.3758 0004582 260.1925  99.8776 14.91708845 10905
LEMUR-2-ALEX-FULTON
1 69905U 26156AN  26262.95966480  .00001966  00000+0  20256-3 0  9993
2 69905  97.7482 162.1264 0001795 249.5982 110.5043 14.91383890 11126
TOM-3
1 69906U 26156AP  26262.96966721  .00000602  00000+0  66506-4 0  9998
2 69906  97.7388 162.0260 0002780 226.9636 133.1350 14.90970835 11129
CUBY-5
1 69907U 26156AQ  26262.97014120  .00000792  00000+0  85627-4 0  9992
2 69907  97.7416 162.0476 0002269 223.4857 136.6183 14.91027581 11124
MISR-D 1
1 69908U 26156AR  26262.53927230  .00001240  00000+0  12891-3 0  9991
2 69908  97.7435 161.7070 0004429 255.5551 104.5177 14.91652297 11067
KITA-36
1 69909U 26156AS  26262.94652839  .00000813  00000+0  86709-4 0  9992
2 69909  97.7452 162.1144 0003968 251.0238 109.0550 14.91509884 11129
LEMUR-2-DELOITTE-5
1 69910U 26156AT  26261.95641167  .00002226  00000+0  22896-3 0  9992
2 69910  97.7460 161.1154 0001359 264.3067  95.7997 14.91311908 10975
TRANSPORTER-17 OBJECT AU
1 69911U 26156AU  26262.98117225  .00000770  00000+0  83792-4 0  9995
2 69911  97.7453 162.0688 0000762 207.2042 152.9137 14.90828482 11125
MARMOTSAT
1 69912U 26156AV  26263.17658101  .00000820  00000+0  88607-4 0  9997
2 69912  97.7472 162.2896 0000939 236.9721 123.1408 14.90954502 11156
TRANSPORTER-17 OBJECT AW
1 69913U 26156AW  26263.17244153  .00000758  00000+0  82215-4 0  9995
2 69913  97.7496 162.3188 0001154 265.8069  94.3017 14.91033018 11150
TOM-2
1 69914U 26156AX  26262.97930766  .00000536  00000+0  59990-4 0  9993
2 69914  97.7475 162.0918 0001804 202.5366 157.5773 14.90852315 11122
MISR-D 2
1 69915U 26156AY  26262.52779360  .00001159  00000+0  12021-3 0  9991
2 69915  97.7429 161.7160 0005130 264.1347  95.9287 14.91865061 11067
KOYO
1 69916U 26156AZ  26263.03721446  .00001472  00000+0  15401-3 0  9994
2 69916  97.7433 162.1313 0001350 227.9556 132.1548 14.91116768 11132
BOHR
1 69917U 26156BA  26262.48704797  .00001239  00000+0  12554-3 0  9990
2 69917  97.7489 161.8258 0008180 279.3516  80.6778 14.92695615 11061
GRUS-3B
1 69918U 26156BB  26263.06400293  .00000747  00000+0  79476-4 0  9990
2 69918  97.7467 162.2818 0004778 266.4972  93.5700 14.91833222 11141
GRUS-3D
1 69919U 26156BC  26262.45393572  .00000634  00000+0  68130-4 0  9994
2 69919  97.7436 161.6658 0005577 268.1990  91.8590 14.91962022 11059
MARINA
1 69920U 26156BD  26262.44666364  .00001315  00000+0  13464-3 0  9993
2 69920  97.7440 161.6799 0005835 270.1869  89.8681 14.92176795 11050
TRANSPORTER-17 OBJECT BE
1 69921U 26156BE  26263.18410259  .00002177  00000+0  21879-3 0  9992
2 69921  97.7462 162.4307 0005062 272.8822  87.1818 14.92268118 11165
POSIDONIA
1 69922U 26156BF  26263.18821564  .00000396  00000+0  44690-4 0  9996
2 69922  97.7436 162.3946 0005537 270.1423  89.9161 14.91884490 11167
RAFS
1 69923U 26156BG  26262.98383546  .00000835  00000+0  87659-4 0  9997
2 69923  97.7429 162.1963 0006044 266.6103  93.4425 14.92121667 11137
CENTAURI-9
1 69924U 26156BH  26262.97776659  .00000470  00000+0  51551-4 0  9995
2 69924  97.7437 162.2121 0006719 265.5020  94.5432 14.92220622 11130
ET-001A
1 69925U 26156BJ  26262.63180393  .00002248  00000+0  22358-3 0  9990
2 69925  97.7427 161.8878 0006669 268.6293  91.4163 14.92647734 11082
LEMUR-2-JESS-R
1 69926U 26156BK  26263.16775288  .00001866  00000+0  18681-3 0  9992
2 69926  97.7494 162.4805 0006693 281.1750  78.8716 14.92597615 11163
REPLICATOR 2
1 69927U 26156BL  26263.17473900  .00000442  00000+0  48783-4 0  9996
2 69927  97.7452 162.4294 0006790 272.7587  87.2855 14.92304908 10991
LEMUR-2-ALYX
1 69928U 26156BM  26262.96524983  .00001793  00000+0  17952-3 0  9994
2 69928  97.7488 162.2773 0007008 276.8855  83.1567 14.92627852 11135
N2-P-BODY
1 69929U 26156BN  26262.96034507  .00001928  00000+0  19202-3 0  9993
2 69929  97.7461 162.2599 0007186 273.3439  86.6958 14.92746341 11137
LEMUR-2-SOPHILUNA-X1
1 69930U 26156BP  26262.96006025  .00002061  00000+0  20501-3 0  9992
2 69930  97.7478 162.2753 0007291 280.0821  79.9576 14.92726181 11137
GRITSS
1 69931U 26156BQ  26261.96051250  .00001290  00000+0  13123-3 0  9997
2 69931  97.7434 161.2359 0007669 270.7551  89.2789 14.92472407 10987
LEMUR-2-NURAY
1 69932U 26156BR  26262.96536694  .00000892  00000+0  92349-4 0  9994
2 69932  97.7384 162.1801 0007876 263.0034  97.0289 14.92499124 11130
LEMUR-2-CRIMBOREALIS
1 69933U 26156BS  26262.95822992  .00001121  00000+0  11402-3 0  9999
2 69933  97.7468 162.2649 0007807 272.8857  87.1469 14.92716401 11130
LEMUR-2-DELOITTE-4
1 69934U 26156BT  26262.95709998  .00001256  00000+0  12701-3 0  9992
2 69934  97.7459 162.2584 0007920 275.8648  84.1669 14.92739027 11134
KOSTKA
1 69935U 26156BU  26262.95639264  .00001648  00000+0  16498-3 0  9993
2 69935  97.7396 162.2012 0008265 267.2085  92.8189 14.92735806 11138
TRANSPORTER-17 OBJECT BV
1 69936U 26156BV  26262.95895884  .00000981  00000+0  10065-3 0  9999
2 69936  97.7394 162.1977 0008285 266.5262  93.5010 14.92632033 11136
LEONAV-1
1 69937U 26156BW  26263.14622154  .00001887  00000+0  18702-3 0  9992
2 69937  97.7428 162.4449 0009143 266.3684  93.6490 14.92961943 11163
CYBERCUBE
1 69938U 26156BX  26263.15655218  .00001735  00000+0  17327-3 0  9995
2 69938  97.7412 162.4163 0008089 264.3446  95.6851 14.92779732 11168
CLOUDCT-PRECURSOR
1 69939U 26156BY  26262.48867085  .00000819  00000+0  84973-4 0  9992
2 69939  97.7487 161.8232 0008161 278.9442  81.0853 14.92631292 11067
LEMUR-2-ELEONORE
1 69940U 26156BZ  26262.95341117  .00000747  00000+0  77785-4 0  9992
2 69940  97.7471 162.2756 0008722 269.6614  90.3606 14.92721063 11132
ET-001B
1 69941U 26156CA  26262.43168283  .00003467  00000+0  34168-3 0  9996
2 69941  97.7422 161.6883 0006298 270.4715  89.5782 14.92667129 11059
ET-001C
1 69942U 26156CB  26262.97074638  .00001548  00000+0  15624-3 0  9990
2 69942  97.7413 162.2101 0006716 265.7579  94.2873 14.92500589 11139
CHUANG XIN 26 (CX-26)
1 69972U 26158A   26263.16344095  .00000094  00000+0  10750-3 0  9994
2 69972  49.9857 357.7874 0005204 179.1215 180.9708 14.25130814 10255
THOR AGENA D R/B
1 00733U 64002A   26263.04473269  .00000066  00000+0  40897-4 0  9992
2 00733  99.1135 286.8857 0033616  53.7719 306.6564 14.34095547266150
SL-3 R/B
1 00877U 64053B   26263.03772089  .00000029  00000+0  30024-4 0  9998
2 00877  65.0756 121.3953 0076556 230.9539 128.4732 14.61464637295192
SL-8 R/B
1 02802U 67045B   26263.16444978  .00000115  00000+0  39691-4 0  9994
2 02802  74.0138 344.8598 0065253 304.8491  54.6541 14.45720986117121
SL-8 R/B
1 03230U 68040B   26263.03567228  .00001508  00000+0  11104-3 0  9991
2 03230  74.0274 276.2463 0023104  40.4072 319.8828 15.04216436119227
ISIS 1
1 03669U 69009A   26263.07724950  .00000100  00000+0  56196-4 0  9992
2 03669  88.4383 133.9797 1707963  56.6970 318.6159 11.30450061370492
SERT 2
1 04327U 70009A   26262.60534682  .00000002  00000+0  59187-4 0  9999
2 04327  99.2872 195.2591 0005543  38.3252 135.0240 13.58746183806226
SL-3 R/B
1 05118U 71028B   26263.18858038  .00070945  00000+0  37188-3 0  9997
2 05118  81.2292 168.5783 0006494 313.9199  46.1528 15.80507101 19191
ASTEX 1
1 05560U 71089A   26263.11039069  .00000233  00000+0  59164-4 0  9995
2 05560  92.7111 214.4662 0016807 140.7465 219.4963 14.50913485890497
SL-8 R/B
1 05730U 71119B   26262.99184410  .00005786  00000+0  29863-3 0  9994
2 05730  73.8863 171.6502 0537726  98.1639 268.0848 14.40420638683443
SL-8 R/B
1 08459U 75112B   26263.05477000  .00000135  00000+0  52836-4 0  9990
2 08459  74.0628  21.3390 0014705  61.2644 298.9986 14.38280442659819
SL-3 R/B
1 10114U 77057B   26263.19328957  .00008467  00000+0  15478-3 0  9998
2 10114  97.5878  84.5002 0005158 304.6441  55.4323 15.49638236698410
SEASAT 1
1 10967U 78064A   26262.51426816  .00000095  00000+0  64921-4 0  9998
2 10967 108.0074 172.2843 0002287 298.1146  61.9769 14.46289538534530
SL-14 R/B
1 11267U 79011B   26263.00343435  .00000325  00000+0  29360-4 0  9999
2 11267  82.5205 272.1724 0017290 125.0213 235.2632 14.92080910557755
SL-8 R/B
1 11574U 79089B   26262.94517940  .00000145  00000+0  51715-4 0  9990
2 11574  74.0664  91.4396 0016320 216.6890 143.3150 14.42437956464111
SL-14 R/B
1 11672U 80005B   26263.01035701  .00000260  00000+0  23680-4 0  9996
2 11672  82.5130 122.9003 0014375 232.0382 127.9539 14.91097693505448
SL-8 R/B
1 12139U 81003B   26262.87970615  .00012184  00000+0  28533-3 0  9998
2 12139  82.9341 109.5798 0238939 219.3798 138.9858 15.17315090344068
SL-3 R/B
1 12465U 81046B   26263.19299045  .00008379  00000+0  17018-3 0  9991
2 12465  81.2287  55.4421 0017776  60.8986 299.4036 15.45988816468448
SL-3 R/B
1 12904U 81103B   26263.21208738  .00002257  00000+0  94946-4 0  9990
2 12904  81.1609 344.9321 0012367 354.7119   5.3980 15.22928908  2832
SL-3 R/B
1 13068U 82013B   26263.15540174  .00002148  00000+0  88899-4 0  9998
2 13068  81.1715 292.5436 0020626 240.8295 119.0874 15.23316872433941
SL-3 R/B
1 13154U 82039B   26263.21067352  .00001328  00000+0  77323-4 0  9990
2 13154  81.1486 351.3010 0031966  39.6043 320.7509 15.10915059411005
SL-3 R/B
1 13403U 82079B   26263.11899922  .00002988  00000+0  11263-3 0  9999
2 13403  81.1470 323.1352 0022937 224.1735 135.7668 15.26505042407344
SL-14 R/B
1 13553U 82092B   26263.14304714  .00000210  00000+0  20679-4 0  9991
2 13553  82.5689 319.4556 0020753  20.3343   9.4616 14.86804288357822
SL-3 R/B
1 13819U 83010B   26262.93536519  .00010711  00000+0  17998-3 0  9999
2 13819  81.1000 123.0807 0015488  83.7881 276.5131 15.51473202388011
SL-3 R/B
1 14208U 83075B   26263.17934958  .00006930  00000+0  16329-3 0  9994
2 14208  97.6125 275.6903 0018025 249.4237 110.5076 15.42105624360094
COSMOS 1536
1 14699U 84013A   26263.00987719  .00003532  00000+0  13603-3 0  9993
2 14699  82.5413 274.3386 0012490 324.9356  35.1058 15.25954451302238
SL-14 R/B
1 14820U 84027B   26263.15371266  .00000272  00000+0  28105-4 0  9996
2 14820  82.5393  62.6370 0019131  52.5277 307.7675 14.86112929276513
SL-8 R/B
1 15483U 85006B   26262.91830723  .00000120  00000+0  48336-4 0  9991
2 15483  74.0428 263.7315 0017292 133.1028 291.6486 14.37864745181942
SL-12 R/B(2)
1 15772U 85042D   26262.79223171  .00000091  00000+0  62302-4 0  9997
2 15772  71.1091  37.6328 0035278 187.0984 321.8038 14.22021721141984
SL-14 R/B
1 15945U 85069B   26262.54026402  .00000281  00000+0  28971-4 0  9994
2 15945  82.5286 202.6224 0017119 270.4301  89.4954 14.86572025201632
SL-16 R/B
1 16182U 85097B   26262.97591236 -.00000183  00000+0 -67619-4 0  9993
2 16182  71.0004  91.5181 0009167 309.5477 202.5270 14.16619334114748
SL-14 R/B
1 16496U 86006B   26262.93336560  .00000291  00000+0  28059-4 0  9998
2 16496  82.5234  76.9381 0075934 349.7355  10.2306 14.87015234178070
COSMOS 1743
1 16719U 86034A   26262.63718721  .00066669  00000+0  41432-3 0  9997
2 16719  82.5229 227.5928 0001849 111.8380 248.3082 15.76746335210628
SL-14 R/B
1 16792U 86046B   26262.71218158  .00000280  00000+0  29337-4 0  9997
2 16792  82.4784 256.8546 0021820 309.3107  50.6174 14.85725826155217
SL-14 R/B
1 16882U 86055B   26263.09953786  .00000206  00000+0  20774-4 0  9996
2 16882  82.5194 303.9055 0020053  52.0094 338.1547 14.85778162148239
SL-14 R/B
1 17567U 87024B   26263.01171757  .00000259  00000+0  26668-4 0  9992
2 17567  82.5245 270.1233 0017638 342.0224  18.0366 14.86267789116992
COSMOS 1833
1 17589U 87027A   26263.03659057 -.00000304  00000+0 -13645-3 0  9998
2 17589  70.9152 277.5097 0026829 271.3537  88.4510 14.13046392 37771
SL-16 R/B
1 17590U 87027B   26263.15148368  .00000250  00000+0  14745-3 0  9991
2 17590  71.0016 226.7071 0005710 208.4698 151.6114 14.17185102 42896
SL-14 R/B
1 17912U 87038B   26263.03949403  .00000213  00000+0  21886-4 0  9991
2 17912  82.4989 113.7321 0017841 240.0665 119.8780 14.85498027108083
COSMOS 1844
1 17973U 87041A   26263.21664716 -.00000183  00000+0 -69687-4 0  9992
2 17973  70.9010 343.8581 0028462  90.4151 270.0232 14.14578708 31094
SL-14 R/B
1 18153U 87055B   26263.18422763  .00000239  00000+0  24566-4 0  9995
2 18153  82.5021 165.6835 0022175  90.2155 270.1602 14.85761788 98810
COSMOS 1867
1 18187U 87060A   26263.00407589 -.00000074  00000+0  99078-5 0  9997
2 18187  65.0093 122.5175 0018606 280.7321  79.1669 14.31524215 47756
SL-14 R/B
1 18749U 88001B   26263.05794191  .00000258  00000+0  26971-4 0  9994
2 18749  82.5163  12.4995 0016956 319.2758  40.7190 14.85662239 70888
COSMOS 1933
1 18958U 88020A   26261.71248072  .00003089  00000+0  14526-3 0  9997
2 18958  82.5113  59.7618 0002734 237.2405 122.8566 15.19222616 79526
SL-3 R/B
1 19046U 88032B   26263.16493102  .00002854  00000+0  12922-3 0  9993
2 19046  97.5367 246.2071 0023265 275.7417  84.1166 15.21494596 81665
SL-16 R/B
1 19120U 88039B   26263.03302248 -.00000155  00000+0 -50354-4 0  9995
2 19120  71.0171  17.6021 0020425  36.8131 323.4392 14.19637627985963
COSMOS 1953
1 19210U 88050A   26263.14303898  .00004489  00000+0  14795-3 0  9992
2 19210  82.5083 322.2000 0011469 149.4291 210.7621 15.31123130 67519
SL-8 R/B
1 19257U 88053B   26263.06099773  .00000139  00000+0  53376-4 0  9998
2 19257  74.0456 114.1712 0021057 247.4643 274.0804 14.38996656  4448
COSMOS 1975
1 19573U 88093A   26263.05985330  .00004500  00000+0  15188-3 0  9999
2 19573  82.5160 282.1982 0010585 193.6524 166.4432 15.30363797 49115
SL-14 R/B
1 19574U 88093B   26263.15514080  .00000291  00000+0  30527-4 0  9999
2 19574  82.5311 219.4767 0022111 112.7290 258.4893 14.85792243 29895
SL-16 R/B
1 19650U 88102B   26263.00817515  .00000079  00000+0  64137-4 0  9996
2 19650  70.9978 102.6246 0012107  71.4633 288.7805 14.16175551954405
INTERCOSMOS 24
1 20261U 89080A   26263.16351449  .00000442  00000+0  12668-3 0  9993
2 20261  82.6103 337.8244 1186949 201.3688 153.3628 12.59735385691282
SL-14 R/B
1 20262U 89080C   26263.13117422  .00000223  00000+0  57287-4 0  9996
2 20262  82.5924  48.2941 1230342 100.2757 273.9069 12.50606722684453
DELTA 1 R/B
1 20323U 89089B   26262.91677307  .00000216  00000+0  62067-4 0  9995
2 20323  97.0661  79.3378 0067845 227.7756 131.7674 14.50776842923898
ARIANE 40 R/B
1 20443U 90005H   26263.10337910  .00000101  00000+0  45405-4 0  9993
2 20443  98.2862 317.7223 0009637 346.6687  13.4246 14.39964552920784
COSMOS 2058
1 20465U 90010A   26263.15399017  .00003105  00000+0  17675-3 0  9998
2 20465  82.4672 215.6607 0010619  34.8824 325.3101 15.12456830971626
SL-14 R/B
1 20466U 90010B   26262.99129644  .00000244  00000+0  26557-4 0  9998
2 20466  82.4985  84.8997 0020336  23.5419 336.6722 14.83694304957292
SL-14 R/B
1 20511U 90018B   26263.12868383  .00000289  00000+0  33235-4 0  9993
2 20511  82.5216  41.3389 0016376 167.3586 192.8043 14.82266049951387
SL-16 R/B
1 20625U 90046B   26262.95689611 -.00000159  00000+0 -57545-4 0  9993
2 20625  70.9964 249.9065 0014058 359.4827   0.6278 14.15032086875871
COSMOS 2084
1 20663U 90055A   26262.79507991  .00001408  00000+0  10860-3 0  9991
2 20663  62.7899  33.0928 0017888 349.8169  10.2567 15.06441814965552
SL-6 R/B(2)
1 20666U 90055D   26263.18295360  .00000811  00000+0  70939-4 0  9993
2 20666  62.7819 312.0340 0055403  17.2630 343.0336 15.04289360967444
SL-8 R/B
1 20775U 90078B   26262.90878845  .00011287  00000+0  30622-3 0  9996
2 20775  82.8979  75.8305 0341146  77.1376 286.7721 14.95072814838265
SL-8 R/B
1 21088U 91006B   26263.09323376  .00000103  00000+0  88211-4 0  9994
2 21088  82.9448  25.4068 0021875 207.3830 325.5984 13.77523360790837
OKEAN-3
1 21397U 91039A   26263.11636812  .00001200  00000+0  80859-4 0  9997
2 21397  82.5183 148.3167 0014756  32.4858 327.7274 15.05690851894287
COSMOS 2151
1 21422U 91042A   26263.15095778  .00000890  00000+0  68079-4 0  9998
2 21422  82.4929 256.0190 0013783 118.0217 242.2403 15.00648277892356
SL-14 R/B
1 21423U 91042B   26262.34520172  .00000248  00000+0  28295-4 0  9993
2 21423  82.4934  38.5707 0016158 329.1699  30.8565 14.81947916881750
ERS-1
1 21574U 91050A   26262.34589864  .00000170  00000+0  69045-4 0  9994
2 21574  98.7777 285.3362 0031612 349.7057  10.3479 14.39566533843591
ARIANE 40 R/B
1 21610U 91050F   26262.00675646  .00000174  00000+0  64228-4 0  9994
2 21610  98.1789 306.7296 0002848 183.6700 176.4470 14.43002233846878
INTERCOSMOS 25
1 21819U 91086A   26263.19439959  .00001386  00000+0  26465-3 0  9996
2 21819  82.6072 192.3446 1485453  57.4641 316.1294 12.12346829520252
SL-8 R/B
1 21876U 92008B   26263.04259830  .00000091  00000+0  78471-4 0  9993
2 21876  82.9252 123.2716 0033802 313.4840 217.4045 13.75993180736145
SL-8 R/B
1 21938U 92020B   26262.60481801  .00000074  00000+0  60504-4 0  9991
2 21938  82.9346   9.7128 0030331 115.5992 256.1513 13.75560495727796
USA 81
1 21949U 92023A   26263.06907931  .00000118  00000+0  36112-4 0  9991
2 21949  85.0112  19.2287 0002564 104.2680 255.8798 14.32418561122612
COSMOS 2219
1 22219U 92076A   26262.48323373 -.00000293  00000+0 -12874-3 0  9991
2 22219  71.0626 332.9461 0020678 265.2831  94.5930 14.14110739745779
SL-16 R/B
1 22220U 92076B   26263.14719052  .00000175  00000+0  11101-3 0  9999
2 22220  70.9997 138.7460 0012139 168.2439 358.3509 14.16882869749375
COSMOS 2221
1 22236U 92080A   26263.00999513  .00000984  00000+0  83744-4 0  9999
2 22236  82.5000  92.8981 0012703 258.0955 101.8843 14.96751966809855
SL-16 R/B
1 22285U 92093B   26263.15116701 -.00000278  00000+0 -11812-3 0  9997
2 22285  71.0225 316.0316 0004661 338.9317  21.1613 14.15472375740676
COSMOS 2228
1 22286U 92094A   26263.15815749  .00001260  00000+0  10462-3 0  9997
2 22286  82.5168  51.0341 0017928  11.5924 348.5707 14.97838415805169
SL-16 R/B
1 22566U 93016B   26263.14134889  .00000103  00000+0  77139-4 0  9991
2 22566  71.0076 166.7726 0009476  15.7980 344.3436 14.15316560729686
COSMOS 2242
1 22626U 93024A   26262.96092741  .00001019  00000+0  85738-4 0  9997
2 22626  82.5150  80.8432 0016483  16.5043 343.6712 14.97137215809459
SL-16 R/B
1 22803U 93059B   26263.13780411  .00000133  00000+0  89575-4 0  9999
2 22803  70.9914 321.0658 0019428 273.5736  86.3166 14.17256157707080
ARIANE 40 R/B
1 22830U 93061H   26263.17074594  .00000081  00000+0  45374-4 0  9995
2 22830  98.4726 328.0118 0011801  71.1199 289.1263 14.32938435721952
COSMOS 2278
1 23087U 94023A   26262.87374280  .00000252  00000+0  15632-3 0  9993
2 23087  71.0528 128.8180 0006772  91.5583 268.6315 14.14409878672266
SL-16 R/B
1 23088U 94023B   26262.33837469 -.00000296  00000+0 -12801-3 0  9993
2 23088  71.0018  24.2002 0004091 326.2101  33.8760 14.15030980673485
SL-16 R/B
1 23343U 94074B   26263.02643946  .00000216  00000+0  35360-4 0  9991
2 23343  97.6957 285.7802 0005467 318.0473  71.8057 14.79568173715989
SL-16 R/B
1 23405U 94077B   26263.09253461  .00000112  00000+0  81834-4 0  9991
2 23405  70.9821 303.4954 0004573 248.0377 112.0260 14.15580033643747
ARIANE 40+ R/B
1 23561U 95021B   26263.11133081  .00000136  00000+0  57090-4 0  9995
2 23561  98.4327 331.7756 0005517 280.3855 101.6326 14.39874598647221
SL-16 R/B
1 23705U 95058B   26263.10885992  .00000237  00000+0  14570-3 0  9996
2 23705  71.0202 132.0692 0012887 192.3758 167.7051 14.15515762595367
SL-16 R/B
1 24298U 96051B   26262.99933478  .00000145  00000+0  10515-3 0  9990
2 24298  70.7677 124.0191 0018747 215.4410 144.5466 14.12482098549088
ORBVIEW 2 (SEASTAR)
1 24883U 97037A   26262.94890719  .00000149  00000+0  67926-4 0  9993
2 24883  98.8783  72.6532 0001936 179.9487 180.1698 14.35592600536348
SL-16 R/B
1 25400U 98043G   26263.15194588  .00000026  00000+0  29777-4 0  9998
2 25400  98.8473 218.1724 0010021 164.6780 195.4705 14.26081492466704
SL-16 R/B
1 25407U 98045B   26263.02436265  .00000127  00000+0  88199-4 0  9999
2 25407  71.0105 132.8868 0005251  87.6647 272.5078 14.16214047454612
CZ-4B R/B
1 25732U 99025C   26263.08806632  .00000014  00000+0  27291-4 0  9995
2 25732  98.6404 302.5011 0037780 144.1990 243.5723 14.18295807415727
OKEAN-O
1 25860U 99039A   26263.16960674  .00000297  00000+0  45520-4 0  9996
2 25860  97.9216 320.8305 0001919  84.8940 275.2491 14.80556373463163
SL-16 R/B
1 25861U 99039B   26263.17100385  .00000233  00000+0  36236-4 0  9997
2 25861  97.9735 321.7146 0014455 351.5210   8.5756 14.81922458465666
DELTA 2 R/B
1 25876U 99041E   26263.01221836 -.00000023  00000+0  35031-4 0  9994
2 25876  51.7621 244.8476 0500333 201.9982 155.8779 14.12252396390483
HELIOS 1B
1 25977U 99064A   26262.98718228  .00000778  00000+0  90704-4 0  9996
2 25977  98.1512 170.8304 0002153 111.8119 248.3326 14.88208653714155
SL-16 R/B
1 26070U 00006B   26263.16065211  .00000257  00000+0  15489-3 0  9995
2 26070  71.0024  48.9227 0018533 248.2371 111.6780 14.15844964376084
TITAN 4B R/B
1 26474U 00047B   26263.15271042  .00001635  00000+0  10509-3 0  9997
2 26474  67.9869 213.1689 0041465 189.5055 170.5316 15.10624116422270
ENVISAT
1 27386U 02009A   26262.62361248  .00000051  00000+0  30413-4 0  9997
2 27386  98.3928 211.8739 0001236  90.8743  89.8877 14.39082884287068
IDEFIX & ARIANE 42P R/B
1 27422U 02021B   26263.07580951  .00000130  00000+0  66069-4 0  9990
2 27422  98.5983 199.5451 0011539 341.3718  18.7041 14.31118079271827
CZ-4B R/B
1 27432U 02024C   26263.15517057 -.00000014  00000+0  15812-4 0  9992
2 27432  98.8602 315.3147 0050023 189.2897 191.4999 14.14575725256737
MIDORI II (ADEOS-II)
1 27597U 02056A   26262.84879056  .00000152  00000+0  77455-4 0  9997
2 27597  98.7994 222.9621 0001810 115.0274 245.1096 14.29390307238033
H-2A R/B
1 27601U 02056E   26262.37806377  .00000169  00000+0  74198-4 0  9996
2 27601  98.3419 215.6625 0069162 305.3849 217.5432 14.33863939241869
CZ-4B R/B
1 28059U 03049C   26262.98616635  .00000225  00000+0  63212-4 0  9998
2 28059  98.6960 265.6360 0048090   0.2229 359.8980 14.55153847214853
SL-16 R/B
1 28353U 04021B   26262.20787399 -.00000139  00000+0 -47708-4 0  9995
2 28353  71.0005 186.3711 0002968 117.4880 242.6545 14.14617036150206
CZ-4B R/B
1 28415U 04035C   26262.36645864  .00005348  00000+0  17432-3 0  9991
2 28415  97.3311 294.4237 0029943   3.0006 357.1409 15.31808021209530
CZ-2C R/B
1 28480U 04046B   26263.12787557  .00000068  00000+0  41108-4 0  9998
2 28480  98.1834 165.9219 0138268 300.0974  58.6559 14.27052970136231
ARIANE 5 R/B
1 28499U 04049H   26262.90310593  .00000407  00000+0  51125-4 0  9995
2 28499  98.2791  78.8734 0084992  81.7793 279.3049 14.85563524174621
CZ-2D R/B
1 28738U 05024B   26263.05222119  .00075306  00000+0  36596-3 0  9992
2 28738  97.3424 288.0306 0002959  70.3422 289.8166 15.82224385170276
ALOS (DAICHI)
1 28931U 06002A   26262.35595383  .00000821  00000+0  14452-3 0  9999
2 28931  98.1426 217.6849 0002080  69.9992 290.1438 14.70223748101935
H-2A R/B
1 28932U 06002B   26262.86718419  .00004576  00000+0  21481-3 0  9994
2 28932  98.2672  67.4203 0048389 300.1864  59.4580 15.19202474123895
CZ-4B R/B
1 29507U 06046C   26262.90397810  .00002307  00000+0  11421-3 0  9997
2 29507  97.5366 307.2115 0030916 315.2980  44.5762 15.18423875 89501
CZ-2C R/B
1 31114U 07010B   26262.53137005  .00000039  00000+0  36511-4 0  9991
2 31114  98.4147   6.2911 0060141  90.7932 270.0137 14.20294937  7228
SL-16 R/B
1 31793U 07029B   26263.00862662 -.00000282  00000+0 -12107-3 0  9997
2 31793  70.9743 123.9038 0002157 279.7185 245.3001 14.14862386992856
KORONAS-FOTON
1 33504U 09003A   26262.98800588  .00009812  00000+0  18933-3 0  9997
2 33504  82.4266  73.2063 0009966 164.9804 195.1743 15.47596949975750
CZ-2C R/B
1 37731U 11030B   26263.12466575  .00000722  00000+0  96447-4 0  9995
2 37731  97.8762 216.8555 0053603  77.7201 293.2466 14.81628719818887
H-2A R/B
1 38341U 12025E   26263.20775890  .00001420  00000+0  13014-3 0  9994
2 38341  98.4942 246.2668 0044462  37.1034 323.3245 14.96066257777299
SL-4 R/B
1 39679U 14021B   26262.95376728  .00011247  00000+0  21956-3 0  9997
2 39679  51.6039 105.8686 0087203  94.2599 266.8358 15.43960037686244
H-2A R/B
1 43682U 18084L   26263.15414191  .00017961  00000+0  33538-3 0  9997
2 43682  98.8411 162.9999 0022676  66.7075 293.6554 15.48579079435804
CZ-2C R/B
1 52794U 22058K   26262.65846351  .00043068  00000+0  35938-3 0  9991
2 52794  50.1843  29.4229 0029920 307.7732  52.0535 15.68975590240448
CZ-2C R/B
1 54039U 22132E   26262.01873360  .00099815  00000+0  41789-3 0  9990
2 54039  97.2885 274.1153 0012304  87.7720 272.4960 15.85214268220743
GSLV R/B
1 54149U 22138AN  26263.00995801  .00001236  00000+0  10285-3 0  9990
2 54149  87.3732 101.1032 0021934 158.0059 202.2120 14.97593952213009
CZ-8A R/B
1 66004U 25231K   26262.52188936  .00000007  00000+0  60777-4 0  9996
2 66004  50.0064 357.9550 0116813 196.4006 163.3116 14.30183022 48448
