
1 44714U 19074B   26262.81200137  .00029995  00000+0  30397-3 0  9999
2 44714  53.1472 330.3726 0002434  72.3186 287.8096 15.65019755378965

1 44718U 19074F   26263.18339080  .00029833  00000+0  29897-3 0  9998
2 44718  53.1499 328.7705 0004572   0.0769   0.0247 15.65297482379011

1 44723U 19074L   26262.96102632  .00033545  00000+0  85096-3 0  9998
2 44723  53.0449 344.3486 0004125 354.0990   5.9963 15.39393943378741

1 44725U 19074N   26262.80593591  .00035487  00000+0  29903-3 0  9993
2 44725  53.1532 350.8666 0002355  14.3864 345.7220 15.69504074378651

1 44741U 19074AE  26263.25002315  .00121203  16570-4  37613-3 0  9993
2 44741  53.0367 302.8937 0006318   9.5061 115.9914 15.91468337  5920

1 44744U 19074AH  26263.01875520  .00032516  00000+0  93995-3 0  9995
2 44744  53.0580  32.0452 0001810  55.6480 304.4693 15.35367204378081

1 44747U 19074AL  26263.21947258  .00027609  00000+0  32488-3 0  9995
2 44747  53.0389 234.2985 0005973  53.1683 306.9877 15.61213411380331

1 44748U 19074AM  26262.89547282  .00048562  00000+0  34122-3 0  9990
2 44748  53.0461 323.9980 0001981  10.4151 349.6908 15.73684468379025

1 44751U 19074AQ  26262.79927514  .00038221  00000+0  29894-3 0  9994
2 44751  53.0431 349.6642 0003637   1.9123 358.1907 15.71256778378659

1 44752U 19074AR  26262.70912654  .00032565  00000+0  85140-3 0  9996
2 44752  53.0662 316.1604 0002816  57.0388 303.0885 15.38487411379148

1 44753U 19074AS  26262.72533743  .00072351  00000+0  38549-3 0  9995
2 44753  53.0408 292.8529 0007034  30.4066 329.7361 15.79765469379431

1 44768U 19074BH  26263.13408757  .00077813  00000+0  86272-3 0  9997
2 44768  53.1490  11.1954 0001013 308.3545  51.7379 15.62299163378438

1 44772U 19074BM  26263.34785508  .00612576  21254-3  57859-3 0  9995
2 44772  53.0279 284.6563 0003704  66.4094 293.7328 16.11403506379593

1 44927U 20001P   26263.10762402  .00097328  00000+0  43015-3 0  9994
2 44927  53.0343  91.7861 0003379 157.7411 202.3759 15.83706738370585

1 44930U 20001S   26263.17232340  .00046330  00000+0  35035-3 0  9998
2 44930  53.1360 127.2953 0001284 195.4613 164.6367 15.71977981370124

1 44941U 20001AD  26263.14894453  .00035307  00000+0  33060-3 0  9994
2 44941  53.1450 105.6454 0003016  79.8518 280.2838 15.66913822370436

1 44949U 20001AM  26262.98556066  .00021328  00000+0  20549-3 0  9994
2 44949  53.1460 107.2762 0002687  91.2578 268.8747 15.66501672370394

1 44961U 20001AZ  26262.97417567  .00085818  00000+0  43781-3 0  9996
2 44961  53.0417  54.1933 0000840 132.9874 227.1218 15.80680976371102

1 44968U 20001BG  26263.17905448  .00068456  00000+0  72096-3 0  9996
2 44968  53.1412  97.0613 0000530 180.5707 179.5308 15.63668659370559

1 45044U 20006A   26263.08191046  .00056219  00000+0  39601-3 0  9997
2 45044  53.1468  31.9550 0001480 325.5241  34.5683 15.73566921367239

1 45047U 20006D   26263.05699816  .00038061  00000+0  35766-3 0  9998
2 45047  53.1490  68.8898 0002905 143.2416 216.8800 15.66789347366712

1 45048U 20006E   26263.02255023  .00044506  00000+0  37241-3 0  9995
2 45048  53.0195  14.2800 0005058  68.2417 291.9137 15.69553210367439

1 45054U 20006L   26263.13711009  .00042577  00000+0  93437-3 0  9990
2 45054  53.1519  89.9806 0000627 165.8008 194.3017 15.43656562366426

1 45060U 20006S   26263.02209541  .00074216  00000+0  40842-3 0  9995
2 45060  53.0367  43.0717 0003576 314.9090  45.1640 15.79066395367030

1 45061U 20006T   26263.16507659  .00050494  00000+0  94252-3 0  9998
2 45061  53.1499  85.4764 0001985 211.2923 148.7968 15.48305784366492

1 45062U 20006U   26263.00003471  .01056900  57248-3  19359-2 0  9998
2 45062  53.0295 358.4259 0002683  12.5951 263.4342 16.00836252  6059

1 45064U 20006W   26263.05144745  .00040655  00000+0  89904-3 0  9998
2 45064  53.1528  67.2470 0000621 325.6867  34.4099 15.43449912366744

1 45071U 20006AD  26263.06014998  .00022585  00000+0  46394-3 0  9991
2 45071  53.1517  64.1905 0002717 193.2875 166.8062 15.45936442366780

1 45072U 20006AE  26263.18899910  .00032245  00000+0  69788-3 0  9996
2 45072  53.1526  66.3929 0000257 306.1455  53.9528 15.44199591366763

1 45074U 20006AG  26263.14147747  .00047322  00000+0  91602-3 0  9990
2 45074  53.1496  62.3408 0001252 172.6641 187.4385 15.47286608366817

1 45080U 20006AN  26263.16357434  .00044043  00000+0  86541-3 0  9998
2 45080  53.1535  63.5243 0002976 239.4725 120.5990 15.46882417366805

1 45087U 20006AV  26262.97675946  .00070109  00000+0  93279-3 0  9992
2 45087  53.1534  37.3129 0001463 352.7813   7.3178 15.57554703367155

1 45088U 20006AW  26263.14837872  .00041129  00000+0  91092-3 0  9992
2 45088  53.1535  51.6951 0000606  46.2478 313.8578 15.43399465366963

1 45096U 20006BE  26262.90116628  .00072702  00000+0  84487-3 0  9994
2 45096  53.0281 354.4860 0002278  36.0502 324.0664 15.61105812367708

1 45098U 20006BG  26263.13813514  .00024807  00000+0  12002-2 0  9996
2 45098  53.0498  81.4103 0002499  45.1132 315.0064 15.18466043366501

1 45100U 20006BJ  26262.79569456  .00080221  00000+0  40924-3 0  9991
2 45100  53.0434 352.7296 0005122 320.7042  39.3607 15.80693055367717

1 45183U 20012F   26262.58529295  .00065777  00000+0  14531-2 0  9996
2 45183  53.1516 211.2014 0002789  96.0438 264.0887 15.43265259364742

1 45185U 20012H   26262.41331808  .00016484  00000+0  35006-3 0  9993
2 45185  53.1535 210.2189 0003101  58.2967 301.8342 15.45184470364689

1 45187U 20012K   26262.47924032  .00042460  00000+0  94548-3 0  9997
2 45187  53.1514 211.8186 0001713  91.7898 268.3305 15.43224302364711

1 45189U 20012M   26262.55633126  .00045972  00000+0  10127-2 0  9990
2 45189  53.1501 211.5328 0002518  90.3323 269.7972 15.43508188361951

1 45197U 20012V   26262.48935263  .00045795  00000+0  10144-2 0  9990
2 45197  53.1507 211.7230 0003060  68.0625 292.0706 15.43344471364691

1 45198U 20012W   26263.19049985  .00039217  00000+0  29001-3 0  9992
2 45198  53.0370 140.2153 0001320  65.1051 295.0104 15.72581044365683

1 45201U 20012Z   26263.10329308  .00058014  00000+0  12698-2 0  9997
2 45201  53.1509 193.0348 0001744 106.4213 253.6985 15.43597256365030

1 45206U 20012AE  26263.25002315  .00101680  00000+0  39448-3 0  9995
2 45206  53.0274  93.4041 0003269 171.4219  31.2672 15.86404871  6007

1 45212U 20012AL  26263.19097470  .00030820  00000+0  92584-3 0  9998
2 45212  53.0343 192.6964 0003719  57.0861 303.0497 15.34177841364963

1 45217U 20012AR  26263.08224472  .00042739  00000+0  92765-3 0  9998
2 45217  53.1532 193.0535 0002006 109.2805 250.8419 15.43980248365039

1 45222U 20012AW  26263.15332825  .00045234  00000+0  71523-3 0  9996
2 45222  53.1489 161.6923 0001764 162.9621 197.1449 15.53038081365485

1 45223U 20012AX  26263.17279559  .00102421  00000+0  43659-3 0  9994
2 45223  53.0346 110.2467 0003552 142.1926 217.9346 15.84446741366168

1 45225U 20012AZ  26263.01699410  .00042309  00000+0  92217-3 0  9993
2 45225  53.1494 167.6251 0002578 131.8209 228.3019 15.43860146365344

1 45227U 20012BB  26262.94758427  .00016118  00000+0  28036-3 0  9997
2 45227  53.0610  63.7360 0002125 220.0167 140.0685 15.50975008366751

1 45228U 20012BC  26263.19047876  .00034975  00000+0  36190-3 0  9996
2 45228  53.0486 120.5495 0003486 129.2790 230.8534 15.64406256365914

1 45229U 20012BD  26263.12965677  .00058731  00000+0  83881-3 0  9993
2 45229  53.1486 155.4514 0002642 137.0968 223.0250 15.55716742365465

1 45230U 20012BE  26263.13478322  .00050958  00000+0  72779-3 0  9999
2 45230  53.1461 155.4601 0003572 145.1004 215.0243 15.55774565365584

1 45235U 20012BK  26262.47947303  .00044226  00000+0  96850-3 0  9997
2 45235  53.1500 211.2159 0003675 114.6194 245.5196 15.43697377364752

1 45237U 20012BM  26263.17196938  .00081549  00000+0  38643-3 0  9992
2 45237  53.0349 112.9283 0004485 147.8077 212.3219 15.82285644366121

1 45366U 20019G   26262.91265865  .00039861  00000+0  90436-3 0  9997
2 45366  53.1510 336.4048 0002519  35.8702 324.2473 15.42693664359582

1 45367U 20019H   26263.05620840  .00037471  00000+0  32105-3 0  9996
2 45367  53.0381 290.9930 0002912  37.9946 322.1275 15.69067948360197

1 45368U 20019J   26262.80346478  .00013850  00000+0  67406-3 0  9998
2 45368  53.0697   4.2925 0000938  41.0707 319.0358 15.18661997359154

1 45369U 20019K   26263.06091734  .00078191  00000+0  41261-3 0  9990
2 45369  53.0367 278.2495 0004586  31.2168 328.9125 15.79966339360371

1 45370U 20019L   26263.18832311  .00045092  00000+0  98668-3 0  9996
2 45370  53.1523 334.1049 0004894  36.4853 323.6486 15.43707705359646

1 45374U 20019Q   26262.82464428  .00041588  00000+0  87933-3 0  9999
2 45374  53.1540 335.1698 0003157  34.2785 325.8425 15.44764270359593

1 45375U 20019R   26262.59591433  .00069913  00000+0  38278-3 0  9991
2 45375  53.0391 276.4929 0006984  44.9846 315.1739 15.79178651360354

1 45376U 20019S   26262.75453463  .00055322  00000+0  37421-3 0  9998
2 45376  53.0348 280.2648 0005388  44.5739 315.5712 15.74499241360319

1 45377U 20019T   26263.25002315  .00184787  24308-4  48548-3 0  9993
2 45377  53.0305 246.9806 0005905  67.8435 346.7467 15.94457018  6020

1 45383U 20019Z   26262.73897893  .00065409  00000+0  39932-3 0  9999
2 45383  53.0411 263.5024 0002099  44.7964 315.3225 15.76795116360542

1 45384U 20019AA  26263.25002315  .00047205  00000+0  19460-3 0  9993
2 45384  53.0365 248.3361 0005976  51.7313 219.0094 15.85438296  6004

1 45386U 20019AC  26263.25002315  .01109131  63034-3  21213-2 0  9991
2 45386  53.0283 222.0285 0001866 113.3409 316.5072 16.00101772  5972

1 45387U 20019AD  26263.25002315  .00158726  00000+0  58999-3 0  9997
2 45387  53.0069 228.1993 0007233  82.6141 285.8858 15.87063390  5891

1 45389U 20019AF  26263.25002315  .00167555  21248-4  56557-3 0  9999
2 45389  53.0261 223.4901 0005333  79.3200 170.6963 15.89683796  6015

1 45390U 20019AG  26263.00003471  .00071939  00000+0  28736-3 0  9994
2 45390  53.0353 250.5089 0005944  37.5983 325.7633 15.85919628  6030

1 45395U 20019AM  26263.25002315  .00172689  22493-4  47660-3 0  9998
2 45395  53.0317 245.5610 0006672  56.4278  87.2229 15.93546814  6027

1 45397U 20019AP  26262.64844132  .00034158  00000+0  35966-3 0  9992
2 45397  53.0484 270.0854 0003442  61.4173 298.7187 15.63975936360279

1 45399U 20019AR  26262.93838478  .00065505  00000+0  39869-3 0  9998
2 45399  53.0313 228.2079 0005886  82.2061 277.9626 15.76844771360865

1 45404U 20019AW  26262.68737346  .00037953  00000+0  74900-3 0  9990
2 45404  53.1516 296.7470 0003661  33.8256 326.2985 15.46822410359834

1 45405U 20019AX  26262.72676788  .00039435  00000+0  85207-3 0  9997
2 45405  53.1513 300.0224 0003696  46.2089 313.9223 15.44147773359791

1 45406U 20019AY  26262.75881364  .00044601  00000+0  82638-3 0  9995
2 45406  53.1518 295.8367 0004705  17.9722 342.1452 15.48564621359851

1 45408U 20019BA  26263.25002315  .01065342  55923-3  22545-2 0  9998
2 45408  53.0284 243.3694 0001892  87.4400  77.1129 15.98298116  6035

1 45412U 20019BE  26263.06728757  .00041709  00000+0  80724-3 0  9993
2 45412  53.1512 294.1759 0003999  33.6101 326.5160 15.47342075359903

1 45414U 20019BG  26263.21585435  .00154156  19761-4  50576-3 0  9998
2 45414  53.0500 239.6605 0005961  55.7600 304.3989 15.90272145360627

1 45415U 20019BH  26263.06522948  .00055431  00000+0  10205-2 0  9993
2 45415  53.1502 293.7195 0005758  31.7150 328.4204 15.48648283359936

1 45417U 20019BK  26263.02367166  .00117562  00000+0  64203-3 0  9992
2 45417  53.0369 258.6143 0003478  33.9519 326.1723 15.79049855360635

1 45419U 20019BM  26262.78008493  .00064907  00000+0  39574-3 0  9998
2 45419  53.0407 279.0651 0007209  24.4036 335.7323 15.76797477360073

1 45531U 20025A   26263.25002315  .01104497  60523-3  23532-2 0  9996
2 45531  53.0302 191.6523 0001034 109.5337  15.5748 15.98190070  5821

1 45532U 20025B   26263.25002315  .00171099  00000+0  61658-3 0  9990
2 45532  53.0351 201.9294 0004661  66.3712 327.8633 15.87680453  6013

1 45535U 20025E   26262.56278263  .00046651  00000+0  10262-2 0  9992
2 45535  53.0686 198.5014 0002461  83.9020 276.2266 15.43542368356012

1 45538U 20025H   26262.64459865  .00028997  00000+0  58976-3 0  9991
2 45538  53.1524 269.4330 0002915  54.2291 305.8987 15.46081520355021

1 45540U 20025K   26262.63899211  .00081338  00000+0  15896-2 0  9997
2 45540  53.1524 269.6058 0004247  66.1807 293.9646 15.46766273355011

1 45542U 20025M   26262.28759239  .00083665  00000+0  41415-3 0  9997
2 45542  53.0362 219.6309 0005943  69.3444 290.8214 15.81324525355647

1 45543U 20025N   26263.02124998  .00023205  00000+0  46189-3 0  9996
2 45543  53.1547 266.9717 0003539  64.6729 295.4645 15.46838308354182

1 45544U 20025P   26262.00002315  .00089452  00000+0  38647-3 0  9998
2 45544  53.0346 214.5566 0005331  64.4607 131.1744 15.84206321  6013

1 45555U 20025AA  26263.14614115  .00127330  00000+0  44642-3 0  9993
2 45555  53.0321 184.4457 0004963  87.6839 272.4753 15.88363137356207

1 45564U 20025AK  26262.57229097  .00061352  00000+0  40362-3 0  9996
2 45564  53.0383 206.8471 0003284  65.0553 295.0806 15.75110227355843

1 45565U 20025AL  26262.44532957  .00107803  00000+0  45899-3 0  9997
2 45565  53.0361 159.4148 0006629 113.9184 246.2533 15.84428890356500

1 45567U 20025AN  26263.13991441  .00083111  00000+0  40935-3 0  9994
2 45567  53.0348 199.3712 0005416  79.3008 280.8623 15.81439696356002

1 45570U 20025AR  26262.57767588  .00020805  00000+0  40761-3 0  9996
2 45570  53.1503 245.1210 0004899  57.7027 302.4455 15.47366171355358

1 45573U 20025AU  26263.04603279  .00092103  00000+0  43284-3 0  9991
2 45573  53.0334 183.2595 0005479  91.3829 268.7820 15.82408952355914

1 45578U 20025AZ  26263.15362863  .00088187  00000+0  42470-3 0  9992
2 45578  53.0394 189.9316 0004713  82.4109 277.7448 15.81906317356140

1 45580U 20025BB  26263.22094363  .00030318  00000+0  64921-3 0  9998
2 45580  53.1501 245.8681 0003299  67.6606 292.4750 15.44543675355407

1 45581U 20025BC  26262.55299972  .00056278  00000+0  11113-2 0  9994
2 45581  53.1495 244.4657 0005945  72.7804 287.3854 15.46618981355352

1 45582U 20025BD  26263.25002315  .00277669  43367-4  53921-3 0  9997
2 45582  53.0325 170.8101 0004233 126.7424  39.9074 15.99829771  6039

1 45586U 20025BH  26263.06385073  .00094380  00000+0  43167-3 0  9995
2 45586  53.0331 149.3361 0004756 126.6430 233.5029 15.82983760356687

1 45589U 20025BL  26261.19398451  .00098196  00000+0  44393-3 0  9995
2 45589  53.0326 194.9503 0003202  90.4088 269.7301 15.83223849355881

1 45590U 20025BM  26263.17941434  .00060231  00000+0  38875-3 0  9999
2 45590  53.0381 223.9377 0004200  63.7937 296.3513 15.75552344355675

1 45660U 20035D   26263.19012245  .00025219  00000+0  62170-3 0  9991
2 45660  53.1302 237.0257 0004157  55.3345 304.8051 15.40421562348595

1 45663U 20035G   26262.16966271  .00029762  00000+0  46349-3 0  9994
2 45663  53.0170 153.0783 0003722 129.5757 230.5582 15.53654945349647

1 45665U 20035J   26263.25002315  .01055250  53369-3  24448-2 0  9994
2 45665  53.0309 168.1914 0001288 110.5500 326.2493 15.96660106  6026

1 45668U 20035M   26263.02562617  .00024691  00000+0  11903-2 0  9994
2 45668  53.0517 262.6126 0002405  63.3204 296.8036 15.18594286348194

1 45669U 20035N   26263.19883839  .00050655  00000+0  39086-3 0  9997
2 45669  53.0180 154.5934 0001116  12.8940 347.2105 15.71457612349718

1 45670U 20035P   26263.18451203  .00490416  12767-3  60953-3 0  9991
2 45670  53.0255 127.0285 0002885 240.3469 119.7276 16.07197287349984

1 45671U 20035Q   26263.25002315  .00219804  29090-4  66666-3 0  9991
2 45671  53.0338 170.8562 0004946 103.6405 336.0155 15.91683768  6078

1 45673U 20035S   26263.13824851  .00064712  00000+0  31212-3 0  9997
2 45673  53.0383 169.6653 0006203 121.9203 238.2423 15.81983257349508

1 45675U 20035U   26263.17269567  .00073627  00000+0  44033-3 0  9990
2 45675  53.0381 188.6451 0005041  99.5031 260.6559 15.77201317349204

1 45676U 20035V   26262.95427134  .00044312  00000+0  95269-3 0  9998
2 45676  53.1514 234.5085 0003005  63.9642 296.1674 15.44243873348577

1 45677U 20035W   26263.18634221  .00047645  00000+0  90846-3 0  9990
2 45677  53.1488 229.3596 0001565  70.3884 289.7293 15.47719868348701

1 45679U 20035Y   26263.12452424  .00079916  00000+0  43530-3 0  9993
2 45679  53.0313 161.2536 0005043 102.1617 257.9968 15.79256013349610

1 45685U 20035AE  26263.10971218  .00057530  00000+0  38816-3 0  9994
2 45685  53.0360 155.5845 0004712 101.4595 258.6952 15.74545587349700

1 45686U 20035AF  26263.18466316  .00061980  00000+0  88017-3 0  9993
2 45686  53.1497 206.0811 0004964 102.4531 257.7037 15.55840314349033

1 45689U 20035AJ  26263.14847257  .00044757  00000+0  98342-3 0  9994
2 45689  53.1528 218.5203 0002754  93.5648 266.5674 15.43595642348771

1 45693U 20035AN  26262.54827544  .00027454  00000+0  12202-2 0  9994
2 45693  53.0420 249.5066 0004307  96.3648 263.7838 15.21336744348328

1 45695U 20035AQ  26262.99569424  .00125864  00000+0  46654-3 0  9998
2 45695  53.0359 141.2547 0005213 121.4043 238.7491 15.87240593349886

1 45696U 20035AR  26263.16112698  .00046785  00000+0  94424-3 0  9998
2 45696  53.1510 217.0810 0005841  61.2190 298.9404 15.46064648348873

1 45697U 20035AS  26263.06302968  .00060606  00000+0  34931-3 0  9994
2 45697  53.0354 145.5518 0005374 116.4850 243.6722 15.78106809349834

1 45700U 20035AV  26263.19301964  .00113088  00000+0  42975-3 0  9998
2 45700  53.0363 143.6687 0004290 108.1599 251.9892 15.86782359349861

1 45701U 20035AW  26261.29455279  .00049994  00000+0  11390-2 0  9997
2 45701  53.1507 215.5810 0002921  80.7857 279.3479 15.42466445348727

1 45703U 20035AY  26260.72363826  .00302259  49747-4  56741-3 0  9994
2 45703  53.0165  76.5968 0003240 299.5265  60.5441 16.00410743350586

1 45710U 20035BF  26263.19914876  .00099039  00000+0  43030-3 0  9993
2 45710  53.0365 140.9481 0006118 104.7650 255.4050 15.84041847349893

1 45711U 20035BG  26263.25002315  .01036016  53085-3  21159-2 0  9996
2 45711  53.0328 134.3234 0000801 106.4448 158.0534 15.98927844  6039

1 45712U 20035BH  26263.05798279  .00039013  00000+0  88039-3 0  9991
2 45712  53.0461 188.3197 0004411  70.1243 290.0237 15.42856415349240

1 45731U 20038B   26262.80385669  .00100932  00000+0  44580-3 0  9994
2 45731  53.0420 347.7094 0003688 359.9734   0.1287 15.83703982346811

1 45735U 20038F   26263.04589213  .00026155  00000+0  30244-3 0  9992
2 45735  53.0404 282.7104 0002949  43.7313 316.3933 15.61714394347767

1 45741U 20038M   26262.80721735  .00067364  00000+0  40349-3 0  9993
2 45741  53.0485 344.5970 0005387   8.4918 351.6192 15.77200033346876

1 45744U 20038Q   26262.97509213  .00020977  00000+0  45938-3 0  9997
2 45744  53.0347 354.7496 0001882 121.2071 238.9119 15.44097304346743

1 45746U 20038S   26263.03480947  .00037000  00000+0  34855-3 0  9990
2 45746  53.0163 275.2876 0003437  64.1737 295.9632 15.66736878347847

1 45747U 20038T   26262.94636356  .00006452  00000+0  21936-3 0  9990
2 45747  53.0742  20.1504 0003678 145.5835 214.5404 15.31720156346405

1 45751U 20038X   26262.96122458  .00070435  00000+0  51707-3 0  9991
2 45751  53.0433 345.6877 0002134  51.3045 308.8163 15.72502782346876

1 45754U 20038AA  26263.09395773  .00025325  00000+0  10432-2 0  9998
2 45754  53.0204  42.5876 0001751 157.3457 202.7616 15.23969095346083

1 45755U 20038AB  26263.13761839  .00136457  00000+0  46194-3 0  9998
2 45755  53.0392 315.2419 0005234   0.4693 359.6336 15.89034581347295

1 45759U 20038AF  26263.20266848  .00069360  00000+0  41719-3 0  9996
2 45759  53.0390 330.2743 0006569   6.7127 353.3979 15.77084051347093

1 45764U 20038AL  26262.81279286  .00069259  00000+0  42957-3 0  9990
2 45764  53.0395 336.7599 0002951 344.1750  15.9176 15.76410978346983

1 45772U 20038AU  26262.80290356  .00037757  00000+0  84586-3 0  9991
2 45772  53.0406 342.5716 0003209 352.9945   7.1014 15.43092938346903

1 45773U 20038AV  26262.80533935  .00048138  00000+0  96199-3 0  9993
2 45773  53.1545 358.0458 0002785 344.1693  15.9228 15.46352292346724

1 45780U 20038BC  26263.25002315  .00078024  00000+0  31113-3 0  9996
2 45780  53.0377 300.1061 0003933   3.7611  35.4441 15.85938267  5918

1 45786U 20038BJ  26262.76313752  .00030991  00000+0  88233-3 0  9993
2 45786  53.1586   7.0987 0002660 333.0984  26.9881 15.35869888346597

1 46027U 20055A   26262.78601768  .00016250  00000+0  82382-3 0  9991
2 46027  53.0625 325.9919 0002219   8.2469 351.8561 15.17103942338278

1 46028U 20055B   26262.76465588  .00029052  00000+0  77543-3 0  9995
2 46028  53.1583 302.3751 0001309 343.0863  17.0097 15.37912743338659

1 46029U 20055C   26262.66803645  .00001522  00000+0  60816-4 0  9993
2 46029  53.1604 304.6776 0000887  69.6954 290.4143 15.31694224338607

1 46032U 20055F   26263.11081337  .00000252  00000+0  19877-4 0  9994
2 46032  53.1596 302.6275 0001312  96.1583 263.9568 15.31698712338679

1 46033U 20055G   26262.83115690 -.00003919  00000+0 -11453-3 0  9999
2 46033  53.1606 303.9216 0000898  66.7637 293.3459 15.31719124338602

1 46034U 20055H   26262.84049250 -.00001057  00000+0 -22314-4 0  9999
2 46034  53.1608 303.9404 0001363  96.7781 263.3375 15.31695902338606

1 46035U 20055J   26262.85447687 -.00000096  00000+0  86850-5 0  9994
2 46035  53.1611 303.9510 0001269  60.6309 299.4819 15.31715719338635

1 46036U 20055K   26262.77058698 -.00001256  00000+0 -28712-4 0  9998
2 46036  53.1620 304.2923 0001165  85.8123 274.3012 15.31697001338625

1 46039U 20055N   26262.77990015 -.00000633  00000+0 -86210-5 0  9995
2 46039  53.1617 304.1568 0001674  63.7660 296.3514 15.31696599338615

1 46043U 20055S   26262.59269444  .00001048  00000+0  45506-4 0  9996
2 46043  53.1603 304.3299 0001237  74.8893 285.2246 15.31709331338599

1 46045U 20055U   26263.13876792  .00000912  00000+0  41145-4 0  9993
2 46045  53.1606 302.4866 0001380  87.9179 272.1980 15.31708061338650

1 46047U 20055W   26263.08405087  .00005427  00000+0  18653-3 0  9997
2 46047  53.1633 289.3421 0000725  52.5748 307.5319 15.31696781338850

1 46048U 20055X   26262.81836241  .00000622  00000+0  31794-4 0  9992
2 46048  53.1592 290.5575 0001204  78.9516 281.1621 15.31704135338785

1 46051U 20055AA  26263.06542204  .00000057  00000+0  13622-4 0  9999
2 46051  53.1594 289.6161 0001605  95.8587 264.2598 15.31695274338869

1 46053U 20055AC  26262.58067165  .00001835  00000+0  70844-4 0  9999
2 46053  53.1611 291.6879 0001469  77.6513 282.4653 15.31717420338788

1 46054U 20055AD  26260.44140679  .00004335  00000+0  15148-3 0  9998
2 46054  53.1601 301.7192 0001859  88.2890 271.8325 15.31680529338459

1 46055U 20055AE  26262.64125640  .00000799  00000+0  37484-4 0  9992
2 46055  53.1602 291.4234 0001151  86.9763 273.1370 15.31714018338795

1 46058U 20055AH  26263.06591433  .00000479  00000+0  27208-4 0  9997
2 46058  53.1573 290.8722 0001480  90.8057 269.3113 15.31702192338832

1 46059U 20055AJ  26263.06072051  .00003196  00000+0  11469-3 0  9998
2 46059  53.1580 289.3459 0001166  82.2328 277.8806 15.31704450338818

1 46060U 20055AK  26263.07057559  .00000516  00000+0  28423-4 0  9999
2 46060  53.1566 290.8526 0002043  91.4032 268.7203 15.31698299338807

1 46061U 20055AL  26262.58997995  .00000350  00000+0  23073-4 0  9994
2 46061  53.1607 291.5193 0001925  58.3765 301.7424 15.31701306338789

1 46063U 20055AN  26262.81368776  .00000150  00000+0  16584-4 0  9998
2 46063  53.1580 290.4603 0001205  73.3951 286.7183 15.31706191338815

1 46064U 20055AP  26262.69723584  .00001034  00000+0  45069-4 0  9999
2 46064  53.1576 291.5067 0001261  95.4459 264.6686 15.31701976338782

1 46066U 20055AR  26263.16696138  .00223210  00000+0  22204-2 0  9994
2 46066  53.0424 254.0634 0010950  60.6241 299.5865 15.64429968339317

1 46070U 20055AV  26262.56802323  .00003465  00000+0  12336-3 0  9991
2 46070  53.1595 279.4910 0001660  90.4112 269.7079 15.31706829338948

1 46073U 20055AY  26262.72290949 -.00000364  00000+0  42018-7 0  9997
2 46073  53.1587 281.7386 0001464  92.7434 267.3735 15.31694795338917

1 46074U 20055AZ  26263.01838102  .00034197  00000+0  85863-3 0  9991
2 46074  53.0463 273.5476 0004051  26.0391 334.0816 15.39699363339025

1 46075U 20055BA  26262.75478921  .00000007  00000+0  11984-4 0  9998
2 46075  53.1593 278.5668 0001047 104.2725 255.8393 15.31701088338963

1 46076U 20055BB  26263.06700922  .00007669  00000+0  25889-3 0  9992
2 46076  53.1594 276.6854 0001476  71.6816 288.4346 15.31667476339003

1 46077U 20055BC  26262.93636500  .00054398  00000+0  10243-2 0  9996
2 46077  53.0160 236.7079 0003783  43.0509 317.0793 15.48013787339499

1 46079U 20055BE  26262.74539205  .00000163  00000+0  17034-4 0  9999
2 46079  53.1591 278.0373 0001603  71.7298 288.3877 15.31702039338970

1 46080U 20055BF  26263.13078396  .00050085  00000+0  52806-3 0  9997
2 46080  53.0532 173.3118 0004317  74.3461 285.8029 15.63761162340449

1 46082U 20055BH  26263.01078662  .00000354  00000+0  23178-4 0  9997
2 46082  53.1598 277.3247 0001161 105.0506 255.0624 15.31699553339007

1 46083U 20055BJ  26263.06232979  .00000789  00000+0  37194-4 0  9991
2 46083  53.1586 276.6157 0001496  93.6536 266.4637 15.31699115339018

1 46141U 20057AA  26262.89478473  .00101543  00000+0  60254-3 0  9991
2 46141  53.0308   3.3090 0003836   5.4116 354.6944 15.77255387337603

1 46146U 20057AF  26263.14214281  .00046012  00000+0  92763-3 0  9999
2 46146  53.1522 116.7232 0000316  60.6656 299.4383 15.46118221336081

1 46174U 20057BK  26263.25002315  .00199934  00000+0  73330-3 0  9996
2 46174  53.0358  50.9625 0002969 273.9614  57.8529 15.87251790  5942

1 46342U 20062T   26263.19339227  .00051436  00000+0  95075-3 0  9991
2 46342  53.1504 175.5059 0004774 118.7973 241.3516 15.48570474334343

1 46348U 20062Z   26263.17256148  .00025987  00000+0  51766-3 0  9996
2 46348  53.0325 104.9606 0003494  86.6594 273.4811 15.46746295335296

1 46355U 20062AG  26263.16663067  .00051996  00000+0  97103-3 0  9999
2 46355  53.1507 175.4195 0003789 122.6998 237.4377 15.48274466334349

1 46375U 20062BC  26263.46003508  .05757686  12262-4  84012-3 0  9999
2 46375  52.9995  36.6378 0011905 309.8981  50.1014 16.33592384336257

1 46384U 20062BM  26263.16634950  .00056334  00000+0  38516-3 0  9994
2 46384  53.0309 116.2449 0003501 133.4366 226.6944 15.74253155335124

1 46537U 20070F   26263.25002315  .01073743  56207-3  23741-2 0  9998
2 46537  53.0284 260.0181 0002467  79.9682  10.5536 15.97509518  5800

1 46553U 20070X   26262.64728618  .00065692  00000+0  55538-3 0  9998
2 46553  53.0373 277.9722 0007724  25.8579 334.2822 15.69117169330251

1 46563U 20070AH  26263.00003471  .00086996  00000+0  43153-3 0  9993
2 46563  53.0148 252.5092 0004092  39.6163 100.4513 15.81276696  6017

1 46698U 20073AE  26263.25002315  .01114589  64197-3  20783-2 0  9993
2 46698  53.0285 324.2507 0004149  26.0360 157.4874 16.00532400  6076

1 46702U 20073AJ  26262.97030978  .00058323  00000+0  10744-2 0  9990
2 46702  53.1525  22.6772 0001895 323.4108  36.6771 15.48621257327397

1 46706U 20073AN  26263.00573059  .00044687  00000+0  11544-2 0  9998
2 46706  53.0537  42.0346 0002407  15.1942 344.9132 15.38707321327096

1 46709U 20073AR  26263.25002315  .00277186  40152-4  80205-3 0  9990
2 46709  53.0293 355.9309 0009323 346.5626 314.9472 15.92470394  6014

1 46718U 20073BA  26263.00311160  .00118994  00000+0  93672-3 0  9990
2 46718  53.0345  10.3238 0002476 324.3893  35.6958 15.70620208327533

1 46725U 20073BH  26263.25002315  .00759891  26003-3  18531-2 0  9996
2 46725  53.0395 352.9162 0004307 357.5444 257.5837 15.95653984  6036

1 47122U 20088A   26263.39595088  .00711090  27815-3  78480-3 0  9994
2 47122  53.0332  38.0576 0004096 353.1533   6.9444 16.09048369322713

1 47126U 20088E   26262.88848720  .00027426  00000+0  10490-2 0  9997
2 47126  53.0968 128.7506 0003401 117.4872 242.6472 15.26405997321427

1 47143U 20088X   26263.25002315  .00454878  10007-3  87442-3 0  9999
2 47143  53.0346  30.1162 0008002 325.7951   1.4132 15.99888469  6023

1 47157U 20088AM  26263.15729726  .00032703  00000+0  67513-3 0  9999
2 47157  53.1519 103.7950 0001345 150.7168 209.3915 15.45585049321827

1 47171U 20088BB  26262.93732613  .03963587  12074-4  95960-3 0  9991
2 47171  53.0290  36.8184 0008127 317.7717  42.2698 16.28571362322696

1 47179U 20088BK  26263.16427657  .00040661  00000+0  89924-3 0  9994
2 47179  53.1521 116.4261 0001430 108.5765 251.5397 15.43447582321649

1 47351U 21005C   26263.14648035  .00037272  00000+0  11107-2 0  9990
2 47351  53.1557 188.3187 0003322 104.9203 255.2168 15.34342884313528

1 47352U 21005D   26262.64929573 -.00000305  00000+0  19405-5 0  9994
2 47352  53.1591 230.0727 0001220  90.5330 269.5812 15.31697513312890

1 47353U 21005E   26263.02777231 -.00003426  00000+0 -98624-4 0  9997
2 47353  53.1580 176.2378 0001240  92.1963 267.9180 15.31717637313682

1 47354U 21005F   26262.55899236  .00035852  00000+0  10802-2 0  9991
2 47354  53.1577 201.4485 0003553  90.9823 269.1586 15.34010553313285

1 47355U 21005G   26262.28944845 -.00000416  00000+0 -16300-5 0  9991
2 47355  53.1609 190.0145 0001206  92.7261 267.3878 15.31700951313411

1 47356U 21005H   26262.53798175  .00001100  00000+0  47213-4 0  9998
2 47356  53.1599 214.8406 0001372  77.0276 283.0879 15.31698998313087

1 47357U 21005J   26262.91765542  .00000221  00000+0  18891-4 0  9996
2 47357  53.1592 238.9804 0001507  94.7021 265.4152 15.31706364312785

1 47358U 21005K   26263.14891538  .00036410  00000+0  98048-3 0  9998
2 47358  53.1552 210.6975 0003504  70.6699 289.4684 15.37521576313199

1 47361U 21005N   26263.12130138 -.00000566  00000+0 -64592-5 0  9996
2 47361  53.1605 212.5816 0002124 145.3242 214.7898 15.31694974313160

1 47362U 21005P   26262.53232738  .00048933  00000+0  10459-2 0  9998
2 47362  53.1539 233.8206 0001541  47.4321 312.6815 15.44375203312822

1 47366U 21005T   26262.65163105 -.00000021  00000+0  11104-4 0  9993
2 47366  53.1600 239.9267 0001297  88.2897 271.8253 15.31697228312741

1 47367U 21005U   26262.48851514  .00001042  00000+0  45338-4 0  9992
2 47367  53.1601 240.7653 0001338  92.1055 268.0099 15.31699862312728

1 47368U 21005V   26262.66127548  .00000497  00000+0  27784-4 0  9994
2 47368  53.1606 239.8009 0001409  92.1081 268.0082 15.31696611312750

1 47371U 21005Y   26262.92745059  .00000637  00000+0  32306-4 0  9992
2 47371  53.1596 242.4007 0001366  92.6346 267.4812 15.31696762312730

1 47373U 21005AA  26263.19226267  .00000004  00000+0  11898-4 0  9990
2 47373  53.1594 237.3075 0001427  88.8848 271.2317 15.31703903312830

1 47375U 21005AC  26262.95922891  .00000077  00000+0  14244-4 0  9999
2 47375  53.1593 238.4276 0001173  88.5261 271.5875 15.31704685312795

1 47376U 21005AD  26262.96389159  .00000058  00000+0  13631-4 0  9993
2 47376  53.1588 238.4154 0001272  92.7876 267.3271 15.31703998312793

1 47377U 21005AE  26262.93244044 -.00001005  00000+0 -20623-4 0  9998
2 47377  53.1609 242.3125 0001436  97.9423 262.1742 15.31697532312733

1 47378U 21005AF  26263.08753781  .00006353  00000+0  21638-3 0  9994
2 47378  53.1612 189.4811 0001606  93.5001 266.6184 15.31691755313500

1 47379U 21005AG  26263.16201347  .00001400  00000+0  56858-4 0  9991
2 47379  53.1610 188.5015 0001325 102.2657 257.8493 15.31710516313522

1 47381U 21005AJ  26262.50400073  .00008747  00000+0  27366-3 0  9990
2 47381  53.1608 215.3190 0001200  85.2897 274.8242 15.33933732313084

1 47382U 21005AK  26262.56853428 -.00000139  00000+0  72965-5 0  9998
2 47382  53.1594 204.2649 0001407  81.4024 278.7136 15.31695118313248

1 47383U 21005AL  26263.16585500  .00042544  00000+0  94879-3 0  9990
2 47383  53.1554 183.7517 0001567  70.2024 289.9152 15.43177812313592

1 47384U 21005AM  26263.15392039  .00000963  00000+0  42779-4 0  9995
2 47384  53.1589 212.4286 0001321  86.0598 274.0555 15.31710862313174

1 47385U 21005AN  26262.49138782  .00000247  00000+0  19735-4 0  9996
2 47385  53.1608 215.1725 0001271  85.4951 274.6195 15.31700761313077

1 47386U 21005AP  26262.29168831 -.00000220  00000+0  47004-5 0  9996
2 47386  53.1569 216.4560 0002324 112.7677 247.3570 15.31698909313045

1 47388U 21005AR  26262.97375620  .00033310  00000+0  97381-3 0  9995
2 47388  53.1559 241.5083 0004579  58.8002 301.3449 15.34996596312749

1 47389U 21005AS  26262.25233102  .00039923  00000+0  10406-2 0  9993
2 47389  53.1545 213.7651 0004764  60.1733 299.9745 15.38478656313085

1 47390U 21005AT  26262.54993440  .00000569  00000+0  30101-4 0  9995
2 47390  53.1603 244.1413 0001775  77.4017 282.7183 15.31695339312673

1 47391U 21005AU  26262.64058608  .00022074  00000+0  11595-2 0  9994
2 47391  53.0637 234.0385 0002217  74.1281 285.9956 15.15649914312791

1 47397U 21005BA  26263.14882589  .00041490  00000+0  95824-3 0  9990
2 47397  53.1536 232.9266 0001489  24.3374 335.7702 15.42143598312892

1 47399U 21005BC  26262.51930091 -.00000371  00000+0 -19529-6 0  9990
2 47399  53.1598 214.6472 0001316  87.2229 272.8923 15.31693284313093

1 47400U 21005BD  26262.51417673  .00000095  00000+0  14831-4 0  9999
2 47400  53.1600 191.5043 0001323  89.7312 270.3841 15.31699891313424

1 47401U 21005BE  26263.15318837  .00000696  00000+0  34175-4 0  9993
2 47401  53.1615 211.9634 0001293  96.0279 264.0870 15.31716769313182

1 47405U 21005BJ  26262.57703783  .00000408  00000+0  24922-4 0  9990
2 47405  53.1599 240.1107 0001531  80.2363 279.8812 15.31696797312738

1 47407U 21005BL  26263.13837368  .00020124  00000+0  60027-3 0  9994
2 47407  53.1575 213.4034 0003756  74.8917 285.2501 15.34652355313159

1 47408U 21005BM  26262.49278613  .00034781  00000+0  10291-2 0  9996
2 47408  53.1577 214.8326 0003918  82.1857 277.9590 15.34598870313085

1 47555U 21009H   26263.16194154  .00039270  00000+0  67778-3 0  9996
2 47555  53.0458 169.7422 0003883 103.7159 256.4281 15.50642885310941

1 47596U 21009BA  26263.34336610  .05697934  12194-4  76639-3 0  9996
2 47596  53.0134 133.6610 0008864 261.4487  98.5553 16.34487941311442

1 47621U 21012B   26262.51724486  .00094973  00000+0  11920-2 0  9997
2 47621  53.1507 222.7602 0004108  78.6092 281.5382 15.58967203310075

1 47625U 21012F   26263.16670139  .00216028  00000+0  81452-3 0  9993
2 47625  53.0370 191.4178 0006839 112.2646 258.8946 15.86619895  6043

1 47627U 21012H   26263.16670139  .00225163  29683-4  72610-3 0  9994
2 47627  53.0367  88.5099 0002651 198.6071 182.0400 15.90500201  6045

1 47628U 21012J   26262.55906775  .00001096  00000+0  47068-4 0  9999
2 47628  53.1597 242.7602 0001284  83.9345 276.1803 15.31701560309793

1 47630U 21012L   26262.52168290  .00034871  00000+0  10422-2 0  9990
2 47630  53.1567 227.1350 0004149  76.7854 283.3612 15.34278963309986

1 47632U 21012N   26263.15182336 -.00000414  00000+0 -15589-5 0  9999
2 47632  53.1588 147.7098 0001119  84.9597 275.1532 15.31718196311152

1 47638U 21012U   26262.16919821  .00050379  00000+0  10703-2 0  9995
2 47638  53.1532 145.6402 0001273 147.3896 212.7190 15.44541676311091

1 47648U 21012AE  26263.16620759  .00000230  00000+0  19182-4 0  9999
2 47648  53.1607 224.4739 0001240  84.4413 275.6730 15.31707518310108

1 47650U 21012AG  26263.13902216  .00087475  00000+0  99437-3 0  9996
2 47650  53.1565 206.4826 0007152  80.1447 280.0375 15.61577603310332

1 47655U 21012AM  26262.49444820  .00039925  00000+0  11371-2 0  9998
2 47655  53.1578 242.3167 0005796  56.1300 304.0254 15.35724781309794

1 47656U 21012AN  26262.63954365  .00000271  00000+0  20492-4 0  9993
2 47656  53.1586 226.9165 0001291  89.4311 270.6838 15.31695269310014

1 47722U 21017A   26262.95361263  .00000270  00000+0  20453-4 0  9992
2 47722  53.1621   6.9454 0001439  57.0864 303.0275 15.31705360307840

1 47723U 21017B   26263.11058472  .00030034  00000+0  79320-3 0  9994
2 47723  53.1607 300.3988 0003666  40.8542 319.2736 15.38217999308750

1 47728U 21017G   26263.16670139  .00146072  00000+0  50343-3 0  9998
2 47728  53.0621 341.3393 0008470 347.5054 341.1716 15.88613581  5891

1 47730U 21017J   26262.97841715 -.00000943  00000+0 -18608-4 0  9996
2 47730  53.1609  32.7876 0001299  72.6272 287.4871 15.31701233307426

1 47733U 21017M   26262.96905201 -.00000836  00000+0 -15181-4 0  9993
2 47733  53.1616  32.5501 0001058  89.9592 270.1530 15.31698905307487

1 47734U 21017N   26262.97066286 -.00000770  00000+0 -13048-4 0  9993
2 47734  53.1616  19.7540 0001089  94.8330 265.2796 15.31698002307631

1 47736U 21017Q   26263.14543147  .00085507  00000+0  54189-3 0  9990
2 47736  53.0690 349.8767 0005257 348.3812  11.7085 15.75825188308063

1 47739U 21017T   26263.03065765 -.00000130  00000+0  75813-5 0  9995
2 47739  53.1603  34.7811 0001341  96.4014 263.7140 15.31690476307462

1 47742U 21017W   26262.90343263  .00005762  00000+0  19739-3 0  9994
2 47742  53.1609  10.3283 0001702  69.5797 290.5387 15.31685197307796

1 47746U 21017AA  26263.16398455  .00097489  00000+0  55054-3 0  9997
2 47746  53.1530 350.8014 0006871 355.5786   4.5173 15.78363735308020

1 47747U 21017AB  26262.63772818  .00003761  00000+0  13285-3 0  9998
2 47747  53.1612  11.2987 0001212  83.8083 276.3056 15.31710762307735

1 47750U 21017AE  26263.02911617  .00038569  00000+0  11848-2 0  9994
2 47750  53.1598   8.9595 0002255   9.4365 350.6679 15.33365110307771

1 47753U 21017AH  26262.82409029  .00032092  00000+0  95726-3 0  9996
2 47753  53.1583  20.0650 0002403 340.2089  19.8820 15.34386070307646

1 47760U 21017AQ  26262.99237631 -.00000082  00000+0  91244-5 0  9998
2 47760  53.1599  32.4564 0001257  90.4334 269.6812 15.31699084307460

1 47767U 21017AX  26263.15396661  .00462724  10595-3  79246-3 0  9997
2 47767  53.1413 336.5046 0011668 354.4137   5.6762 16.01804837308270

1 47770U 21017BA  26263.02656638  .00003184  00000+0  11424-3 0  9991
2 47770  53.1607  19.5113 0001452  55.6250 304.4889 15.31728916307643

1 47771U 21017BB  26263.04224404  .00034028  00000+0  96710-3 0  9998
2 47771  53.1600  18.7798 0001876   7.0596 353.0434 15.35878540307662

1 47772U 21017BC  26262.93181693  .00004183  00000+0  14631-3 0  9999
2 47772  53.1591  33.3362 0000989  81.9072 278.2042 15.31735456307427

1 47773U 21017BD  26262.97233406  .00042700  00000+0  98751-3 0  9996
2 47773  53.1597  30.1374 0002337 343.2578  16.8350 15.42089277307463

1 47778U 21017BJ  26262.55083024  .00084089  00000+0  59466-3 0  9990
2 47778  53.1565 352.5005 0005801 356.4071   3.6905 15.73294540307979

1 47780U 21017BL  26262.93802299  .00001352  00000+0  55302-4 0  9996
2 47780  53.1613  19.8340 0001229  90.5738 269.5404 15.31707081307663

1 47787U 21018A   26263.17205522 -.00002822  00000+0 -79234-4 0  9992
2 47787  53.1603  60.6085 0001153  88.1436 271.9697 15.31692128306488

1 47788U 21018B   26263.04131172  .00056535  00000+0  10267-2 0  9995
2 47788  53.1529  23.9975 0001712 340.7472  19.3472 15.49043625307009

1 47789U 21018C   26263.15653693 -.00001995  00000+0 -52524-4 0  9991
2 47789  53.1610  54.2999 0001275  88.6759 271.4389 15.31699007306564

1 47790U 21018D   26262.98303584  .00000398  00000+0  24600-4 0  9992
2 47790  53.1578  32.4804 0001127  70.8893 289.2230 15.31703878306878

1 47791U 21018E   26263.08257568  .00040005  00000+0  91942-3 0  9996
2 47791  53.1585  55.4075 0002053 300.9480  59.1324 15.42306565306568

1 47792U 21018F   26263.01669595  .00002251  00000+0  84278-4 0  9993
2 47792  53.1608  54.7841 0000956 101.7080 258.4029 15.31699885306543

1 47793U 21018G   26262.96541343  .00001809  00000+0  70020-4 0  9995
2 47793  53.1609  55.0196 0001493  57.8865 302.2281 15.31710880306526

1 47796U 21018K   26263.03839331  .00046123  00000+0  10482-2 0  9996
2 47796  53.1527  49.6809 0000943 118.0063 242.1039 15.42579013306613

1 47797U 21018L   26263.17935549 -.00004084  00000+0 -11998-3 0  9996
2 47797  53.1582  70.2702 0000815 135.1139 224.9928 15.31687292306341

1 47798U 21018M   26263.04932728 -.00001058  00000+0 -22322-4 0  9991
2 47798  53.1612  54.6299 0001180  70.6570 289.4559 15.31697403306544

1 47799U 21018N   26263.13161067 -.00000707  00000+0 -11012-4 0  9996
2 47799  53.1606  47.2488 0001343  93.1184 266.9971 15.31691903306657

1 47800U 21018P   26263.12388039  .00002881  00000+0  10455-3 0  9990
2 47800  53.1586  54.1959 0001173  83.8512 276.2623 15.31705745306556

1 47802U 21018R   26262.83917240 -.00001246  00000+0 -28388-4 0  9992
2 47802  53.1587  72.3173 0000628  68.1818 291.9250 15.31707247306298

1 47804U 21018T   26263.03652948  .00033046  00000+0  10242-2 0  9997
2 47804  53.1590  45.6018 0001353   4.3508 355.7505 15.33157776306671

1 47805U 21018U   26263.06689002  .00023167  00000+0  82948-3 0  9998
2 47805  53.0841  60.9211 0002520 109.2386 250.8886 15.28682714306442

1 47806U 21018V   26263.05516778 -.00000593  00000+0 -73605-5 0  9999
2 47806  53.1587  58.4324 0001053  91.1200 268.9922 15.31699371306567

1 47807U 21018W   26262.92244203  .00000627  00000+0  31949-4 0  9996
2 47807  53.1586  32.7734 0001347  73.7131 286.4019 15.31713631306841

1 47808U 21018X   26262.91496381  .00004718  00000+0  16364-3 0  9990
2 47808  53.1599  58.7559 0001057  80.7446 279.3675 15.31714916306547

1 47810U 21018Z   26262.88110375  .00000229  00000+0  19146-4 0  9990
2 47810  53.1608  71.9815 0001136  81.9866 278.1265 15.31713597306355

1 47814U 21018AD  26263.07753870  .00033862  00000+0  98530-3 0  9991
2 47814  53.1574  57.5487 0000119 175.1646 184.9358 15.35143328306583

1 47815U 21018AE  26263.12970042 -.00000722  00000+0 -11505-4 0  9999
2 47815  53.1588  57.7983 0001435  62.3173 297.7974 15.31702719306517

1 47816U 21018AF  26262.94236234  .00001524  00000+0  60828-4 0  9998
2 47816  53.1593  74.1694 0001291  89.4742 270.6408 15.31713380306257

1 47817U 21018AG  26263.15773144 -.00000384  00000+0 -60783-6 0  9996
2 47817  53.1605  58.1088 0001139  89.3107 270.8025 15.31702002306511

1 47819U 21018AJ  26263.02255191 -.00001198  00000+0 -26861-4 0  9992
2 47819  53.1593  58.6504 0001124 109.1237 250.9886 15.31697801306565

1 47821U 21018AL  26263.03186156  .00000343  00000+0  22836-4 0  9997
2 47821  53.1608  58.4840 0001201  83.3360 276.7778 15.31693088306505

1 47822U 21018AM  26262.89037358  .00003004  00000+0  10849-3 0  9997
2 47822  53.1578  71.5143 0001192  91.1153 268.9985 15.31708198306311

1 47823U 21018AN  26263.00294889  .00000741  00000+0  35616-4 0  9991
2 47823  53.1592  73.7589 0001125  76.4967 283.6159 15.31709052306273

1 47824U 21018AP  26263.18448579  .00015755  00000+0  51935-3 0  9990
2 47824  53.1597  73.5748 0001489  92.0830 268.0342 15.31639455306281

1 47825U 21018AQ  26263.05981324 -.00001271  00000+0 -29207-4 0  9995
2 47825  53.1617  58.2706 0001404  76.7100 283.4058 15.31695839306514

1 47826U 21018AR  26262.98091485  .00000150  00000+0  16598-4 0  9999
2 47826  53.1598  61.1874 0001370  49.3502 310.7619 15.31705791306466

1 47827U 21018AS  26263.13867779 -.00000610  00000+0 -78864-5 0  9993
2 47827  53.1596  57.6645 0000901  98.8261 261.2842 15.31702910306571

1 47828U 21018AT  26262.96027639  .00001304  00000+0  53753-4 0  9995
2 47828  53.1599  71.1986 0001189  97.6395 262.4742 15.31717277306325

1 47830U 21018AV  26263.00692668  .00002046  00000+0  77637-4 0  9995
2 47830  53.1599  71.3044 0001166  95.4985 264.6149 15.31713460306315

1 47831U 21018AW  26263.10140336 -.00000730  00000+0 -11757-4 0  9998
2 47831  53.1591  57.9405 0001323  52.0252 308.0869 15.31706708306555

1 47832U 21018AX  26262.90638069  .00000705  00000+0  34468-4 0  9995
2 47832  53.1608  61.8616 0001196  91.5685 268.5454 15.31714406306441

1 47833U 21018AY  26263.07661302  .00002017  00000+0  76738-4 0  9995
2 47833  53.1594  71.6710 0001260  80.3552 279.7592 15.31698120306363

1 47834U 21018AZ  26263.00883233  .00001275  00000+0  52817-4 0  9995
2 47834  53.1594  60.7227 0001160  97.9436 262.1697 15.31713652306528

1 47836U 21018BB  26263.07874198 -.00000893  00000+0 -17031-4 0  9990
2 47836  53.1596  60.3492 0000835 116.6036 243.5051 15.31704397306483

1 47837U 21018BC  26263.04611113  .00036469  00000+0  11249-2 0  9993
2 47837  53.1577  54.3874 0000890 345.4549  14.6428 15.33261443306557

1 47838U 21018BD  26263.05088093 -.00001230  00000+0 -27891-4 0  9992
2 47838  53.1612  61.2268 0001036  96.5962 263.5158 15.31700283306461

1 47839U 21018BE  26263.07162595 -.00001186  00000+0 -26451-4 0  9996
2 47839  53.1608  32.3456 0000887  81.8349 278.2753 15.31703549306882

1 47840U 21018BF  26262.99806185 -.00000056  00000+0  99637-5 0  9999
2 47840  53.1577  54.9427 0001053 143.6097 216.4977 15.31704199306536

1 47841U 21018BG  26262.97939340  .00004765  00000+0  16515-3 0  9990
2 47841  53.1583  54.8700 0001143  82.8777 277.2354 15.31715368306530

1 47843U 21018BJ  26263.04417646 -.00001439  00000+0 -34634-4 0  9991
2 47843  53.1586  70.8067 0000837  67.6874 292.4216 15.31700307306349

1 47844U 21018BK  26263.00839521  .00039383  00000+0  99923-3 0  9996
2 47844  53.1567  58.8600 0003498 142.4066 217.7184 15.39316233306498

1 47845U 21018BL  26262.84421376  .00000436  00000+0  25799-4 0  9991
2 47845  53.1593  75.0630 0001027  90.5069 269.6050 15.31709502306242

1 47861U 21021B   26263.09585315  .00000999  00000+0  43949-4 0  9996
2 47861  53.1582  73.5862 0000849 123.9814 236.1268 15.31706400306185

1 47870U 21021L   26263.16216867 -.00001715  00000+0 -43521-4 0  9992
2 47870  53.1607  95.9420 0001496  81.1867 278.9304 15.31694960305768

1 47873U 21021P   26263.00224382  .00004925  00000+0  17029-3 0  9996
2 47873  53.1604  71.1305 0001097  88.1274 271.9853 15.31716234306191

1 47874U 21021Q   26263.05963898  .00051342  00000+0  10260-2 0  9998
2 47874  53.1406  23.4000 0001991  31.0546 329.0579 15.46326226306864

1 47884U 21021AA  26263.16683822 -.00000870  00000+0 -16259-4 0  9995
2 47884  53.1580  95.9583 0001460  88.3670 271.7499 15.31697309305851

1 47887U 21021AD  26263.11528728  .00046132  00000+0  14736-2 0  9991
2 47887  53.1592  96.1521 0001941 101.9720 258.1499 15.32036497305859

1 47894U 21021AL  26263.14334427  .00040880  00000+0  96440-3 0  9990
2 47894  53.1483  78.6211 0003699 132.4068 227.7251 15.41508159306042

1 47895U 21021AM  26263.10317833 -.00001908  00000+0 -49736-4 0  9996
2 47895  53.1597  83.3907 0001211  91.9094 268.2046 15.31695885306011

1 47896U 21021AN  26263.13886153 -.00000494  00000+0 -41585-5 0  9990
2 47896  53.1605  96.0363 0000985  76.8460 283.2651 15.31701580305811

1 47898U 21021AQ  26263.02392933  .00001002  00000+0  44049-4 0  9999
2 47898  53.1599  83.6892 0001189  94.5476 265.5661 15.31710662305977

1 47901U 21021AT  26263.06584220  .00046191  00000+0  90300-3 0  9998
2 47901  53.1523  60.8632 0000263 251.6729 108.4251 15.47011778306348

1 47904U 21021AW  26263.18865611 -.00002131  00000+0 -56922-4 0  9991
2 47904  53.1606  70.0947 0001189  91.3987 268.7151 15.31698228306217

1 47907U 21021AZ  26262.92914949  .00001007  00000+0  44218-4 0  9998
2 47907  53.1579  97.1691 0001350  93.1779 266.9377 15.31702369305787

1 47910U 21021BC  26263.07986530  .00002546  00000+0  93727-4 0  9992
2 47910  53.1580  83.4674 0001363  93.8673 266.2484 15.31721092306042

1 47911U 21021BD  26263.11541287  .00022179  00000+0  70397-3 0  9995
2 47911  53.1580  96.1081 0000511  70.0941 290.0116 15.32615500305701

1 47916U 21021BJ  26262.78925883  .00032025  00000+0  98966-3 0  9993
2 47916  53.1583  71.9843 0000522   9.6403 350.4609 15.33266427306158

1 47919U 21021BM  26263.09224426  .00001005  00000+0  44108-4 0  9990
2 47919  53.1601  96.2461 0001393  94.6874 265.4287 15.31723065305836

1 47978U 21024B   26263.02594431 -.00000043  00000+0  10370-4 0  9993
2 47978  53.1583 147.9797 0001072 105.1982 254.9138 15.31701157304406

1 47981U 21024E   26263.08623017  .00002743  00000+0  10014-3 0  9998
2 47981  53.1602 147.7613 0001398  85.3402 274.7759 15.31693684304419

1 47993U 21024S   26263.16670139  .00896673  38025-3  19524-2 0  9996
2 47993  53.1396  71.6601 0001140 301.0024 262.1131 15.97755851  6003

1 47997U 21024W   26263.09840064  .00008651  00000+0  28992-3 0  9997
2 47997  53.1572 122.0254 0001204  92.7712 267.3427 15.31732569304776

1 48000U 21024Z   26262.96971399  .00058095  00000+0  98381-3 0  9990
2 48000  53.1239  43.6784 0004424 323.5054  36.5653 15.51005010305795

1 48009U 21024AJ  26263.18987073  .00034559  00000+0  80107-3 0  9996
2 48009  53.1580 121.8215 0001488 169.7103 190.3934 15.42120601304731

1 48010U 21024AK  26262.24763637  .00001662  00000+0  65279-4 0  9995
2 48010  53.1600 151.8892 0001400  96.5634 263.5527 15.31723018304224

1 48019U 21024AU  26262.98189838  .00001661  00000+0  65259-4 0  9997
2 48019  53.1592 122.6682 0001170  96.2163 263.8972 15.31708994304698

1 48022U 21024AX  26263.19746613  .00133931  00000+0  60301-3 0  9993
2 48022  53.1132 110.5187 0003489 176.8560 183.2485 15.83182931304923

1 48023U 21024AY  26263.17150692  .00061692  00000+0  96672-3 0  9992
2 48023  53.1118 130.3696 0001782 210.0258 150.0651 15.53152812304640

1 48093U 21027B   26263.19175950  .00001217  00000+0  50967-4 0  9993
2 48093  53.1600 329.7569 0001301  79.2012 280.9136 15.31700818302466

1 48094U 21027C   26262.71914641  .00002058  00000+0  78013-4 0  9995
2 48094  53.1611 342.7665 0001078  72.0689 288.0430 15.31714255302245

1 48095U 21027D   26262.83099473  .00000393  00000+0  24457-4 0  9999
2 48095  53.1623 341.9563 0002511  48.9776 311.1442 15.31694584302275

1 48096U 21027E   26263.21288050  .00008258  00000+0  27505-3 0  9998
2 48096  53.1607 340.3296 0000387  68.2090 291.8953 15.31995786302311

1 48097U 21027F   26263.19901097  .00027154  00000+0  85416-3 0  9990
2 48097  53.1578 327.6395 0002573  37.9799 322.1384 15.32785636302481

1 48098U 21027G   26262.80482736  .00041454  00000+0  90920-3 0  9997
2 48098  53.1602 329.0186 0003096  21.9817 338.1322 15.43682782302433

1 48099U 21027H   26262.92017584  .00001515  00000+0  60575-4 0  9994
2 48099  53.1608 343.8809 0001392  80.2514 279.8645 15.31708509302235

1 48100U 21027J   26263.15414377 -.00000178  00000+0  60377-5 0  9990
2 48100  53.1619 327.4811 0001114  72.3292 287.7831 15.31699499302487

1 48101U 21027K   26262.78629458 -.00000522  00000+0 -50608-5 0  9997
2 48101  53.1621 331.7672 0001556  61.6464 298.4694 15.31690050302408

1 48104U 21027N   26262.66479684  .00003578  00000+0  12696-3 0  9996
2 48104  53.1610 330.0620 0001504  74.0373 286.0794 15.31717515302415

1 48105U 21027P   26262.59124870  .00002363  00000+0  87840-4 0  9998
2 48105  53.1606 278.8615 0001444  78.6766 281.4397 15.31723866303115

1 48106U 21027Q   26262.71571513 -.00000692  00000+0 -10509-4 0  9996
2 48106  53.1605 329.6967 0001332  88.1939 271.9215 15.31716302302416

1 48107U 21027R   26262.67878209  .00002700  00000+0  98712-4 0  9996
2 48107  53.1593 329.9919 0001152  91.6798 268.4336 15.31711550302409

1 48111U 21027V   26260.70588685  .00061196  00000+0  93232-3 0  9994
2 48111  53.1523 327.2925 0003928  17.0986 343.0157 15.53929265302284

1 48112U 21027W   26262.78932885  .00001769  00000+0  68718-4 0  9992
2 48112  53.1613 344.4759 0001140  89.3899 270.7233 15.31714159302225

1 48113U 21027X   26263.18983101 -.00000035  00000+0  10626-4 0  9996
2 48113  53.1635 340.1365 0001157  94.1115 266.0019 15.31699904302308

1 48115U 21027Z   26263.20573617  .00000753  00000+0  36019-4 0  9998
2 48115  53.1603 329.6730 0001062  81.0521 279.0601 15.31703668302454

1 48116U 21027AA  26262.84500884  .00000099  00000+0  14955-4 0  9992
2 48116  53.1607 342.2865 0001203  77.9465 282.1671 15.31701429302250

1 48117U 21027AB  26262.76697133 -.00001038  00000+0 -21694-4 0  9992
2 48117  53.1608 329.2894 0001498  98.6518 261.4653 15.31698300302426

1 48119U 21027AD  26262.76729502 -.00001362  00000+0 -32128-4 0  9994
2 48119  53.1613 329.2174 0001613  53.9042 306.2109 15.31698748302419

1 48120U 21027AE  26263.18768800  .00021314  00000+0  34344-3 0  9995
2 48120  53.1583 329.4081 0002083  37.8579 322.2578 15.52915437302478

1 48121U 21027AF  26260.49784443  .00003285  00000+0  11756-3 0  9997
2 48121  53.1615 342.3077 0001593  86.3023 273.8161 15.31708511302044

1 48123U 21027AH  26262.77198689 -.00000017  00000+0  11211-4 0  9991
2 48123  53.1610 329.3944 0001430  76.7820 283.3341 15.31691471302421

1 48124U 21027AJ  26263.18244413  .00001523  00000+0  60834-4 0  9992
2 48124  53.1597 329.8309 0001357  71.3883 288.7266 15.31696795302456

1 48125U 21027AK  26262.77505460  .00004730  00000+0  16401-3 0  9992
2 48125  53.1592 342.3463 0001148  90.0583 270.0550 15.31717076302249

1 48126U 21027AL  26263.18177188  .00001468  00000+0  59061-4 0  9996
2 48126  53.1614 327.3360 0001109  81.5669 278.5458 15.31704620302499

1 48127U 21027AM  26262.92385255 -.00000696  00000+0 -10643-4 0  9991
2 48127  53.1613 341.4674 0001515  82.8573 277.2601 15.31699575302277

1 48128U 21027AN  26262.77450643  .00096149  00000+0  19047-2 0  9990
2 48128  53.0978 280.4832 0005445  53.6844 306.4665 15.46285443303088

1 48129U 21027AP  26262.80302211  .00001234  00000+0  51522-4 0  9999
2 48129  53.1616 342.2008 0001401  90.3110 269.8052 15.31703081302250

1 48130U 21027AQ  26262.81269849  .00000887  00000+0  40342-4 0  9992
2 48130  53.1627 344.7703 0001723  79.3794 280.7401 15.31699290302228

1 48131U 21027AR  26263.21012031  .00000709  00000+0  34597-4 0  9995
2 48131  53.1589 327.5863 0001102  91.2609 268.8519 15.31704965302482

1 48132U 21027AS  26262.81763394 -.00001805  00000+0 -46395-4 0  9995
2 48132  53.1620 344.3467 0001224  93.0313 267.0828 15.31713681302213

1 48133U 21027AT  26262.83562779  .00003132  00000+0  11266-3 0  9993
2 48133  53.1596 341.8684 0001177  73.0794 287.0337 15.31698043302263

1 48134U 21027AU  26263.19914398  .00000115  00000+0  15472-4 0  9994
2 48134  53.1653 340.0427 0001780  15.6170 344.4886 15.31699010302312

1 48135U 21027AV  26262.95283043 -.00000172  00000+0  62116-5 0  9996
2 48135  53.1612 343.8967 0001304  87.0233 273.0918 15.31690531302247

1 48136U 21027AW  26263.18519902  .00000940  00000+0  42053-4 0  9998
2 48136  53.1611 340.3981 0001053  68.5717 291.5397 15.31706327302312

1 48137U 21027AX  26263.21079410 -.00000290  00000+0  24300-5 0  9993
2 48137  53.1601 330.0766 0001484  95.4541 264.6630 15.31702740302441

1 48138U 21027AY  26263.19982168  .00001850  00000+0  71377-4 0  9991
2 48138  53.1614 342.5463 0001154  80.8101 279.3031 15.31697286302280

1 48139U 21027AZ  26262.70641012  .00001275  00000+0  52823-4 0  9994
2 48139  53.1605 329.8152 0001218  84.3828 275.7312 15.31704053302418

1 48140U 21027BA  26262.75176052  .00006087  00000+0  20768-3 0  9996
2 48140  53.1608 342.5471 0001275  72.3130 287.8010 15.31714705302240

1 48142U 21027BC  26262.79966278 -.00002407  00000+0 -65830-4 0  9993
2 48142  53.1607 329.6960 0001186  79.4282 280.6853 15.31701066302429

1 48143U 21027BD  26262.73320402  .00047814  00000+0  88337-3 0  9996
2 48143  53.1518 267.2441 0005431  47.9595 312.1875 15.48612847303293

1 48144U 21027BE  26263.20974139  .00000289  00000+0  21085-4 0  9995
2 48144  53.1599 327.2360 0001171  98.4096 261.7038 15.31701751302489

1 48148U 21027BJ  26263.21785054 -.00000037  00000+0  10567-4 0  9991
2 48148  53.1599 340.4129 0001380  87.8395 272.2765 15.31699570302309

1 48149U 21027BK  26262.18910204  .00001378  00000+0  56180-4 0  9993
2 48149  53.1608 332.4392 0001457  80.4579 279.6588 15.31696370302323

1 48150U 21027BL  26262.82759930 -.00000653  00000+0 -92652-5 0  9995
2 48150  53.1598 329.2846 0002005  45.1628 314.9537 15.31700230302434

1 48151U 21027BM  26263.14950766 -.00001140  00000+0 -24969-4 0  9999
2 48151  53.1589 327.6859 0001332  89.6483 270.4671 15.31705379302484

1 48276U 21036A   26262.53687153 -.00000733  00000+0 -11868-4 0  9997
2 48276  53.1587 228.7976 0001413  86.7444 273.3719 15.31698161298441

1 48277U 21036B   26262.28321819  .00042516  00000+0  10795-2 0  9993
2 48277  53.1202 189.0535 0004294  91.5310 268.6186 15.39254720298972

1 48278U 21036C   26262.50231825 -.00000197  00000+0  54099-5 0  9994
2 48278  53.1589 202.4237 0001310  85.1978 274.9173 15.31698507298811

1 48280U 21036E   26262.78267115  .00003254  00000+0  11652-3 0  9990
2 48280  53.1599 277.9183 0001628  67.8647 292.2527 15.31717463297777

1 48282U 21036G   26262.52919210  .00000470  00000+0  26914-4 0  9999
2 48282  53.1592 253.3402 0001132 102.5815 257.5314 15.31701919298114

1 48283U 21036H   26263.17236189  .00001343  00000+0  55028-4 0  9997
2 48283  53.1582 250.2821 0001200  85.7532 274.3607 15.31707904298212

1 48284U 21036J   26262.69703910 -.00001158  00000+0 -25569-4 0  9998
2 48284  53.1603 253.0060 0001498  80.4242 279.6928 15.31692786298127

1 48286U 21036L   26262.97196443  .00000704  00000+0  34471-4 0  9994
2 48286  53.1591 251.2946 0001401  68.4211 291.6940 15.31695602298177

1 48287U 21036M   26262.55315076 -.00001142  00000+0 -25038-4 0  9992
2 48287  53.1604 255.6034 0001657  66.0404 294.0771 15.31691861298071

1 48289U 21036P   26262.46363696  .00001525  00000+0  60902-4 0  9997
2 48289  53.1589 253.8996 0001386 106.2690 253.8464 15.31706145298091

1 48291U 21036R   26262.47391462  .00001095  00000+0  47050-4 0  9994
2 48291  53.1606 255.9836 0001684 106.6396 253.4791 15.31707062298063

1 48292U 21036S   26262.66899010 -.00000451  00000+0 -27795-5 0  9990
2 48292  53.1595 252.5044 0001393  93.1215 266.9946 15.31697469298130

1 48293U 21036T   26262.55248600  .00000190  00000+0  17880-4 0  9993
2 48293  53.1608 253.2063 0001361  91.6247 268.4911 15.31705361298116

1 48294U 21036U   26262.99991858  .00000979  00000+0  43302-4 0  9995
2 48294  53.1585 251.0725 0001331 103.1012 257.0138 15.31695572298182

1 48295U 21036V   26262.68766484 -.00000503  00000+0 -44560-5 0  9990
2 48295  53.1594 252.6912 0001023  88.0287 272.0832 15.31701045298137

1 48298U 21036Y   26262.97126162  .00044389  00000+0  97292-3 0  9994
2 48298  53.1521 245.3270 0001761  54.8909 305.2262 15.43674235298260

1 48299U 21036Z   26262.45925824  .00001009  00000+0  44266-4 0  9996
2 48299  53.1601 253.5775 0001302  82.2847 277.8302 15.31712006298106

1 48300U 21036AA  26262.73264143 -.00003162  00000+0 -90151-4 0  9998
2 48300  53.1609 265.1225 0000930  72.7122 287.3981 15.31708504297962

1 48301U 21036AB  26262.63518220 -.00000286  00000+0  25504-5 0  9990
2 48301  53.1603 268.5887 0001627  62.0346 298.0820 15.31696513297891

1 48303U 21036AD  26263.07292644  .00003421  00000+0  12200-3 0  9990
2 48303  53.1592 263.8240 0001085  77.0811 283.0311 15.31691218298002

1 48304U 21036AE  26263.00542662  .00000399  00000+0  24618-4 0  9990
2 48304  53.1587 274.5936 0001360  78.1217 281.9937 15.31700235297837

1 48305U 21036AF  26263.16670139  .00042384  00000+0  11126-2 0  9997
2 48305  53.1571 274.3289 0001233  91.2471 205.7967 15.38242036  5850

1 48306U 21036AG  26262.68384837 -.00001781  00000+0 -45621-4 0  9998
2 48306  53.1587 276.2114 0001779  57.4675 302.6498 15.31699862297788

1 48309U 21036AK  26263.03103777  .00000811  00000+0  37898-4 0  9991
2 48309  53.1567 264.4651 0001278  89.6389 270.4759 15.31697536297998

1 48310U 21036AL  26263.01806228  .00001078  00000+0  46513-4 0  9992
2 48310  53.1642 267.0565 0001863  92.5205 267.6010 15.31701888297957

1 48311U 21036AM  26263.00304289 -.00000502  00000+0 -44033-5 0  9991
2 48311  53.1609 264.3618 0001338  88.5940 271.5215 15.31691360297996

1 48312U 21036AN  26262.97504616 -.00000136  00000+0  73655-5 0  9997
2 48312  53.1597 264.2507 0001110  86.0013 274.1115 15.31696456297990

1 48314U 21036AQ  26262.56055950 -.00002894  00000+0 -81527-4 0  9996
2 48314  53.1579 268.6427 0001405  84.8242 275.2919 15.31695517297887

1 48315U 21036AR  26263.03338950  .00000485  00000+0  27401-4 0  9997
2 48315  53.1590 274.4908 0001053  99.9949 260.1171 15.31694181297834

1 48316U 21036AS  26263.02874659  .00003829  00000+0  13509-3 0  9996
2 48316  53.1572 274.5003 0001805  76.8109 283.3094 15.31703759297832

1 48317U 21036AT  26262.73731198  .00000364  00000+0  23510-4 0  9999
2 48317  53.1593 265.1141 0001145  89.4244 270.6889 15.31697179297954

1 48318U 21036AU  26263.02946125  .00000479  00000+0  27216-4 0  9995
2 48318  53.1587 277.4402 0001360  97.2584 262.8572 15.31689355297800

1 48319U 21036AV  26263.02003676 -.00000105  00000+0  84027-5 0  9992
2 48319  53.1588 276.7564 0001508  94.2788 265.8386 15.31697315297812

1 48320U 21036AW  26262.65687952 -.00000740  00000+0 -12065-4 0  9995
2 48320  53.1602 278.7631 0001477  71.5666 288.5496 15.31697214297751

1 48321U 21036AX  26263.07130841  .00000794  00000+0  37348-4 0  9991
2 48321  53.1592 276.4499 0001268  71.0404 289.0735 15.31711525297822

1 48323U 21036AZ  26263.06197257  .00000664  00000+0  33170-4 0  9991
2 48323  53.1605 276.4686 0001588  87.1532 272.9651 15.31701274297820

1 48325U 21036BB  26262.74039935 -.00000009  00000+0  11501-4 0  9993
2 48325  53.1603 278.0930 0001687  73.4696 286.6491 15.31699998297776

1 48326U 21036BC  26263.05764955  .00007247  00000+0  24515-3 0  9994
2 48326  53.1584 276.5547 0001666  77.9153 282.2035 15.31690686297823

1 48327U 21036BD  26262.66149610  .00000204  00000+0  18355-4 0  9998
2 48327  53.1604 278.3957 0001466  70.5142 289.6018 15.31696872297765

1 48328U 21036BE  26262.77766082 -.00000443  00000+0 -25118-5 0  9992
2 48328  53.1589 277.7365 0001285  88.5596 271.5553 15.31695436297775

1 48329U 21036BF  26262.57757487  .00001113  00000+0  47625-4 0  9999
2 48329  53.1605 278.6665 0001586  66.5923 293.5245 15.31709222297751

1 48330U 21036BG  26262.68485048  .00000153  00000+0  16696-4 0  9991
2 48330  53.1593 278.6585 0001561  63.3531 296.7630 15.31699596297769

1 48331U 21036BH  26262.66275798  .00040188  00000+0  96908-3 0  9994
2 48331  53.1542 274.9908 0001461   6.0887 354.0136 15.40858368297818

1 48333U 21036BK  26262.56826184  .00000768  00000+0  36495-4 0  9992
2 48333  53.1587 278.7582 0001297  85.6515 274.4634 15.31706183297755

1 48334U 21036BL  26262.75936263  .00001497  00000+0  59999-4 0  9998
2 48334  53.1582 277.8567 0001080  86.8399 273.2726 15.31693729297780

1 48353U 21038A   26262.47281128  .00000100  00000+0  15001-4 0  9999
2 48353  53.1620 176.2997 0001388  74.8163 285.2992 15.31698024296779

1 48354U 21038B   26262.93423279 -.00000762  00000+0 -12797-4 0  9991
2 48354  53.1598 174.2377 0001176  95.6020 264.5115 15.31706788296844

1 48355U 21038C   26262.26774075  .00000441  00000+0  25984-4 0  9995
2 48355  53.1625 177.2324 0001146  97.9694 262.1437 15.31695980296741

1 48356U 21038D   26262.87816804  .00006774  00000+0  22919-3 0  9999
2 48356  53.1592 174.6850 0001288  88.9954 271.1195 15.31796187296838

1 48357U 21038E   26262.06733434  .00001100  00000+0  47204-4 0  9991
2 48357  53.1602 178.2239 0001079  94.7633 265.3492 15.31700045296719

1 48358U 21038F   26262.25841240  .00000909  00000+0  41038-4 0  9993
2 48358  53.1626 177.2915 0001616  83.9579 276.1606 15.31709154296731

1 48359U 21038G   26262.47058467  .00038442  00000+0  11849-2 0  9997
2 48359  53.1591 176.5175 0002943  92.4930 267.6409 15.33258710296761

1 48360U 21038H   26262.84101177 -.00000175  00000+0  61249-5 0  9992
2 48360  53.1614 174.6104 0000984 101.5544 258.5568 15.31704785296824

1 48361U 21038J   26262.31435190  .00000100  00000+0  15003-4 0  9993
2 48361  53.1586 177.0518 0001133 105.8574 254.2553 15.31696333296743

1 48362U 21038K   26262.46815489 -.00006827  00000+0 -20855-3 0  9997
2 48362  53.1603 176.3233 0001324  87.1709 272.9444 15.31681309296770

1 48364U 21038M   26262.92682812 -.00000696  00000+0 -10663-4 0  9997
2 48364  53.1595 163.8541 0001316 110.3780 249.7363 15.31711215296990

1 48365U 21038N   26262.26035312  .00002409  00000+0  89366-4 0  9990
2 48365  53.1594 167.0126 0001463  83.9894 276.1275 15.31698360296899

1 48367U 21038Q   26262.82397457  .00000100  00000+0  14995-4 0  9997
2 48367  53.1607 161.9291 0001300  99.6912 260.4236 15.31704002297005

1 48368U 21038R   26262.28373007 -.00000825  00000+0 -14833-4 0  9990
2 48368  53.1599 167.4200 0001284  78.7897 281.3248 15.31698884296888

1 48370U 21038T   26262.92216708  .00010529  00000+0  35083-3 0  9997
2 48370  53.1593 163.8380 0001665  98.4951 261.6239 15.31675256296987

1 48371U 21038U   26262.21375442 -.00000132  00000+0  75020-5 0  9998
2 48371  53.1607 167.2727 0001338  95.3809 264.7345 15.31700475296874

1 48373U 21038W   26262.09695119 -.00003008  00000+0 -85241-4 0  9993
2 48373  53.1614 165.4013 0002349  71.1136 289.0120 15.31676089296896

1 48374U 21038X   26262.45144035 -.00000329  00000+0  11519-5 0  9990
2 48374  53.1604 166.0513 0001218  95.7972 264.3169 15.31695748296917

1 48375U 21038Y   26262.32128014  .00000386  00000+0  24217-4 0  9996
2 48375  53.1614 166.6763 0001060 115.2605 244.8507 15.31694799296899

1 48376U 21038Z   26263.00003472  .00251000  34316-4  79802-3 0  9995
2 48376  53.1477 126.8474 0004084 166.0349 277.5892 15.90742077  6024

1 48377U 21038AA  26262.44679177 -.00000845  00000+0 -15475-4 0  9990
2 48377  53.1623 166.1501 0001506  92.5654 267.5520 15.31694687296918

1 48378U 21038AB  26262.91753696 -.00002225  00000+0 -59936-4 0  9996
2 48378  53.1583 164.1179 0000962 102.4146 257.6963 15.31713439296980

1 48379U 21038AC  26262.23211142 -.00000728  00000+0 -11692-4 0  9990
2 48379  53.1624 165.0379 0001060  77.4089 282.7031 15.31698670296913

1 48380U 21038AD  26262.43716954  .00000240  00000+0  19492-4 0  9998
2 48380  53.1619 163.9641 0001236  99.1494 260.9647 15.31692583296945

1 48381U 21038AE  26262.22314228  .00000136  00000+0  16149-4 0  9994
2 48381  53.1585 167.6831 0001452  89.0680 271.0488 15.31700727296873

1 48382U 21038AF  26262.23272082 -.00001710  00000+0 -43329-4 0  9998
2 48382  53.1613 167.0776 0001215  92.7064 267.4076 15.31707439296882

1 48385U 21038AJ  26262.70279925  .00001762  00000+0  68529-4 0  9990
2 48385  53.1593 162.5196 0000909  93.6626 266.4480 15.31694423298216

1 48386U 21038AK  26262.87492675  .00000864  00000+0  39599-4 0  9995
2 48386  53.1611 161.8383 0001584 101.1278 258.9902 15.31715517297005

1 48388U 21038AM  26262.22706485  .00001041  00000+0  45319-4 0  9998
2 48388  53.1645 164.6377 0001335  81.9976 278.1177 15.31700653296914

1 48390U 21038AP  26262.42475925 -.00000533  00000+0 -54077-5 0  9994
2 48390  53.1600 151.0518 0001113  79.7142 280.3984 15.31705135298349

1 48391U 21038AQ  26262.97444358 -.00000275  00000+0  29035-5 0  9999
2 48391  53.1599 148.8433 0001238  82.8341 277.2801 15.31710334298420

1 48392U 21038AR  26262.21035444 -.00000501  00000+0 -43621-5 0  9999
2 48392  53.1606 151.9415 0001393  77.2585 282.8572 15.31699872298313

1 48395U 21038AU  26262.42040613  .00000784  00000+0  37018-4 0  9992
2 48395  53.1599 153.3203 0001102  89.6715 270.4412 15.31700134298318

1 48396U 21038AV  26263.10986909  .00001695  00000+0  66367-4 0  9997
2 48396  53.1602 147.7102 0001167  90.0433 270.0702 15.31702049298453

1 48397U 21038AW  26263.18445794 -.00000340  00000+0  81695-6 0  9998
2 48397  53.1603 147.4953 0001165  95.5245 264.5889 15.31706189298469

1 48398U 21038AX  26263.05484995  .00026648  00000+0  10436-2 0  9990
2 48398  53.0462 167.5000 0004741  36.2283 323.9034 15.25628962298136

1 48399U 21038AY  26263.17046404  .00002027  00000+0  77028-4 0  9990
2 48399  53.1610 147.4917 0001316  86.8192 273.2960 15.31711012298458

1 48400U 21038AZ  26263.19381150  .00003346  00000+0  11955-3 0  9996
2 48400  53.1606 147.6733 0001324  99.7194 260.3956 15.31701388297241

1 48401U 21038BA  26262.18676119 -.00001243  00000+0 -28279-4 0  9991
2 48401  53.1603 152.3932 0001233  85.8401 274.2741 15.31701323297086

1 48404U 21038BD  26263.10056779 -.00000241  00000+0  39938-5 0  9992
2 48404  53.1611 147.9172 0001253 106.6762 253.4377 15.31701609297236

1 48405U 21038BE  26263.04933737 -.00000437  00000+0 -23317-5 0  9996
2 48405  53.1606 148.3311 0001126  99.2564 260.8565 15.31698257297210

1 48406U 21038BF  26263.18598645  .00025978  00000+0  78623-3 0  9990
2 48406  53.1556 150.4037 0002611 116.2563 243.8708 15.34037656297205

1 48408U 21038BH  26263.19849084 -.00000325  00000+0  12920-5 0  9999
2 48408  53.1609 147.9435 0001738 137.8204 222.2931 15.31729117297238

1 48410U 21038BK  26263.15229046  .00001090  00000+0  46892-4 0  9991
2 48410  53.1580 111.5830 0001328  88.8948 271.2206 15.31701628297742

1 48411U 21038BL  26263.13726539  .00000745  00000+0  35755-4 0  9991
2 48411  53.1597 108.9302 0001076 105.6572 254.4549 15.31719813297777

1 48412U 21038BM  26263.04507506  .00014100  00000+0  46505-3 0  9997
2 48412  53.1582 111.9638 0001339  94.8271 265.2883 15.31714305297722

1 48428U 21040A   26262.80612362  .00006034  00000+0  20587-3 0  9996
2 48428  53.1606 355.3462 0001080  81.2991 278.8133 15.31726093296428

1 48431U 21040D   26262.67846192  .00000872  00000+0  39864-4 0  9998
2 48431  53.1618 330.0142 0001209  88.3116 271.8024 15.31705371296754

1 48432U 21040E   26263.19581674  .00000439  00000+0  25920-4 0  9995
2 48432  53.1603 327.7089 0001139  89.8928 270.2204 15.31701828296825

1 48433U 21040F   26263.14916779 -.00000173  00000+0  61829-5 0  9994
2 48433  53.1597 327.6406 0001363  93.6438 266.4719 15.31703746296827

1 48434U 21040G   26263.19612416 -.00000021  00000+0  11103-4 0  9992
2 48434  53.1586 327.5764 0001411  97.1518 262.9644 15.31703411296843

1 48435U 21040H   26263.17551120  .00000030  00000+0  12736-4 0  9997
2 48435  53.1593 340.1649 0001218  90.6917 269.4224 15.31701792296656

1 48436U 21040J   26262.95486630  .00000124  00000+0  15764-4 0  9994
2 48436  53.1605 354.0748 0000906  82.0323 278.0781 15.31700440296444

1 48437U 21040K   26262.77183118  .00003036  00000+0  10951-3 0  9997
2 48437  53.1614   7.8261 0001479  87.9580 272.1591 15.31716210296236

1 48438U 21040L   26262.88995759  .00000519  00000+0  28484-4 0  9996
2 48438  53.1602 354.4374 0001167 109.6291 250.4836 15.31704647296439

1 48439U 21040M   26262.96921117  .00001913  00000+0  73399-4 0  9997
2 48439  53.1617 354.2452 0000684  93.4460 266.6620 15.31698542296449

1 48440U 21040N   26263.13695963  .00001656  00000+0  65089-4 0  9997
2 48440  53.1592 353.1994 0001140  90.8156 269.2976 15.31705540296476

1 48441U 21040P   26262.81538445 -.00000252  00000+0  36574-5 0  9993
2 48441  53.1613 354.7851 0001243  85.7903 274.3240 15.31702232296428

1 48442U 21040Q   26263.16154078  .00104434  00000+0  61371-3 0  9996
2 48442  53.1548 329.7321 0007951   6.4561 353.6562 15.77433106296803

1 48443U 21040R   26262.92722041  .00000575  00000+0  30296-4 0  9995
2 48443  53.1604 354.1445 0001555  74.4972 285.6201 15.31707676296441

1 48444U 21040S   26262.80139319  .00002195  00000+0  82453-4 0  9995
2 48444  53.1605 354.8157 0001254  77.1797 282.9345 15.31711134296422

1 48445U 21040T   26262.27006167  .00000578  00000+0  30392-4 0  9999
2 48445  53.1616 357.2298 0000934  74.6532 285.4572 15.31706004296342

1 48449U 21040X   26262.97381125  .00032112  00000+0  10104-2 0  9996
2 48449  53.1610 353.9198 0002078  31.2103 328.9022 15.32688466296453

1 48452U 21040AA  26262.97383291 -.00000519  00000+0 -49848-5 0  9994
2 48452  53.1645 353.9646 0000615  72.1117 287.9951 15.31704619296450

1 48453U 21040AB  26262.83400980 -.00000243  00000+0  39454-5 0  9990
2 48453  53.1624 354.5899 0001173 109.7461 250.3667 15.31707120296430

1 48454U 21040AC  26262.89460528  .00001398  00000+0  56824-4 0  9991
2 48454  53.1605 354.2965 0001591  52.9591 307.1555 15.31694764296445

1 48455U 21040AD  26262.98320163  .00002496  00000+0  92233-4 0  9996
2 48455  53.1608 354.1735 0001388  92.3525 267.7635 15.31679318296440

1 48458U 21040AG  26262.98349250  .00001816  00000+0  70254-4 0  9991
2 48458  53.1611 354.5573 0000751  87.9122 272.1965 15.31706066297164

1 48459U 21040AH  26262.82002728  .00001799  00000+0  69693-4 0  9996
2 48459  53.1617 354.7131 0001170  92.3031 267.8104 15.31715583296448

1 48462U 21040AL  26262.91632382  .00013332  00000+0  44042-3 0  9991
2 48462  53.1595   7.1759 0001178  70.6724 289.4405 15.31713507296266

1 48464U 21040AN  26262.93998457  .00001013  00000+0  44409-4 0  9994
2 48464  53.1610   7.1835 0001180  73.6043 286.5088 15.31702880296268

1 48466U 21040AQ  26262.99556269 -.00000473  00000+0 -34620-5 0  9999
2 48466  53.1598   6.8458 0001273  85.2572 274.8575 15.31705841296284

1 48467U 21040AR  26263.00952928  .00000447  00000+0  26169-4 0  9992
2 48467  53.1617   6.6671 0000872  82.7362 277.3739 15.31697339296287

1 48468U 21040AS  26262.99035375  .00037771  00000+0  10971-2 0  9990
2 48468  53.1593   6.7179 0002210  27.8451 332.2670 15.35144702296282

1 48469U 21040AT  26262.95829056 -.00000454  00000+0 -28564-5 0  9994
2 48469  53.1611   7.0902 0001164  80.5923 279.5210 15.31696007296277

1 48470U 21040AU  26262.93963192 -.00000473  00000+0 -34836-5 0  9994
2 48470  53.1608   7.0390 0001046  98.8624 261.2496 15.31706736296269

1 48471U 21040AV  26263.00021384  .00010885  00000+0  36202-3 0  9995
2 48471  53.1602   6.7662 0000838  86.2972 273.8125 15.31699553296274

1 48472U 21040AW  26263.05720736  .00008639  00000+0  46121-3 0  9993
2 48472  53.0612  31.2167 0000895  51.1055 309.0018 15.15891033295893

1 48473U 21040AX  26263.01422132 -.00002572  00000+0 -71200-4 0  9998
2 48473  53.1622   6.6541 0001155  90.1754 269.9380 15.31677350296278

1 48474U 21040AY  26262.98632953  .00001947  00000+0  74467-4 0  9999
2 48474  53.1572   7.5264 0001072  68.2596 291.8519 15.31710525296251

1 48478U 21040BC  26262.77649809  .00002051  00000+0  77782-4 0  9998
2 48478  53.1612   7.8930 0001049  83.8889 276.2232 15.31718978296232

1 48479U 21040BD  26262.99093985  .00015519  00000+0  51059-3 0  9992
2 48479  53.1585   7.1410 0001622  69.2297 290.8878 15.31714756296267

1 48481U 21040BF  26262.94994770 -.00000357  00000+0  25515-6 0  9998
2 48481  53.1617   9.4442 0001086  61.5714 298.5397 15.31699472296234

1 48482U 21040BG  26262.66103601  .00002681  00000+0  98101-4 0  9993
2 48482  53.1602  11.1991 0001157  81.5303 278.5829 15.31711486296185

1 48483U 21040BH  26263.00129674 -.00005433  00000+0 -16339-3 0  9993
2 48483  53.1599   9.7979 0001461  84.3493 275.7675 15.31708181296231

1 48485U 21040BK  26262.77752558 -.00002579  00000+0 -71362-4 0  9997
2 48485  53.1599  10.4812 0001265  79.3663 280.7481 15.31695437296200

1 48487U 21040BM  26262.94536510 -.00001354  00000+0 -31859-4 0  9993
2 48487  53.1620  10.0083 0001461  74.3011 285.8152 15.31694711296231

1 48553U 21041A   26262.61135317  .00001560  00000+0  62000-4 0  9991
2 48553  53.1628 304.3349 0001456  99.3528 260.7638 15.31708298294999

1 48554U 21041B   26262.67193417  .00000651  00000+0  32752-4 0  9994
2 48554  53.1612 303.9500 0001220  68.0167 292.0964 15.31699277295007

1 48555U 21041C   26262.74751167 -.00001609  00000+0 -40100-4 0  9997
2 48555  53.1576 325.8318 0001548  57.4834 302.6317 15.31699917294687

1 48556U 21041D   26262.74130965 -.00000298  00000+0  21737-5 0  9993
2 48556  53.1629 319.3676 0001609  94.0464 266.0722 15.31697652294784

1 48557U 21041E   26262.83974196 -.00000598  00000+0 -75076-5 0  9995
2 48557  53.1581 303.3144 0001211  85.5844 274.5295 15.31696877295026

1 48558U 21041F   26262.83507708  .00001905  00000+0  73123-4 0  9998
2 48558  53.1600 303.3212 0001397  88.9652 271.1510 15.31703559294167

1 48562U 21041K   26263.00003472  .00159206  00000+0  57117-3 0  9994
2 48562  53.1459 265.3362 0007266  33.7775 142.3117 15.87784776  6032

1 48563U 21041L   26262.82107956  .00000901  00000+0  40796-4 0  9999
2 48563  53.1617 303.2807 0001317  90.0227 270.0925 15.31704816295025

1 48564U 21041M   26262.81175028  .00001387  00000+0  56424-4 0  9998
2 48564  53.1601 303.3007 0000746  61.6762 298.4315 15.31712647295023

1 48566U 21041P   26262.87334596 -.00000311  00000+0  17266-5 0  9992
2 48566  53.1600 325.2113 0001127  99.8158 260.2970 15.31706646294701

1 48568U 21041R   26262.83045962 -.00000716  00000+0 -11293-4 0  9999
2 48568  53.1594 303.6470 0001429  75.9069 284.2091 15.31697720295019

1 48569U 21041S   26262.75116754  .00000845  00000+0  38985-4 0  9997
2 48569  53.1584 303.5939 0001077 110.6735 249.4382 15.31703878295012

1 48571U 21041U   26262.76890162  .00002547  00000+0  93833-4 0  9997
2 48571  53.1618 316.3492 0001470  75.9993 284.1171 15.31691971294836

1 48572U 21041V   26262.71953148  .00002417  00000+0  89572-4 0  9998
2 48572  53.1619 325.9379 0001320  86.2688 273.8464 15.31716092294683

1 48573U 21041W   26262.84913386  .00000383  00000+0  24097-4 0  9994
2 48573  53.1605 303.7878 0001222  88.7066 271.4076 15.31694843295015

1 48574U 21041X   26262.65181733  .00000193  00000+0  18018-4 0  9992
2 48574  53.1597 278.3120 0002845  30.7194 329.3973 15.31701867295355

1 48575U 21041Y   26262.66756795  .00033444  00000+0  10091-2 0  9996
2 48575  53.1588 265.1840 0004175  57.1615 302.9789 15.33999153295551

1 48576U 21041Z   26262.70775906 -.00000241  00000+0  39969-5 0  9995
2 48576  53.1588 278.1387 0001573  71.2192 288.8980 15.31696779295379

1 48577U 21041AA  26262.60204006  .00001202  00000+0  50462-4 0  9990
2 48577  53.1595 304.4781 0001252  82.1260 277.9883 15.31710965294981

1 48578U 21041AB  26262.76054967 -.00199374  00000+0 -66539-2 0  9997
2 48578  53.1597 303.5773 0003197  80.4140 279.7222 15.31361731295018

1 48580U 21041AD  26262.60054446  .00001804  00000+0  69874-4 0  9990
2 48580  53.1606 278.5906 0001323  85.1730 274.9422 15.31712515295353

1 48581U 21041AE  26262.66685838 -.00000936  00000+0 -18398-4 0  9994
2 48581  53.1596 281.1154 0001173  75.5381 284.5751 15.31699219295318

1 48582U 21041AF  26263.00003472  .00202982  00000+0  96741-3 0  9992
2 48582  53.0459 259.7703 0009855  57.7335 176.3442 15.81697782  5999

1 48583U 21041AG  26262.66827328  .00002427  00000+0  89883-4 0  9990
2 48583  53.1608 326.2456 0001210  89.6783 270.4357 15.31718273294670

1 48586U 21041AK  26262.77081716 -.00000003  00000+0  11665-4 0  9990
2 48586  53.1603 325.7044 0001003  74.1653 285.9459 15.31695032294682

1 48589U 21041AN  26262.84439161  .00000009  00000+0  12050-4 0  9996
2 48589  53.1610 303.2227 0001409  83.6085 276.5077 15.31699896295024

1 48593U 21041AS  26262.76426923 -.00000903  00000+0 -17322-4 0  9996
2 48593  53.1609 316.7218 0001243 105.8196 254.2943 15.31700251294822

1 48594U 21041AT  26262.64649496  .00001507  00000+0  60294-4 0  9991
2 48594  53.1610 293.2420 0001314  68.9904 291.1238 15.31717507295149

1 48595U 21041AU  26262.66362372  .00003769  00000+0  13311-3 0  9998
2 48595  53.1626 326.1837 0001857  98.7086 261.4126 15.31710011295946

1 48596U 21041AV  26262.73159490 -.00001575  00000+0 -38987-4 0  9994
2 48596  53.1594 316.5228 0001430  97.7391 262.3773 15.31698348295286

1 48597U 21041AW  26262.86675907  .00000174  00000+0  17372-4 0  9992
2 48597  53.1606 315.8539 0001347  90.9463 269.1693 15.31694302296115

1 48602U 21041BB  26262.79504360 -.00000974  00000+0 -19617-4 0  9999
2 48602  53.1600 290.4965 0001350  85.0417 275.0738 15.31693168296457

1 48603U 21041BC  26262.64178611 -.00000020  00000+0  11104-4 0  9994
2 48603  53.1591 292.8520 0001123 120.2507 239.8606 15.31704812296406

1 48604U 21041BD  26262.73818843  .00000615  00000+0  31581-4 0  9993
2 48604  53.1613 325.8581 0001247 113.6440 246.4692 15.31703893295951

1 48639U 21044B   26262.91156045  .00003282  00000+0  11749-3 0  9999
2 48639  53.1580 289.9786 0001412  90.5633 269.5530 15.31693404293580

1 48640U 21044C   26262.74377205 -.00001844  00000+0 -47682-4 0  9995
2 48640  53.1598 290.7233 0001326  80.9945 279.1206 15.31696591293555

1 48641U 21044D   26262.70151835  .00004817  00000+0  16681-3 0  9996
2 48641  53.1580 291.1875 0001215  92.6484 267.4657 15.31711943293558

1 48642U 21044E   26262.70183894 -.00001248  00000+0 -28460-4 0  9993
2 48642  53.1586 291.0399 0001093  67.0466 293.0651 15.31704313293557

1 48643U 21044F   26262.80869801 -.00000092  00000+0  88099-5 0  9994
2 48643  53.1587 290.4741 0001215  93.6391 266.4749 15.31693279293573

1 48644U 21044G   26262.69218975 -.00000212  00000+0  49472-5 0  9998
2 48644  53.1598 291.1986 0001356  54.7019 305.4109 15.31706570293557

1 48646U 21044J   26262.79937464  .00002133  00000+0  80480-4 0  9998
2 48646  53.1607 290.5346 0001146  75.5225 284.5903 15.31694430293572

1 48648U 21044L   26262.80405055 -.00000802  00000+0 -14091-4 0  9996
2 48648  53.1588 290.6236 0001314  85.1511 274.9640 15.31693715293579

1 48649U 21044M   26262.78538385 -.00000441  00000+0 -24309-5 0  9990
2 48649  53.1602 290.5326 0001226  90.4481 269.6661 15.31701049293566

1 48650U 21044N   26261.81596319 -.00000158  00000+0  66926-5 0  9991
2 48650  53.1596 295.1749 0001708  81.8446 278.2750 15.31700467293412

1 48651U 21044P   26262.59429674  .00005706  00000+0  19540-3 0  9998
2 48651  53.1627 291.5453 0002629  36.7115 323.4066 15.31719610293531

1 48653U 21044R   26262.77606551  .00001185  00000+0  49930-4 0  9995
2 48653  53.1587 290.6306 0001216  41.6433 318.4661 15.31710056293567

1 48655U 21044T   26262.58498357  .00001832  00000+0  70756-4 0  9998
2 48655  53.1619 291.6422 0001262  90.2721 269.8425 15.31707035293533

1 48656U 21044U   26262.56631752  .00001458  00000+0  58706-4 0  9990
2 48656  53.1591 291.5728 0001234  88.5284 271.5859 15.31713881293531

1 48657U 21044V   26262.70617273 -.00000838  00000+0 -15252-4 0  9991
2 48657  53.1604 291.0421 0001295  75.5691 284.5454 15.31695594293554

1 48658U 21044W   26262.74818299  .00000072  00000+0  14079-4 0  9991
2 48658  53.1604 291.3633 0001592  60.4680 299.6480 15.31699383293550

1 48659U 21044X   26261.38250159  .00000188  00000+0  17826-4 0  9997
2 48659  53.1595 297.1025 0001200  87.8373 272.2765 15.31701996293352

1 48662U 21044AA  26262.78161206 -.00000848  00000+0 -15553-4 0  9990
2 48662  53.1583 292.1472 0001369  84.0281 276.0877 15.31706719293531

1 48663U 21044AB  26262.55033295  .00001972  00000+0  75257-4 0  9996
2 48663  53.1591 281.7025 0001234  91.6628 268.4514 15.31711210293679

1 48666U 21044AE  26262.56255676  .00000075  00000+0  14174-4 0  9993
2 48666  53.1604 293.2616 0001361  78.4706 281.6448 15.31704073293494

1 48667U 21044AF  26262.70237287  .00000184  00000+0  17697-4 0  9992
2 48667  53.1602 292.5183 0001335  77.0639 283.0511 15.31700311293527

1 48668U 21044AG  26262.67618773 -.00000615  00000+0 -80448-5 0  9998
2 48668  53.1605 281.1735 0001031  71.8621 288.2492 15.31707005293694

1 48669U 21044AH  26262.75078107 -.00000249  00000+0  37676-5 0  9996
2 48669  53.1572 280.9553 0001661  72.0229 288.0954 15.31699566293692

1 48670U 21044AJ  26262.69486671 -.00000302  00000+0  20330-5 0  9999
2 48670  53.1586 281.3463 0000958 102.2833 257.8276 15.31701674293683

1 48671U 21044AK  26262.56723242  .00005130  00000+0  17703-3 0  9995
2 48671  53.1606 293.2700 0001451  95.2318 264.8849 15.31685991293497

1 48672U 21044AL  26262.69954430  .00001137  00000+0  48399-4 0  9994
2 48672  53.1587 281.4367 0000887  87.9474 272.1629 15.31697952293686

1 48673U 21044AM  26262.81423330 -.00000390  00000+0 -81382-6 0  9992
2 48673  53.1600 291.9968 0001265  89.7190 270.3956 15.31695234293530

1 48674U 21044AN  26262.81892553 -.00000344  00000+0  68716-6 0  9994
2 48674  53.1606 292.1051 0001196 100.6802 259.4334 15.31686717293533

1 48676U 21044AQ  26262.80024627  .00001610  00000+0  63650-4 0  9990
2 48676  53.1599 292.0563 0001357  86.3799 273.7357 15.31699839293530

1 48678U 21044AS  26262.75540009 -.00000415  00000+0 -16209-5 0  9996
2 48678  53.1583 280.6454 0001016  93.9474 266.1643 15.31703907293708

1 48679U 21044AT  26262.59517579  .00001240  00000+0  51717-4 0  9992
2 48679  53.1586 293.0280 0001616  57.6421 302.4737 15.31704671293507

1 48681U 21044AV  26262.44531693  .00002380  00000+0  88398-4 0  9993
2 48681  53.1590 253.9170 0001285  77.5110 282.6035 15.31711265294043

1 48682U 21044AW  26262.65228674 -.00000039  00000+0  10501-4 0  9990
2 48682  53.1598 242.3370 0001173  97.5306 262.5829 15.31696863294225

1 48683U 21044AX  26262.51249135  .00000308  00000+0  21685-4 0  9994
2 48683  53.1606 243.1795 0001495  82.4630 277.6541 15.31700478294200

1 48684U 21044AY  26262.53416006  .00004905  00000+0  16955-3 0  9990
2 48684  53.1585 255.8015 0001086  89.6415 270.4711 15.31733883294035

1 48685U 21044AZ  26262.97386446  .00000107  00000+0  15222-4 0  9990
2 48685  53.1591 240.7450 0001229  93.4129 266.7013 15.31704518294286

1 48686U 21044BA  26262.44494494 -.00001318  00000+0 -30713-4 0  9995
2 48686  53.1588 253.6699 0001235  99.3295 260.7846 15.31707588294049

1 48687U 21044BB  26262.93192690 -.00001335  00000+0 -31255-4 0  9994
2 48687  53.1593 241.0058 0001427 114.8563 245.2587 15.31707505294263

1 48688U 21044BC  26262.56375438  .00001368  00000+0  55825-4 0  9990
2 48688  53.1593 242.9324 0001342  82.8376 277.2778 15.31704735294205

1 48690U 21044BE  26262.93932892 -.00000515  00000+0 -48283-5 0  9993
2 48690  53.1609 251.3172 0001243 126.5101 233.6016 15.31689734294126

1 48691U 21044BF  26262.69195757  .00003959  00000+0  13920-3 0  9999
2 48691  53.1600 252.4500 0001760  83.9829 276.1373 15.31718184294087

1 48692U 21044BG  26262.97158546  .00000639  00000+0  32360-4 0  9998
2 48692  53.1597 250.9494 0001000  83.2090 276.9026 15.31694349294133

1 48693U 21044BH  26262.57111221  .00000064  00000+0  13823-4 0  9999
2 48693  53.1599 252.9536 0001260  77.9973 282.1170 15.31698114294079

1 48694U 21044BJ  26262.49697073  .00000396  00000+0  24513-4 0  9991
2 48694  53.1599 256.5372 0001359  87.3962 272.7195 15.31705148294012

1 48695U 21044BK  26262.70229481 -.00000252  00000+0  36433-5 0  9997
2 48695  53.1596 254.8883 0001429  93.5038 266.6127 15.31690455294065

1 48696U 21044BL  26262.65204279  .00028818  00000+0  86363-3 0  9992
2 48696  53.1564 265.5540 0004367  52.5804 307.5595 15.34289640293909

1 48881U 21059C   26262.57393058 -.00000320  00000+0 -20722-4 0  9997
2 48881  97.2823  22.9661 0000645 189.0209 171.1005 15.01269139287898

1 49132U 21082C   26263.11062832  .00001359  00000+0  12164-3 0  9998
2 49132  70.0005 164.1264 0002696 268.4221  91.6629 14.98339601275107

1 49133U 21082D   26262.99382047  .00000266  00000+0  30119-4 0  9994
2 49133  69.9993 164.5466 0002879 269.1679  90.9150 14.98332878275084

1 49134U 21082E   26262.98964387  .00000316  00000+0  34314-4 0  9994
2 49134  69.9998 164.5604 0002919 270.3166  89.7659 14.98331053276281

1 49135U 21082F   26263.09349435 -.00000509  00000+0 -34913-4 0  9990
2 49135  69.9984 124.2792 0002693 267.1560  92.9291 14.98324540276099

1 49137U 21082H   26263.05686272  .00000335  00000+0  36562-4 0  9998
2 49137  69.9993 145.7909 0002748 271.3742  88.7102 14.97522550275553

1 49138U 21082J   26263.18575250  .00000229  00000+0  26999-4 0  9991
2 49138  69.9996 164.0688 0002914 270.3699  89.7126 14.98328820275114

1 49139U 21082K   26263.16670139  .00150152  00000+0  19556-2 0  9992
2 49139  69.9995 110.5996 0003500 273.9941  78.6105 15.58083156  5935

1 49141U 21082M   26262.98130027  .00000078  00000+0  14296-4 0  9990
2 49141  69.9987 164.5888 0002410 268.7813  91.3070 14.98339606276285

1 49143U 21082P   26263.11960699 -.00004352  00000+0 -36473-3 0  9995
2 49143  69.9992 145.6357 0002864 271.2053  88.8777 14.97526578276675

1 49144U 21082Q   26262.43887325  .00000348  00000+0  36942-4 0  9995
2 49144  70.0001 165.9352 0002796 269.9007  90.1832 14.98331778275008

1 49145U 21082R   26262.98918095  .00000122  00000+0  17976-4 0  9991
2 49145  69.9986 124.5421 0002726 269.3676  90.7171 14.98330792276069

1 49146U 21082S   26262.04669985  .00000378  00000+0  40218-4 0  9998
2 49146  69.9993 148.3404 0002642 270.7195  89.3661 14.97522732276550

1 49147U 21082T   26263.06846530  .00000368  00000+0  38610-4 0  9997
2 49147  69.9984 124.3598 0002685 274.8536  85.2317 14.98325008276089

1 49148U 21082U   26263.10708213 -.00001088  00000+0 -85241-4 0  9992
2 49148  69.9984 145.6502 0002951 272.4577  87.6244 14.97515564275559

1 49151U 21082X   26263.04759544  .00000397  00000+0  41034-4 0  9994
2 49151  69.9977 124.4006 0002740 269.9977  90.0868 14.98331072277272

1 49153U 21082Z   26263.03925350  .00001003  00000+0  91847-4 0  9997
2 49153  69.9981 124.4321 0002806 269.8897  90.1941 14.98330778277288

1 49154U 21082AA  26263.10290494  .00001617  00000+0  14618-3 0  9991
2 49154  69.9990 145.6641 0002794 268.5025  91.5814 14.97527773276638

1 49155U 21082AB  26263.10184074  .00000535  00000+0  52639-4 0  9992
2 49155  69.9984 124.2674 0002653 270.4049  89.6806 14.98328881277161

1 49156U 21082AC  26263.01423031  .00000193  00000+0  24015-4 0  9999
2 49156  69.9977 124.4860 0002666 269.0212  91.0641 14.98318487277157

1 49157U 21082AD  26263.05321256  .00004505  00000+0  30665-3 0  9998
2 49157  69.9963 135.9693 0005540 298.3010  61.7594 15.07010077276895

1 49158U 21082AE  26263.37201169  .00473038  11572-3  52765-3 0  9990
2 49158  69.9485 337.3037 0007880 291.1623  68.8750 16.09223730280796

1 49159U 21082AF  26262.15932024 -.00000048  00000+0  37391-5 0  9995
2 49159  70.0000 166.6507 0002958 268.9337  91.1483 14.98328627276056

1 49160U 21082AG  26263.14819939  .00000912  00000+0  84251-4 0  9991
2 49160  69.9999 164.1396 0002965 272.1897  87.8922 14.98330407276179

1 49161U 21082AH  26263.15237112  .00000622  00000+0  59899-4 0  9998
2 49161  70.0000 164.1261 0002866 268.4253  91.6578 14.98330352276181

1 49163U 21082AK  26263.09040222  .00000464  00000+0  47585-4 0  9990
2 49163  69.9982 145.7041 0003011 270.9526  89.1288 14.97521981276712

1 49164U 21082AL  26263.04366653  .00000883  00000+0  81766-4 0  9999
2 49164  69.9990 144.4171 0003117 273.6843  86.3959 14.98338562276740

1 49165U 21082AM  26263.16670139  .00078451  00000+0  50193-2 0  9994
2 49165  70.0001 163.9811 0005211 281.1477 335.0974 15.08139565  5754

1 49166U 21082AN  26263.08620972  .00000291  00000+0  32796-4 0  9994
2 49166  69.9996 145.7196 0002778 270.0821  90.0019 14.97522234276758

1 49167U 21082AP  26263.13568248  .00000709  00000+0  67222-4 0  9994
2 49167  69.9994 164.1814 0002681 271.4567  88.6285 14.98329371276301

1 49169U 21082AR  26262.10484360  .00000250  00000+0  28764-4 0  9993
2 49169  69.9993 146.7981 0002731 271.0818  89.0028 14.98331725275444

1 49171U 21082AT  26262.38982001  .00007766  00000+0  39571-3 0  9997
2 49171  69.9941 147.1373 0006511 272.8642  87.1781 15.17128285276627

1 49173U 21082AV  26263.08616378  .00001755  00000+0  63874-4 0  9994
2 49173  69.9975 142.2717 0003165 277.8482  82.2334 15.30415858275644

1 49175U 21082AX  26263.11616332 -.00000418  00000+0 -27900-4 0  9997
2 49175  69.9998 145.7779 0002482 256.1236 103.9647 14.97527920275559

1 49176U 21082AY  26263.12394299  .00984495  41884-5  52528-3 0  9992
2 49176  69.9910 101.4955 0007103 265.7922  94.2487 16.19691545276648

1 49177U 21082AZ  26262.59696723  .00000129  00000+0  18595-4 0  9999
2 49177  69.9988 125.5533 0002831 272.0713  88.0122 14.98329483277209

1 49178U 21082BA  26263.02302328  .00000849  00000+0  78962-4 0  9997
2 49178  70.0000 164.4611 0002814 271.1792  88.9045 14.98330585276246

1 49179U 21082BB  26261.98361068  .00000322  00000+0  34812-4 0  9999
2 49179  69.9987 127.0845 0002401 258.1473 101.9417 14.98330352275919

1 49181U 21082BD  26263.13985786  .00000346  00000+0  36824-4 0  9991
2 49181  69.9998 164.1800 0002878 268.3150  91.7679 14.98328392276299

1 49409U 21104B   26263.14768083  .00000588  00000+0  29218-4 0  9996
2 49409  53.1599  61.5474 0001083  88.2200 271.8926 15.33548687268190

1 49410U 21104C   26263.15898282  .00000420  00000+0  25304-4 0  9991
2 49410  53.1600  62.4040 0001231  92.5676 267.5466 15.31698513268175

1 49411U 21104D   26263.07531795 -.00000750  00000+0 -11067-4 0  9995
2 49411  53.1620  54.0569 0001668  63.5430 296.5743 15.34379177268288

1 49413U 21104F   26262.85648550  .00000493  00000+0  26305-4 0  9993
2 49413  53.1600  54.8675 0001115  85.8034 274.3096 15.33551027268255

1 49414U 21104G   26262.79711592  .00000058  00000+0  13111-4 0  9992
2 49414  53.1597  65.1416 0001296  78.4313 281.6835 15.33549790268107

1 49415U 21104H   26262.93865502  .00002102  00000+0  73363-4 0  9997
2 49415  53.1605  54.0033 0001141  88.9649 271.1484 15.34379223268261

1 49416U 21104J   26263.00596437  .00000194  00000+0  16872-4 0  9996
2 49416  53.1612  63.6830 0001065  82.0308 278.0815 15.34392599268145

1 49417U 21104K   26263.12784882 -.00002225  00000+0 -54796-4 0  9999
2 49417  53.1616  53.8084 0001189  86.0894 274.0245 15.34373197268284

1 49418U 21104L   26263.17905644  .00001085  00000+0  44310-4 0  9998
2 49418  53.1597  63.3743 0001037  85.3161 274.7959 15.33552774268156

1 49419U 21104M   26263.05648183  .00002538  00000+0  86282-4 0  9996
2 49419  53.1614  64.1491 0000690 104.9330 255.1749 15.34378536268137

1 49420U 21104N   26263.16514698  .00000797  00000+0  34730-4 0  9999
2 49420  53.1600  61.2239 0001088  92.9957 267.1170 15.34382067268185

1 49421U 21104P   26263.06109131  .00000974  00000+0  43124-4 0  9995
2 49421  53.1599  62.8606 0001120  80.7916 279.3212 15.31705379268156

1 49422U 21104Q   26263.14325662  .00002019  00000+0  68751-4 0  9999
2 49422  53.1611  63.2232 0001940  91.6744 268.4481 15.35411993268159

1 49424U 21104S   26263.04551153  .00000061  00000+0  12651-4 0  9999
2 49424  53.1610  64.1189 0001126  83.0988 277.0143 15.35393213268135

1 49425U 21104T   26263.05177653 -.00000788  00000+0 -13650-4 0  9998
2 49425  53.1613  62.9191 0001160  83.2818 276.8315 15.31691446268166

1 49426U 21104U   26263.11102632  .00000720  00000+0  32453-4 0  9997
2 49426  53.1605  63.1930 0001193  92.2739 267.8400 15.34383361268151

1 49427U 21104V   26262.98187450  .00002255  00000+0  84385-4 0  9999
2 49427  53.1600  63.2331 0001200  78.8189 281.2947 15.31703667268159

1 49428U 21104W   26263.14271446  .00011823  00000+0  61978-3 0  9991
2 49428  53.1585  72.0626 0001436 130.5026 229.6094 15.16195198268048

1 49430U 21104Y   26262.77065643 -.00000988  00000+0 -18146-4 0  9994
2 49430  53.1600  64.7738 0000576  84.3724 275.7344 15.34375500268111

1 49431U 21104Z   26263.05849438 -.00001285  00000+0 -26923-4 0  9992
2 49431  53.1600  63.4424 0001264  70.0881 290.0257 15.34382749268151

1 49432U 21104AA  26263.04024539  .00000302  00000+0  21493-4 0  9993
2 49432  53.1599  53.9970 0001115  80.8477 279.2651 15.31703933268284

1 49433U 21104AB  26263.13777345  .00000694  00000+0  31688-4 0  9995
2 49433  53.1625  51.6092 0000814  71.7510 288.3581 15.34386746269418

1 49434U 21104AC  26263.09965859  .00011702  00000+0  68880-3 0  9995
2 49434  53.2159  75.2123 0002233 104.4148 255.7094 15.12053948269088

1 49435U 21104AD  26263.16670139  .00001186  00000+0  47394-4 0  9991
2 49435  53.1596  53.4303 0001284  65.8751 143.7695 15.33546970  5688

1 49436U 21104AE  26262.95539071  .00000640  00000+0  29233-4 0  9993
2 49436  53.1627  52.5626 0000819  89.5064 270.6033 15.35401728268292

1 49437U 21104AF  26263.07679578  .00001278  00000+0  48955-4 0  9995
2 49437  53.1627  40.0463 0001045  87.0278 273.0845 15.34394081268487

1 49438U 21104AG  26263.02004163 -.00063314  00000+0 -18604-2 0  9990
2 49438  53.1614  51.6717 0001124  64.2065 295.9054 15.34704185268310

1 49440U 21104AJ  26263.00151279  .00011326  00000+0  35430-3 0  9993
2 49440  53.1650  53.6983 0001594  88.2462 271.8722 15.33628151268286

1 49441U 21104AK  26262.98644245  .00000768  00000+0  33879-4 0  9994
2 49441  53.1606  40.4700 0001108  75.6936 284.4190 15.34387893268472

1 49442U 21104AL  26263.16670139  .01234578  00000+0  15887-1 0  9992
2 49442  53.1588  37.6868 0001445 106.6296 350.9587 15.55921913  5910

1 49443U 21104AM  26263.15409072  .00015806  00000+0  88573-3 0  9992
2 49443  53.2146  53.4213 0001504  84.5190 275.5976 15.13570545268319

1 49444U 21104AN  26263.15135860  .00000555  00000+0  29628-4 0  9996
2 49444  53.1610  50.4840 0001026  85.6930 274.4188 15.31707096268340

1 49445U 21104AP  26262.97433115  .00001889  00000+0  68740-4 0  9999
2 49445  53.1598  54.3325 0001165  83.6592 276.4542 15.33548786268272

1 49446U 21104AQ  26263.01548962 -.00000211  00000+0  49549-5 0  9999
2 49446  53.1615  48.2945 0001314  86.8671 273.2481 15.31701858268368

1 49447U 21104AR  26263.09152661 -.00000411  00000+0 -14667-5 0  9991
2 49447  53.1604  53.7367 0001308  68.4692 291.6449 15.31695673268295

1 49449U 21104AT  26262.77884206  .00068967  00000+0  81904-3 0  9998
2 49449  53.2098 357.4246 0002788   1.0273 359.0747 15.60565808269071

1 49450U 21104AU  26263.11733641  .00000641  00000+0  30107-4 0  9990
2 49450  53.1623  53.8433 0001163  83.8709 276.2426 15.34392471268550

1 49451U 21104AV  26262.96402292 -.00001402  00000+0 -31315-4 0  9998
2 49451  53.1602  54.4332 0001253  82.6287 277.4858 15.33552141268273

1 49452U 21104AW  26263.13345786 -.00000538  00000+0 -55673-5 0  9996
2 49452  53.1609  53.5173 0001118  68.0934 292.0186 15.31697720268303

1 49453U 21104AX  26263.06747775 -.00000057  00000+0  99231-5 0  9996
2 49453  53.1616  50.9422 0001090  98.6801 261.4324 15.31698463268333

1 49454U 21104AY  26263.03950808  .00000240  00000+0  18256-4 0  9997
2 49454  53.1608  53.5271 0001239  78.2076 281.9066 15.34391211268298

1 49455U 21104AZ  26263.15506733  .00001604  00000+0  58606-4 0  9993
2 49455  53.1603  52.9826 0000782  81.1066 279.0025 15.34390282268310

1 49456U 21104BA  26262.74955463  .00000435  00000+0  24565-4 0  9994
2 49456  53.1609  55.3485 0001606  64.4183 295.6985 15.33545410268240

1 49457U 21104BB  26263.12879571  .00003253  00000+0  11654-3 0  9998
2 49457  53.1612  53.5735 0000795  90.5098 269.5995 15.31701280268299

1 49458U 21104BC  26263.13638772 -.00001142  00000+0 -23422-4 0  9990
2 49458  53.1599  53.5346 0001370  92.9099 267.2060 15.33529036268308

1 49459U 21104BD  26262.79239738  .00001759  00000+0  61304-4 0  9994
2 49459  53.1605  55.7674 0001042  80.0117 280.1003 15.35400120268248

1 49460U 21104BE  26263.07943244  .00000444  00000+0  24294-4 0  9999
2 49460  53.1606  53.3408 0001264  73.7877 286.3265 15.34383483268292

1 49724U 21115A   26262.78016681 -.00000561  00000+0 -63151-5 0  9995
2 49724  53.1625 343.1247 0001298  83.6680 276.4469 15.31702057265030

1 49725U 21115B   26262.81318968  .00001405  00000+0  52736-4 0  9995
2 49725  53.1619 345.0676 0001215  80.5873 279.5267 15.34387509265012

1 49727U 21115D   26262.73709701  .00000395  00000+0  22830-4 0  9996
2 49727  53.1611 353.5746 0001075  72.3275 287.7845 15.34391771264880

1 49728U 21115E   26262.74752111 -.00000531  00000+0 -45797-5 0  9993
2 49728  53.1610 352.8952 0000970  87.1178 272.9935 15.34399390264892

1 49729U 21115F   26262.97421359  .00000973  00000+0  43099-4 0  9996
2 49729  53.1609 354.2569 0001115  69.2039 290.9082 15.31709336264895

1 49730U 21115G   26262.80431204  .00001151  00000+0  45191-4 0  9994
2 49730  53.1615 353.1244 0001111  84.1269 275.9860 15.34394494264894

1 49732U 21115J   26262.53610101  .00000818  00000+0  38104-4 0  9996
2 49732  53.1621 356.3001 0001169  75.4689 284.6442 15.31700691264824

1 49733U 21115K   26262.98820353  .00004359  00000+0  15224-3 0  9999
2 49733  53.1602 354.2200 0001116  76.8666 283.2460 15.31682665264896

1 49734U 21115L   26263.21829458 -.00000118  00000+0  79771-5 0  9991
2 49734  53.1609 341.2343 0001168  79.2241 280.8892 15.31698402265092

1 49735U 21115M   26262.90091348 -.00002331  00000+0 -57905-4 0  9990
2 49735  53.1600 352.2364 0001146  92.4727 267.6407 15.34388646264915

1 49736U 21115N   26262.78582134  .00000595  00000+0  28745-4 0  9993
2 49736  53.1614 344.7993 0001210  88.0370 272.0772 15.34393098265016

1 49737U 21115P   26262.79328540  .00005324  00000+0  19597-3 0  9993
2 49737  53.1624 352.6188 0001171  74.6361 285.4769 15.29479833264906

1 49738U 21115Q   26262.77370335  .00013434  00000+0  74932-3 0  9996
2 49738  53.2156 355.1774 0001239  79.3713 280.7420 15.13866663264877

1 49739U 21115R   26262.92315745  .00030694  00000+0  81516-3 0  9991
2 49739  53.1603 353.6992 0003348   6.5954 353.5094 15.38035116264897

1 49740U 21115S   26262.77084037  .00000082  00000+0  14411-4 0  9992
2 49740  53.1612 343.1564 0000996  78.8115 281.2999 15.31705763265038

1 49741U 21115T   26262.96193272  .00000751  00000+0  35950-4 0  9990
2 49741  53.1608 342.2948 0001264  74.8466 285.2675 15.31703226265064

1 49742U 21115U   26262.93295419 -.00000638  00000+0 -73842-5 0  9993
2 49742  53.1603 344.0613 0000962  83.2969 276.8144 15.35389570265035

1 49743U 21115V   26262.77551218  .00001034  00000+0  45069-4 0  9996
2 49743  53.1618 343.2219 0001025  52.4148 307.6947 15.31705707265037

1 49744U 21115W   26262.58907072  .00000643  00000+0  32491-4 0  9999
2 49744  53.1619 343.9996 0001131  79.7339 280.3790 15.31703582265009

1 49745U 21115X   26261.94592092 -.00001065  00000+0 -22572-4 0  9991
2 49745  53.1623 347.2108 0000866  71.3517 288.7579 15.31700068264908

1 49746U 21115Y   26263.20742409  .00000628  00000+0  28921-4 0  9998
2 49746  53.1663 349.0945 0001714  77.2477 282.8717 15.35401109264980

1 49747U 21115Z   26262.78626930  .00014502  00000+0  80773-3 0  9999
2 49747  53.1620 355.7720 0001228  42.6354 317.4735 15.13855407264850

1 49748U 21115AA  26262.79707019  .00000652  00000+0  29584-4 0  9994
2 49748  53.1617 350.7212 0001134  78.3850 281.7281 15.35400376264934

1 49749U 21115AB  26262.21156851 -.00000276  00000+0  28744-5 0  9995
2 49749  53.1624 345.8671 0001334  74.2121 285.9028 15.31699612264940

1 49750U 21115AC  26263.20430041  .00000810  00000+0  37882-4 0  9998
2 49750  53.1607 341.2014 0001278  83.8833 276.2314 15.31697882265092

1 49751U 21115AD  26262.78698502 -.00000289  00000+0  25832-5 0  9993
2 49751  53.1622 351.4004 0001081  88.4947 271.6180 15.34400086264923

1 49752U 21115AE  26262.91964875  .00000445  00000+0  24309-4 0  9998
2 49752  53.1612 332.0972 0001292  84.5590 275.5560 15.34387646265200

1 49753U 21115AF  26262.79428203  .00013165  00000+0  40093-3 0  9995
2 49753  53.1605 345.0494 0001200  96.0662 264.0478 15.34332388265016

1 49754U 21115AG  26262.77624618  .00001597  00000+0  56674-4 0  9991
2 49754  53.1603 333.3992 0001149  81.3449 278.7684 15.35398477265170

1 49755U 21115AH  26262.93715244  .00000605  00000+0  29067-4 0  9991
2 49755  53.1604 344.4350 0001432  74.9726 285.1435 15.34387287265031

1 49756U 21115AJ  26262.81040538  .00000978  00000+0  40053-4 0  9997
2 49756  53.1603 332.7169 0001224  83.4461 276.6681 15.34409452265182

1 49757U 21115AK  26262.90915520  .00001401  00000+0  53928-4 0  9997
2 49757  53.1618 332.6989 0001271  86.5609 273.5538 15.33544313265191

1 49758U 21115AL  26263.19910084  .00000368  00000+0  22031-4 0  9992
2 49758  53.1610 330.7954 0001114  84.3969 275.7161 15.34394160265242

1 49759U 21115AM  26263.18649556  .00000679  00000+0  31230-4 0  9991
2 49759  53.1612 330.8367 0001360  86.0762 274.0396 15.34388262265245

1 49760U 21115AN  26263.20540733  .00000746  00000+0  33222-4 0  9991
2 49760  53.1604 330.7585 0001086  80.8738 279.2387 15.34390083265251

1 49761U 21115AP  26262.80408591  .00000507  00000+0  26149-4 0  9997
2 49761  53.1616 332.6402 0001272  83.8051 276.3097 15.34386376265180

1 49762U 21115AQ  26262.82089577  .00001657  00000+0  60202-4 0  9994
2 49762  53.1614 332.5471 0001100  92.9669 267.1460 15.34384566265192

1 49763U 21115AR  26263.21679230  .00001389  00000+0  56498-4 0  9994
2 49763  53.1634 335.0909 0001065  75.5766 284.5353 15.31704576265192

1 49765U 21115AT  26262.93120678  .00000971  00000+0  43054-4 0  9991
2 49765  53.1617 331.8656 0001081  85.0072 275.1053 15.31703116265217

1 49766U 21115AU  26263.18989062  .00000223  00000+0  17313-4 0  9999
2 49766  53.1581 331.1714 0001328  81.9380 278.1773 15.35397298265246

1 49767U 21115AV  26262.82720548  .00000444  00000+0  24279-4 0  9996
2 49767  53.1614 332.5491 0001443  67.4317 292.6838 15.34389371265197

1 49768U 21115AW  26262.77467346 -.00000770  00000+0 -11660-4 0  9999
2 49768  53.1613 332.7711 0001264  88.0045 272.1102 15.34387991265184

1 49769U 21115AX  26262.20076000  .00000261  00000+0  20167-4 0  9996
2 49769  53.1594 339.8447 0001499  95.0697 265.0475 15.31700553265036

1 49770U 21115AY  26262.92783861  .00001041  00000+0  45307-4 0  9997
2 49770  53.1612 336.4858 0001257  69.6098 290.5038 15.31695903266268

1 49771U 21115AZ  26262.91756922  .00009513  00000+0  29285-3 0  9993
2 49771  53.1615 332.1618 0000921  88.0100 272.1008 15.34341109265200

1 50159U 21125D   26262.92195493 -.00001339  00000+0 -29413-4 0  9991
2 50159  53.1585  94.7232 0001074  91.1806 268.9319 15.33542334265940

1 50161U 21125F   26263.06892701 -.00015260  00000+0 -42904-3 0  9993
2 50161  53.1593  93.3900 0001465  52.5914 307.5222 15.35282566265970

1 50163U 21125H   26263.16670139  .00182969  00000+0  69743-3 0  9994
2 50163  53.2098  39.7772 0004349 299.0831  39.6105 15.86509685  5991

1 50165U 21125K   26262.92370580  .00000004  00000+0  11242-4 0  9997
2 50165  53.1597  94.0631 0001138  92.7776 267.3357 15.34393577266007

1 50166U 21125L   26262.98236090  .00000016  00000+0  12262-4 0  9997
2 50166  53.1599  84.1936 0001111  81.1229 278.9899 15.31706396266096

1 50167U 21125M   26262.94746477  .00001468  00000+0  53005-4 0  9991
2 50167  53.1587  94.9913 0001188  86.0294 274.0844 15.35386463265941

1 50169U 21125P   26263.11856917  .00001203  00000+0  46757-4 0  9997
2 50169  53.1607  79.7493 0001096  93.1493 266.9635 15.34390022266188

1 50170U 21125Q   26262.90779649 -.00000515  00000+0 -48458-5 0  9999
2 50170  53.1598  84.5586 0001216  69.5422 290.5710 15.31699163266080

1 50171U 21125R   26263.04222553  .00000083  00000+0  14426-4 0  9998
2 50171  53.1609  81.0116 0001228  81.3620 278.7520 15.31703743266155

1 50172U 21125S   26262.98300520  .00000004  00000+0  11250-4 0  9997
2 50172  53.1607  85.7900 0001273  83.9092 276.2056 15.34391631266112

1 50173U 21125T   26263.14892727  .00008592  00000+0  44384-3 0  9995
2 50173  53.2117  79.3004 0002586 100.8390 259.2897 15.17071371266203

1 50174U 21125U   26263.03338125 -.00000541  00000+0 -48858-5 0  9991
2 50174  53.1589  75.7373 0001019  84.0593 276.0525 15.34382344266279

1 50175U 21125V   26262.35405311  .00000271  00000+0  18666-4 0  9999
2 50175  53.1603  88.8507 0001079  98.5304 261.5821 15.35393850265987

1 50176U 21125W   26263.02897519 -.00002952  00000+0 -83374-4 0  9998
2 50176  53.1593  84.0483 0001241  89.8825 270.2318 15.31706730266158

1 50177U 21125X   26263.11433216 -.00001792  00000+0 -41916-4 0  9996
2 50177  53.1596  79.5252 0001258  84.2319 275.8827 15.34394183266187

1 50179U 21125Z   26262.89380661  .00000095  00000+0  14815-4 0  9998
2 50179  53.1593  84.5877 0001250  96.0252 264.0892 15.31698908266095

1 50180U 21125AA  26263.01032803  .00001101  00000+0  47231-4 0  9994
2 50180  53.1592  84.0493 0001158  93.4131 266.7003 15.31701446266151

1 50181U 21125AB  26262.94975986  .00001841  00000+0  71098-4 0  9993
2 50181  53.1596  84.4600 0001150  83.1712 276.9421 15.31693796266103

1 50182U 21125AC  26262.91637741  .00000111  00000+0  15343-4 0  9995
2 50182  53.1610  81.5320 0001274  80.6333 279.4812 15.31702871266170

1 50183U 21125AD  26263.14239104  .00013243  00000+0  79692-3 0  9999
2 50183  53.1591  94.7986 0002667 104.5890 255.5398 15.11138335266017

1 50185U 21125AF  26263.07091691  .00000183  00000+0  17664-4 0  9991
2 50185  53.1595  83.7553 0001226  88.7012 271.4130 15.31708977266120

1 50186U 21125AG  26263.12907245  .00003191  00000+0  11450-3 0  9997
2 50186  53.1587  92.5654 0001386  74.8557 285.2598 15.31712917265993

1 50187U 21125AH  26263.15006145  .00016785  00000+0  90820-3 0  9991
2 50187  53.2136  82.1865 0002127 132.6600 227.4574 15.14778828266133

1 50189U 21125AK  26263.14881102  .00020638  00000+0  96111-3 0  9997
2 50189  53.2124  85.1190 0002524  66.1662 293.9600 15.19903800266151

1 50190U 21125AL  26263.02178767 -.00004096  00000+0 -11029-3 0  9999
2 50190  53.1582  69.6109 0001007 141.0763 219.0312 15.34367395266303

1 50191U 21125AM  26263.14012451  .00001719  00000+0  62016-4 0  9990
2 50191  53.1591  93.0463 0001198  88.0180 272.0960 15.34396800265986

1 50192U 21125AN  26263.03286514  .00001459  00000+0  55691-4 0  9994
2 50192  53.1607  76.0465 0001022  90.7254 269.3865 15.33551121266214

1 50193U 21125AP  26262.88227747 -.00000147  00000+0  70400-5 0  9990
2 50193  53.1598  75.7159 0001235  73.3460 286.7677 15.31702842266256

1 50195U 21125AR  26263.18531179  .00001827  00000+0  70641-4 0  9994
2 50195  53.1602  74.7937 0001163  89.0178 271.0957 15.31690934266242

1 50197U 21125AT  26262.91778933  .00002244  00000+0  77532-4 0  9997
2 50197  53.1606  76.1217 0001215  93.9212 266.1929 15.34393552266250

1 50198U 21125AU  26262.88164642  .00018265  00000+0  90535-3 0  9997
2 50198  53.1574  83.0919 0002061 127.2547 232.8636 15.17812612266106

1 50199U 21125AV  26263.10148832  .00000239  00000+0  17750-4 0  9998
2 50199  53.1594  75.4891 0001208  84.3446 275.7695 15.35399182266222

1 50200U 21125AW  26263.03382689  .00000755  00000+0  34277-4 0  9999
2 50200  53.1603  76.2167 0000752  85.7523 274.3565 15.33549420266226

1 50202U 21125AY  26263.17593672  .00001133  00000+0  48272-4 0  9993
2 50202  53.1593  74.5820 0001104  97.3692 262.7435 15.31704659266245

1 50203U 21125AZ  26263.18056948  .00000353  00000+0  23150-4 0  9996
2 50203  53.1594  74.3362 0001159  90.2722 269.8413 15.31701931266314

1 50204U 21125BA  26263.04075866  .00000669  00000+0  33329-4 0  9991
2 50204  53.1595  75.0811 0001147  92.9609 267.1524 15.31703199266281

1 50205U 21125BB  26263.07212263  .00000292  00000+0  21175-4 0  9997
2 50205  53.1604  50.8054 0001000  98.8150 261.2965 15.31701775266571

1 50804U 22001B   26262.28370964 -.00007055  00000+0 -19767-3 0  9990
2 50804  53.1614 359.3103 0001208  88.9458 271.1683 15.34428351259916

1 50805U 22001C   26262.78040196  .00019756  00000+0  83120-3 0  9990
2 50805  53.1399   2.3598 0002799 315.1812  44.8959 15.23404268259915

1 50806U 22001D   26262.89569777 -.00000895  00000+0 -15358-4 0  9999
2 50806  53.1605 358.2097 0001133  93.9675 266.1458 15.34383944259981

1 50808U 22001F   26262.74582723  .00000784  00000+0  37008-4 0  9992
2 50808  53.1613 355.2767 0001000  81.0732 279.0382 15.31704143260018

1 50809U 22001G   26262.81574107  .00000867  00000+0  39690-4 0  9999
2 50809  53.1612 354.9640 0001159  71.9824 288.1303 15.31703650260026

1 50812U 22001K   26262.26535918 -.00000326  00000+0  14951-5 0  9994
2 50812  53.1620   1.2538 0001020  78.6776 281.4341 15.34387540259883

1 50813U 22001L   26262.66003698  .00050285  00000+0  73082-3 0  9990
2 50813  53.1968 282.1392 0002560  16.0231 344.0862 15.55309460261053

1 50814U 22001M   26262.89792292 -.00000003  00000+0  11663-4 0  9993
2 50814  53.1619   6.5677 0001124  74.9579 285.1547 15.31701592259872

1 50815U 22001N   26262.65090804  .00000150  00000+0  16587-4 0  9990
2 50815  53.1612   7.7503 0001142  88.6410 271.4723 15.31704956259830

1 50816U 22001P   26262.97914230  .00005633  00000+0  26510-3 0  9991
2 50816  53.2164   3.7054 0001943  85.7491 274.3729 15.21008823259924

1 50817U 22001Q   26263.01525366  .00002873  00000+0  93271-4 0  9998
2 50817  53.1613   4.3869 0001080  99.9242 260.1883 15.35384114259915

1 50818U 22001R   26262.92626840  .00002425  00000+0  82905-4 0  9992
2 50818  53.1628   4.7475 0002689  25.7075 334.4061 15.34396634259895

1 50819U 22001S   26262.93468154  .00000140  00000+0  15270-4 0  9999
2 50819  53.1602   4.7205 0000940  83.5884 276.5225 15.34384786259902

1 50820U 22001T   26263.01912639  .00007463  00000+0  25224-3 0  9997
2 50820  53.1606   6.1371 0001108  94.2786 265.8342 15.31672012259882

1 50821U 22001U   26262.99580387  .00000343  00000+0  22816-4 0  9990
2 50821  53.1607   6.1496 0001122  86.0412 274.0718 15.31703123259880

1 50822U 22001V   26263.00046175  .00000105  00000+0  15130-4 0  9993
2 50822  53.1607   6.0984 0000963  93.4131 266.6981 15.31701714259887

1 50823U 22001W   26263.00612478  .00001120  00000+0  44290-4 0  9996
2 50823  53.1610   4.3743 0001076 109.2804 250.8315 15.34391784259910

1 50825U 22001Y   26263.00979250  .00000719  00000+0  34936-4 0  9991
2 50825  53.1609   6.1167 0001073  81.3228 278.7894 15.31697427259884

1 50827U 22001AA  26262.01218464  .00000099  00000+0  14072-4 0  9996
2 50827  53.1615   8.3286 0001154  87.1325 272.9810 15.34386182259768

1 50828U 22001AB  26263.01444692  .00000521  00000+0  28560-4 0  9999
2 50828  53.1618   6.0647 0000975  93.8353 266.2760 15.31697980259738

1 50829U 22001AC  26263.12438750  .00001011  00000+0  42080-4 0  9998
2 50829  53.1603   3.8135 0001095  80.6592 279.4533 15.33545573259920

1 50830U 22001AD  26262.89210233 -.00000453  00000+0 -22938-5 0  9999
2 50830  53.1612  12.2009 0000941  82.5061 277.6048 15.34393508259793

1 50831U 22001AE  26262.94742616  .00021430  00000+0  65398-3 0  9992
2 50831  53.1601   5.2915 0001991 356.1487   3.9499 15.33890809259894

1 50832U 22001AF  26262.97433846  .00012911  00000+0  76972-3 0  9992
2 50832  53.1727  25.5134 0001781 113.7942 246.3237 15.11500575259619

1 50834U 22001AH  26263.00408845 -.00000962  00000+0 -17912-4 0  9995
2 50834  53.1601  12.3477 0001134  93.6882 266.4250 15.33555813259793

1 50835U 22001AJ  26262.96115495  .00013912  00000+0  78865-3 0  9996
2 50835  53.2163  24.7468 0001656 109.9256 250.1917 15.13257623259628

1 50836U 22001AK  26262.91804414  .00000426  00000+0  25485-4 0  9995
2 50836  53.1610  12.4871 0001062  75.5290 284.5829 15.31703226259688

1 50837U 22001AL  26262.98506470  .00001652  00000+0  60034-4 0  9995
2 50837  53.1620   4.0079 0001333  85.0695 275.0459 15.34388559259914

1 50839U 22001AN  26262.95999220  .00000271  00000+0  20510-4 0  9994
2 50839  53.1611  12.2752 0001098  85.3746 274.7381 15.31696400259782

1 50840U 22001AP  26262.97334713  .00001130  00000+0  45685-4 0  9993
2 50840  53.1622  12.3849 0000865  88.2231 271.8870 15.33535819259785

1 50841U 22001AQ  26262.97481909  .00000418  00000+0  24042-4 0  9996
2 50841  53.1610  12.2787 0000911  80.4403 279.6702 15.33553064259793

1 50842U 22001AR  26263.02060507 -.00002224  00000+0 -59968-4 0  9995
2 50842  53.1617  12.0225 0001040  80.8867 279.2252 15.31676168259793

1 50844U 22001AT  26262.92119301  .00031261  00000+0  87436-3 0  9993
2 50844  53.1589  12.2208 0001080   0.5813 359.5191 15.36421890259799

1 50845U 22001AU  26262.92282138  .00007142  00000+0  24184-3 0  9995
2 50845  53.1623  13.1845 0001215  96.0744 264.0396 15.31681601259788

1 50846U 22001AV  26263.00660172  .00000945  00000+0  42221-4 0  9991
2 50846  53.1614  12.0904 0001062  86.5136 273.5986 15.31703239259807

1 50848U 22001AX  26262.90059051  .00000857  00000+0  36519-4 0  9994
2 50848  53.1616  12.8749 0001219  77.9070 282.2069 15.34388404259783

1 50849U 22001AY  26262.91101005  .00000247  00000+0  18450-4 0  9990
2 50849  53.1615  12.1165 0001129  75.2463 284.8664 15.34386013259799

1 50850U 22001AZ  26263.19743897  .00019246  00000+0  75777-3 0  9997
2 50850  53.1546 336.6301 0001860 334.8583  25.2325 15.25656254260856

1 50851U 22001BA  26262.94101532  .00000495  00000+0  26364-4 0  9999
2 50851  53.1614  12.4616 0001009  83.4787 276.6330 15.33549073259797

1 51104U 22005A   26263.19151971  .00014642  00000+0  65193-3 0  9996
2 51104  53.1994 132.5939 0001670  93.7957 266.3232 15.21695950258282

1 51105U 22005B   26263.13674478 -.00029464  00000+0 -86024-3 0  9999
2 51105  53.1596 127.2356 0001802  73.5316 286.5884 15.34545100258357

1 51106U 22005C   26263.00669385  .00000000  00000+0  10913-4 0  9995
2 51106  53.1611 128.0740 0001167  80.2234 279.8901 15.35393884258323

1 51108U 22005E   26263.14537133  .00000711  00000+0  31305-4 0  9994
2 51108  53.1599 127.3243 0001207  95.7633 264.3508 15.35395359258353

1 51109U 22005F   26263.18873119  .00001232  00000+0  51430-4 0  9996
2 51109  53.1601 127.3526 0001108  94.5852 265.5276 15.31706927258125

1 51110U 22005G   26263.19977593  .00000875  00000+0  37031-4 0  9993
2 51110  53.1603 127.0525 0001109  77.2863 282.8263 15.34388515258362

1 51111U 22005H   26263.15962869 -.00000473  00000+0 -26451-5 0  9991
2 51111  53.1598 125.6508 0001275  91.0122 269.1027 15.35396224258371

1 51112U 22005J   26263.14516201  .00000626  00000+0  29683-4 0  9993
2 51112  53.1598 127.4425 0001250  92.7629 267.3516 15.34387100258356

1 51113U 22005K   26263.16670139  .00011686  00000+0  35658-3 0  9993
2 51113  53.1599 127.4357 0001326  82.2447  48.4561 15.34388486  5714

1 51114U 22005L   26263.16047696  .00000271  00000+0  20501-4 0  9990
2 51114  53.1589 125.3548 0001485  86.5248 273.5924 15.31708058258380

1 51115U 22005M   26263.19135757 -.00001268  00000+0 -27219-4 0  9992
2 51115  53.1598 127.2097 0001395 111.3040 248.8111 15.33539280258359

1 51116U 22005N   26263.15115606 -.00000054  00000+0  10013-4 0  9995
2 51116  53.1590 125.4156 0001261  91.7299 268.3847 15.31707311258372

1 51117U 22005P   26263.16201828  .00002345  00000+0  78099-4 0  9991
2 51117  53.1607 127.9027 0001208  94.3413 265.7728 15.35406550258345

1 51118U 22005Q   26263.15771616  .00000280  00000+0  19439-4 0  9997
2 51118  53.1605 126.9670 0001394  84.2479 275.8682 15.34389515258355

1 51120U 22005S   26263.15565161  .00000076  00000+0  13399-4 0  9998
2 51120  53.1597 127.2736 0001197  87.0725 273.0414 15.34386428258354

1 51121U 22005T   26263.15141918  .00000433  00000+0  45294-4 0  9995
2 51121  53.1612 135.4968 0001731  88.9267 271.1923 15.08829097258232

1 51123U 22005V   26263.02117645  .00000554  00000+0  27531-4 0  9991
2 51123  53.1602 127.8933 0001213  84.1280 275.9861 15.34385724258335

1 51124U 22005W   26263.17882794 -.00000351  00000+0  73236-6 0  9993
2 51124  53.1599 139.0973 0000661  84.6652 275.4426 15.34386079258194

1 51125U 22005X   26263.16670139  .00018417  00000+0  55507-3 0  9990
2 51125  53.1599 131.5742 0001061  73.1731 205.4665 15.34388465  5865

1 51126U 22005Y   26263.17595362 -.00000578  00000+0 -68416-5 0  9992
2 51126  53.1595 131.4090 0001375  93.9636 266.1522 15.31707195258306

1 51127U 22005Z   26263.03146745 -.00000055  00000+0  10001-4 0  9990
2 51127  53.1588 131.9694 0001398  86.5235 273.5927 15.31704638258278

1 51128U 22005AA  26263.15071900 -.00000652  00000+0 -77790-5 0  9997
2 51128  53.1611 139.9019 0001204  84.2319 275.8822 15.35404269258167

1 51129U 22005AB  26263.16670139  .00033458  00000+0  99803-3 0  9993
2 51129  53.1602 139.2144 0001320  79.8823 178.3760 15.34366245  5820

1 51130U 22005AC  26263.05277706 -.00000095  00000+0  83394-5 0  9998
2 51130  53.1611 139.8909 0001278  81.6318 278.4829 15.34386977258157

1 51131U 22005AD  26263.14798046 -.00000283  00000+0  26320-5 0  9999
2 51131  53.1585 131.4325 0001184  89.7507 270.3630 15.31698060258284

1 51132U 22005AE  26263.18096486 -.00001020  00000+0 -19065-4 0  9991
2 51132  53.1607 139.3060 0001184  94.5526 265.5612 15.34371455258171

1 51133U 22005AF  26263.16670139  .00171248  00000+0  24837-2 0  9992
2 51133  53.1578 128.3173 0001656  85.7510 143.6115 15.54765121  5927

1 51135U 22005AH  26263.19591830  .00000325  00000+0  20214-4 0  9991
2 51135  53.1579 131.1253 0001042  94.0047 266.1075 15.35402687258298

1 51136U 22005AJ  26263.10153000 -.00000422  00000+0 -13687-5 0  9993
2 51136  53.1589 131.2423 0001223  81.5949 278.5193 15.34379558258289

1 51137U 22005AK  26263.15614913 -.00001368  00000+0 -29377-4 0  9996
2 51137  53.1586 131.0005 0001258  89.0517 271.0630 15.34377644258304

1 51138U 22005AL  26263.17329174  .00002533  00000+0  16479-3 0  9992
2 51138  53.1717 144.5011 0003080  87.9820 272.1526 15.11575238258104

1 51139U 22005AM  26263.13462567  .00001359  00000+0  52642-4 0  9991
2 51139  53.1588 131.6539 0001316  87.2486 272.8666 15.33550459258298

1 51140U 22005AN  26262.93358301  .00000729  00000+0  35261-4 0  9998
2 51140  53.1592 132.4266 0001259  93.6810 266.4335 15.31703737258265

1 51141U 22005AP  26263.14775253  .00001336  00000+0  50692-4 0  9992
2 51141  53.1590 131.1040 0001194  88.0649 272.0490 15.34387245258301

1 51142U 22005AQ  26263.15584362  .00028093  00000+0  96598-3 0  9996
2 51142  53.2169 107.2929 0005975 105.5536 254.6125 15.29887326258643

1 51143U 22005AR  26263.17675029  .00001035  00000+0  41769-4 0  9998
2 51143  53.1589 139.3416 0001288  89.3356 270.7794 15.34387768258189

1 51144U 22005AS  26263.05010065  .00000608  00000+0  31347-4 0  9995
2 51144  53.1590 131.8893 0001419  86.8727 273.2436 15.31701873258284

1 51146U 22005AU  26263.15194856  .00000297  00000+0  19931-4 0  9998
2 51146  53.1587 131.0137 0001176  90.4690 269.6448 15.34385042258297

1 51147U 22005AV  26263.19941138  .00023556  00000+0  64115-3 0  9992
2 51147  53.1856 112.2135 0003292 142.0315 218.0922 15.37423315258570

1 51148U 22005AW  26262.41412093  .00016831  00000+0  85119-3 0  9995
2 51148  53.2135 153.7058 0002534  94.7802 265.3484 15.17166412257924

1 51149U 22005AX  26263.18719561  .00000089  00000+0  13782-4 0  9997
2 51149  53.1591 138.8234 0001317  89.8903 270.2250 15.34387045258197

1 51150U 22005AY  26263.14942405  .00000278  00000+0  18886-4 0  9990
2 51150  53.1592 132.5678 0001195  93.0064 267.1076 15.35396574258281

1 51152U 22005BA  26262.95269252  .00000526  00000+0  27326-4 0  9997
2 51152  53.1593 142.3510 0001242  89.0124 271.1020 15.33548238258124

1 51461U 22010F   26262.92395368  .00000219  00000+0  17183-4 0  9990
2 51461  53.1600 118.1516 0001279  97.6011 262.5137 15.35393847256265

1 51462U 22010G   26263.15680436  .00000600  00000+0  31098-4 0  9995
2 51462  53.1592 110.4921 0001282  94.2237 265.8911 15.31701120256391

1 51463U 22010H   26263.09626367 -.00000596  00000+0 -74556-5 0  9995
2 51463  53.1586 111.0998 0001297  77.7091 282.4056 15.31697209256078

1 51464U 22010J   26263.16613487 -.00001040  00000+0 -19660-4 0  9992
2 51464  53.1606 117.6386 0001283  95.4173 264.6976 15.34380259256797

1 51465U 22010K   26263.16670139  .00087079  00000+0  19790-2 0  9996
2 51465  53.1627 118.6356 0001377  95.5630 146.0595 15.42294004  5885

1 51467U 22010M   26263.20067058 -.00002739  00000+0 -72024-4 0  9996
2 51467  53.1603 117.3841 0001181  86.1631 273.9507 15.33529731255996

1 51468U 22010N   26263.15554098  .00001148  00000+0  45126-4 0  9990
2 51468  53.1603 116.9919 0001252  96.9152 263.1993 15.34389856255997

1 51469U 22010P   26263.16670139 -.00008603  00000+0 -24377-3 0  9996
2 51469  53.1587 116.9855 0001338  82.2928 234.9367 15.34398499  5753

1 51472U 22010S   26263.15133103  .00006248  00000+0  19586-3 0  9991
2 51472  53.1604 117.0035 0000927  78.2299 281.8808 15.34405546256300

1 51714U 22016A   26263.11222977 -.00000711  00000+0 -94738-5 0  9995
2 51714  53.1586 165.3333 0001040  90.4918 269.6204 15.35394316252927

1 51715U 22016B   26263.15537318 -.00001146  00000+0 -25168-4 0  9991
2 51715  53.1589 161.5063 0001023  86.4079 273.7039 15.31695685254117

1 51716U 22016C   26263.15652834  .00000601  00000+0  29596-4 0  9995
2 51716  53.1610 165.6404 0001392  85.4263 274.6899 15.33552506252927

1 51717U 22016D   26263.02020333 -.00000337  00000+0  89737-6 0  9997
2 51717  53.1597 162.0474 0001254  90.8096 269.3049 15.31698627252966

1 51718U 22016E   26262.94719411  .00018130  00000+0  75208-3 0  9994
2 51718  53.1809 159.5399 0004845 127.3829 232.7611 15.23935877254120

1 51719U 22016F   26263.01450152 -.00000363  00000+0  49891-6 0  9990
2 51719  53.1616 166.2932 0001449  79.6027 280.5139 15.35395426252904

1 51720U 22016G   26263.01088946  .00000309  00000+0  21705-4 0  9991
2 51720  53.1604 162.1878 0001351  82.6778 277.4377 15.31708397252951

1 51721U 22016H   26263.20196192 -.00000613  00000+0 -79794-5 0  9998
2 51721  53.1594 161.1721 0001227  91.1544 268.9598 15.31696980252992

1 51722U 22016J   26262.94312416 -.00000764  00000+0 -10994-4 0  9991
2 51722  53.1606 166.0470 0001489  74.1806 285.9362 15.35406620252895

1 51724U 22016L   26262.44411627 -.00000140  00000+0  70640-5 0  9994
2 51724  53.1603 168.7031 0001068  93.9739 266.1385 15.33553390252816

1 51725U 22016M   26263.12302826 -.00000797  00000+0 -12880-4 0  9991
2 51725  53.1601 165.7061 0002026  78.7622 281.3608 15.33536156252911

1 51726U 22016N   26263.20488387  .00011890  00000+0  65367-3 0  9999
2 51726  53.2145 162.1686 0002162  98.6769 261.4471 15.14497257252985

1 51727U 22016P   26262.93210735 -.00002058  00000+0 -49786-4 0  9995
2 51727  53.1594 166.0210 0001457  91.1955 268.9215 15.34404820252894

1 51729U 22016R   26263.19204251  .00001399  00000+0  52552-4 0  9992
2 51729  53.1594 150.8466 0001238  95.6919 264.4225 15.34386311253130

1 51731U 22016T   26262.95479538 -.00000311  00000+0  19786-5 0  9997
2 51731  53.1597 152.2877 0001226  89.6201 270.4943 15.35391130253097

1 51732U 22016U   26263.18365410 -.00000549  00000+0 -51080-5 0  9994
2 51732  53.1592 151.0294 0001484  82.5040 277.6131 15.34399814254277

1 51733U 22016V   26263.18574477  .00001181  00000+0  46081-4 0  9995
2 51733  53.1588 150.9637 0001220  83.2475 276.8667 15.34396542253134

1 51734U 22016W   26263.15631520  .00001148  00000+0  45122-4 0  9994
2 51734  53.1592 150.9810 0001225  96.3394 263.7748 15.34389886253119

1 51735U 22016X   26263.17735515  .00007420  00000+0  23077-3 0  9999
2 51735  53.1582 151.0309 0001135  91.8913 268.2219 15.34365041253133

1 51736U 22016Y   26263.08789808  .00000008  00000+0  12026-4 0  9992
2 51736  53.1591 152.7608 0001215  87.3759 272.7381 15.31697289253095

1 51737U 22016Z   26263.18084436  .00006890  00000+0  19308-3 0  9993
2 51737  53.1563 151.7799 0002791  97.5228 262.6093 15.37792713253114

1 51738U 22016AA  26262.94807355  .00000009  00000+0  12070-4 0  9996
2 51738  53.1595 153.3903 0001167  88.8605 271.2530 15.31696793253064

1 51739U 22016AB  26263.17031889  .00001539  00000+0  54988-4 0  9997
2 51739  53.1596 151.1048 0001179  80.1484 279.9652 15.35412457253129

1 51740U 22016AC  26263.07016955  .00000326  00000+0  20797-4 0  9999
2 51740  53.1606 151.3924 0001178  95.2451 264.8686 15.34387086253115

1 51741U 22016AD  26262.95274963  .00000344  00000+0  22841-4 0  9993
2 51741  53.1593 153.3792 0001263  91.2980 268.8166 15.31692106253075

1 51742U 22016AE  26262.94831883  .00000322  00000+0  20670-4 0  9997
2 51742  53.1592 152.0881 0001225  91.8880 268.2263 15.34384611253099

1 51743U 22016AF  26262.37469505  .00001948  00000+0  68786-4 0  9998
2 51743  53.1595 145.3385 0001211  98.7456 261.3684 15.34392716253138

1 51744U 22016AG  26263.17544896 -.00001114  00000+0 -22539-4 0  9998
2 51744  53.1587 151.4444 0001180  99.0458 261.0678 15.33541327253127

1 51745U 22016AH  26262.94620678  .00000153  00000+0  15661-4 0  9994
2 51745  53.1590 151.9986 0001243  90.6078 269.5067 15.34385857253099

1 51746U 22016AJ  26263.17889325  .00000230  00000+0  19178-4 0  9990
2 51746  53.1591 143.2664 0001198  99.1850 260.9287 15.31697868253239

1 51747U 22016AK  26263.19509480  .00000210  00000+0  18540-4 0  9994
2 51747  53.1594 152.2447 0001245  95.4735 264.6408 15.31700493253118

1 51748U 22016AL  26263.14573182  .00000340  00000+0  21201-4 0  9992
2 51748  53.1591 141.0243 0001139  90.7259 269.3874 15.34388348253266

1 51749U 22016AM  26262.17903338 -.00000397  00000+0 -10309-5 0  9997
2 51749  53.1580 156.9528 0001165 106.8948 253.2182 15.31708372252958

1 51750U 22016AN  26263.10899179  .00000631  00000+0  32085-4 0  9993
2 51750  53.1595 143.6971 0001114  93.7178 266.3951 15.31702766253225

1 51751U 22016AP  26262.17290082  .00000975  00000+0  39974-4 0  9993
2 51751  53.1583 145.5791 0001167  87.2229 272.8907 15.34405269253119

1 51752U 22016AQ  26263.14053550  .00001277  00000+0  52923-4 0  9994
2 51752  53.1599 140.4240 0001354  82.6060 277.5095 15.31691994253276

1 51753U 22016AR  26262.92920356 -.00000141  00000+0  70392-5 0  9998
2 51753  53.1590 142.5549 0001269  93.4423 266.6725 15.33544969253226

1 51754U 22016AS  26263.19406015 -.00000369  00000+0  22600-6 0  9992
2 51754  53.1588 140.8052 0001192  81.8607 278.2531 15.34385298253272

1 51755U 22016AT  26263.19624617  .00010802  00000+0  33032-3 0  9993
2 51755  53.1580 141.4912 0001086 113.6574 246.4542 15.34404399253268

1 51756U 22016AU  26263.14671286  .00004142  00000+0  13727-3 0  9992
2 51756  53.1589 141.5037 0001490  86.1500 273.9673 15.33537017253262

1 51757U 22016AV  26263.03437853  .00000622  00000+0  29549-4 0  9990
2 51757  53.1608 141.5519 0001211  91.4983 268.6158 15.34378429253254

1 51758U 22016AW  26263.10318159  .00001562  00000+0  55686-4 0  9991
2 51758  53.1591 141.3012 0001117  93.9307 266.1824 15.35397495254400

1 51759U 22016AX  26263.16044296  .00000502  00000+0  26000-4 0  9997
2 51759  53.1587 140.9590 0001217  95.9039 264.2102 15.34393468253274

1 51768U 22017A   26263.18169345  .00031364  00000+0  93564-3 0  9991
2 51768  53.1588 172.8741 0002709  92.4143 267.7170 15.34394000253582

1 51769U 22017B   26263.17401766  .00004997  00000+0  31371-3 0  9997
2 51769  53.2153 184.7922 0001625  80.7789 279.3388 15.10922333251989

1 51770U 22017C   26263.15795322  .00001031  00000+0  42689-4 0  9992
2 51770  53.1612 173.4704 0001265  83.7250 276.3896 15.33550214252149

1 51771U 22017D   26263.05280367  .00001795  00000+0  62358-4 0  9992
2 51771  53.1601 173.5964 0001409 112.1961 247.9192 15.35394414252124

1 51772U 22017E   26262.47573940  .00000335  00000+0  21069-4 0  9993
2 51772  53.1603 176.4774 0001196  91.9071 268.2068 15.34385566252021

1 51773U 22017F   26263.08620125  .00010260  00000+0  62415-3 0  9997
2 51773  53.1863 185.3310 0002390  84.7296 275.3969 15.10989357251964

1 51774U 22017G   26263.18913597  .00002607  00000+0  88231-4 0  9998
2 51774  53.1620 179.5113 0001086  92.4436 267.6691 15.34407567252012

1 51775U 22017H   26263.18406464  .00113209  00000+0  42115-3 0  9990
2 51775  53.2130 128.6831 0004338 139.2225 220.9126 15.87220615252774

1 51776U 22017J   26263.05501187  .00000943  00000+0  37939-4 0  9994
2 51776  53.1597 173.8141 0001164  89.1273 270.9863 15.35404567252087

1 51777U 22017K   26263.01552338 -.00002334  00000+0 -56011-4 0  9995
2 51777  53.1586 174.2004 0001307 101.8559 258.2590 15.35404649252107

1 51778U 22017L   26263.03087370  .00000152  00000+0  15633-4 0  9996
2 51778  53.1603 165.5648 0001330 109.3406 250.7741 15.34390058252040

1 51779U 22017M   26262.46637059  .00000711  00000+0  31297-4 0  9993
2 51779  53.1595 176.5789 0001184  97.7422 262.3715 15.35394182251990

1 51780U 22017N   26262.48830455  .00000567  00000+0  27914-4 0  9992
2 51780  53.1598 176.1199 0001052  95.0635 265.0488 15.34385499251859

1 51781U 22017P   26263.12945359  .00002077  00000+0  70470-4 0  9998
2 51781  53.1590 173.6466 0001161  80.7534 279.3601 15.35387060251943

1 51782U 22017Q   26263.18074686 -.00000504  00000+0 -37773-5 0  9996
2 51782  53.1605 179.5600 0001357  76.7930 283.3224 15.34394084251778

1 51783U 22017R   26262.94790463 -.00000361  00000+0  12700-6 0  9992
2 51783  53.1602 171.8928 0001340  80.7253 279.3900 15.31700269251958

1 51784U 22017S   26263.17654807  .00023193  00000+0  69745-3 0  9995
2 51784  53.1609 179.5728 0002101  74.1371 285.9863 15.34308567251862

1 51785U 22017T   26262.49582354 -.00000193  00000+0  55344-5 0  9995
2 51785  53.1599 174.0860 0001173  89.2327 270.8809 15.31700904251887

1 51786U 22017U   26262.31344178  .00001100  00000+0  43721-4 0  9990
2 51786  53.1593 184.9158 0001385  85.1000 275.0161 15.34380394251710

1 51787U 22017V   26262.20783237  .00006434  00000+0  20169-3 0  9997
2 51787  53.1588 183.4150 0001739  86.5215 273.5986 15.34353700251727

1 51788U 22017W   26262.30293470 -.00000248  00000+0  37856-5 0  9995
2 51788  53.1597 184.9705 0001367  90.2453 269.8707 15.34388203253359

1 51789U 22017X   26263.16239671 -.00000188  00000+0  55684-5 0  9996
2 51789  53.1593 181.6310 0001264  78.4056 281.7089 15.34385956251834

1 51790U 22017Y   26263.17504735  .00009132  00000+0  55529-3 0  9998
2 51790  53.2121 195.1621 0003018  89.8380 270.2959 15.11134091253348

1 51791U 22017Z   26263.07825479  .00001637  00000+0  61120-4 0  9996
2 51791  53.1598 181.9069 0001148  81.1229 278.9903 15.33538358253469

1 51792U 22017AA  26263.18735049 -.00000455  00000+0 -24950-5 0  9992
2 51792  53.1606 181.3628 0001201  83.9821 276.1318 15.33545027253532

1 51795U 22017AD  26263.06985804  .00000721  00000+0  32488-4 0  9996
2 51795  53.1600 181.3854 0001221  91.5840 268.5302 15.34392435253473

1 51798U 22017AG  26263.06097819 -.00000545  00000+0 -49958-5 0  9996
2 51798  53.1618 180.1160 0001517  85.0795 275.0380 15.34388704253537

1 51799U 22017AH  26263.07148674  .00000120  00000+0  14684-4 0  9998
2 51799  53.1593 180.0658 0001157  93.2050 266.9085 15.34390585253492

1 51801U 22017AK  26263.05950584 -.00026916  00000+0 -79303-3 0  9992
2 51801  53.1597 181.4361 0001413  47.5037 312.6084 15.34212790253475

1 51803U 22017AM  26262.27514684  .00000268  00000+0  19078-4 0  9998
2 51803  53.1613 183.7866 0001481  86.5006 273.6166 15.34390622253361

1 51804U 22017AN  26263.10651297  .00000243  00000+0  18324-4 0  9990
2 51804  53.1604 165.2104 0001244  96.1657 263.9488 15.34392073253651

1 51805U 22017AP  26263.01884691  .00001726  00000+0  63805-4 0  9998
2 51805  53.1605 166.1224 0001315  90.7197 269.3956 15.33545217253721

1 51807U 22017AR  26262.48199753  .00000288  00000+0  19672-4 0  9993
2 51807  53.1629 176.1317 0001217  94.6612 265.4530 15.34387090253548

1 51808U 22017AS  26263.05571017 -.00025489  00000+0 -72695-3 0  9990
2 51808  53.1589 173.4646 0000787 125.0501 235.0575 15.35198760253486

1 51809U 22017AT  26262.27918284  .00000453  00000+0  25121-4 0  9990
2 51809  53.1605 177.7454 0001587  86.8910 273.2274 15.33544550253454

1 51810U 22017AU  26262.22402836  .00001306  00000+0  49777-4 0  9999
2 51810  53.1613 169.3739 0001214  83.2338 276.8802 15.34392715253440

1 51811U 22017AV  26263.04458255  .00029317  00000+0  87365-3 0  9993
2 51811  53.1572 171.9570 0001443 108.3224 251.7935 15.34464296253504

1 51812U 22017AW  26263.11920450  .00000453  00000+0  24551-4 0  9992
2 51812  53.1625 165.8348 0001136  89.9313 270.1820 15.34385918253579

1 51813U 22017AX  26263.10461551 -.00000094  00000+0  82247-5 0  9993
2 51813  53.1615 165.2641 0001285  61.4234 298.6898 15.35396117253586

1 51814U 22017AY  26263.12369550  .00000206  00000+0  16802-4 0  9999
2 51814  53.1604 165.9384 0001229  93.7917 266.3226 15.35395295253572

1 51815U 22017AZ  26262.44234070  .00003018  00000+0  10902-3 0  9990
2 51815  53.1600 165.2671 0001246  93.3704 266.7440 15.31689571253526

1 51852U 22022A   26263.15778872  .00001149  00000+0  45126-4 0  9999
2 51852  53.1589 210.9735 0001165  94.3169 265.7967 15.34401222251325

1 51854U 22022C   26263.06635918  .00023167  00000+0  99733-3 0  9990
2 51854  53.2176 211.8474 0004497  85.7155 274.4357 15.22524090252574

1 51855U 22022D   26263.15148484  .00000928  00000+0  38614-4 0  9990
2 51855  53.1587 211.0497 0001268  84.6109 275.5038 15.34392601252535

1 51856U 22022E   26262.51074890 -.00006826  00000+0 -20818-3 0  9990
2 51856  53.1599 215.5390 0001583  95.4608 264.6574 15.31730184252492

1 51857U 22022F   26262.49210061 -.00000165  00000+0  64475-5 0  9998
2 51857  53.1588 215.5431 0001242  86.7269 273.3875 15.31700717252462

1 51858U 22022G   26262.52116984 -.00001494  00000+0 -33099-4 0  9996
2 51858  53.1587 214.2612 0001653  85.0024 275.1167 15.34392048252489

1 51859U 22022H   26262.46657259  .00002642  00000+0  96859-4 0  9992
2 51859  53.1604 206.5839 0001531  75.6444 284.4727 15.31702330252583

1 51860U 22022J   26262.49905076 -.00000372  00000+0  14097-6 0  9995
2 51860  53.1620 208.0968 0001440  85.0690 275.0477 15.34387001252529

1 51861U 22022K   26262.54527113  .00000493  00000+0  25744-4 0  9996
2 51861  53.1604 207.8365 0001336  86.3683 273.7473 15.34391744252441

1 51862U 22022L   26263.14200049  .00000279  00000+0  19396-4 0  9998
2 51862  53.1603 205.0408 0001268  87.8789 272.2359 15.34388526252672

1 51863U 22022M   26263.16670139  .00012883  00000+0  39197-3 0  9996
2 51863  53.1589 204.9804 0001423  78.4933 127.7996 15.34383302  5869

1 51864U 22022N   26263.13569456  .00005407  00000+0  17118-3 0  9996
2 51864  53.1608 205.0779 0001539 121.5939 238.5214 15.34377234252662

1 51865U 22022P   26263.13597471 -.00000711  00000+0 -94814-5 0  9990
2 51865  53.1593 205.2768 0001225  77.4273 282.6867 15.35401093252619

1 51866U 22022Q   26262.46890586  .00000305  00000+0  20608-4 0  9995
2 51866  53.1602 208.8148 0001207  95.8262 264.2878 15.33552671252507

1 51867U 22022R   26262.46796732  .00000613  00000+0  28477-4 0  9998
2 51867  53.1624 208.2569 0001632  73.9882 286.1301 15.35397881252517

1 51868U 22022S   26262.47146591  .00000709  00000+0  31236-4 0  9995
2 51868  53.1607 208.1991 0001309  87.8209 272.2944 15.35403750252517

1 51869U 22022T   26262.50526670  .00000711  00000+0  31282-4 0  9994
2 51869  53.1604 208.6034 0001297  87.3507 272.7645 15.35394573252515

1 51870U 22022U   26262.46162811  .00003478  00000+0  11049-3 0  9995
2 51870  53.1592 208.2565 0001731  76.4452 283.6744 15.35424352252564

1 51871U 22022V   26262.57687118  .00000394  00000+0  22789-4 0  9998
2 51871  53.1601 208.3764 0001148  99.0371 261.0762 15.34387028252636

1 51872U 22022W   26262.97600044  .00001479  00000+0  54899-4 0  9998
2 51872  53.1616 205.8189 0001004  90.7118 269.3999 15.34390893252596

1 51873U 22022X   26263.10002611  .00024896  00000+0  93527-3 0  9999
2 51873  53.1992 194.0175 0006433 105.7212 254.4498 15.27045859252782

1 51874U 22022Y   26263.11191749 -.00001319  00000+0 -26907-4 0  9998
2 51874  53.1576 205.3638 0001057  72.9579 287.1540 15.35397266252602

1 51875U 22022Z   26262.31470025 -.00000025  00000+0  10203-4 0  9991
2 51875  53.1603 209.0648 0001231  96.4643 263.6501 15.35398017252491

1 51876U 22022AA  26262.58514151  .00000451  00000+0  23833-4 0  9995
2 51876  53.1596 208.5027 0001270  94.8166 265.2982 15.35399199252520

1 51877U 22022AB  26263.17236632  .00004446  00000+0  14273-3 0  9992
2 51877  53.1592 188.9352 0001393  96.9253 263.1908 15.34376551252841

1 51878U 22022AC  26263.16512545  .00002038  00000+0  69304-4 0  9993
2 51878  53.1592 205.8033 0001304  80.3873 279.7277 15.35404619252619

1 51879U 22022AD  26262.30511185  .00000351  00000+0  21544-4 0  9998
2 51879  53.1605 194.9531 0001491  90.0266 270.0908 15.34390173252687

1 51880U 22022AE  26263.16344598  .00015490  00000+0  61913-3 0  9990
2 51880  53.1587 208.2990 0004135  57.6368 302.5030 15.25307856252577

1 51881U 22022AF  26262.29670751  .00002711  00000+0  91392-4 0  9994
2 51881  53.1598 194.9811 0001498  85.3917 274.7257 15.34381282252734

1 51882U 22022AG  26263.19068741  .00000806  00000+0  37719-4 0  9991
2 51882  53.1591 191.2063 0001267 103.5545 256.5598 15.31707619252864

1 51883U 22022AH  26262.29250331  .00000366  00000+0  21964-4 0  9996
2 51883  53.1594 195.0185 0001239  93.3068 266.8076 15.34392397252670

1 51884U 22022AJ  26263.08262141 -.00001853  00000+0 -43721-4 0  9996
2 51884  53.1593 192.0138 0001171  90.0528 270.0609 15.34395163252870

1 51885U 22022AK  26263.18224271  .00001298  00000+0  50808-4 0  9995
2 51885  53.1590 191.3798 0001107  95.5051 264.6078 15.33545041252805

1 51886U 22022AL  26262.49291120  .00014269  00000+0  84835-3 0  9994
2 51886  53.1764 207.6367 0001899  70.7355 289.3843 15.11516199252523

1 51887U 22022AM  26262.29406270  .00000671  00000+0  31008-4 0  9994
2 51887  53.1606 193.0116 0001212  79.7987 280.3152 15.34389369252704

1 51888U 22022AN  26263.18944359  .00000204  00000+0  17531-4 0  9996
2 51888  53.1589 191.3841 0001289  93.9798 266.1352 15.33545774252812

1 51889U 22022AP  26263.19344722  .00000449  00000+0  24424-4 0  9996
2 51889  53.1595 189.4927 0001362  94.4575 265.6583 15.34384546252835

1 51891U 22022AR  26263.06100323 -.00000055  00000+0  95087-5 0  9990
2 51891  53.1586 189.4245 0001522  99.3795 260.7380 15.34386631252879

1 51892U 22022AS  26263.06737581  .00000313  00000+0  20409-4 0  9994
2 51892  53.1593 190.0875 0001292  90.9373 269.1777 15.34387687252817

1 51893U 22022AT  26262.49655780  .00012371  00000+0  72894-3 0  9992
2 51893  53.2145 207.7715 0001747  60.6476 299.4692 15.11964533252586

1 51894U 22022AU  26262.47065267 -.00001308  00000+0 -27593-4 0  9993
2 51894  53.1597 192.8812 0001412  87.9005 272.2159 15.34382829252784

1 51895U 22022AV  26263.17874203  .00000309  00000+0  20301-4 0  9998
2 51895  53.1596 189.5614 0001352  76.7105 283.4048 15.34383300252839

1 51896U 22022AW  26263.08807219  .00000562  00000+0  28401-4 0  9992
2 51896  53.1600 191.8051 0001202  84.2216 275.8923 15.33552741252842

1 51897U 22022AX  26263.18076252 -.00000082  00000+0  87151-5 0  9995
2 51897  53.1604 188.9071 0001547  76.6948 283.4227 15.34384416252840

1 51898U 22022AY  26263.17445584 -.00000124  00000+0  74828-5 0  9997
2 51898  53.1598 188.9082 0001328  86.1436 273.9718 15.34385493252890

1 51956U 22025A   26263.05482494  .00002265  00000+0  84723-4 0  9994
2 51956  53.1605 189.1058 0001371  87.5022 272.6137 15.31707249250954

1 51957U 22025B   26262.52863982 -.00000288  00000+0  24837-5 0  9996
2 51957  53.1614 214.7749 0001753  94.5281 265.5921 15.31697616250538

1 51958U 22025C   26263.17600080 -.00003063  00000+0 -86966-4 0  9992
2 51958  53.1621 188.4491 0001271 119.8925 240.2203 15.31698386250975

1 51959U 22025D   26262.58997722 -.00001173  00000+0 -26029-4 0  9993
2 51959  53.1606 215.0647 0001230  84.7374 275.3768 15.31699809250530

1 51960U 22025E   26262.57523883 -.00003238  00000+0 -92674-4 0  9990
2 51960  53.1609 214.3727 0001187  94.9129 265.2008 15.31683032250545

1 51962U 22025G   26262.31121476  .00001644  00000+0  64711-4 0  9994
2 51962  53.1602 203.2175 0001450  85.1922 274.9245 15.31713754250680

1 51963U 22025H   26262.45358404  .00000042  00000+0  13117-4 0  9998
2 51963  53.1607 191.8151 0001365  95.6414 264.4743 15.31698282250864

1 51964U 22025J   26262.55823210  .00000393  00000+0  24416-4 0  9995
2 51964  53.1607 202.0523 0001132  93.6870 266.4261 15.31696625250720

1 51965U 22025K   26262.49605771  .00000176  00000+0  17432-4 0  9998
2 51965  53.1595 215.2909 0001434  87.1704 272.9461 15.31703800250526

1 51966U 22025L   26263.13921154 -.00000563  00000+0 -63657-5 0  9990
2 51966  53.1597 212.0535 0001569  86.7925 273.3256 15.31700102250628

1 51968U 22025N   26262.48366603  .00000856  00000+0  39368-4 0  9995
2 51968  53.1613 202.4017 0001409 103.6821 256.4338 15.31690560250713

1 51969U 22025P   26263.08490405 -.00000427  00000+0 -19927-5 0  9997
2 51969  53.1598 199.6446 0001191  93.8434 266.2704 15.31693742250796

1 51970U 22025Q   26262.52006614 -.00000059  00000+0  98558-5 0  9999
2 51970  53.1594 215.4216 0001317  82.4570 277.6581 15.31698176250527

1 51971U 22025R   26263.09890078 -.00001037  00000+0 -21645-4 0  9998
2 51971  53.1604 199.7415 0001319  99.3278 260.7872 15.31710664250803

1 51972U 22025S   26262.17982410 -.00000057  00000+0  99342-5 0  9999
2 51972  53.1585 216.9520 0001261  76.1885 283.9257 15.31701423250474

1 51973U 22025T   26263.12988251 -.00000985  00000+0 -19974-4 0  9998
2 51973  53.1600 212.0720 0001337 108.2604 251.8543 15.31704555250620

1 51974U 22025U   26262.28631915  .00000442  00000+0  26002-4 0  9993
2 51974  53.1602 216.2315 0001373  84.4691 275.6467 15.31704209250489

1 51975U 22025V   26262.55351020 -.00000269  00000+0  30903-5 0  9994
2 51975  53.1605 201.6087 0001431  92.9575 267.1590 15.31695639250734

1 51977U 22025X   26263.13062431  .00023132  00000+0  75441-3 0  9993
2 51977  53.1590 212.6114 0001619  99.6153 260.5032 15.31720049250873

1 51980U 22025AA  26263.20773617  .00005305  00000+0  16274-3 0  9991
2 51980  53.1596 236.7537 0001121  98.4298 261.6832 15.35424715250543

1 51981U 22025AB  26262.57682227 -.00000330  00000+0  14471-5 0  9990
2 51981  53.1605 239.7723 0001383  87.8018 272.3144 15.35388561250449

1 51983U 22025AD  26262.96252557  .00005911  00000+0  17777-3 0  9993
2 51983  53.1576 237.9571 0002020  65.5879 294.5335 15.35841620250501

1 51984U 22025AE  26262.48757849  .00002674  00000+0  87579-4 0  9996
2 51984  53.1617 240.3532 0001514  97.1528 262.9647 15.35391427250434

1 51985U 22025AF  26263.20102872  .00000339  00000+0  22689-4 0  9995
2 51985  53.1599 233.1792 0001181  83.3378 276.7758 15.31703282250597

1 51986U 22025AG  26262.59339725 -.00001051  00000+0 -19216-4 0  9992
2 51986  53.1596 239.6785 0001294  83.1980 276.9171 15.35396922250459

1 51987U 22025AH  26263.18685325  .00000246  00000+0  18437-4 0  9996
2 51987  53.1588 229.1033 0001355  98.6876 261.4280 15.34390145250656

1 51988U 22025AJ  26262.64641299  .00019971  00000+0  65335-3 0  9992
2 51988  53.1580 235.8388 0001179  88.1438 271.9698 15.31711219250518

1 51989U 22025AK  26263.18475257 -.00002900  00000+0 -74749-4 0  9998
2 51989  53.1586 229.1278 0001173 101.6293 258.4841 15.34392893250654

1 51990U 22025AL  26263.16327684 -.00039137  00000+0 -11279-2 0  9997
2 51990  53.1602 214.9428 0002853 110.9973 249.1335 15.35089362250849

1 51991U 22025AM  26262.92843108  .00000246  00000+0  18430-4 0  9990
2 51991  53.1590 230.4503 0001288  86.9560 273.1590 15.34388082250613

1 51992U 22025AN  26263.06746378  .00000296  00000+0  19910-4 0  9997
2 51992  53.1585 211.6640 0001183  86.4227 273.6911 15.34388850250457

1 51993U 22025AP  26262.64955187  .00000849  00000+0  35243-4 0  9992
2 51993  53.1589 239.3946 0001450  96.2912 263.8257 15.35394341250463

1 51994U 22025AQ  26263.15047979  .00000829  00000+0  35670-4 0  9993
2 51994  53.1611 215.0216 0001402  89.9448 270.1716 15.34393415250428

1 51995U 22025AR  26263.12597007  .00000148  00000+0  16543-4 0  9995
2 51995  53.1590 212.6609 0001213  95.3386 264.7754 15.31697716250447

1 51996U 22025AS  26262.49230398  .00000009  00000+0  11619-4 0  9997
2 51996  53.1599 214.5590 0001422  94.4786 265.6379 15.33548254250372

1 51997U 22025AT  26262.59888297 -.00000408  00000+0 -95338-6 0  9993
2 51997  53.1593 213.6800 0001271 100.1763 259.9383 15.34380763250385

1 51998U 22025AU  26262.27956949 -.00000899  00000+0 -15475-4 0  9995
2 51998  53.1602 215.6724 0001386  81.1560 278.9599 15.34392180250346

1 52000U 22025AW  26262.53803004 -.00000268  00000+0  32084-5 0  9997
2 52000  53.1597 218.0172 0001126 100.7543 259.3587 15.35401201250334

1 52001U 22025AX  26262.41453779  .00003050  00000+0  98321-4 0  9991
2 52001  53.1583 218.6414 0001501  84.2626 275.8548 15.35396735250313

1 52002U 22025AY  26263.06644042 -.00000484  00000+0 -31830-5 0  9992
2 52002  53.1611 215.6410 0001499  96.9465 263.1708 15.34415680250415

1 52090U 22029C   26262.68771764  .00000137  00000+0  15505-4 0  9995
2 52090  53.1592 285.5498 0001330  85.0593 275.0561 15.33549606250118

1 52092U 22029E   26263.19099267  .00003311  00000+0  91909-4 0  9994
2 52092  53.1629 286.4825 0001691  78.3678 281.7517 15.39899401250149

1 52093U 22029F   26263.06901898  .00000486  00000+0  25532-4 0  9992
2 52093  53.1578 279.5271 0001202  83.9329 276.1810 15.34389365250236

1 52094U 22029G   26261.80253090 -.00000272  00000+0  31006-5 0  9995
2 52094  53.1587 289.3072 0001276  90.8448 269.2701 15.34383757249986

1 52095U 22029H   26262.68452446 -.00000829  00000+0 -13412-4 0  9998
2 52095  53.1586 281.4707 0001125  97.9385 262.1746 15.34389300250179

1 52096U 22029J   26262.74828507 -.00000837  00000+0 -13097-4 0  9999
2 52096  53.1597 273.4919 0001317  89.5641 270.5513 15.35382253250270

1 52098U 22029L   26262.64098622  .00000029  00000+0  12002-4 0  9993
2 52098  53.1612 286.0792 0001530  59.6788 300.4366 15.34389167250107

1 52100U 22029N   26263.01652292  .00001641  00000+0  59704-4 0  9999
2 52100  53.1588 280.0252 0001237  86.6232 273.4912 15.34393525250228

1 52101U 22029P   26262.69141910  .00001323  00000+0  50319-4 0  9993
2 52101  53.1591 285.8357 0001271  84.8673 275.2475 15.34377095250104

1 52102U 22029Q   26263.01938764 -.00003408  00000+0 -92342-4 0  9992
2 52102  53.1575 272.1314 0001290  96.6959 263.4190 15.33543728250322

1 52103U 22029R   26262.75009268 -.00000151  00000+0  66694-5 0  9994
2 52103  53.1588 272.8732 0001288  89.6544 270.4606 15.34383819250286

1 52105U 22029T   26262.74379000  .00000243  00000+0  18325-4 0  9997
2 52105  53.1593 272.9049 0001310  87.9898 272.1255 15.34388257250285

1 52106U 22029U   26262.67193454 -.00000604  00000+0 -67379-5 0  9994
2 52106  53.1608 281.5435 0001307  71.0727 289.0417 15.34384320250159

1 52107U 22029V   26262.73959380  .00001183  00000+0  46165-4 0  9990
2 52107  53.1578 272.9266 0000933 101.8991 258.2116 15.34374707250287

1 52108U 22029W   26263.04519862  .00001010  00000+0  42048-4 0  9998
2 52108  53.1581 271.9116 0001603  85.7155 274.4030 15.33549398250321

1 52110U 22029Y   26263.04862984  .00000694  00000+0  32439-4 0  9997
2 52110  53.1584 271.9722 0001079  92.5514 267.5612 15.33531355250325

1 52111U 22029Z   26263.05474273 -.00036849  00000+0 -10795-2 0  9991
2 52111  53.1583 271.4564 0001173 117.7715 242.3407 15.34552619250333

1 52112U 22029AA  26262.59887749  .00017583  00000+0  57806-3 0  9993
2 52112  53.1625 253.5434 0001192  72.3097 287.8035 15.31642277250550

1 52113U 22029AB  26262.65553938  .00000574  00000+0  28125-4 0  9996
2 52113  53.1607 273.3187 0001247  84.1179 275.9966 15.34390773250273

1 52114U 22029AC  26263.05692933 -.00014262  00000+0 -41242-3 0  9996
2 52114  53.1659 271.4324 0000089  41.7092 318.3918 15.34353630250336

1 52115U 22029AD  26262.54786366  .00000270  00000+0  19146-4 0  9995
2 52115  53.1602 272.0340 0001573  76.4081 283.7097 15.34387381250289

1 52116U 22029AE  26263.05055668  .00001443  00000+0  53852-4 0  9992
2 52116  53.1588 271.4749 0001155 112.6323 247.4802 15.34384164250330

1 52117U 22029AF  26262.05460595 -.00000390  00000+0 -40369-6 0  9994
2 52117  53.1604 276.1224 0001181  83.8673 276.2464 15.34388051250193

1 52118U 22029AG  26262.52317192 -.00000680  00000+0 -90072-5 0  9998
2 52118  53.1610 273.9488 0001281  89.6529 270.4621 15.34385157250255

1 52119U 22029AH  26262.73697863  .00001382  00000+0  52058-4 0  9997
2 52119  53.1584 271.2329 0001241  88.6877 271.4268 15.34388802250317

1 52120U 22029AJ  26262.66973944 -.00000429  00000+0 -15750-5 0  9990
2 52120  53.1603 271.4054 0001264  96.1623 263.9524 15.34375735250318

1 52121U 22029AK  26262.67606633  .00000188  00000+0  16295-4 0  9994
2 52121  53.1598 271.5715 0001402  83.5192 276.5971 15.35408840250290

1 52122U 22029AL  26262.75308212  .00000869  00000+0  37750-4 0  9991
2 52122  53.1585 273.4059 0000977  79.8069 280.3044 15.33546918250286

1 52123U 22029AM  26262.57762251  .00001508  00000+0  54136-4 0  9997
2 52123  53.1588 273.8677 0001053  76.0803 284.0317 15.35401408250269

1 52125U 22029AP  26263.02816698 -.00001858  00000+0 -45173-4 0  9996
2 52125  53.1597 271.7311 0001388  50.1258 309.9866 15.33552613250338

1 52126U 22029AQ  26262.57594521  .00000403  00000+0  22463-4 0  9994
2 52126  53.1602 273.8074 0001270  81.5219 278.5928 15.35403635250252

1 52127U 22029AR  26262.65178244  .00000446  00000+0  23686-4 0  9999
2 52127  53.1594 271.5778 0001206  77.8137 282.3001 15.35401371250299

1 52129U 22029AT  26263.02510231  .00000784  00000+0  60055-4 0  9995
2 52129  53.1611 274.6464 0001704  66.1696 293.9476 15.13427885250299

1 52131U 22029AV  26262.55764405  .00020694  00000+0  89124-3 0  9998
2 52131  53.2259 264.1334 0004299  72.1544 287.9923 15.22579439250419

1 52132U 22029AW  26263.02691318  .00000005  00000+0  11289-4 0  9996
2 52132  53.1604 269.7020 0001183  87.1914 272.9224 15.34390712250362

1 52133U 22029AX  26262.68021449 -.00000085  00000+0  86173-5 0  9994
2 52133  53.1605 271.2512 0001234  71.7413 288.3724 15.34391517250313

1 52134U 22029AY  26262.74955459 -.00000446  00000+0 -20647-5 0  9995
2 52134  53.1603 270.9333 0001274  87.3436 272.7712 15.34387133250325

1 52136U 22029BA  26263.05279086  .00002137  00000+0  72142-4 0  9990
2 52136  53.1606 270.7537 0001028  82.9655 277.1464 15.35406118250357

1 52137U 22029BB  26262.65133415  .00000815  00000+0  35267-4 0  9999
2 52137  53.1605 273.3331 0001202  79.0730 281.0408 15.34393798250285

1 52138U 22029BC  26263.00059346  .00011877  00000+0  37169-3 0  9992
2 52138  53.1591 271.8828 0001947  34.5639 325.5490 15.33566075250334

1 52139U 22029BD  26263.01484047 -.00000294  00000+0  24457-5 0  9994
2 52139  53.1587 271.6412 0001240  92.9014 267.2131 15.34390905250330

1 52140U 22029BE  26263.00169154  .00001462  00000+0  54385-4 0  9993
2 52140  53.1603 269.8936 0001058  75.9785 284.1336 15.34402694250361

1 52262U 22041B   26262.78923714  .00001890  00000+0  67084-4 0  9991
2 52262  53.1604 310.6964 0001291  87.3827 272.7323 15.34385472243754

1 52263U 22041C   26262.68144401  .00000186  00000+0  16976-4 0  9990
2 52263  53.1610 311.4566 0001387  77.9947 282.1211 15.33549487243739

1 52264U 22041D   26262.82073826  .00001001  00000+0  40763-4 0  9997
2 52264  53.1601 301.1471 0001210  85.6112 274.5029 15.34386184243899

1 52265U 22041E   26262.72883413  .00002305  00000+0  79358-4 0  9998
2 52265  53.1600 303.4361 0001146  57.7797 302.3317 15.34394639243859

1 52266U 22041F   26262.73360952  .00010580  00000+0  62811-3 0  9997
2 52266  53.2139 316.7691 0000690  80.8141 279.2931 15.11844024243671

1 52267U 22041G   26263.16670139  .00003354  00000+0  11034-3 0  9999
2 52267  53.1590 301.5850 0001113  79.6190 122.3516 15.34402391  5914

1 52268U 22041H   26262.73718562 -.00000473  00000+0 -28619-5 0  9995
2 52268  53.1618 302.9876 0001338  83.6721 276.4434 15.34384099243865

1 52269U 22041J   26263.13817198 -.00000043  00000+0  96745-5 0  9993
2 52269  53.1618 309.5631 0000916  52.1987 307.9099 15.35404596243801

1 52270U 22041K   26262.85652097  .00000318  00000+0  20548-4 0  9999
2 52270  53.1610 310.7540 0001050  77.8389 282.2731 15.34386427243762

1 52271U 22041L   26262.65268864  .00000572  00000+0  28086-4 0  9990
2 52271  53.1613 311.5515 0001342  81.7961 278.3194 15.34386157243737

1 52272U 22041M   26262.73797407  .00001394  00000+0  56654-4 0  9995
2 52272  53.1600 304.4710 0001057  70.3868 289.7247 15.31706696243843

1 52273U 22041N   26263.08529051 -.00000031  00000+0  10770-4 0  9990
2 52273  53.1573 293.7260 0001428  77.1842 282.9319 15.31697518244020

1 52274U 22041P   26263.14814589 -.00000924  00000+0 -18029-4 0  9998
2 52274  53.1603 302.8096 0000892  74.8454 285.2646 15.31699002243906

1 52275U 22041Q   26262.64849437 -.00000232  00000+0  42833-5 0  9995
2 52275  53.1625 311.6028 0001257  89.0417 271.0730 15.34384930243739

1 52276U 22041R   26262.84538095 -.00000267  00000+0  31973-5 0  9994
2 52276  53.1594 310.8167 0000888  77.1519 282.9582 15.33550428243765

1 52278U 22041T   26262.41538109 -.00014052  00000+0 -39389-3 0  9990
2 52278  53.1633 312.4437 0002378  97.8007 262.3266 15.35300918243700

1 52280U 22041V   26262.66340847  .00000087  00000+0  14566-4 0  9992
2 52280  53.1617 304.9623 0001205  82.3428 277.7710 15.31703847243834

1 52281U 22041W   26262.84654900 -.00000223  00000+0  45592-5 0  9998
2 52281  53.1611 310.8156 0001204  85.2030 274.9110 15.33546332243767

1 52282U 22041X   26262.79450887  .00000614  00000+0  29996-4 0  9993
2 52282  53.1603 295.1200 0001353  81.3274 278.7881 15.33550438243978

1 52283U 22041Y   26263.15434868  .00000766  00000+0  34617-4 0  9990
2 52283  53.1608 309.2713 0001210  77.2859 282.8278 15.33551753243815

1 52284U 22041Z   26262.74613936  .00003974  00000+0  12882-3 0  9993
2 52284  53.1588 295.6007 0001373  83.9327 276.1832 15.34367642243962

1 52286U 22041AB  26263.06542358  .00000001  00000+0  11181-4 0  9990
2 52286  53.1588 293.4129 0001224  88.1364 271.9779 15.34386646244024

1 52287U 22041AC  26262.76134101 -.00000071  00000+0  94774-5 0  9998
2 52287  53.1595 304.8957 0001060  64.2394 295.8717 15.31698718243844

1 52288U 22041AD  26263.06332447  .00000267  00000+0  19035-4 0  9998
2 52288  53.1589 293.4389 0001366  84.2903 275.8255 15.34388911244027

1 52289U 22041AE  26262.72177365  .00001926  00000+0  73854-4 0  9999
2 52289  53.1601 295.4245 0002274  45.7570 314.3618 15.31695356243962

1 52290U 22041AF  26263.12637110  .00000409  00000+0  23246-4 0  9990
2 52290  53.1595 293.2270 0001257  92.4594 267.6552 15.34387375244033

1 52292U 22041AH  26262.72083223  .00000009  00000+0  11398-4 0  9998
2 52292  53.1608 295.0158 0001124  37.4993 322.6088 15.34393969243974

1 52293U 22041AJ  26262.73344025  .00000442  00000+0  24225-4 0  9994
2 52293  53.1590 294.9749 0001241  87.3877 272.7267 15.34387719243974

1 52294U 22041AK  26262.36968061 -.00001716  00000+0 -40872-4 0  9999
2 52294  53.1603 297.1262 0001236  85.7124 274.4020 15.33535480243915

1 52295U 22041AL  26263.13573252  .00778858  29344-3  14540-2 0  9993
2 52295  53.1562 280.9716 0000846  57.3416 302.7697 16.00462351244208

1 52296U 22041AM  26262.64099154 -.00000767  00000+0 -11569-4 0  9996
2 52296  53.1585 295.3870 0001266  50.5855 309.5259 15.34396249243963

1 52297U 22041AN  26262.70742675 -.00003992  00000+0 -11004-3 0  9993
2 52297  53.1594 295.6007 0001568 135.5181 224.5948 15.33564275243966

1 52298U 22041AP  26262.70191736  .00000039  00000+0  12289-4 0  9994
2 52298  53.1604 295.0985 0001196  79.5185 280.5952 15.34389132243972

1 52300U 22041AR  26263.08643333 -.00000079  00000+0  87924-5 0  9999
2 52300  53.1593 293.3092 0001095  80.4390 279.6736 15.34388707245259

1 52301U 22041AS  26262.70714782 -.00000312  00000+0  18522-5 0  9993
2 52301  53.1601 295.7170 0001234  73.2215 286.8923 15.33548570243963

1 52302U 22041AT  26263.05903270  .00000153  00000+0  16680-4 0  9999
2 52302  53.1587 281.8571 0001187  71.2238 288.8892 15.31702993244189

1 52303U 22041AU  26262.74525053  .00000038  00000+0  12488-4 0  9998
2 52303  53.1587 295.4040 0001170  83.7506 276.3629 15.33544248245191

1 52304U 22041AV  26262.68090127 -.00000995  00000+0 -18333-4 0  9990
2 52304  53.1604 285.8936 0001002  85.0318 275.0799 15.34381001244098

1 52305U 22041AW  26262.80098420 -.00000638  00000+0 -80517-5 0  9997
2 52305  53.1603 295.1070 0001514  69.5361 290.5803 15.33539596243982

1 52306U 22041AX  26263.06952843 -.00000014  00000+0  10714-4 0  9993
2 52306  53.1596 283.3857 0001320  67.3854 292.7288 15.34390686245387

1 52307U 22041AY  26263.08433465  .00000184  00000+0  16582-4 0  9996
2 52307  53.1599 293.3339 0000892  81.0370 279.0734 15.34390806244035

1 52309U 22041BA  26262.32729437  .00000247  00000+0  19726-4 0  9994
2 52309  53.1597 285.2303 0001207  80.8070 279.3068 15.31698203245292

1 52310U 22041BB  26262.70948037 -.00000161  00000+0  65800-5 0  9998
2 52310  53.1599 283.4528 0001288  86.6916 273.4232 15.31694415245353

1 52311U 22041BC  26262.78621214  .00000750  00000+0  34143-4 0  9990
2 52311  53.1592 285.2899 0001106  86.0573 274.0556 15.33545179245338

1 52312U 22041BD  26263.08843845  .00001056  00000+0  42378-4 0  9990
2 52312  53.1598 283.3000 0001165  80.8551 279.2583 15.34395079245397

1 52313U 22041BE  26262.60950507  .00000034  00000+0  12377-4 0  9993
2 52313  53.1621 286.0098 0001301  89.8298 270.2854 15.33549709245315

1 52331U 22045A   26263.16670139  .00000743  00000+0  32221-4 0  9996
2 52331  53.1597  53.3105 0001196  83.1230 132.4276 15.35395748  5737

1 52332U 22045B   26263.04324523  .00013094  00000+0  40833-3 0  9997
2 52332  53.1595  53.5639 0000892  77.0963 283.0138 15.33582611245019

1 52333U 22045C   26262.75299925  .00000494  00000+0  27682-4 0  9990
2 52333  53.1608  43.4175 0001133  77.7310 282.3819 15.31702499245126

1 52334U 22045D   26262.97316132 -.00000277  00000+0  29036-5 0  9991
2 52334  53.1628  53.9939 0000800  82.6752 277.4342 15.33549237244999

1 52335U 22045E   26263.03117447  .00002150  00000+0  72498-4 0  9998
2 52335  53.1618  53.6834 0001245  83.8170 276.2975 15.35407441245016

1 52336U 22045F   26263.07850888  .00002335  00000+0  82324-4 0  9990
2 52336  53.1621  40.0110 0001059 101.9502 258.1619 15.33543082245218

1 52337U 22045G   26263.00003471 -.00002389  00000+0 -57615-4 0  9998
2 52337  53.1596  53.8385 0000773  84.9967  38.4906 15.35403893  5616

1 52339U 22045J   26263.16670139  .00006376  00000+0  19357-3 0  9996
2 52339  53.1613  53.0605 0001019  76.7957  23.2966 15.35394160  5835

1 52340U 22045K   26263.09608220  .00000676  00000+0  31154-4 0  9999
2 52340  53.1612  31.2789 0000991  83.6967 276.4149 15.34389265245327

1 52341U 22045L   26263.16670139  .00005985  00000+0  18236-3 0  9999
2 52341  53.1611  53.0569 0000931  85.2026 354.8356 15.35398246  5834

1 52342U 22045M   26262.93960453  .00000863  00000+0  36688-4 0  9997
2 52342  53.1605  38.1246 0001160  88.1559 271.9577 15.34389188245229

1 52343U 22045N   26263.16670139  .00001531  00000+0  54800-4 0  9992
2 52343  53.1597  53.1131 0001078  79.9266 156.3846 15.35389184  5834

1 52344U 22045P   26263.07408198 -.00000838  00000+0 -13682-4 0  9991
2 52344  53.1607  37.6074 0000873  86.7190 273.3912 15.34384947245240

1 52345U 22045Q   26262.98453679 -.00000671  00000+0 -98504-5 0  9997
2 52345  53.1606  36.1807 0000924  86.4594 273.6513 15.31699085245249

1 52346U 22045R   26263.09639631  .00000211  00000+0  18570-4 0  9997
2 52346  53.1615  35.6576 0001150  86.4467 273.6666 15.31699488245277

1 52347U 22045S   26263.01055108  .00000083  00000+0  13872-4 0  9998
2 52347  53.1616  32.2010 0001234  78.9068 281.2073 15.33543808245319

1 52348U 22045T   26263.01893922  .00004703  00000+0  14552-3 0  9991
2 52348  53.1631  33.1595 0000853  89.0126 271.0975 15.35426412245309

1 52349U 22045U   26262.96724546 -.00002303  00000+0 -55131-4 0  9995
2 52349  53.1611  32.0121 0001191 120.0883 240.0238 15.35407828245312

1 52350U 22045V   26263.00575762  .00000740  00000+0  33075-4 0  9991
2 52350  53.1614  31.7077 0001561  81.5638 278.5542 15.34378550245326

1 52352U 22045X   26262.74212934  .00000477  00000+0  25243-4 0  9997
2 52352  53.1612  39.3372 0001067  84.3637 275.7487 15.34392927245195

1 52353U 22045Y   26262.72318408  .00000375  00000+0  22728-4 0  9991
2 52353  53.1614  33.5307 0001196  76.5765 283.5370 15.33553571245270

1 52355U 22045AA  26262.75050457  .00005908  00000+0  18568-3 0  9996
2 52355  53.1602  39.3495 0001083  86.7060 273.4067 15.34430842245195

1 52356U 22045AB  26262.92145541  .00030658  00000+0  90793-3 0  9995
2 52356  53.1596  32.1134 0002669 133.2598 226.8627 15.34636655245312

1 52357U 22045AC  26263.06668161 -.00000525  00000+0 -44045-5 0  9993
2 52357  53.1617  31.5325 0000845  76.9751 283.1346 15.34394827245338

1 52358U 22045AD  26263.07196345  .00001854  00000+0  66026-4 0  9991
2 52358  53.1583  37.3746 0001103  74.3551 285.7573 15.34388136245257

1 52359U 22045AE  26263.00317698 -.00000973  00000+0 -19586-4 0  9993
2 52359  53.1618  36.1055 0001695  48.5156 311.5991 15.31693416245267

1 52361U 22045AG  26262.98672154  .00001576  00000+0  56066-4 0  9995
2 52361  53.1608  31.8583 0001092  81.7129 278.3998 15.35399524245328

1 52362U 22045AH  26263.03220316  .00000336  00000+0  22579-4 0  9997
2 52362  53.1608  21.6310 0001115  83.9661 276.1467 15.31704205245469

1 52363U 22045AJ  26262.97219637  .00000044  00000+0  12438-4 0  9993
2 52363  53.1603  32.5125 0001047  87.7248 272.3874 15.34388472245318

1 52364U 22045AK  26263.15215740  .00000633  00000+0  30577-4 0  9994
2 52364  53.1613  27.3411 0001412  69.5929 290.5225 15.33551607245391

1 52365U 22045AL  26263.00463770  .00006076  00000+0  19104-3 0  9996
2 52365  53.1605  27.6929 0001020  74.1929 285.9186 15.34361188245373

1 52366U 22045AM  26263.05085649  .00002697  00000+0  90905-4 0  9991
2 52366  53.1611  27.4703 0000838  97.4320 262.6778 15.34401175245389

1 52367U 22045AN  26262.95438270  .00000965  00000+0  40673-4 0  9995
2 52367  53.1613  28.2094 0001201  80.2601 279.8537 15.33551479245364

1 52368U 22045AP  26262.97521102  .00000123  00000+0  14775-4 0  9995
2 52368  53.1593  27.8270 0001050  72.5557 287.5560 15.34393630245365

1 52369U 22045AQ  26263.05928637  .00008402  00000+0  25953-3 0  9997
2 52369  53.1595  27.4791 0001155  74.2250 285.8879 15.34397509245382

1 52370U 22045AR  26263.07169360  .00003459  00000+0  11651-3 0  9998
2 52370  53.1623  27.6403 0001085  88.4536 271.6590 15.33534302245380

1 52371U 22045AS  26262.96760514  .00000249  00000+0  19786-4 0  9996
2 52371  53.1626  24.2415 0001135  77.6894 282.4234 15.31703000245413

1 52372U 22045AT  26262.91747191  .00000355  00000+0  21649-4 0  9997
2 52372  53.1610  22.5996 0001102  89.1039 271.0089 15.34385946245437

1 52373U 22045AU  26262.96102231  .00003460  00000+0  11353-3 0  9993
2 52373  53.1634  20.1704 0001006  75.3538 284.7576 15.34385745245483

1 52374U 22045AV  26262.93842483 -.00002271  00000+0 -56112-4 0  9995
2 52374  53.1597  22.0990 0000982  78.5740 281.5372 15.34399253245457

1 52375U 22045AW  26263.04143207  .00000280  00000+0  19424-4 0  9998
2 52375  53.1609  21.9921 0000890 111.0749 249.0348 15.34393860245465

1 52377U 22045AY  26263.15381580 -.00000659  00000+0 -83679-5 0  9996
2 52377  53.1598  26.9910 0000925  77.5481 282.5625 15.34393099245391

1 52378U 22045AZ  26263.08027205  .00003542  00000+0  11600-3 0  9995
2 52378  53.1614  27.3355 0001076  84.8704 275.2421 15.34379372245397

1 52379U 22045BA  26262.99474512  .00035249  00000+0  10684-2 0  9991
2 52379  53.1603  25.3854 0002950 337.7197  22.3677 15.33832326245415

1 52380U 22045BB  26262.95936529 -.00002728  00000+0 -69716-4 0  9990
2 52380  53.1617  11.8945 0000871  91.4160 268.6942 15.34362957245595

1 52382U 22045BD  26263.16670139  .00184117  00000+0  26342-2 0  9995
2 52382  53.2114   6.1763 0001950  60.7626 243.2978 15.55088548  5901

1 52383U 22045BE  26262.90518520 -.00001903  00000+0 -46528-4 0  9995
2 52383  53.1598  12.6211 0001088  89.7748 270.3379 15.33554033245584

1 52452U 22049B   26263.16670139  .00702630  00000+0  20092-1 0  9998
2 52452  53.1684 272.6041 0001490  85.2143  21.1893 15.33354978  5799

1 52453U 22049C   26262.65512879  .00000838  00000+0  34933-4 0  9991
2 52453  53.1610 273.5141 0001220  87.9649 272.1494 15.35405167241450

1 52454U 22049D   26263.04549330  .00000573  00000+0  27321-4 0  9997
2 52454  53.1596 271.6435 0001288  75.1047 285.0098 15.35404476241516

1 52455U 22049E   26263.03355860  .00000550  00000+0  26676-4 0  9997
2 52455  53.1601 271.6370 0001169  75.8700 284.2432 15.35402037241517

1 52456U 22049F   26262.49214898 -.00000325  00000+0  12893-5 0  9990
2 52456  53.1608 272.5894 0001380  82.7497 277.3661 15.31698835241450

1 52457U 22049G   26263.16670139 -.00029050  00000+0 -82460-3 0  9992
2 52457  53.1606 271.6471 0001322  90.0292   4.0305 15.35417873  5814

1 52458U 22049H   26263.16670139 -.00025057  00000+0 -73241-3 0  9993
2 52458  53.1605 271.0212 0001379  81.2835 351.5332 15.34421265  5761

1 52459U 22049J   26263.01673296  .00000247  00000+0  18852-4 0  9995
2 52459  53.1593 256.1985 0001154  83.8300 276.2834 15.33548480241721

1 52461U 22049L   26262.69491538  .00002104  00000+0  75330-4 0  9996
2 52461  53.1581 247.7758 0001361  96.0639 264.0518 15.33530034241816

1 52462U 22049M   26262.98462610  .00001022  00000+0  40199-4 0  9991
2 52462  53.1596 256.0766 0001313  83.6814 276.4339 15.35399755241722

1 52463U 22049N   26262.68962675  .00000496  00000+0  25132-4 0  9999
2 52463  53.1607 247.7826 0001309  92.0797 268.0356 15.35395799241819

1 52464U 22049P   26263.10925729  .00000548  00000+0  26626-4 0  9994
2 52464  53.1597 255.3939 0001296  84.0732 276.0419 15.35401867241748

1 52465U 22049Q   26262.90122531 -.00001157  00000+0 -22259-4 0  9999
2 52465  53.1596 246.9975 0001288  85.4954 274.6197 15.35414818241844

1 52467U 22049S   26262.70061712  .00004545  00000+0  14570-3 0  9990
2 52467  53.1586 257.1879 0001467  98.0028 262.1141 15.34367867241686

1 52468U 22049T   26262.48216379  .00000290  00000+0  19723-4 0  9996
2 52468  53.1603 258.8265 0001327  76.9523 283.1627 15.34390766241646

1 52469U 22049U   26262.72720016  .00000378  00000+0  22817-4 0  9997
2 52469  53.1593 257.4422 0001165  92.7018 267.4118 15.33549794241680

1 52470U 22049V   26262.60604332  .00000022  00000+0  11778-4 0  9998
2 52470  53.1602 257.5498 0001319  86.2445 273.8708 15.34392059241676

1 52471U 22049W   26263.00038419  .00000711  00000+0  34681-4 0  9994
2 52471  53.1572 252.1310 0001154  70.0560 290.0565 15.31707777241781

1 52472U 22049X   26262.97464039  .00000645  00000+0  30934-4 0  9994
2 52472  53.1587 256.3314 0001262  91.0884 269.0263 15.33542236241724

1 52473U 22049Y   26262.60356783 -.00001853  00000+0 -45033-4 0  9991
2 52473  53.1605 258.2047 0001238  70.3964 289.7171 15.33544830241664

1 52475U 22049AA  26262.60394367  .00000353  00000+0  21581-4 0  9997
2 52475  53.1601 257.5618 0001354  66.0183 294.0961 15.34389188241673

1 52476U 22049AB  26263.21570881 -.00001505  00000+0 -32280-4 0  9993
2 52476  53.1594 245.5208 0001016  94.4058 265.7061 15.35381307243133

1 52477U 22049AC  26262.69001343  .00000497  00000+0  25856-4 0  9995
2 52477  53.1603 247.1543 0001249  95.0476 265.0669 15.34387269243065

1 52478U 22049AD  26263.13368499  .00004828  00000+0  14920-3 0  9995
2 52478  53.1597 255.9698 0001321  81.1386 278.9766 15.35403508242980

1 52479U 22049AE  26262.56229310  .00000006  00000+0  11957-4 0  9992
2 52479  53.1605 254.2490 0001158  87.5503 272.5631 15.31697565242954

1 52480U 22049AF  26262.59554195  .00000020  00000+0  11715-4 0  9997
2 52480  53.1597 257.6419 0001173  81.0972 279.0163 15.34390398241677

1 52482U 22049AH  26262.51525023  .00001631  00000+0  60903-4 0  9991
2 52482  53.1599 248.4327 0001259  85.0876 275.0270 15.33560587241795

1 52483U 22049AJ  26262.94024698 -.00066220  00000+0 -19417-2 0  9990
2 52483  53.1600 245.9899 0001644 104.6629 255.4556 15.34788534243108

1 52484U 22049AK  26262.53840852  .00000279  00000+0  18919-4 0  9992
2 52484  53.1591 258.0335 0001294  96.9207 263.1943 15.35401837241668

1 52485U 22049AL  26262.57909877  .00000931  00000+0  39638-4 0  9996
2 52485  53.1597 248.0810 0001293  86.1209 273.9941 15.33551913241806

1 52486U 22049AM  26262.71110496  .00000395  00000+0  22845-4 0  9990
2 52486  53.1590 257.0603 0001339  88.9699 271.1457 15.34384891241693

1 52487U 22049AN  26262.67320492  .00000681  00000+0  31290-4 0  9997
2 52487  53.1596 247.2335 0001268  89.4058 270.7090 15.34387965243065

1 52488U 22049AP  26263.00746799  .00000695  00000+0  32449-4 0  9990
2 52488  53.1590 256.1044 0001267  87.2937 272.8210 15.33550154241737

1 52489U 22049AQ  26263.01495453  .00000385  00000+0  23035-4 0  9997
2 52489  53.1557 256.0679 0001231  83.5779 276.5363 15.33548485241732

1 52490U 22049AR  26262.46905760  .00000869  00000+0  39769-4 0  9992
2 52490  53.1593 254.5821 0001309  72.8664 287.2481 15.31706057241702

1 52491U 22049AS  26263.00561786  .01230347  00000+0  35208-1 0  9998
2 52491  53.1526 252.1611 0003791 134.6840 225.4471 15.32747893241785

1 52492U 22049AT  26262.58495912  .00000561  00000+0  27750-4 0  9996
2 52492  53.1593 247.6482 0001644  65.6418 294.4756 15.34391178241813

1 52493U 22049AU  26262.97901351  .00000513  00000+0  25624-4 0  9994
2 52493  53.1607 246.4251 0001421  87.1007 273.0158 15.35398591241868

1 52494U 22049AV  26262.92855203  .00000791  00000+0  34549-4 0  9998
2 52494  53.1584 240.7352 0001433  84.8304 275.2862 15.34384014241948

1 52496U 22049AX  26262.58387082  .00000448  00000+0  24410-4 0  9992
2 52496  53.1617 241.6775 0001282  91.7081 268.4068 15.34388951241897

1 52497U 22049AY  26262.84140942  .00020810  00000+0  62724-3 0  9998
2 52497  53.1609 247.1512 0001509  80.9533 279.1641 15.34303478241845

1 52498U 22049AZ  26262.93055995  .00001367  00000+0  51600-4 0  9990
2 52498  53.1596 240.0540 0001206  87.4213 272.6928 15.34387157241948

1 52500U 22049BB  26262.63321537  .00015892  00000+0  84206-3 0  9994
2 52500  53.1596 246.0106 0003575  60.2678 299.8672 15.15560726241830

1 52501U 22049BC  26263.16670139 -.00021367  00000+0 -62300-3 0  9996
2 52501  53.1599 245.6306 0001386  88.4732 304.4655 15.34400443  5867

1 52502U 22049BD  26262.59755372 -.00002944  00000+0 -73558-4 0  9994
2 52502  53.1591 241.6372 0001086 104.8712 255.2411 15.35389005241896

1 52503U 22049BE  26262.56263204  .00001158  00000+0  44097-4 0  9990
2 52503  53.1598 239.9926 0001225  94.8151 265.2992 15.35407936241911

1 52535U 22051C   26263.18690653  .00000277  00000+0  19760-4 0  9999
2 52535  53.1601 323.3735 0001071  76.6371 283.4750 15.33552167240972

1 52536U 22051D   26263.19957231  .00000475  00000+0  25192-4 0  9995
2 52536  53.1600 322.7822 0001116  87.7697 272.3434 15.34391323240989

1 52537U 22051E   26263.19545368  .00000919  00000+0  38329-4 0  9999
2 52537  53.1601 323.4970 0001356  91.7864 268.3294 15.34392459240979

1 52538U 22051F   26262.95741801 -.00000234  00000+0  41959-5 0  9998
2 52538  53.1607 320.0121 0001199  86.1749 273.9390 15.34388020241005

1 52539U 22051G   26262.78621242  .00001359  00000+0  52641-4 0  9993
2 52539  53.1605 325.2536 0001210  88.1324 271.9817 15.33548053240910

1 52540U 22051H   26262.78572714  .00000254  00000+0  18667-4 0  9997
2 52540  53.1605 325.4016 0001163  71.4648 288.6481 15.34389063240915

1 52541U 22051J   26262.92134657  .00000055  00000+0  12479-4 0  9998
2 52541  53.1598 328.7615 0001235  81.8758 278.2385 15.35401513240874

1 52542U 22051K   26262.89440649  .00003286  00000+0  10842-3 0  9996
2 52542  53.1603 320.4859 0001255  93.1248 266.9898 15.34376804240992

1 52543U 22051L   26263.18494669  .00000087  00000+0  13699-4 0  9991
2 52543  53.1623 323.5513 0001061  79.3576 280.7546 15.34394596240971

1 52544U 22051M   26263.19818779  .00000243  00000+0  19591-4 0  9996
2 52544  53.1610 335.4510 0001160  84.1074 276.0060 15.31704154240807

1 52546U 22051P   26262.76624968  .00001934  00000+0  68383-4 0  9996
2 52546  53.1605 321.1827 0001422 109.9199 250.1957 15.34385173240976

1 52548U 22051R   26262.79735778  .00002554  00000+0  88992-4 0  9990
2 52548  53.1601 325.0534 0001165  83.0432 277.0702 15.33538422240925

1 52549U 22051S   26262.82102084  .00000829  00000+0  34662-4 0  9991
2 52549  53.1596 324.9936 0001276  86.7690 273.3460 15.35398948240921

1 52550U 22051T   26262.76883060 -.00002108  00000+0 -51283-4 0  9998
2 52550  53.1615 324.7936 0000974  85.4249 274.6865 15.34388203240928

1 52551U 22051U   26262.81975579 -.00001377  00000+0 -30562-4 0  9996
2 52551  53.1601 325.0241 0001044 150.8948 209.2113 15.33532023240929

1 52552U 22051V   26263.18588676  .00001625  00000+0  64089-4 0  9991
2 52552  53.1607 323.2530 0000935  59.2507 300.8586 15.31708672240989

1 52554U 22051X   26262.71343942 -.00000372  00000+0 -22440-6 0  9993
2 52554  53.1613 337.4336 0001070  83.5396 276.5727 15.31705375240732

1 52557U 22051AA  26262.88448448  .00000898  00000+0  37706-4 0  9991
2 52557  53.1603 324.9533 0000982  74.8644 285.2467 15.34389624240932

1 52559U 22051AC  26262.80315990 -.00000460  00000+0 -22647-5 0  9996
2 52559  53.1625 320.8245 0001662  79.2966 280.8224 15.35385465240971

1 52560U 22051AD  26263.17529212  .00001656  00000+0  58357-4 0  9995
2 52560  53.1598 319.5614 0001360  70.2403 289.8746 15.35410405241027

1 52561U 22051AE  26262.71112059  .00002843  00000+0  95274-4 0  9990
2 52561  53.1615 329.1133 0001076  53.4656 306.6446 15.34386103240859

1 52562U 22051AF  26262.60438249  .00000517  00000+0  26450-4 0  9997
2 52562  53.1621 311.9455 0001426  79.4447 280.6716 15.34385574241086

1 52563U 22051AG  26262.81728714  .00001018  00000+0  40067-4 0  9997
2 52563  53.1606 329.0245 0001065  95.8721 264.2404 15.35404037240867

1 52564U 22051AH  26262.83006576  .00000196  00000+0  18086-4 0  9997
2 52564  53.1614 337.6014 0001384  77.9258 282.1898 15.31692129240746

1 52565U 22051AJ  26262.76931444  .00000156  00000+0  16062-4 0  9999
2 52565  53.1601 321.3389 0001035  87.3158 272.7963 15.33558970240964

1 52566U 22051AK  26262.18495161 -.00000174  00000+0  59137-5 0  9999
2 52566  53.1611 332.4976 0001194  80.2614 279.8524 15.35398458240760

1 52567U 22051AL  26262.86072368  .00001359  00000+0  51365-4 0  9994
2 52567  53.1599 310.7421 0001248  84.9346 275.1799 15.34386736241122

1 52568U 22051AM  26262.79770731  .00000693  00000+0  31675-4 0  9998
2 52568  53.1609 311.1711 0001265  79.7659 280.3486 15.34381889241114

1 52569U 22051AN  26262.76354474  .00001553  00000+0  61787-4 0  9991
2 52569  53.1604 313.7105 0001160  70.8722 289.2405 15.31706587241079

1 52574U 22051AQ  26263.13751749  .00025040  00000+0  26248-3 0  9994
2 52574  53.1589 303.9634 0001995  63.8084 296.3137 15.64269150241240

1 52576U 22051AS  26263.15072569  .00000264  00000+0  18968-4 0  9996
2 52576  53.1596 319.0920 0001568  91.7394 268.3788 15.34385846241032

1 52577U 22051AT  26263.20433316  .00000303  00000+0  20095-4 0  9992
2 52577  53.1589 324.7483 0001147  79.0251 281.0881 15.34390345240963

1 52578U 22051AU  26263.19810284 -.00000006  00000+0  10975-4 0  9991
2 52578  53.1619 325.3762 0001332  87.1840 272.9315 15.34391488240954

1 52580U 22051AW  26263.19350602  .00000322  00000+0  22146-4 0  9990
2 52580  53.1610 335.2572 0001096  88.2660 271.8467 15.31695026240819

1 52581U 22051AX  26262.88597801 -.00058076  00000+0 -17052-2 0  9999
2 52581  53.1605 320.3318 0001227 101.9430 258.1710 15.34688080240994

1 52583U 22051AZ  26263.18952668 -.00000838  00000+0 -13133-4 0  9992
2 52583  53.1618 318.0156 0001113  87.0408 273.0722 15.35392678241050

1 52584U 22051BA  26262.88843440 -.00000054  00000+0  93531-5 0  9996
2 52584  53.1608 320.3088 0001195  94.2053 265.9086 15.35392877240992

1 52585U 22051BB  26263.20657472 -.00000713  00000+0 -26738-4 0  9999
2 52585  53.1654 325.2029 0000539  71.8228 288.2823 15.08830934240953

1 52586U 22051BC  26262.64197204  .00000872  00000+0  35891-4 0  9993
2 52586  53.1613 321.7312 0001126  74.9696 285.1432 15.35407196240953

1 52587U 22051BD  26263.14098595  .00002779  00000+0  10133-3 0  9992
2 52587  53.1607 311.5278 0001507  75.1467 284.9702 15.31686735241140

1 52588U 22051BE  26263.18750455  .00000517  00000+0  25738-4 0  9993
2 52588  53.1615 319.5622 0001181  66.9668 293.1460 15.35402254241037

1 52598U 22052A   26263.17380500  .00000345  00000+0  20786-4 0  9991
2 52598  53.1589 117.7518 0001248  86.6166 273.4979 15.35397018241123

1 52599U 22052B   26262.90951573  .00000193  00000+0  17977-4 0  9995
2 52599  53.1588 112.0932 0001257  89.7614 270.3531 15.31695776241187

1 52600U 22052C   26263.12490333  .00000370  00000+0  23691-4 0  9992
2 52600  53.1593 113.5329 0001328  87.7328 272.3826 15.31701701241186

1 52601U 22052D   26263.15724832  .00002417  00000+0  80132-4 0  9997
2 52601  53.1613 117.1529 0001308  70.3063 289.8081 15.35415967241135

1 52602U 22052E   26263.15484343 -.00001763  00000+0 -39639-4 0  9999
2 52602  53.1601 117.1789 0000851 108.7136 251.3959 15.35402499241134

1 52603U 22052F   26263.16612128 -.00000023  00000+0  11029-4 0  9995
2 52603  53.1584 110.3939 0001245  80.1448 279.9694 15.31704860241230

1 52604U 22052G   26263.13569596  .00000057  00000+0  12533-4 0  9990
2 52604  53.1614 117.1364 0001189  90.8051 269.3088 15.35399358240333

1 52605U 22052H   26263.15764823 -.00001162  00000+0 -23264-4 0  9996
2 52605  53.1610 116.9924 0001447  84.2479 275.8688 15.34381144240338

1 52606U 22052J   26263.18644389 -.00000617  00000+0 -14874-4 0  9995
2 52606  53.1610 121.7167 0001440  81.3271 278.7887 15.17583444240277

1 52607U 22052K   26262.98190176 -.00000070  00000+0  95123-5 0  9992
2 52607  53.1593 120.2180 0001324  82.9794 277.1358 15.31700618240260

1 52608U 22052L   26263.16670139 -.00008265  00000+0 -23376-3 0  9990
2 52608  53.1595 117.6216 0001339  84.2325 186.1126 15.34398263  5908

1 52609U 22052M   26263.17865509  .00000396  00000+0  22864-4 0  9996
2 52609  53.1603 116.8822 0001427  82.8701 277.2463 15.34387011240347

1 52610U 22052N   26263.17280450 -.00000871  00000+0 -14064-4 0  9997
2 52610  53.1590 117.8233 0001184  93.7519 266.3619 15.35383894240314

1 52611U 22052P   26263.12393125 -.00000211  00000+0  48765-5 0  9990
2 52611  53.1593 118.3083 0001437  79.1173 280.9992 15.35392509240311

1 52612U 22052Q   26263.18075698  .00000191  00000+0  16806-4 0  9995
2 52612  53.1598 116.8726 0001234  77.7353 282.3788 15.34384246240343

1 52614U 22052S   26263.04980512  .00067917  00000+0  84648-3 0  9999
2 52614  53.2074  15.5948 0001382 226.7976 133.2923 15.59306075241760

1 52615U 22052T   26263.14742775  .00000703  00000+0  31057-4 0  9995
2 52615  53.1584 117.7890 0000980  96.7703 263.3412 15.35401325240319

1 52617U 22052V   26263.02676385  .00035628  00000+0  22261-2 0  9996
2 52617  53.1607 116.0489 0002641  98.9157 261.2134 15.09153477240328

1 52618U 22052W   26263.08871434 -.00000350  00000+0  86679-6 0  9997
2 52618  53.1574 104.4628 0001201 107.9250 252.1884 15.35398478240494

1 52619U 22052X   26263.07456104  .00000986  00000+0  40327-4 0  9992
2 52619  53.1608 101.6300 0000995 102.5550 257.5564 15.34386194240532

1 52620U 22052Y   26263.16670139 -.00001205  00000+0 -23651-4 0  9998
2 52620  53.1607 117.6049 0001034  78.6630  98.6385 15.35407089  5865

1 52621U 22052Z   26262.95801733  .00000077  00000+0  13125-4 0  9990
2 52621  53.1592 105.2327 0001026 102.7037 257.4081 15.35397076240472

1 52622U 22052AA  26263.19585851 -.00002418  00000+0 -58411-4 0  9998
2 52622  53.1589 117.8076 0001212  78.4301 281.6838 15.35405602240327

1 52623U 22052AB  26263.10358667 -.00000213  00000+0  47929-5 0  9996
2 52623  53.1590 104.0449 0001104  86.5712 273.5417 15.35402770240504

1 52625U 22052AD  26263.09623624  .00000538  00000+0  26343-4 0  9999
2 52625  53.1587 104.0359 0001111  85.1024 275.0106 15.35397980240509

1 52626U 22052AE  26263.10869878  .00001433  00000+0  53563-4 0  9994
2 52626  53.1602 103.2936 0000919  85.7905 274.3203 15.34388365240516

1 52627U 22052AF  26263.19948152 -.00001073  00000+0 -19835-4 0  9993
2 52627  53.1587 104.0805 0001326  75.7842 284.3308 15.35410249240521

1 52628U 22052AG  26263.18042205  .00001428  00000+0  51840-4 0  9991
2 52628  53.1589 117.7531 0001229  91.1206 268.9938 15.35390780240321

1 52629U 22052AH  26263.18834378  .00085356  00000+0  52181-2 0  9991
2 52629  53.1603 115.2749 0001494  70.6371 289.4782 15.09524450240354

1 52630U 22052AJ  26263.00077516  .00000339  00000+0  22695-4 0  9994
2 52630  53.1582 102.1028 0001292  90.5301 269.5849 15.31698318240529

1 52631U 22052AK  26263.14184715  .00000126  00000+0  14881-4 0  9992
2 52631  53.1601 101.7020 0001149  98.3727 261.7406 15.34386270240558

1 52632U 22052AL  26263.13389444  .00000267  00000+0  34857-4 0  9999
2 52632  53.1588 115.5668 0001419  90.8991 269.2163 15.08833664240350

1 52633U 22052AM  26263.11177910  .00001970  00000+0  14178-3 0  9996
2 52633  53.1586 115.6641 0001655  84.4198 275.6983 15.08862763240354

1 52634U 22052AN  26263.19432872  .00001232  00000+0  46225-4 0  9996
2 52634  53.1593 104.1195 0001171  84.7481 275.3656 15.35403476240515

1 52635U 22052AP  26263.07782416 -.00001101  00000+0 -23718-4 0  9995
2 52635  53.1594  93.0297 0001316  79.1762 280.9388 15.31712643240662

1 52636U 22052AQ  26263.16194323  .00000341  00000+0  20669-4 0  9995
2 52636  53.1596 104.6751 0001221  85.3650 274.7493 15.35400555240500

1 52637U 22052AR  26263.13374443  .00001116  00000+0  47720-4 0  9994
2 52637  53.1600  92.7092 0001240  81.1047 279.0095 15.31702377241473

1 52638U 22052AS  26263.14387740 -.00000517  00000+0 -41773-5 0  9999
2 52638  53.1604 101.0976 0001412  78.9474 281.1688 15.34380796241362

1 52639U 22052AT  26263.09188916  .00000992  00000+0  40503-4 0  9992
2 52639  53.1592  93.9616 0001140  86.8131 273.3002 15.34391218241459

1 52640U 22052AU  26262.91685235  .00000321  00000+0  20115-4 0  9993
2 52640  53.1584  94.8328 0001128  98.6637 261.4493 15.35394527240616

1 52641U 22052AV  26262.91468235  .00000116  00000+0  15517-4 0  9995
2 52641  53.1593  93.6312 0001122  95.5115 264.6014 15.31698229240647

1 52642U 22052AW  26263.13430918  .00000173  00000+0  15876-4 0  9999
2 52642  53.1592  93.4393 0001148  86.9845 273.1289 15.35398370240654

1 52643U 22052AX  26263.17103102  .00000488  00000+0  27485-4 0  9994
2 52643  53.1591  92.5063 0001172  91.8436 268.2699 15.31701005240677

1 52644U 22052AY  26263.18923359  .00000624  00000+0  28810-4 0  9995
2 52644  53.1598  93.8176 0001310  86.0423 274.0730 15.35395639240655

1 52645U 22052AZ  26262.23885752  .00000643  00000+0  32480-4 0  9994
2 52645  53.1594  96.6756 0001166  90.8105 269.3030 15.31704741240537

1 52646U 22052BA  26263.18888041  .00000586  00000+0  29143-4 0  9992
2 52646  53.1591  93.2334 0001221  93.1008 267.0134 15.33547051240676

1 52648U 22052BC  26263.06952885 -.00000396  00000+0 -71229-6 0  9994
2 52648  53.1589  93.9469 0001299  80.4634 279.6515 15.33556305240641

1 52649U 22052BD  26263.14770845  .00001662  00000+0  65301-4 0  9995
2 52649  53.1592  92.4513 0001162  89.1164 270.9971 15.31711642240682

1 52650U 22052BE  26262.94308713 -.00000114  00000+0  77730-5 0  9997
2 52650  53.1615  86.0015 0001092 101.4850 258.6275 15.34383292240755

1 52656U 22053A   26263.21568355  .00000567  00000+0  27158-4 0  9994
2 52656  53.1608 348.7442 0001274  77.6446 282.4699 15.35395689240649

1 52657U 22053B   26262.80962711  .00000655  00000+0  32864-4 0  9991
2 52657  53.1614 348.9983 0001373  69.7916 290.3233 15.31697667240901

1 52658U 22053C   26262.64583717 -.00000398  00000+0 -69034-5 0  9995
2 52658  53.1623   2.7612 0001220  87.4030 272.7101 15.08833721240513

1 52659U 22053D   26262.26938051  .00000295  00000+0  20307-4 0  9992
2 52659  53.1607 353.4526 0001113  72.0319 288.0804 15.33550351240600

1 52660U 22053E   26262.53928631  .00000503  00000+0  27963-4 0  9994
2 52660  53.1616 350.2784 0001263  89.6170 270.4976 15.31704753240563

1 52662U 22053G   26262.93607705 -.00002711  00000+0 -66830-4 0  9997
2 52662  53.1610 358.4170 0001151 111.6769 248.4357 15.35399319240418

1 52663U 22053H   26263.00145157 -.00001294  00000+0 -26198-4 0  9993
2 52663  53.1606 358.1577 0001104  75.4034 284.7092 15.35398753240423

1 52664U 22053J   26262.89607470  .00000085  00000+0  23430-4 0  9992
2 52664  53.1628   1.6335 0001069  94.4013 265.7101 15.08833341240368

1 52665U 22053K   26262.94391278  .00000525  00000+0  51094-4 0  9991
2 52665  53.1620   1.4195 0000942  84.9212 275.1887 15.08839222240378

1 52666U 22053L   26262.98065791  .00003941  00000+0  26557-3 0  9994
2 52666  53.1616   0.8706 0001092  88.9911 271.1205 15.08837378240383

1 52667U 22053M   26262.94023326  .00000445  00000+0  46039-4 0  9993
2 52667  53.1619   1.4389 0001025  84.6829 275.4280 15.08837569240379

1 52668U 22053N   26262.90748008 -.00001340  00000+0 -31424-4 0  9990
2 52668  53.1618 348.5479 0001436 113.5324 246.5828 15.31704636240553

1 52669U 22053P   26262.72808400  .00001719  00000+0  62017-4 0  9994
2 52669  53.1608 351.1487 0000603  67.4336 292.6730 15.34387121240493

1 52670U 22053Q   26262.81878573  .00004020  00000+0  27045-3 0  9993
2 52670  53.1621   2.0481 0001584  63.1287 296.9866 15.08844970240356

1 52671U 22053R   26262.99177264  .00002671  00000+0  18596-3 0  9993
2 52671  53.1613   1.2069 0001301  93.8953 266.2188 15.08812845240373

1 52672U 22053S   26262.80407479  .00000297  00000+0  36766-4 0  9990
2 52672  53.1618   2.0514 0001171  82.4766 277.6359 15.08836530240344

1 52673U 22053T   26262.77422620  .00000339  00000+0  20620-4 0  9991
2 52673  53.1618 351.5503 0001280  76.4781 283.6365 15.35403625240491

1 52674U 22053U   26263.16670139  .00070566  00000+0  24269-2 0  9996
2 52674  53.1597 326.8269 0000865 102.4067 240.0645 15.29459593  5683

1 52675U 22053V   26261.23747716 -.00000812  00000+0 -14419-4 0  9996
2 52675  53.1592 350.4593 0000942  68.1033 292.0069 15.31698062240361

1 52676U 22053W   26262.78163185  .00000375  00000+0  21653-4 0  9990
2 52676  53.1612 351.5529 0001074  84.7605 275.3521 15.35402062240490

1 52678U 22053Y   26262.94403485  .00000576  00000+0  30327-4 0  9991
2 52678  53.1612 345.4129 0001062  81.6593 278.4528 15.31698642240587

1 52679U 22053Z   26263.16670139  .00080334  00000+0  28031-2 0  9996
2 52679  53.1590 348.7482 0001046  70.9625  94.5898 15.28924826  5847

1 52680U 22053AA  26263.16670139  .00083173  00000+0  30868-2 0  9993
2 52680  53.1590 348.7075 0002053 104.7889   3.6074 15.26880371  5845

1 52681U 22053AB  26262.52922992 -.00000085  00000+0  90218-5 0  9990
2 52681  53.1629 347.3376 0001292  72.2882 287.8260 15.31701294240480

1 52682U 22053AC  26263.16670139  .00080159  00000+0  31978-2 0  9999
2 52682  53.1612 349.2120 0000499 104.2411 144.4978 15.24494686  5831

1 52684U 22053AE  26263.16670139  .00090760  00000+0  34169-2 0  9995
2 52684  53.1606 349.0868 0000797  64.9896 267.8298 15.26361693  5842

1 52685U 22053AF  26262.97881035  .00045355  00000+0  17447-2 0  9993
2 52685  53.1616 349.5293 0001192  83.7113 276.4022 15.25976725240470

1 52686U 22053AG  26263.16670139  .00088377  00000+0  30962-2 0  9995
2 52686  53.1599 348.7027 0001363 101.9632 127.9896 15.28744201  5839

1 52687U 22053AH  26263.16670139  .00093752  00000+0  31053-2 0  9991
2 52687  53.1612 348.7061 0000888 126.0527 183.2504 15.30536600  5832

1 52688U 22053AJ  26263.16670139  .00082286  00000+0  31330-2 0  9990
2 52688  53.1608 348.8270 0001196 112.1868  95.0114 15.26038160  5782

1 52690U 22053AL  26263.21209562 -.00000081  00000+0  99894-5 0  9993
2 52690  53.1594 345.3112 0001416  82.7847 277.3313 15.26513369240551

1 52692U 22053AN  26263.16670139  .00117103  00000+0  39030-2 0  9997
2 52692  53.1609 348.8858 0001550 131.6205 105.8662 15.30209085  5582

1 52693U 22053AP  26263.16670139  .00083019  00000+0  31852-2 0  9990
2 52693  53.1589 348.7060 0001160  70.8974 359.2846 15.25779798  5786

1 52694U 22053AQ  26262.80900380 -.00000416  00000+0 -10081-5 0  9991
2 52694  53.1604 338.0870 0001200  71.9624 288.1510 15.35395632240652

1 52695U 22053AR  26262.77323298  .00000112  00000+0  25130-4 0  9996
2 52695  53.1629 356.9852 0001251  85.7418 274.3716 15.08836908240391

1 52697U 22053AT  26262.96874304  .00000474  00000+0  24480-4 0  9996
2 52697  53.1617 350.3892 0000848  76.5382 283.5716 15.35399452240504

1 52698U 22053AU  26262.81424178  .00001360  00000+0  51408-4 0  9996
2 52698  53.1626 350.7376 0001571  62.6015 297.5147 15.34386184240475

1 52699U 22053AV  26263.21382351  .00001435  00000+0  53595-4 0  9990
2 52699  53.1599 330.8004 0001066  83.9503 276.1621 15.34391417240812

1 52700U 22053AW  26263.21979971  .00001644  00000+0  59776-4 0  9992
2 52700  53.1602 349.0855 0001042  69.4907 290.6207 15.34402687240540

1 52702U 22053AY  26263.20928020  .00001639  00000+0  59634-4 0  9999
2 52702  53.1600 349.0921 0001106  89.2514 270.8615 15.34392217240549

1 52703U 22053AZ  26262.80299877  .00000818  00000+0  34355-4 0  9997
2 52703  53.1609 329.2204 0001108  82.1037 278.0091 15.35404167239520

1 52704U 22053BA  26262.77506543  .00000421  00000+0  22985-4 0  9991
2 52704  53.1608 330.2845 0001206  84.3411 275.7729 15.35393440240785

1 52705U 22053BB  26262.90338986  .00000922  00000+0  37337-4 0  9994
2 52705  53.1599 328.3728 0001261  83.7313 276.3834 15.35398138240826

1 52706U 22053BC  26262.80472713  .00000312  00000+0  19829-4 0  9990
2 52706  53.1609 329.1381 0001127  69.6753 290.4371 15.35412157240804

1 52707U 22053BD  26262.70288759  .00011844  00000+0  67016-3 0  9997
2 52707  53.2174 340.5280 0001856  48.7391 311.3763 15.13466589240704

1 52708U 22053BE  26263.21571095  .00000198  00000+0  16590-4 0  9995
2 52708  53.1602 327.1935 0001240  75.8641 284.2500 15.35401933241078

1 52830U 22062A   26262.63634668  .00000237  00000+0  19416-4 0  9996
2 52830  53.1589 232.8531 0001292  91.9622 268.1528 15.31700049235202

1 52831U 22062B   26262.91133679  .00000227  00000+0  19078-4 0  9997
2 52831  53.1583 231.6083 0001071  66.6404 293.4710 15.31697351235247

1 52832U 22062C   26262.57575619 -.00000358  00000+0  21454-6 0  9993
2 52832  53.1589 233.1102 0001158  82.1294 277.9839 15.31694736235196

1 52833U 22062D   26262.64677953  .00026461  00000+0  10319-2 0  9992
2 52833  53.1552 235.6835 0003255  46.4765 313.6503 15.25782426235163

1 52834U 22062E   26262.56643610  .00000445  00000+0  26117-4 0  9996
2 52834  53.1588 233.1729 0001319  87.0344 273.0809 15.31699140235199

1 52835U 22062F   26263.21427566  .00000558  00000+0  29760-4 0  9992
2 52835  53.1567 230.1443 0001248  92.6514 267.4631 15.31702174235292

1 52836U 22062G   26263.16670139  .00002312  00000+0  86251-4 0  9991
2 52836  53.1602 210.7502 0001266  76.1707 228.9041 15.31699359  5881

1 52837U 22062H   26262.93896757  .00001095  00000+0  43537-4 0  9999
2 52837  53.1587 230.6748 0001239  91.8175 268.2970 15.34395410235269

1 52838U 22062J   26263.20961824  .00000284  00000+0  20918-4 0  9996
2 52838  53.1605 230.1837 0001378  87.0650 273.0509 15.31701940235295

1 52839U 22062K   26262.47787756  .00000858  00000+0  39402-4 0  9990
2 52839  53.1597 233.5656 0001262  73.8006 286.3135 15.31702764235187

1 52840U 22062L   26262.50848471  .00034137  00000+0  10977-2 0  9999
2 52840  53.1612 208.0263 0002309  60.5407 299.5825 15.31963402235550

1 52841U 22062M   26263.19314968  .00004611  00000+0  14757-3 0  9990
2 52841  53.1596 228.9135 0001259  85.7172 274.3974 15.34386291235310

1 52842U 22062N   26262.93054727  .00001019  00000+0  41287-4 0  9994
2 52842  53.1599 230.5875 0000981 102.4038 257.7075 15.34389353235266

1 52843U 22062P   26262.92532186 -.00000608  00000+0 -78184-5 0  9996
2 52843  53.1592 231.5779 0001021  79.6042 280.5074 15.31702630235256

1 52844U 22062Q   26262.52511566  .00003120  00000+0  10609-3 0  9998
2 52844  53.1581 231.7813 0001218  66.1109 294.0021 15.33566803235219

1 52845U 22062R   26263.17699020 -.00000090  00000+0  88673-5 0  9995
2 52845  53.1599 230.3327 0001306  84.2274 275.8877 15.31700574235293

1 52846U 22062S   26263.20499171 -.00000393  00000+0 -89461-6 0  9999
2 52846  53.1586 230.4368 0001442  91.9197 268.1970 15.31700840235291

1 52847U 22062T   26262.58221770  .00002457  00000+0  83806-4 0  9994
2 52847  53.1607 233.7655 0001248  86.7954 273.3192 15.34410309235192

1 52848U 22062U   26263.17063250 -.00002140  00000+0 -52244-4 0  9991
2 52848  53.1602 231.5459 0001143  94.4167 265.6966 15.34382509235274

1 52849U 22062V   26263.14727499 -.00000710  00000+0 -94381-5 0  9991
2 52849  53.1599 219.5626 0001319  79.8396 280.2756 15.35393852235430

1 52850U 22062W   26262.52915671 -.00000229  00000+0  43871-5 0  9997
2 52850  53.1596 233.4072 0001432 101.7955 258.3207 15.31701866235195

1 52851U 22062X   26263.13790500  .00000517  00000+0  26457-4 0  9997
2 52851  53.1571 215.3270 0001375  87.8998 272.2162 15.34387100235497

1 52852U 22062Y   26263.16571847 -.00000073  00000+0  89714-5 0  9996
2 52852  53.1599 218.9302 0001286  88.8871 271.2278 15.34393727235449

1 52854U 22062AA  26263.16670139 -.00007200  00000+0 -20220-3 0  9997
2 52854  53.1599 218.9298 0001180  91.3104 332.3023 15.34393564  5863

1 52855U 22062AB  26263.15539086  .00000733  00000+0  35378-4 0  9995
2 52855  53.1592 218.4126 0001241  92.6346 267.4797 15.31705144235456

1 52856U 22062AC  26262.54897944 -.00001356  00000+0 -29921-4 0  9999
2 52856  53.1602 222.3865 0001145  81.3697 278.7435 15.33539843235345

1 52857U 22062AD  26262.55016553  .00000447  00000+0  24361-4 0  9991
2 52857  53.1600 222.5101 0001227  93.8483 266.2660 15.34386432235348

1 52858U 22062AE  26262.54226308  .00001995  00000+0  71981-4 0  9991
2 52858  53.1597 222.3742 0001283  95.6811 264.4338 15.33539197235349

1 52859U 22062AF  26263.16696691 -.00000007  00000+0  11104-4 0  9992
2 52859  53.1600 219.2902 0000893  76.9688 283.1414 15.33550171235447

1 52860U 22062AG  26263.14537933  .00001422  00000+0  51666-4 0  9993
2 52860  53.1592 219.0782 0001162  91.9095 268.2041 15.35393544235443

1 52861U 22062AH  26263.17330492  .00000203  00000+0  18301-4 0  9993
2 52861  53.1597 215.3275 0001294  89.4921 270.6228 15.31700267235502

1 52862U 22062AJ  26263.17152441  .00001668  00000+0  60515-4 0  9990
2 52862  53.1598 215.1450 0001341  92.4867 267.6289 15.34392985235503

1 52863U 22062AK  26262.47023734  .00000658  00000+0  30629-4 0  9996
2 52863  53.1607 222.1974 0001395  88.9579 271.1583 15.34387661235347

1 52864U 22062AL  26262.53957423  .00000361  00000+0  21818-4 0  9996
2 52864  53.1610 221.8580 0001272  87.6273 272.4875 15.34386229235350

1 52865U 22062AM  26262.59210260  .00000660  00000+0  30676-4 0  9998
2 52865  53.1614 221.6328 0001215  90.6721 269.4421 15.34393082235361

1 52866U 22062AN  26262.91788808  .00000560  00000+0  28368-4 0  9997
2 52866  53.1595 220.7379 0001098  88.0529 272.0599 15.33548389235404

1 52867U 22062AP  26263.14420133  .00000029  00000+0  11986-4 0  9996
2 52867  53.1594 215.2506 0001400  88.2371 271.8792 15.34389939235507

1 52868U 22062AQ  26262.54038808 -.00000966  00000+0 -16783-4 0  9996
2 52868  53.1599 222.7109 0001338  94.5618 265.5538 15.35388071235346

1 52869U 22062AR  26263.17826376  .00000714  00000+0  32285-4 0  9996
2 52869  53.1585 206.9297 0001257  85.8746 274.2401 15.34391057235612

1 52871U 22062AT  26262.49279084 -.00003027  00000+0 -78491-4 0  9992
2 52871  53.1596 208.4801 0001058  84.9415 275.1708 15.34396737235538

1 52872U 22062AU  26262.56991206  .00000462  00000+0  26641-4 0  9996
2 52872  53.1588 209.5903 0001216  79.8852 280.2286 15.31703876235529

1 52873U 22062AV  26262.32254807  .00001286  00000+0  49203-4 0  9994
2 52873  53.1599 208.9202 0001317  89.6399 270.4754 15.34384529235517

1 52875U 22062AX  26262.57889009  .00000895  00000+0  37642-4 0  9990
2 52875  53.1582 207.7196 0001473  93.0517 267.0655 15.34391186235557

1 52876U 22062AY  26263.11050341  .00000929  00000+0  41698-4 0  9995
2 52876  53.1588 206.6865 0001238  93.2507 266.8636 15.31703687235618

1 52877U 22062AZ  26262.52486409  .00000007  00000+0  11334-4 0  9999
2 52877  53.1587 210.4766 0001390  79.8193 280.2967 15.34395116235514

1 52878U 22062BA  26262.57258504  .00000986  00000+0  40332-4 0  9994
2 52878  53.1588 207.7200 0001354  92.4946 267.6212 15.34386139235556

1 52879U 22062BB  26263.13360662  .00000287  00000+0  19651-4 0  9991
2 52879  53.1592 205.1773 0001716  87.7818 272.3381 15.34389686235646

1 52880U 22062BC  26262.48855016 -.00001847  00000+0 -43551-4 0  9993
2 52880  53.1591 208.2212 0001098  90.6570 269.4558 15.34400134235544

1 52882U 22062BE  26262.49999099  .00004058  00000+0  16414-3 0  9998
2 52882  53.1533 216.8062 0002129  64.7353 295.3867 15.26963119235423

1 52986U 22076A   26262.59154805  .00002531  00000+0  83442-4 0  9997
2 52986  53.1600 288.2361 0001364  82.9072 277.2086 15.35400698232324

1 52987U 22076B   26262.71855908  .00000966  00000+0  42877-4 0  9991
2 52987  53.1598 301.4042 0001105  77.6336 282.4789 15.31707328232157

1 52988U 22076C   26262.71155005 -.00000066  00000+0  93308-5 0  9991
2 52988  53.1613 287.5965 0001271  97.0133 263.1014 15.33545332232344

1 52989U 22076D   26263.13404078  .00427304  90190-4  78520-3 0  9994
2 52989  53.2108 260.4984 0002155  53.5535 306.5695 16.00743477232770

1 52990U 22076E   26262.82314202 -.00001870  00000+0 -42720-4 0  9998
2 52990  53.1612 297.2017 0000958  96.6646 263.4466 15.35394378232222

1 52991U 22076F   26262.82231926 -.00000332  00000+0  13149-5 0  9995
2 52991  53.1585 297.2339 0001363  85.4756 274.6403 15.34384369232221

1 52992U 22076G   26262.76983320 -.00000285  00000+0  25821-5 0  9998
2 52992  53.1590 301.1696 0001199  85.6238 274.4900 15.31698135232162

1 52994U 22076J   26262.78434281  .00001833  00000+0  65361-4 0  9990
2 52994  53.1589 286.7133 0000845  70.5416 289.5678 15.34393876232362

1 52995U 22076K   26262.78716565  .00000796  00000+0  33728-4 0  9998
2 52995  53.1597 286.8085 0001241  88.8902 271.2243 15.35397311232367

1 52996U 22076L   26262.71508494  .00000359  00000+0  21757-4 0  9996
2 52996  53.1590 287.7322 0001405  66.8136 293.3014 15.34387244232344

1 52998U 22076N   26261.79889453 -.00000415  00000+0 -11630-5 0  9997
2 52998  53.1594 291.3409 0001182  86.5034 273.6104 15.34384778232211

1 52999U 22076P   26263.08479583  .00000359  00000+0  21760-4 0  9990
2 52999  53.1578 285.3111 0001347  86.6519 273.4637 15.34391559232415

1 53000U 22076Q   26262.70869482 -.00001242  00000+0 -25627-4 0  9993
2 53000  53.1613 287.0680 0001178  80.5659 279.5477 15.34388344232359

1 53001U 22076R   26262.72790077 -.00001891  00000+0 -43325-4 0  9994
2 53001  53.1585 287.3855 0001212  77.8513 282.2625 15.35392507232355

1 53002U 22076S   26263.08640598  .00001253  00000+0  46818-4 0  9997
2 53002  53.1597 285.9106 0001233  73.1870 286.9268 15.35408251232404

1 53003U 22076T   26262.68347683  .00000315  00000+0  20456-4 0  9990
2 53003  53.1604 287.1937 0001392  85.3558 274.7603 15.34389628232340

1 53004U 22076U   26262.82895194  .00000152  00000+0  16658-4 0  9990
2 53004  53.1602 294.9445 0001265  83.0881 277.0264 15.31701293232254

1 53005U 22076V   26262.67936133  .00000403  00000+0  23077-4 0  9995
2 53005  53.1589 287.9136 0001135  63.8796 296.2323 15.34391684232346

1 53006U 22076W   26262.05725830  .00000065  00000+0  12774-4 0  9994
2 53006  53.1591 291.0507 0001499  77.4874 282.6297 15.35398896232240

1 53007U 22076X   26262.76907102  .00001407  00000+0  51234-4 0  9992
2 53007  53.1601 287.8309 0001216  82.3931 277.7210 15.35402060232353

1 53008U 22076Y   26262.70654690  .00001634  00000+0  57745-4 0  9993
2 53008  53.1595 287.3978 0001109  87.6636 272.4494 15.35396337232359

1 53009U 22076Z   26263.02581263  .00000510  00000+0  25535-4 0  9999
2 53009  53.1603 283.7523 0001179  74.8453 285.2680 15.35402159232425

1 53010U 22076AA  26263.06597521 -.00000424  00000+0 -14291-5 0  9993
2 53010  53.1591 286.0983 0001107  89.8708 270.2421 15.34387972232408

1 53011U 22076AB  26262.68294506 -.00001946  00000+0 -46505-4 0  9990
2 53011  53.1606 285.2131 0001270  75.6685 284.4458 15.34371280232378

1 53012U 22076AC  26263.05732520 -.00000115  00000+0  80568-5 0  9990
2 53012  53.1603 293.8429 0001010  75.4384 284.6729 15.31707313232298

1 53013U 22076AD  26262.77200623 -.00066368  00000+0 -19422-2 0  9994
2 53013  53.1611 277.4098 0001544  73.7247 286.3925 15.34851559232493

1 53014U 22076AE  26262.67986348 -.00000749  00000+0 -10570-4 0  9997
2 53014  53.1605 282.3055 0001273  83.0370 277.0778 15.35391994232413

1 53015U 22076AF  26262.68167468  .00000567  00000+0  27152-4 0  9993
2 53015  53.1611 285.3578 0001332  73.1235 286.9914 15.35404515232370

1 53016U 22076AG  26263.03499461 -.00007114  00000+0 -21753-3 0  9992
2 53016  53.1573 278.9866 0001977  51.4718 308.6461 15.31720827232491

1 53017U 22076AH  26262.59415045 -.00000514  00000+0 -63965-5 0  9999
2 53017  53.1859 252.8719 0001067  89.7022 270.4100 15.26524255232845

1 53018U 22076AJ  26262.54459758  .00002043  00000+0  77585-4 0  9993
2 53018  53.1627 258.8366 0001326  70.0271 290.0874 15.31705872232747

1 53019U 22076AK  26262.06330237  .00000820  00000+0  36256-4 0  9992
2 53019  53.1592 290.1450 0001112  85.0364 275.0765 15.33542868232258

1 53020U 22076AL  26262.67203880  .00000119  00000+0  14306-4 0  9997
2 53020  53.1608 285.9632 0001121  81.9128 278.2002 15.35403555232367

1 53022U 22076AN  26262.76856999  .00000214  00000+0  17486-4 0  9992
2 53022  53.1596 281.0529 0001334  87.1391 272.9764 15.34384191232441

1 53023U 22076AP  26262.77321686 -.00083057  00000+0 -24450-2 0  9999
2 53023  53.1592 284.7779 0000859 116.3513 243.7578 15.34772961232396

1 53024U 22076AQ  26262.06062178  .00000890  00000+0  36413-4 0  9996
2 53024  53.1606 288.1234 0001254  90.2755 269.8392 15.35393276232285

1 53025U 22076AR  26262.68707593 -.00000347  00000+0  79018-6 0  9990
2 53025  53.1620 285.7073 0001402  80.0133 280.1028 15.33542491232373

1 53026U 22076AS  26263.02965587  .00000046  00000+0  13263-4 0  9992
2 53026  53.1568 276.4205 0001449  89.4614 270.6554 15.31695610232533

1 53027U 22076AT  26263.00487816  .00000570  00000+0  28014-4 0  9997
2 53027  53.1595 275.8238 0001225  87.7732 272.3411 15.34392466232545

1 53029U 22076AV  26262.67242120 -.00000370  00000+0  18818-6 0  9990
2 53029  53.1606 273.7630 0001129  75.6739 284.4389 15.34384531232530

1 53030U 22076AW  26263.01118291 -.00000352  00000+0  72243-6 0  9994
2 53030  53.1577 275.7853 0001285  85.6759 274.4390 15.34385834232543

1 53031U 22076AX  26263.00352358  .00000217  00000+0  17138-4 0  9997
2 53031  53.1593 272.3995 0001266  91.7708 268.3440 15.35400271232589

1 53032U 22076AY  26263.06371167  .00002844  00000+0  95288-4 0  9993
2 53032  53.1581 275.4410 0001455  97.4763 262.6404 15.34400586232559

1 53033U 22076AZ  26262.69183524  .00000160  00000+0  15885-4 0  9994
2 53033  53.1602 277.4728 0001219  85.8087 274.3055 15.34385700232479

1 53034U 22076BA  26262.60399814  .00001856  00000+0  71527-4 0  9995
2 53034  53.1595 271.9985 0001311  84.1741 275.9410 15.31716777232557

1 53035U 22076BB  26263.05503601  .00001949  00000+0  66763-4 0  9996
2 53035  53.1629 276.9690 0000907  52.3330 307.7755 15.35403311232529

1 53036U 22076BC  26263.16670139 -.00015641  00000+0 -43818-3 0  9991
2 53036  53.1598 276.4967 0001509  83.2872 168.4127 15.35416007  5811

1 53037U 22076BD  26263.06606800  .00002963  00000+0  95793-4 0  9996
2 53037  53.1596 276.4097 0001189  80.9031 279.2106 15.35405444232531

1 53038U 22076BE  26262.66031140  .00003852  00000+0  12518-3 0  9992
2 53038  53.1597 277.4792 0001399 106.4646 253.6510 15.34372485232481

1 53043U 22077A   26262.76258438  .00000702  00000+0  24063-4 0  9991
2 53043  97.2846  77.5763 0001737  87.9117 272.2325 15.33439022230188

1 53045U 22077C   26262.94351735  .00000573  00000+0  20074-4 0  9991
2 53045  97.2845  78.6975 0001693  87.7216 272.4220 15.33438341230274

1 53046U 22077D   26261.72541838 -.00001499  00000+0 -44121-4 0  9991
2 53046  97.2853  77.4504 0001458  92.9552 267.1858 15.33440015230087

1 53047U 22077E   26262.93660436  .00000355  00000+0  13326-4 0  9993
2 53047  97.2847  77.7823 0001487  90.8820 269.2593 15.33435193230210

1 53048U 22077F   26262.94079838  .00000494  00000+0  17633-4 0  9994
2 53048  97.2852  78.6988 0001434  94.4570 265.6837 15.33437516230260

1 53049U 22077G   26262.75987081  .00000952  00000+0  31821-4 0  9996
2 53049  97.2850  77.5518 0001600  88.7312 271.4114 15.33435743230174

1 53050U 22077H   26262.73687673  .00000301  00000+0  11653-4 0  9999
2 53050  97.2855  78.5095 0001314  90.2522 269.8871 15.33434919230237

1 53051U 22077J   26262.91756779  .00000195  00000+0  83622-5 0  9991
2 53051  97.2851  77.7867 0001458  88.5726 271.5684 15.33435480230200

1 53052U 22077K   26262.95291403  .00001107  00000+0  36614-4 0  9996
2 53052  97.2836  77.7557 0001440  98.5295 261.6111 15.33436092230208

1 53053U 22077L   26262.91213288  .00001435  00000+0  46793-4 0  9991
2 53053  97.2850  77.7872 0001536  90.6929 269.4490 15.33436145230203

1 53054U 22077M   26263.09033933  .00000492  00000+0  17554-4 0  9994
2 53054  97.2851  78.7927 0001210 118.8290 241.3074 15.33438034230284

1 53055U 22077N   26261.01849087 -.00000324  00000+0 -77241-5 0  9996
2 53055  97.2859  76.6941 0001962  88.6233 271.5234 15.33432097229960

1 53056U 22077P   26262.91632781 -.00003231  00000+0 -97797-4 0  9995
2 53056  97.2828  78.7064 0001966 104.8813 255.2648 15.33445330230262

1 53057U 22077Q   26262.92720307  .00000141  00000+0  67116-5 0  9997
2 53057  97.2847  78.6759 0001322  92.8079 267.3315 15.33431188230261

1 53058U 22077R   26262.74627561 -.00000036  00000+0  12137-5 0  9993
2 53058  97.2852  77.5551 0001688  88.9283 271.2153 15.33435805230189

1 53059U 22077S   26261.92782727 -.00008144  00000+0 -24957-3 0  9999
2 53059  97.2837  76.8071 0003523 120.7579 239.4011 15.33518845230056

1 53060U 22077T   26262.92300751  .00000661  00000+0  22815-4 0  9991
2 53060  97.2851  77.7657 0001589  89.2195 270.9230 15.33435951230203

1 53061U 22077U   26262.90941238  .00000941  00000+0  31473-4 0  9992
2 53061  97.2858  77.7637 0001503  89.8466 270.2949 15.33436557230205

1 53062U 22077V   26262.93387235 -.00000279  00000+0 -63271-5 0  9995
2 53062  97.2842  77.7466 0001199  73.6992 286.4382 15.33436062230206

1 53063U 22077W   26262.91360446  .00000270  00000+0  10689-4 0  9992
2 53063  97.2848  78.6004 0001364  18.4339 341.6953 15.33433420101847

1 53064U 22077X   26262.94622656 -.00007536  00000+0 -23119-3 0  9995
2 53064  97.2853  78.6478 0001360  93.7006 266.4392 15.33465216230260

1 53065U 22077Y   26262.73268023  .00000657  00000+0  22672-4 0  9996
2 53065  97.2855  77.5458 0001603  88.3754 271.7672 15.33435632230178

1 53066U 22077Z   26263.14052281  .00002742  00000+0  87228-4 0  9995
2 53066  97.2853  77.9126 0001727  86.6734 273.4706 15.33442532230230

1 53068U 22077AB  26262.94895664 -.00000009  00000+0  20583-5 0  9991
2 53068  97.2847  78.6267 0001578  91.1026 269.0397 15.33434240230265

1 53069U 22077AC  26261.20462148  .00000920  00000+0  30825-4 0  9997
2 53069  97.2844  76.0814 0001728  87.5827 272.5614 15.33433439229941

1 53070U 22077AD  26262.95708470  .00005542  00000+0  17382-3 0  9990
2 53070  97.2842  78.6178 0001904  91.4171 268.7290 15.33450470230262

1 53071U 22077AE  26262.77495514 -.00000624  00000+0 -16999-4 0  9995
2 53071  97.2852  78.5385 0001782  85.1937 274.9509 15.33426948230240

1 53072U 22077AF  26262.74231517 -.00000256  00000+0 -56071-5 0  9991
2 53072  97.2850  78.4372 0001647  96.4637 263.6793 15.33435714230236

1 53073U 22077AG  26262.77503349  .00009281  00000+0  37585-3 0  9992
2 53073  97.6336  94.0014 0005161 267.6198  92.4448 15.24896510230832

1 53075U 22077AJ  26262.71908575  .00001347  00000+0  44059-4 0  9998
2 53075  97.2852  77.5250 0001590  90.6271 269.5154 15.33435866230170

1 53076U 22077AK  26262.93931904  .00002137  00000+0  68502-4 0  9992
2 53076  97.2845  77.6928 0001612  87.1064 273.0363 15.33438699230205

1 53078U 22077AM  26262.92573245 -.00001249  00000+0 -36401-4 0  9991
2 53078  97.2859  77.7083 0001831  90.2753 269.8700 15.33423031230200

1 53079U 22077AN  26262.92992322  .00000405  00000+0  14877-4 0  9997
2 53079  97.2856  78.6094 0001571  88.9976 271.1447 15.33437096230268

1 53080U 22077AP  26262.92176791  .00000638  00000+0  22091-4 0  9998
2 53080  97.2848  78.6533 0001312  94.2712 265.8681 15.33439987230261

1 53081U 22077AQ  26262.95018147 -.00007361  00000+0 -22565-3 0  9999
2 53081  97.2836  77.8038 0001428  98.9935 261.1469 15.33478930230215

1 53082U 22077AR  26262.70821146  .00000037  00000+0  34656-5 0  9991
2 53082  97.2844  77.5216 0002090  89.5141 270.6341 15.33430225230175

1 53083U 22077AS  26262.79397566  .00000619  00000+0  21494-4 0  9996
2 53083  97.2851  78.4531 0001357  90.0868 270.0531 15.33434731230241

1 53084U 22077AT  26261.91846356  .00000799  00000+0  27070-4 0  9991
2 53084  97.2857  77.6722 0001588  92.6582 267.4843 15.33436554230115

1 53085U 22077AU  26262.93536015  .00000558  00000+0  19618-4 0  9995
2 53085  97.2856  78.5843 0001519  89.9980 270.1437 15.33436553230269

1 53086U 22077AV  26262.73539996  .00000094  00000+0  52502-5 0  9990
2 53086  97.2851  77.4812 0001890  96.2479 263.8979 15.33433181230179

1 53088U 22077AX  26262.92029139 -.00000514  00000+0 -13592-4 0  9990
2 53088  97.2855  77.6786 0001608  83.0359 277.1067 15.33442210230208

1 53134U 22083C   26262.90210993  .00001576  00000+0  57796-4 0  9998
2 53134  53.1617   8.4071 0001129  81.6535 278.4596 15.34388262230729

1 53135U 22083D   26263.02760822  .00009069  00000+0  27955-3 0  9992
2 53135  53.1608   5.5814 0001219  92.5731 267.5411 15.34361100231764

1 53136U 22083E   26262.64801545 -.00065260  00000+0 -19142-2 0  9993
2 53136  53.1619   9.6225 0001245  71.2021 288.9117 15.34771593231674

1 53137U 22083F   26262.95085881  .00001789  00000+0  62208-4 0  9992
2 53137  53.1614   8.7483 0001343  73.2810 286.8340 15.35390695230724

1 53138U 22083G   26262.91657576  .00000394  00000+0  24447-4 0  9999
2 53138  53.1614   6.5494 0001148  85.3451 274.7682 15.31708923231528

1 53139U 22083H   26262.78283813  .00001000  00000+0  40746-4 0  9999
2 53139  53.1615  12.7481 0001080  78.6891 281.4233 15.34391509230654

1 53140U 22083J   26263.00583296  .00001309  00000+0  48449-4 0  9995
2 53140  53.1605   8.4521 0001239  83.9193 276.1951 15.35394688230731

1 53141U 22083K   26263.00240338 -.00000210  00000+0  49105-5 0  9995
2 53141  53.1613   5.8219 0000849  84.4511 275.6588 15.34390001230770

1 53142U 22083L   26262.93523711  .00000502  00000+0  25989-4 0  9992
2 53142  53.1620   6.7013 0001120  82.4038 277.7092 15.34389200230767

1 53143U 22083M   26263.16670139  .00143149  00000+0  32509-2 0  9995
2 53143  53.1598  11.3284 0001145  89.9972 150.6409 15.42039989  5890

1 53144U 22083N   26262.92894976 -.00002589  00000+0 -67362-4 0  9997
2 53144  53.1596   6.7054 0001513 141.7185 218.3925 15.33562864230757

1 53145U 22083P   26262.91732402  .00000527  00000+0  28723-4 0  9998
2 53145  53.1608   9.6392 0001001  73.1073 287.0038 15.31703759230717

1 53147U 22083R   26262.91414124  .00000626  00000+0  29651-4 0  9999
2 53147  53.1615   6.1380 0000864  76.2880 283.8219 15.34393786231413

1 53149U 22083T   26262.92513214  .00000260  00000+0  18838-4 0  9991
2 53149  53.1625 358.2253 0001256  85.8499 274.2647 15.34387096230879

1 53151U 22083V   26262.94029223  .00000337  00000+0  20557-4 0  9994
2 53151  53.1615 359.4130 0001221  64.9354 295.1775 15.35403198230853

1 53152U 22083W   26263.38808100  .00689424  28371-3  55450-3 0  9997
2 53152  53.2102 313.4376 0002810  35.5372 324.5852 16.13771834231549

1 53153U 22083X   26262.64099264 -.00001104  00000+0 -21542-4 0  9995
2 53153  53.1610   7.4549 0001144  84.1407 275.9726 15.34390918230712

1 53154U 22083Y   26262.83001420  .00001250  00000+0  46734-4 0  9994
2 53154  53.1620   5.0160 0001142  92.4985 267.6149 15.35400314230763

1 53155U 22083Z   26262.89102764  .00000082  00000+0  13550-4 0  9996
2 53155  53.1624   6.2500 0001087  82.3548 277.7578 15.34395599231395

1 53156U 22083AA  26263.01919944 -.00000584  00000+0 -61546-5 0  9996
2 53156  53.1607   5.6221 0001472  63.9196 296.1957 15.34388896230771

1 53158U 22083AC  26263.00601345  .00001049  00000+0  40973-4 0  9995
2 53158  53.1606 358.4885 0001094  77.3974 282.7151 15.35403512230872

1 53159U 22083AD  26262.77839435 -.00000757  00000+0 -10822-4 0  9999
2 53159  53.1613   7.1177 0000823  74.4116 285.6978 15.35391780230735

1 53160U 22083AE  26263.01499235  .00001168  00000+0  45703-4 0  9990
2 53160  53.1626   5.6439 0001072  74.5526 285.5595 15.34394304230770

1 53161U 22083AF  26263.00448985 -.00007674  00000+0 -20921-3 0  9990
2 53161  53.1601 358.7907 0001444  92.7258 267.3910 15.35411236230878

1 53162U 22083AG  26263.00830523  .00000491  00000+0  27582-4 0  9993
2 53162  53.1603   0.0725 0001069  61.5351 298.5758 15.31701941230852

1 53163U 22083AH  26262.94360225 -.00002893  00000+0 -74599-4 0  9993
2 53163  53.1608   6.2079 0001103  87.2229 272.8900 15.34374618230760

1 53164U 22083AJ  26262.99453872  .00001199  00000+0  46640-4 0  9992
2 53164  53.1596   7.8126 0001423  72.9548 287.1611 15.34393746230746

1 53165U 22083AK  26262.94562579  .00002326  00000+0  77558-4 0  9998
2 53165  53.1614   6.2648 0001054  87.7374 272.3750 15.35399459230761

1 53166U 22083AL  26263.16670139  .00094509  00000+0  25355-2 0  9996
2 53166  53.1605 335.2493 0001007 101.2091  79.3230 15.37201161  5831

1 53167U 22083AM  26262.79939732  .00000622  00000+0  28737-4 0  9994
2 53167  53.1621 351.5805 0001029  82.9709 277.1411 15.35401394230942

1 53168U 22083AN  26263.01067441  .00004350  00000+0  14355-3 0  9992
2 53168  53.1606   5.9306 0001209  86.2073 273.9068 15.33545006230773

1 53169U 22083AP  26263.21901720 -.00000448  00000+0 -26659-5 0  9990
2 53169  53.1610 344.1263 0001099  91.4242 268.6885 15.31696779231087

1 53170U 22083AQ  26263.16670139  .00081263  00000+0  32057-2 0  9991
2 53170  53.1585   4.6731 0001942  95.4955  86.7982 15.24863056  5835

1 53171U 22083AR  26263.19233051  .00000020  00000+0  11481-4 0  9995
2 53171  53.1613 327.6354 0001195  69.8857 290.2274 15.35403681231319

1 53172U 22083AS  26262.80186464  .00000009  00000+0  12049-4 0  9996
2 53172  53.1621 355.8509 0001104  77.8071 282.3054 15.31708151230886

1 53173U 22083AT  26262.93515880 -.00002281  00000+0 -54516-4 0  9990
2 53173  53.1611 334.4051 0000978  81.9147 278.1967 15.35389838231191

1 53174U 22083AU  26263.02378970  .00000014  00000+0  12228-4 0  9993
2 53174  53.1611   6.1576 0001261  79.6340 280.4803 15.31698614230760

1 53175U 22083AV  26263.00556725  .00001485  00000+0  55090-4 0  9995
2 53175  53.1610  11.6897 0000917  95.0979 265.0128 15.34389341230681

1 53176U 22083AW  26262.67370666  .00001101  00000+0  47246-4 0  9995
2 53176  53.1601 346.6549 0001161  85.2379 274.8755 15.31699883231007

1 53177U 22083AX  26262.82575891 -.00063573  00000+0 -18691-2 0  9993
2 53177  53.1608 335.2177 0001457  53.0783 307.0353 15.34686421231174

1 53178U 22083AY  26263.16670139  .00077182  00000+0  36258-2 0  9991
2 53178  53.1598  10.0760 0002323  60.5032 132.3042 15.18942212  5844

1 53179U 22083AZ  26262.77880778  .00000019  00000+0  11701-4 0  9993
2 53179  53.1604 320.7541 0001158  74.0173 286.0957 15.34391808231370

1 53180U 22083BA  26262.81348724  .00001232  00000+0  48794-4 0  9990
2 53180  53.1607 320.9693 0001207  85.8941 274.2199 15.33545633231376

1 53182U 22083BC  26263.00003471  .00034011  00000+0  10138-2 0  9991
2 53182  53.1586 331.7400 0001159  86.7241 102.1044 15.34380814  5892

1 53183U 22083BD  26263.20789446  .00000613  00000+0  28477-4 0  9995
2 53183  53.1598 323.2125 0001188  87.2591 272.8548 15.35400782231378

1 53184U 22083BE  26262.64916261  .00000619  00000+0  31707-4 0  9996
2 53184  53.1609 322.8044 0001195  80.0628 280.0509 15.31703363231349

1 53189U 22084A   26263.14743970  .00001107  00000+0  36612-4 0  9996
2 53189  97.2837 318.8993 0001396  92.7402 267.4000 15.33436391229378

1 53190U 22084B   26262.38341454 -.00000848  00000+0 -23948-4 0  9995
2 53190  97.2817 318.1736 0000958  85.0025 275.1328 15.33422974229253

1 53191U 22084C   26263.13862171  .00000329  00000+0  11387-4 0  9990
2 53191  97.4750 327.2275 0000689 130.0086 230.1219 15.36966848228952

1 53192U 22084D   26262.92450471  .00006472  00000+0  20264-3 0  9991
2 53192  97.2846 318.5811 0001315  77.2377 282.9013 15.33439975229320

1 53193U 22084E   26262.43360966 -.00000542  00000+0 -14478-4 0  9992
2 53193  97.2830 317.2626 0001615  94.0445 266.0983 15.33429784229540

1 53194U 22084F   26263.08762356  .00000907  00000+0  30423-4 0  9995
2 53194  97.2838 318.8213 0001540  91.4807 268.6613 15.33436610228686

1 53197U 22084J   26262.89581258 -.00001921  00000+0 -57194-4 0  9999
2 53197  97.2831 317.6839 0001067 109.3057 250.8302 15.33444590228597

1 53198U 22084K   26262.38736577 -.00000267  00000+0 -59483-5 0  9996
2 53198  97.2804 317.1602 0002070 123.5519 236.5922 15.33441006229170

1 53199U 22084L   26262.39973070 -.00000295  00000+0 -68062-5 0  9993
2 53199  97.2839 318.0500 0001871  88.5085 271.6372 15.33431340228574

1 53200U 22084M   26262.93264058  .00000954  00000+0  31879-4 0  9990
2 53200  97.2838 318.7058 0001632  91.8506 268.2923 15.33435998229322

1 53201U 22084N   26263.16670139  .01312195  00000+0  24796-1 0  9999
2 53201  97.4970 328.8473 0001524  87.5131  85.4320 15.45358173  5864

1 53202U 22084P   26263.00003471  .00054849  00000+0  16908-2 0  9997
2 53202  97.2845 318.6486 0001394  86.5998   0.3255 15.33410167  5817

1 53203U 22084Q   26263.18822730  .00000591  00000+0  20623-4 0  9990
2 53203  97.2842 318.9474 0001341  89.4879 270.6518 15.33435516228701

1 53204U 22084R   26262.97281367  .00001231  00000+0  36344-4 0  9991
2 53204  97.4764 326.8022 0001233 219.9631 140.1522 15.36973778229572

1 53205U 22084S   26263.00061716  .00000421  00000+0  15374-4 0  9991
2 53205  97.2836 318.7389 0001524  96.0678 264.0738 15.33436317228670

1 53206U 22084T   26263.10979602  .00822481  33218-3  14271-2 0  9997
2 53206  97.2726 322.9564 0001683  49.5703 310.5723 16.02335796228968

1 53207U 22084U   26262.93116457  .00001275  00000+0  41826-4 0  9996
2 53207  97.2845 317.7439 0001358 104.4826 255.6568 15.33437392228605

1 53208U 22084V   26263.16670139  .00792809  00000+0  15557-1 0  9994
2 53208  97.2868 318.0105 0001371  88.3635  28.1318 15.44754023  5848

1 53209U 22084W   26262.95019510  .00000559  00000+0  19645-4 0  9990
2 53209  97.2849 317.7271 0000946 109.1967 250.9378 15.33439831228602

1 53210U 22084X   26263.00457464  .00001146  00000+0  37834-4 0  9996
2 53210  97.2840 317.8160 0001200  94.0716 266.0664 15.33438307229155

1 53212U 22084Z   26262.38612764  .00000829  00000+0  28020-4 0  9998
2 53212  97.2823 318.1869 0001057  68.1346 292.0009 15.33435880228579

1 53213U 22084AA  26262.96380389  .00001915  00000+0  61672-4 0  9995
2 53213  97.2838 317.8332 0001824  95.3385 264.8066 15.33429769229136

1 53214U 22084AB  26262.95835588  .00000290  00000+0  11301-4 0  9990
2 53214  97.2843 317.7086 0001602 104.4045 255.7376 15.33433914228608

1 53215U 22084AC  26262.94351763  .00000563  00000+0  19756-4 0  9993
2 53215  97.2844 318.6270 0001348  91.2730 268.8668 15.33435803229188

1 53216U 22084AD  26262.39824608  .00000618  00000+0  21485-4 0  9999
2 53216  97.2852 317.2360 0001088  91.2984 268.8383 15.33436315228525

1 53218U 22084AF  26263.16670139  .00014003  00000+0  43545-3 0  9998
2 53218  97.2845 318.8566 0001748  84.0191  97.3232 15.33430841  5830

1 53219U 22084AG  26263.14472325  .00000363  00000+0  13574-4 0  9998
2 53219  97.2841 318.7956 0001427  92.1640 267.9766 15.33436312228699

1 53220U 22084AH  26262.40096297  .00000383  00000+0  14196-4 0  9991
2 53220  97.2849 317.2151 0001223  97.7584 262.3798 15.33438020229044

1 53221U 22084AJ  26262.95293118  .00000899  00000+0  30179-4 0  9994
2 53221  97.2840 317.8246 0001152  95.1023 265.0351 15.33439841228617

1 53224U 22084AM  26262.92844544  .00000594  00000+0  20741-4 0  9995
2 53224  97.2832 317.7151 0001132 103.5602 256.5767 15.33436247228602

1 53225U 22084AN  26262.44050804  .00000617  00000+0  21441-4 0  9995
2 53225  97.2847 318.2023 0001520  90.0737 270.0680 15.33438899228591

1 53226U 22084AP  26262.39010472  .00002761  00000+0  87835-4 0  9998
2 53226  97.2835 317.2092 0001577  82.2639 277.8783 15.33441812228521

1 53227U 22084AQ  26262.92992444  .00000346  00000+0  13051-4 0  9992
2 53227  97.2848 318.5856 0001474  93.7282 266.4129 15.33444042228666

1 53228U 22084AR  26262.96650885  .00001299  00000+0  42556-4 0  9997
2 53228  97.2834 317.8016 0001219  99.2609 260.8772 15.33437541228616

1 53229U 22084AS  26263.16670139  .00047742  00000+0  15675-2 0  9998
2 53229  97.2841 318.9398 0001466  72.8758  76.4545 15.31426384  5888

1 53230U 22084AT  26263.10937110  .00002016  00000+0  64759-4 0  9993
2 53230  97.2844 318.8226 0001145  93.0337 267.1037 15.33441660228691

1 53231U 22084AU  26262.96798725  .00000744  00000+0  25380-4 0  9997
2 53231  97.2843 318.6944 0001274  95.2624 264.8764 15.33434852228676

1 53232U 22084AV  26262.39552740  .00000708  00000+0  24276-4 0  9993
2 53232  97.2833 317.1807 0001407  94.8045 265.3358 15.33435044228521

1 53233U 22084AW  26262.99913981  .00000415  00000+0  15174-4 0  9990
2 53233  97.2838 317.7307 0001546  91.8291 268.3129 15.33436550228614

1 53234U 22084AX  26263.03101191  .00000160  00000+0  67055-5 0  9992
2 53234  97.4736 327.7038 0001275  74.2936 285.8448 15.36975058229990

1 53242U 22086A   26262.75473099  .00000549  00000+0  27374-4 0  9990
2 53242  53.1602  39.2089 0001018  81.0652 279.0466 15.34387644230721

1 53243U 22086B   26262.99516977  .00000650  00000+0  29520-4 0  9998
2 53243  53.1604  38.6583 0001333  81.1958 278.9196 15.35409746230778

1 53244U 22086C   26263.03188913 -.00000126  00000+0  76945-5 0  9993
2 53244  53.1605  39.0014 0001144  73.9843 286.1285 15.31698159230758

1 53246U 22086E   26263.03655207  .00000036  00000+0  12910-4 0  9990
2 53246  53.1597  38.9906 0001120  80.0933 280.0194 15.31695360229640

1 53247U 22086F   26262.96392012  .00000769  00000+0  32960-4 0  9994
2 53247  53.1629  38.4247 0001028  80.8220 279.2899 15.35398379230754

1 53248U 22086G   26263.09174407  .00000351  00000+0  23058-4 0  9991
2 53248  53.1612  35.7367 0001115  85.9656 274.1473 15.31699304230802

1 53249U 22086H   26263.08024064  .00000420  00000+0  25305-4 0  9998
2 53249  53.1615  27.0284 0001221  82.0801 278.0339 15.31699132230629

1 53250U 22086J   26262.98363899 -.00001032  00000+0 -19441-4 0  9996
2 53250  53.1618  27.7912 0001398  52.3790 307.7339 15.34372599230595

1 53251U 22086K   26262.97101058  .00000610  00000+0  29189-4 0  9992
2 53251  53.1618  27.8484 0001081  46.2825 313.8266 15.34392782230583

1 53252U 22086L   26262.96373678  .00000145  00000+0  16436-4 0  9995
2 53252  53.1607  27.7075 0001095  80.5540 279.5586 15.31705217230601

1 53253U 22086M   26262.96617778 -.00002776  00000+0 -73095-4 0  9996
2 53253  53.1623  27.8534 0001639  49.8517 310.2628 15.33546109230589

1 53254U 22086N   26263.10572441  .00004171  00000+0  14618-3 0  9995
2 53254  53.1603  35.6395 0001119  72.9836 287.1288 15.31682044230507

1 53255U 22086P   26262.99093080  .00000707  00000+0  39758-4 0  9993
2 53255  53.1605  37.2059 0001115  81.8110 278.3015 15.26518695230453

1 53256U 22086Q   26263.16670139  .00058499  00000+0  17803-2 0  9996
2 53256  53.1598  38.8230 0000659  98.0948 315.9292 15.33476160  5783

1 53257U 22086R   26263.08239503  .00003890  00000+0  13695-3 0  9995
2 53257  53.1613  35.7710 0001534  73.3616 286.7553 15.31727270230483

1 53258U 22086S   26263.02182402  .00010675  00000+0  35513-3 0  9997
2 53258  53.1576  36.0256 0000729  76.3257 283.7825 15.31712196230479

1 53259U 22086T   26263.07776044  .00000395  00000+0  24488-4 0  9992
2 53259  53.1625  35.7700 0000881  92.0819 268.0284 15.31700734230484

1 53261U 22086V   26263.00884787  .00003402  00000+0  11179-3 0  9996
2 53261  53.1616  27.7125 0001283  69.9840 290.1300 15.34393228230599

1 53262U 22086W   26262.34378264  .00000272  00000+0  19604-4 0  9995
2 53262  53.1602  31.2999 0001068  78.1840 281.9282 15.33546241230486

1 53263U 22086X   26263.06556701  .00001965  00000+0  69305-4 0  9993
2 53263  53.1621  27.4134 0001187  83.7805 276.3332 15.34384970230609

1 53264U 22086Y   26263.07196051  .00005027  00000+0  15996-3 0  9992
2 53264  53.1613  28.0568 0000745  74.4938 285.6146 15.34366941230594

1 53265U 22086Z   26262.95403009  .00000236  00000+0  17680-4 0  9993
2 53265  53.1614  28.9019 0001141  78.8989 281.2142 15.35397780230573

1 53266U 22086AA  26262.98778484 -.00000485  00000+0 -34365-5 0  9997
2 53266  53.1596  28.3679 0001026 101.2763 258.8355 15.33542002230586

1 53267U 22086AB  26263.05293593  .00003052  00000+0  10140-3 0  9994
2 53267  53.1605  27.4741 0001114  71.4728 288.6396 15.34408254230605

1 53268U 22086AC  26263.00255154  .00001526  00000+0  56305-4 0  9999
2 53268  53.1610  27.8530 0001138  73.4721 286.6406 15.34383413230590

1 53272U 22086AG  26262.92891980 -.00000277  00000+0  29345-5 0  9995
2 53272  53.1603  16.0393 0001019  80.6015 279.5102 15.34397355230749

1 53273U 22086AH  26262.97523388 -.00002442  00000+0 -61171-4 0  9994
2 53273  53.1616  16.5287 0001529 138.6306 221.4812 15.34396547230739

1 53274U 22086AJ  26262.98239140  .00000693  00000+0  32405-4 0  9998
2 53274  53.1610  16.4505 0001107  79.0976 281.0151 15.33537990230746

1 53275U 22086AK  26263.16670139  .00054969  00000+0  16281-2 0  9994
2 53275  53.1597  15.6145 0001523  93.8236 267.7293 15.34361331  5762

1 53276U 22086AL  26262.91421353 -.00003783  00000+0 -10089-3 0  9990
2 53276  53.1601  16.1140 0001132  75.2828 284.8299 15.34398109230733

1 53277U 22086AM  26262.84470044 -.00001103  00000+0 -23795-4 0  9997
2 53277  53.1611  19.4103 0001336  91.6795 268.4359 15.31694551230687

1 53278U 22086AN  26262.35092310 -.00000506  00000+0 -45353-5 0  9991
2 53278  53.1608  21.2211 0001099  87.0720 273.0407 15.31700460230614

1 53280U 22086AQ  26262.19230308  .00008766  00000+0  18211-3 0  9992
2 53280  53.1629 337.1705 0001527  72.3808 287.7367 15.46517838231223

1 53282U 22086AS  26262.82000581  .00001160  00000+0  46596-4 0  9991
2 53282  53.1613  17.1369 0001043  92.5380 267.5742 15.33550959230714

1 53283U 22086AT  26262.81451517 -.00001396  00000+0 -29121-4 0  9998
2 53283  53.1620  17.2214 0001401 100.6923 259.4238 15.35385588230711

1 53285U 22086AV  26262.94006389  .00000441  00000+0  23537-4 0  9990
2 53285  53.1617  15.9947 0000997  81.0059 279.1056 15.35406140230735

1 53286U 22086AW  26262.98014247  .00002566  00000+0  94448-4 0  9996
2 53286  53.1612  18.2824 0001207  86.3109 273.8030 15.31687601230709

1 53287U 22086AX  26262.93090490  .00009411  00000+0  29616-3 0  9996
2 53287  53.1617  16.7232 0001242  89.8320 270.2824 15.33651842230727

1 53288U 22086AY  26263.03147676  .00000365  00000+0  21357-4 0  9992
2 53288  53.1608  15.8139 0001024  86.9359 273.1761 15.35395964230748

1 53289U 22086AZ  26262.92782654  .00001927  00000+0  68167-4 0  9996
2 53289  53.1614  12.0902 0000926  98.0304 262.0803 15.34385747230782

1 53290U 22086BA  26262.96529720  .00013455  00000+0  79793-3 0  9990
2 53290  53.2159  30.8864 0001145 108.6702 251.4416 15.11657187230538

1 53291U 22086BB  26263.00964242 -.00002804  00000+0 -69499-4 0  9990
2 53291  53.1608  11.8889 0001170  63.5789 296.5334 15.35398181230794

1 53292U 22086BC  26262.93312934  .00001882  00000+0  66820-4 0  9995
2 53292  53.1622  16.0523 0001072  76.7890 283.3232 15.34394169230739

1 53293U 22086BD  26263.02606572  .00004441  00000+0  14252-3 0  9996
2 53293  53.1602   7.6341 0001209  60.9490 299.1634 15.34391847230859

1 53294U 22086BE  26262.84148311 -.00000348  00000+0  92931-6 0  9994
2 53294  53.1593   9.6691 0000930  67.4784 292.6317 15.35400213230852

1 53388U 22097A   26262.79569316  .00000357  00000+0  21150-4 0  9998
2 53388  53.1613 325.6727 0001429  42.7557 317.3557 15.35400568228242

1 53389U 22097B   26262.80478948  .00000383  00000+0  21894-4 0  9995
2 53389  53.1623 325.0996 0000984  74.5532 285.5580 15.35397846228074

1 53390U 22097C   26262.83117050  .00000330  00000+0  20380-4 0  9995
2 53390  53.1602 325.2226 0001143  75.0961 285.0169 15.35392122228228

1 53391U 22097D   26262.78900181  .00001709  00000+0  66792-4 0  9993
2 53391  53.1590 322.2420 0001175  93.2658 266.8478 15.31710207228110

1 53392U 22097E   26263.14795178 -.00002278  00000+0 -61682-4 0  9990
2 53392  53.1608 320.9982 0001222 100.6902 259.4237 15.31686426228168

1 53393U 22097F   26263.15172613  .00000461  00000+0  24124-4 0  9995
2 53393  53.1608 323.0803 0001153  89.4363 270.6772 15.35398517228134

1 53394U 22097G   26262.83740241 -.00000523  00000+0 -51019-5 0  9993
2 53394  53.1612 310.6633 0001198  82.6984 277.4154 15.31703011228286

1 53395U 22097H   26262.64450910  .00000818  00000+0  38116-4 0  9991
2 53395  53.1608 322.8820 0001412  81.2840 278.8322 15.31702465227935

1 53396U 22097J   26262.89570144  .00000741  00000+0  32153-4 0  9991
2 53396  53.1617 325.2607 0001636 111.1476 248.9702 15.35388794227920

1 53397U 22097K   26263.19753334 -.00035514  00000+0 -10392-2 0  9997
2 53397  53.1608 323.4812 0002170  52.0784 308.0414 15.34567185227973

1 53398U 22097L   26263.13915095  .00001494  00000+0  53715-4 0  9992
2 53398  53.1606 323.3175 0001048  88.3608 271.7515 15.35404201227971

1 53399U 22097M   26262.86759823  .00005754  00000+0  18137-3 0  9998
2 53399  53.1599 324.3519 0001108  70.7348 289.3774 15.34389076227938

1 53400U 22097N   26263.19923839 -.00006176  00000+0 -16613-3 0  9996
2 53400  53.1601 323.0999 0001211 100.3594 259.7546 15.35427274227988

1 53401U 22097P   26263.16938588  .00000768  00000+0  34672-4 0  9996
2 53401  53.1606 323.4662 0001300  81.4951 278.6198 15.33551460227975

1 53402U 22097Q   26263.18231676 -.00000372  00000+0  11091-6 0  9997
2 53402  53.1642 319.5253 0001187  88.0240 272.0899 15.34385337228038

1 53403U 22097R   26261.18570230  .00000559  00000+0  29769-4 0  9993
2 53403  53.1622 329.6800 0001232  87.2132 272.9011 15.31699499227712

1 53404U 22097S   26262.86060450  .00000012  00000+0  12148-4 0  9995
2 53404  53.1596 309.7855 0001123  84.3492 275.7637 15.31697330228132

1 53405U 22097T   26263.16670139  .00036641  00000+0  10912-2 0  9993
2 53405  53.1597 322.9257 0001242  93.8163 293.6677 15.34373559  5884

1 53406U 22097U   26263.16821176  .00000203  00000+0  18299-4 0  9996
2 53406  53.1608 308.3493 0001130  64.7941 295.3177 15.31701727228188

1 53408U 22097W   26263.16670139  .00057594  00000+0  24875-2 0  9999
2 53408  53.1612 319.5181 0002058 112.7404 206.2012 15.21968946  5786

1 53409U 22097X   26262.64161314 -.00000216  00000+0  47273-5 0  9992
2 53409  53.1598 298.0751 0000946 116.1606 243.9494 15.34383909228288

1 53410U 22097Y   26263.16670139  .00051213  00000+0  21925-2 0  9997
2 53410  53.1596 319.2111 0001816  98.3812  35.6223 15.22323017  5786

1 53411U 22097Z   26263.16670139  .00050366  00000+0  23969-2 0  9996
2 53411  53.1589 319.7474 0001630 143.9622  34.3189 15.18697927  5737

1 53412U 22097AA  26263.16670139  .00093941  00000+0  31445-2 0  9991
2 53412  53.1608 318.8475 0000820  65.4293 316.2655 15.30194574  5737

1 53413U 22097AB  26263.18679678 -.00000228  00000+0  37815-5 0  9998
2 53413  53.1621 320.3287 0001006  85.4182 274.6924 15.08833036228010

1 53414U 22097AC  26263.12968178  .00009362  00000+0  28846-3 0  9998
2 53414  53.1594 309.5783 0000840  54.2180 305.8900 15.34332755228154

1 53415U 22097AD  26262.76738682  .00000392  00000+0  24404-4 0  9994
2 53415  53.1614 310.2257 0001454  72.7982 287.3178 15.31705298228097

1 53416U 22097AE  26263.16670139  .00058239  00000+0  24144-2 0  9994
2 53416  53.1612 319.0566 0001871  61.1547 308.8780 15.23354587  5844

1 53417U 22097AF  26263.16670139  .00055630  00000+0  20888-2 0  9998
2 53417  53.1609 318.8649 0001526  60.5782  11.8757 15.26687138  5783

1 53418U 22097AG  26262.71086943  .00000432  00000+0  23940-4 0  9997
2 53418  53.1601 297.0853 0001225  77.2526 282.8613 15.34389041228305

1 53419U 22097AH  26262.74729375  .00000618  00000+0  29443-4 0  9994
2 53419  53.1603 311.5738 0001233  75.3779 284.7360 15.34392662228077

1 53420U 22097AJ  26262.86018397 -.00001375  00000+0 -29572-4 0  9990
2 53420  53.1592 308.8783 0001487 120.6810 239.4339 15.34381297228127

1 53421U 22097AK  26262.75807066  .00000149  00000+0  16569-4 0  9996
2 53421  53.1604 310.2901 0001145  77.7931 282.3199 15.31704319228096

1 53422U 22097AL  26262.86229360 -.00000017  00000+0  10623-4 0  9994
2 53422  53.1592 308.9681 0001125  88.3278 271.7854 15.34384198228140

1 53423U 22097AM  26262.85985921  .00000041  00000+0  13078-4 0  9999
2 53423  53.1607 306.7369 0001221  86.8866 273.2275 15.31701582228152

1 53424U 22097AN  26262.80001495 -.00000720  00000+0 -11443-4 0  9990
2 53424  53.1592 310.0797 0001013  80.3067 279.8049 15.31698062228126

1 53425U 22097AP  26262.79004857 -.00000077  00000+0  92723-5 0  9999
2 53425  53.1593 307.7927 0001310  70.4379 289.6763 15.31699753228122

1 53426U 22097AQ  26262.60374770  .00000157  00000+0  15777-4 0  9995
2 53426  53.1603 297.8392 0001103  74.0645 286.0479 15.34388633228272

1 53429U 22097AT  26262.81778930  .00000154  00000+0  15339-4 0  9998
2 53429  53.1586 297.0400 0001251  90.6971 269.4175 15.35395025228303

1 53430U 22097AU  26262.40136126  .00000057  00000+0  12539-4 0  9991
2 53430  53.1598 298.7126 0001174  82.5770 277.5367 15.35401022228221

1 53431U 22097AV  26263.12969677 -.00005875  00000+0 -15741-3 0  9999
2 53431  53.1613 295.4427 0001009  55.8361 304.2737 15.35443914228353

1 53432U 22097AW  26262.66677925  .00000211  00000+0  17391-4 0  9991
2 53432  53.1580 297.5253 0001254  82.8328 277.2817 15.34390154228288

1 53433U 22097AX  26261.91674065 -.00000015  00000+0  10470-4 0  9995
2 53433  53.1595 307.0034 0001173  80.5326 279.5809 15.35399228228066

1 53435U 22097AZ  26262.65625607  .00000030  00000+0  12039-4 0  9996
2 53435  53.1586 297.4605 0001436  44.8886 315.2232 15.34392162228269

1 53436U 22097BA  26262.72187725  .00000363  00000+0  21322-4 0  9993
2 53436  53.1592 297.1551 0001307  81.3939 278.7212 15.35399980228296

1 53438U 22097BC  26262.12885821  .00000475  00000+0  25203-4 0  9997
2 53438  53.1603 299.8548 0001206  67.6323 292.4807 15.34390582228211

1 53439U 22097BD  26262.64783754 -.00000385  00000+0 -25240-6 0  9992
2 53439  53.1603 297.4033 0001172  71.2873 288.8257 15.34394429228298

1 53465U 22099A   26263.13164463  .00000946  00000+0  31636-4 0  9993
2 53465  97.2855  20.7341 0000808  88.0652 272.0683 15.33448142225476

1 53466U 22099B   26262.85915390  .00000558  00000+0  17731-4 0  9994
2 53466  97.4744  29.7188 0000675 144.8418 215.2871 15.36966666225755

1 53467U 22099C   26263.16670139  .01424126  00000+0  30006-1 0  9998
2 53467  97.5434  33.3710 0001471  91.9159  13.8912 15.42344856  5767

1 53468U 22099D   26263.16670139  .00074657  00000+0  37447-2 0  9995
2 53468  97.2850  17.0721 0000884 102.2184 216.2952 15.17013796  5579

1 53469U 22099E   26263.13436949  .00000832  00000+0  28103-4 0  9997
2 53469  97.2859  20.8625 0000911  99.5939 260.5406 15.33436432225496

1 53470U 22099F   26263.16670139  .00080229  00000+0  37882-2 0  9993
2 53470  97.2846  17.0612 0001825 113.3582 185.8590 15.19094675  5832

1 53471U 22099G   26262.56338675  .00000765  00000+0  26037-4 0  9992
2 53471  97.2851  20.2535 0000952  87.0583 273.0769 15.33436468225408

1 53472U 22099H   26263.16670139  .00697890  00000+0  33193-1 0  9993
2 53472  97.2855  17.0403 0001709  83.7509 173.0841 15.16760902  5829

1 53473U 22099J   26262.65916160 -.00009882  00000+0 -27128-3 0  9997
2 53473  97.4911  28.6266 0001544  78.9397 281.2020 15.37016565225667

1 53474U 22099K   26263.16670139  .00082093  00000+0  38134-2 0  9999
2 53474  97.2831  17.0935 0001219  36.4890  80.4670 15.19652663  5827

1 53475U 22099L   26263.16670139  .00688018  00000+0  13535-1 0  9996
2 53475  97.4960  30.4240 0001690  86.4521 263.3457 15.45024957  5609

1 53476U 22099M   26263.07179358  .00077453  00000+0  45702-2 0  9991
2 53476  97.2815  17.0717 0002308  73.1072 287.0412 15.11198980225225

1 53478U 22099P   26263.16670139  .00073246  00000+0  34413-2 0  9999
2 53478  97.2847  16.9801 0002496  81.9896  86.9498 15.19303277  5763

1 53479U 22099Q   26262.58513991  .00000575  00000+0  20126-4 0  9990
2 53479  97.2856  20.2036 0001372 103.6675 256.4720 15.33448323225406

1 53480U 22099R   26263.37485373  .00636865  23419-3  52604-3 0  9997
2 53480  97.6073  36.5202 0004811 319.6785  40.4142 16.14010744226198

1 53481U 22099S   26263.00003471  .00018233  00000+0  44851-3 0  9998
2 53481  97.5132  30.1783 0001530  83.0207 149.3715 15.40678494  5891

1 53482U 22099T   26263.16670139  .00742705  00000+0  36610-1 0  9997
2 53482  97.2842  17.0793 0001607  86.1016 335.2547 15.15331182  5823

1 53484U 22099V   26263.06367697  .00000928  00000+0  31072-4 0  9994
2 53484  97.2861  20.7624 0000957  96.8113 263.3238 15.33435885225482

1 53485U 22099W   26263.16670139  .00081211  00000+0  40452-2 0  9998
2 53485  97.2824  17.0603 0001931  73.1273 351.8473 15.17223411  5837

1 53486U 22099X   26261.34915196  .00000787  00000+0  24060-4 0  9990
2 53486  97.5001  29.1440 0000531  95.7266 264.4039 15.36966341225577

1 53487U 22099Y   26263.11534892 -.00000759  00000+0 -21184-4 0  9993
2 53487  97.2857  20.8253 0001556  99.0958 261.0461 15.33445126225490

1 53488U 22099Z   26263.12077873 -.00000557  00000+0 -14934-4 0  9997
2 53488  97.2859  20.8315 0001020  87.6178 272.5181 15.33438930225496

1 53489U 22099AA  26263.16670139  .00047135  00000+0  23261-2 0  9998
2 53489  97.2850  17.1287 0001870  88.3300 125.0859 15.17733429  5867

1 53490U 22099AB  26263.16670139  .00900832  36353-3  23195-2 0  9992
2 53490  97.6069  31.9766 0001693  75.1695 288.1430 15.95260056  5970

1 53491U 22099AC  26263.17163323 -.00056461  00000+0 -15762-2 0  9995
2 53491  97.4999  31.1199 0001120  70.7634 289.3731 15.36901526225860

1 53492U 22099AD  26263.14277773  .02587559  26031-5  53715-3 0  9994
2 53492  97.5891  33.9281 0009832 296.5859  63.4427 16.30972232226018

1 53494U 22099AF  26262.57698480  .00000497  00000+0  17723-4 0  9995
2 53494  97.2864  20.1750 0001254  89.6568 270.4818 15.33433011225409

1 53495U 22099AG  26263.16670139  .00077383  00000+0  36757-2 0  9997
2 53495  97.2846  17.0465 0001400  53.6705  76.0865 15.18902817  5827

1 53497U 22099AJ  26263.16670139  .00116940  00000+0  49218-2 0  9998
2 53497  97.2834  17.0494 0002114  76.8340  74.1217 15.22864274  5822

1 53498U 22099AK  26262.29420895  .00000328  00000+0  12497-4 0  9997
2 53498  97.2855  19.9293 0001229  98.9654 261.1728 15.33439420225364

1 53499U 22099AL  26263.16670139  .00446414  78093-4  14243-2 0  9994
2 53499  97.6009  32.6128 0001280  86.0673  71.3299 15.91085702  6001

1 53501U 22099AN  26263.08140635  .00000221  00000+0  84039-5 0  9995
2 53501  97.4899  30.3605 0000184  47.1171 313.0088 15.36968766225811

1 53502U 22099AP  26262.60778619 -.00001123  00000+0 -28829-4 0  9990
2 53502  97.4895  31.1329 0001011  87.7389 272.3971 15.36972198225824

1 53504U 22099AR  26262.16533677 -.00000277  00000+0 -53760-5 0  9998
2 53504  97.5087  29.7036 0000321 109.1425 250.9854 15.36966348225687

1 53505U 22099AS  26263.42944318  .00463251  11020-3  50785-3 0  9990
2 53505  97.6020  45.7128 0006476 253.8217 106.2353 16.09720763226788

1 53508U 22099AV  26262.12563257  .00000666  00000+0  22972-4 0  9995
2 53508  97.2854  19.8209 0001563  88.7570 271.3851 15.33434592225349

1 53509U 22099AW  26263.16670139  .00130763  00000+0  88002-3 0  9996
2 53509  97.6044  33.6959 0001425  73.1314   8.8566 15.74767905  5953

1 53528U 22101B   26263.06168877  .00000203  00000+0  30828-4 0  9990
2 53528  53.1602 280.8909 0001131  88.5925 271.5196 15.08840336225504

1 53529U 22101C   26262.65129658  .00015588  00000+0  77784-3 0  9992
2 53529  53.2124 275.6691 0002315  12.1380 347.9671 15.17694833225558

1 53530U 22101D   26263.06906685 -.00003510  00000+0 -20248-3 0  9990
2 53530  53.1608 281.0782 0001151  80.6550 279.4571 15.08854892225500

1 53531U 22101E   26263.00015494  .00000139  00000+0  16233-4 0  9996
2 53531  53.1584 270.1272 0001410  80.4610 279.6550 15.31700213225658

1 53532U 22101F   26262.75255785 -.00000275  00000+0  78940-6 0  9994
2 53532  53.1603 282.2849 0001166  79.8725 280.2397 15.08830216225469

1 53533U 22101G   26260.29692865  .00001006  00000+0  44183-4 0  9998
2 53533  53.1585 282.7900 0001060  81.9307 278.1815 15.31705293225244

1 53535U 22101J   26262.73570637 -.00058348  00000+0 -17001-2 0  9993
2 53535  53.1609 273.1396 0001466  82.8675 277.2495 15.34929966225594

1 53536U 22101K   26263.01584492 -.00003569  00000+0 -10321-3 0  9994
2 53536  53.1596 258.0314 0001242  92.9346 267.1797 15.31723515225829

1 53537U 22101L   26263.05267618  .00002585  00000+0  87630-4 0  9990
2 53537  53.1604 271.5261 0001215  75.7813 284.3325 15.34397103225640

1 53539U 22101N   26262.64923374  .00000383  00000+0  22464-4 0  9992
2 53539  53.1608 273.3497 0001033 101.5026 258.6093 15.34389853225581

1 53540U 22101P   26263.01944260 -.00000207  00000+0  51141-5 0  9994
2 53540  53.1599 271.4375 0001281  82.3070 277.8067 15.08830380226320

1 53541U 22101Q   26262.73415392 -.00000160  00000+0  80095-5 0  9990
2 53541  53.1610 282.3647 0001032  82.9471 277.1638 15.08834250226151

1 53542U 22101R   26263.01162007  .00000356  00000+0  21671-4 0  9995
2 53542  53.1573 256.0412 0001198  84.4076 275.7064 15.34389799226541

1 53543U 22101S   26262.98845846  .00000035  00000+0  12178-4 0  9996
2 53543  53.1595 255.8133 0001296  86.2761 273.8390 15.34390753226546

1 53544U 22101T   26262.59977076  .00002776  00000+0  93316-4 0  9992
2 53544  53.1592 257.8161 0001387  87.2180 272.8981 15.34378380226462

1 53545U 22101U   26263.00740742 -.00001433  00000+0 -31316-4 0  9991
2 53545  53.1592 255.9730 0001168  83.8617 276.2519 15.34381688226547

1 53546U 22101V   26262.96316721 -.00000027  00000+0  10352-4 0  9996
2 53546  53.1619 245.8941 0001483  95.0123 265.1049 15.34387638225991

1 53547U 22101W   26262.54514918  .00002455  00000+0  83774-4 0  9993
2 53547  53.1593 258.1462 0001385  82.6284 277.4876 15.34399832226454

1 53548U 22101X   26262.69460173  .00000283  00000+0  35861-4 0  9994
2 53548  53.1599 272.5435 0001299  70.3542 289.7590 15.08831969225592

1 53551U 22101AA  26262.38601338  .00012194  00000+0  37214-3 0  9991
2 53551  53.1600 262.9115 0001867  86.6240 273.4976 15.34340616226360

1 53552U 22101AB  26262.74979994  .00000398  00000+0  43132-4 0  9998
2 53552  53.1603 272.2953 0001283  83.8697 276.2440 15.08829753226255

1 53553U 22101AC  26262.67618282  .00000256  00000+0  34195-4 0  9993
2 53553  53.1601 272.5002 0001235  76.0478 284.0651 15.08831057226251

1 53554U 22101AD  26262.54469449 -.00000240  00000+0  30273-5 0  9997
2 53554  53.1610 273.2291 0001152  95.6975 264.4148 15.08814078225578

1 53555U 22101AE  26263.01843588  .00000627  00000+0  57512-4 0  9993
2 53555  53.1603 271.0878 0001153  74.8872 285.2246 15.08836514226305

1 53556U 22101AF  26262.73507777  .00000041  00000+0  20664-4 0  9997
2 53556  53.1598 272.3615 0001164  77.1565 282.9557 15.08829383225606

1 53557U 22101AG  26263.01108242  .00000373  00000+0  41530-4 0  9997
2 53557  53.1601 271.1199 0001190  76.2099 283.9025 15.08830469226291

1 53558U 22101AH  26263.01373159  .00000677  00000+0  31164-4 0  9998
2 53558  53.1590 256.1322 0001213  87.0108 273.1033 15.34392604226515

1 53560U 22101AK  26262.70676020  .00000483  00000+0  27343-4 0  9998
2 53560  53.1586 253.4889 0001261  73.9158 286.1982 15.31696684225869

1 53561U 22101AL  26262.71373517  .00000951  00000+0  39294-4 0  9993
2 53561  53.1586 261.0449 0001235  88.2228 271.8916 15.34391663225764

1 53562U 22101AM  26262.98421204  .00000688  00000+0  31508-4 0  9997
2 53562  53.1578 246.0502 0001239  98.0172 262.0971 15.34391268226653

1 53563U 22101AN  26262.98210633  .00000898  00000+0  37704-4 0  9997
2 53563  53.1585 246.0332 0001237  90.1048 270.0096 15.34392642225996

1 53564U 22101AP  26262.60391415 -.00002688  00000+0 -68454-4 0  9992
2 53564  53.1586 247.9370 0001334  85.5808 274.5347 15.34400252225939

1 53565U 22101AQ  26262.92328495  .00000317  00000+0  20532-4 0  9996
2 53565  53.1562 246.3759 0001087  96.9865 263.1261 15.34388678226647

1 53566U 22101AR  26262.66484774  .00000392  00000+0  22749-4 0  9996
2 53566  53.1578 247.6117 0001261  87.9619 272.1528 15.34384075226630

1 53567U 22101AS  26262.97709617  .00000434  00000+0  25750-4 0  9999
2 53567  53.1580 252.3307 0001276  80.8885 279.2260 15.31701477225907

1 53568U 22101AT  26262.68377880 -.00000092  00000+0  84260-5 0  9994
2 53568  53.1586 247.7244 0001325  94.3504 265.7650 15.34384104226636

1 53569U 22101AU  26262.93801155  .00000014  00000+0  11553-4 0  9997
2 53569  53.1585 246.4676 0001336  85.3073 274.8082 15.34386251226651

1 53570U 22101AV  26262.94544984  .00000883  00000+0  38172-4 0  9994
2 53570  53.1604 246.5185 0001141 101.9640 258.1491 15.33546957226671

1 53571U 22101AW  26262.55561069  .00000124  00000+0  14800-4 0  9995
2 53571  53.1590 248.3490 0001247  88.0726 272.0419 15.34387043226611

1 53572U 22101AX  26262.58287469 -.00000751  00000+0 -11106-4 0  9992
2 53572  53.1591 247.8074 0001254  82.2094 277.9051 15.34387165225932

1 53574U 22101AZ  26263.11027154  .00000189  00000+0  16730-4 0  9998
2 53574  53.1585 245.4101 0001310  89.4952 270.6200 15.34391172226016

1 53575U 22101BA  26262.57655975 -.00000192  00000+0  54455-5 0  9998
2 53575  53.1587 247.7701 0001173  69.8190 290.2938 15.34397142226629

1 53576U 22101BB  26262.58092461  .00000300  00000+0  21448-4 0  9990
2 53576  53.1587 254.1175 0001221  77.2865 282.8273 15.31700284226668

1 53577U 22101BC  26262.51352738  .00000535  00000+0  26983-4 0  9999
2 53577  53.1596 248.0845 0001237  82.4729 277.6414 15.34392486226741

1 53578U 22101BD  26262.45681212 -.00000215  00000+0  47780-5 0  9990
2 53578  53.1580 248.4419 0001208  85.8228 274.2913 15.34388128225918

1 53579U 22101BE  26262.67536071  .00000666  00000+0  30849-4 0  9993
2 53579  53.1587 247.6707 0001286  94.0076 266.1074 15.34390778225941

1 53588U 22104A   26262.94250958 -.00000087  00000+0  84201-5 0  9993
2 53588  53.1612  87.0059 0000995 106.2283 253.8830 15.35398172225487

1 53589U 22104B   26263.04177074  .00000746  00000+0  33225-4 0  9993
2 53589  53.1611  75.6670 0001036  88.5999 271.5122 15.34390117225506

1 53590U 22104C   26262.90942977  .00000542  00000+0  29228-4 0  9993
2 53590  53.1619  54.7854 0001157  83.7504 276.3629 15.31703404225814

1 53591U 22104D   26263.13755691  .00004009  00000+0  12577-3 0  9995
2 53591  53.1591  77.6607 0000852  87.3036 272.8064 15.35401381225508

1 53592U 22104E   26263.18373541  .00000127  00000+0  14534-4 0  9994
2 53592  53.1597  75.1327 0001132  91.7439 268.3693 15.35400998225528

1 53595U 22104H   26262.92496285  .00000730  00000+0  35282-4 0  9992
2 53595  53.1595  78.4794 0001189  87.6390 272.4748 15.31700773225454

1 53598U 22104L   26263.16670139  .00045361  00000+0  17300-2 0  9992
2 53598  53.1591  87.4640 0002224  73.1393  38.9123 15.26261487  5846

1 53600U 22104N   26262.93942642  .00001072  00000+0  42882-4 0  9997
2 53600  53.1620  78.5443 0001503  87.3809 272.7365 15.34388369225122

1 53601U 22104P   26263.06120619  .00000973  00000+0  38795-4 0  9992
2 53601  53.1600  75.7851 0001164  88.9319 271.1817 15.35396767225171

1 53602U 22104Q   26263.10058536  .00000738  00000+0  32987-4 0  9992
2 53602  53.1604  75.2669 0001169  83.7007 276.4128 15.34390740225188

1 53603U 22104R   26263.16670139  .00001762  00000+0  11935-3 0  9995
2 53603  53.1596  85.5684 0003043 141.9394 173.8521 15.11757699  5738

1 53604U 22104S   26262.98925273  .00000631  00000+0  29814-4 0  9997
2 53604  53.1605  75.9913 0001216  90.4725 269.6417 15.34385354225163

1 53606U 22104U   26262.88097925  .00001171  00000+0  45779-4 0  9990
2 53606  53.1609  70.3213 0000504  84.8368 275.2692 15.34397424225114

1 53607U 22104V   26263.19195418  .00001003  00000+0  40843-4 0  9993
2 53607  53.1610  68.7946 0001297  84.0476 276.0674 15.34387782225286

1 53608U 22104W   26263.11427578  .00000256  00000+0  18719-4 0  9997
2 53608  53.1588  69.6413 0001353  88.8800 271.2357 15.34385455225141

1 53609U 22104X   26262.93351465  .00000421  00000+0  23608-4 0  9995
2 53609  53.1598  70.0245 0001023 100.1369 259.9749 15.34389391225246

1 53610U 22104Y   26262.79839275  .00000075  00000+0  14186-4 0  9997
2 53610  53.1597  76.1403 0001084  93.2250 266.8876 15.31699744225025

1 53612U 22104AA  26263.18622813  .00001011  00000+0  39881-4 0  9991
2 53612  53.1609  69.3743 0001201  92.4714 267.6426 15.35392858225153

1 53613U 22104AB  26263.05914274 -.00000755  00000+0 -10747-4 0  9999
2 53613  53.1603  70.0048 0001220  87.4402 272.6740 15.35395379225138

1 53616U 22104AE  26262.94924884  .00000684  00000+0  31373-4 0  9994
2 53616  53.1610  64.0774 0001069  84.1391 275.9733 15.34392937225314

1 53619U 22104AH  26263.10586097  .00001956  00000+0  69035-4 0  9995
2 53619  53.1619  69.5808 0000954  84.0830 276.0281 15.34388267225145

1 53620U 22104AJ  26263.17309913  .00004018  00000+0  13007-3 0  9993
2 53620  53.1599  69.2903 0000904  83.2887 276.8219 15.34375930225260

1 53621U 22104AK  26263.09954994  .00001443  00000+0  53838-4 0  9996
2 53621  53.1604  69.5476 0001214  76.1859 283.9279 15.34401399225142

1 53622U 22104AL  26262.87888527  .00000494  00000+0  25756-4 0  9993
2 53622  53.1611  70.3037 0001204  84.5992 275.5148 15.34393417225226

1 53623U 22104AM  26263.06182818  .00000613  00000+0  31526-4 0  9991
2 53623  53.1605  65.8171 0001593 115.3009 244.8157 15.31701822225309

1 53624U 22104AN  26263.06649510  .00000272  00000+0  20538-4 0  9991
2 53624  53.1605  65.8449 0001231  81.3050 278.8090 15.31704134225307

1 53626U 22104AQ  26262.87213315  .00001198  00000+0  47770-4 0  9996
2 53626  53.1610  70.9757 0001135  85.1245 274.9887 15.33544913225226

1 53627U 22104AR  26263.01546926  .00000493  00000+0  25713-4 0  9991
2 53627  53.1610  69.7321 0000942  80.1927 279.9182 15.34393606225255

1 53628U 22104AS  26262.83065731  .00001366  00000+0  50054-4 0  9997
2 53628  53.1610  70.7096 0001201  89.4756 270.6385 15.35407539225220

1 53629U 22104AT  26263.15836938  .00000935  00000+0  38804-4 0  9999
2 53629  53.1613  69.2002 0000957  81.9686 278.1425 15.34395793225270

1 53630U 22104AU  26263.16670139  .01287311  00000+0  20500-1 0  9998
2 53630  53.1605  58.6175 0001398  80.0788 256.3394 15.49864692  5903

1 53631U 22104AV  26262.96041979  .00000913  00000+0  37061-4 0  9993
2 53631  53.1600  70.1003 0001119  90.3884 269.7247 15.35403023225248

1 53632U 22104AW  26261.98019019  .00000324  00000+0  20208-4 0  9996
2 53632  53.1606  68.8813 0001197  94.3530 265.7610 15.35397544225505

1 53633U 22104AX  26262.99968216  .00000426  00000+0  23736-4 0  9993
2 53633  53.1609  63.8685 0001115  69.0394 291.0728 15.34392192225334

1 53634U 22104AY  26263.16670139 -.00013682  00000+0 -39453-3 0  9990
2 53634  53.1597  63.0663 0001162  82.8011 132.0295 15.34399169  5767

1 53636U 22104BA  26263.05431159 -.00001365  00000+0 -29302-4 0  9995
2 53636  53.1629  63.5032 0001636  60.8287 299.2879 15.34374971225679

1 53637U 22104BB  26263.17191388  .00000398  00000+0  22316-4 0  9997
2 53637  53.1610  63.5115 0001139  88.2573 271.8561 15.35395830225685

1 53638U 22104BC  26263.07400774  .00002067  00000+0  70157-4 0  9990
2 53638  53.1599  63.6207 0001122  89.0296 271.0835 15.35398203225670

1 53639U 22104BD  26263.16670139  .01256486  00000+0  34608-1 0  9990
2 53639  53.1856  38.2738 0001420 122.2729  86.8134 15.33902201  5853

1 53640U 22104BE  26263.14047463  .00000398  00000+0  22894-4 0  9993
2 53640  53.1579  63.3245 0000811 142.2936 217.8123 15.34398281225681

1 53641U 22104BF  26263.04637603  .00000855  00000+0  39297-4 0  9997
2 53641  53.1595  59.9453 0001332  92.8886 267.2268 15.31704885225727

1 53648U 22105A   26263.11970073  .00000279  00000+0  23221-4 0  9994
2 53648  97.2855 136.9767 0002220  85.4936 274.6545 15.05653318222493

1 53649U 22105B   26263.15156096  .00435505  92887-4  56567-3 0  9991
2 53649  97.5806 155.6096 0002573 160.0262 200.1121 16.07085409223374

1 53650U 22105C   26263.12246845  .00000877  00000+0  64642-4 0  9997
2 53650  97.2858 136.9626 0002003  86.6228 273.5229 15.05651781222487

1 53651U 22105D   26262.94910939  .00000611  00000+0  19225-4 0  9992
2 53651  97.5220 152.4847 0002031  91.3599 268.7877 15.36966592223172

1 53652U 22105E   26263.16670139  .00024504  00000+0  13330-2 0  9999
2 53652  97.2847 137.0448 0001619 112.1889 259.0629 15.14448032  5778

1 53653U 22105F   26263.49309137  .00461692  10691-3  55481-3 0  9991
2 53653  97.5874 154.8338 0002114 161.6505 198.4853 16.08329189223358

1 53654U 22105G   26262.11057984  .00002396  00000+0  76561-4 0  9994
2 53654  97.2848 138.8619 0001739  96.0331 264.1110 15.33428587222525

1 53655U 22105H   26262.42239560  .00013141  00000+0  36629-3 0  9991
2 53655  97.4944 150.8443 0001971  98.0930 262.0538 15.36903842223032

1 53656U 22105J   26263.11416106  .00000141  00000+0  13703-4 0  9997
2 53656  97.2847 136.9461 0001863  76.5798 283.5637 15.05653628222487

1 53658U 22105L   26263.11114170  .00000511  00000+0  18172-4 0  9991
2 53658  97.2821 139.7923 0001406  90.1420 269.9984 15.33437596222671

1 53660U 22105N   26263.10585618 -.00000447  00000+0 -27072-4 0  9991
2 53660  97.2842 136.9447 0002163  75.6681 284.4787 15.05651078222489

1 53661U 22105P   26262.47171866  .00001475  00000+0  10606-3 0  9991
2 53661  97.2857 136.2848 0001517  70.3858 289.7534 15.05668753222389

1 53662U 22105Q   26262.15696631  .00019042  00000+0  51000-3 0  9991
2 53662  97.4940 149.8225 0002610  74.5373 285.6159 15.38059011222955

1 53663U 22105R   26261.12085402  .00000015  00000+0  27889-5 0  9996
2 53663  97.2847 137.8976 0002110  88.6817 271.4668 15.33437330222377

1 53664U 22105S   26263.12473500  .00001054  00000+0  34976-4 0  9997
2 53664  97.2849 139.8968 0001651  90.2215 269.9217 15.33439473222689

1 53665U 22105T   26263.16670139  .01405756  00000+0  24378-1 0  9999
2 53665  97.5165 151.7301 0001807  89.5335 230.6763 15.48153741  5918

1 53667U 22105V   26263.16670139  .00161028  00000+0  15220-2 0  9998
2 53667  97.5980 151.4182 0001675  98.8261 340.8379 15.66485469  5858

1 53668U 22105W   26263.16670139  .01363181  00000+0  25216-1 0  9999
2 53668  97.5017 151.6163 0001829 104.9400 342.0499 15.46352681  5917

1 53669U 22105X   26263.16670139  .00290060  37193-4  57965-3 0  9990
2 53669  97.5850 154.6288 0003733 148.6599 226.3687 15.99807416  6052

1 53670U 22105Y   26262.96975986  .00000040  00000+0  35685-5 0  9993
2 53670  97.2849 139.6368 0002053  93.5854 266.5623 15.33434460222652

1 53671U 22105Z   26262.46341832 -.00000512  00000+0 -31566-4 0  9995
2 53671  97.2859 136.2614 0002204  77.4006 282.7468 15.05662310222382

1 53672U 22105AA  26262.96462819 -.00000414  00000+0 -24764-4 0  9993
2 53672  97.2833 136.7930 0002033  80.3643 279.7814 15.05651940222468

1 53674U 22105AC  26262.90370404 -.00001274  00000+0 -84372-4 0  9993
2 53674  97.2837 136.7178 0002013  85.8747 274.2710 15.05659580222453

1 53675U 22105AD  26263.16823913  .00001180  00000+0  38886-4 0  9994
2 53675  97.2844 139.9610 0001722  91.0338 269.1102 15.33437055222695

1 53676U 22105AE  26261.88744943  .00000193  00000+0  17262-4 0  9995
2 53676  97.2890 135.7946 0002033  78.3823 281.7632 15.05648487222304

1 53677U 22105AF  26262.09696626  .00001171  00000+0  38608-4 0  9998
2 53677  97.2847 138.8239 0001550  97.0406 263.1013 15.33434307222520

1 53679U 22105AH  26263.08668758  .00003886  00000+0  12270-3 0  9996
2 53679  97.2838 139.7678 0001437  87.7140 272.4267 15.33429302222673

1 53680U 22105AJ  26262.43956021 -.00000439  00000+0 -11281-4 0  9994
2 53680  97.2846 139.2485 0001895  91.3917 268.7543 15.33431183222581

1 53682U 22105AL  26263.06220235  .00000585  00000+0  20439-4 0  9992
2 53682  97.2846 139.7718 0001864  84.5938 275.5517 15.33437507222673

1 53683U 22105AM  26262.47726632  .00000017  00000+0  50737-5 0  9994
2 53683  97.2861 136.3623 0001565  81.5179 278.6226 15.05656377222398

1 53684U 22105AN  26262.48003254  .00000270  00000+0  22629-4 0  9993
2 53684  97.2844 136.3130 0002136  90.9626 269.1846 15.05655680222365

1 53685U 22105AP  26263.11692817 -.00000665  00000+0 -42178-4 0  9995
2 53685  97.2851 136.8612 0002314  72.9773 287.1708 15.05658166222487

1 53686U 22105AQ  26263.10861329  .00001267  00000+0  91676-4 0  9995
2 53686  97.2843 136.8653 0002575  82.0087 278.1433 15.05660169222484

1 53687U 22105AR  26263.11929814  .00001684  00000+0  54477-4 0  9992
2 53687  97.2844 139.8467 0001758  88.6876 271.4568 15.33438765222685

1 53688U 22105AS  26262.95909330  .00000094  00000+0  10420-4 0  9999
2 53688  97.2837 136.7495 0002016  67.3582 292.7859 15.05649327222463

1 53690U 22105AU  26262.08405292 -.00000043  00000+0  94146-6 0  9998
2 53690  97.2851 135.9484 0001898  82.0213 278.1230 15.05657947222337

1 53691U 22105AV  26263.16280235  .00000346  00000+0  13062-4 0  9998
2 53691  97.2848 139.9251 0001721  90.8956 269.2484 15.33435432222691

1 53692U 22105AW  26263.15752927  .00027324  00000+0  88359-3 0  9995
2 53692  97.5936 153.6811 0002451  92.0224 268.1297 15.32042052223222

1 53693U 22105AX  26263.10571755 -.00001219  00000+0 -35460-4 0  9992
2 53693  97.2833 139.8433 0002093  70.1745 289.9723 15.33420039222689

1 53700U 22107A   26263.13666709  .00002062  00000+0  69981-4 0  9990
2 53700  53.1626  87.4117 0000996  63.1602 296.9503 15.35407480224256

1 53701U 22107B   26263.10658703  .00000729  00000+0  31805-4 0  9995
2 53701  53.1633  87.2279 0001327  92.3057 267.8098 15.35399210224256

1 53702U 22107C   26263.17805678 -.00008234  00000+0 -22516-3 0  9997
2 53702  53.1602  63.5800 0001240  79.6931 280.4212 15.35433825224624

1 53703U 22107D   26263.11383551  .00001420  00000+0  53162-4 0  9993
2 53703  53.1610  87.2757 0001190  84.9940 275.1199 15.34392757224252

1 53704U 22107E   26262.21186889  .00000337  00000+0  22612-4 0  9991
2 53704  53.1594  81.7800 0001098  94.0371 266.0756 15.31699812224098

1 53705U 22107F   26262.91955524 -.00000460  00000+0 -22794-5 0  9990
2 53705  53.1602  88.1964 0000778  80.8487 279.2604 15.35398941224222

1 53706U 22107G   26263.16670139  .01121043  00000+0  30699-1 0  9994
2 53706  53.1599  87.2233 0001449 112.1281  83.7118 15.33944124  5801

1 53707U 22107H   26263.17827399  .00007131  00000+0  22210-3 0  9990
2 53707  53.1597  62.8797 0001054  88.1827 271.9296 15.34383428224608

1 53708U 22107J   26263.07601574  .00000373  00000+0  21588-4 0  9994
2 53708  53.1591  64.3687 0001010  95.6668 264.4450 15.35396227224573

1 53709U 22107K   26261.98857803  .00000889  00000+0  36386-4 0  9995
2 53709  53.1598  91.0357 0001237  79.6325 280.4817 15.35394571223793

1 53711U 22107M   26263.05763109 -.00000720  00000+0 -10181-4 0  9994
2 53711  53.1587  79.9962 0000966 108.0104 252.1004 15.34383348224043

1 53712U 22107N   26262.88641832 -.00000080  00000+0  87657-5 0  9994
2 53712  53.1581  86.6992 0000914 104.7435 255.3668 15.34385862223952

1 53715U 22107R   26263.15958936  .00000351  00000+0  21527-4 0  9997
2 53715  53.1606  85.5988 0001292  78.8326 281.2822 15.34384668223982

1 53716U 22107S   26262.96254491  .00000551  00000+0  27437-4 0  9999
2 53716  53.1596  87.9033 0001133  97.1119 263.0013 15.34386063223921

1 53718U 22107U   26263.11899927 -.00001828  00000+0 -47128-4 0  9997
2 53718  53.1590  89.5634 0001247  89.1333 270.9811 15.31709810223915

1 53719U 22107V   26263.09847505  .00002238  00000+0  77387-4 0  9994
2 53719  53.1604  63.6861 0001244  89.7131 270.4014 15.34387110224285

1 53720U 22107W   26263.12172578  .00002919  00000+0  97508-4 0  9994
2 53720  53.1584  85.3646 0001057  89.2810 270.8314 15.34390468223980

1 53721U 22107X   26262.97097875  .00000686  00000+0  31454-4 0  9990
2 53721  53.1604  87.9590 0001216  92.2556 267.8586 15.34371178223937

1 53722U 22107Y   26262.89951198  .00000983  00000+0  40229-4 0  9999
2 53722  53.1607  88.2228 0001190  94.1340 265.9798 15.34388793223919

1 53723U 22107Z   26262.92247440  .00000293  00000+0  19304-4 0  9996
2 53723  53.1584  88.3652 0001069  80.3890 279.7234 15.35399296224064

1 53724U 22107AA  26262.98257704  .00000291  00000+0  19238-4 0  9991
2 53724  53.1592  86.6214 0001169  83.6860 276.4276 15.35397170223959

1 53726U 22107AC  26262.89530632  .00000916  00000+0  38263-4 0  9990
2 53726  53.1597  88.2020 0001237  83.8541 276.2603 15.34385036223929

1 53727U 22107AD  26263.09703257  .00000440  00000+0  24155-4 0  9996
2 53727  53.1605  87.3236 0001264  90.9159 269.1989 15.34384955224099

1 53728U 22107AE  26263.10487975 -.00002149  00000+0 -52500-4 0  9990
2 53728  53.1600  85.2637 0001215  93.2636 266.8505 15.34396049224128

1 53729U 22107AF  26263.06845546 -.00007819  00000+0 -21387-3 0  9995
2 53729  53.1607  92.0766 0001376  62.2667 297.8476 15.35341634224057

1 53730U 22107AG  26263.05447260  .00000003  00000+0  11211-4 0  9999
2 53730  53.1596  85.6624 0001156  82.7876 277.3258 15.34390781224116

1 53731U 22107AH  26262.94124514  .00008678  00000+0  40457-3 0  9990
2 53731  53.2138  91.2541 0004177  47.7921 312.3430 15.20651888224068

1 53732U 22107AJ  26262.22874913  .00000789  00000+0  34509-4 0  9994
2 53732  53.1600  89.7535 0001176  92.2826 267.8311 15.34386321223986

1 53733U 22107AK  26262.94614837  .00000099  00000+0  14342-4 0  9998
2 53733  53.1600  86.4084 0001155  87.5926 272.5209 15.33545840224123

1 53734U 22107AL  26262.95842367  .00000620  00000+0  29487-4 0  9997
2 53734  53.1610  88.5858 0001117  93.7128 266.4002 15.34392169224092

1 53735U 22107AM  26262.97679177  .00001090  00000+0  43414-4 0  9995
2 53735  53.1596  95.8784 0001128  92.2564 267.8567 15.34386377223998

1 53736U 22107AN  26262.95032115 -.00000961  00000+0 -16661-4 0  9991
2 53736  53.1591  86.4256 0001175  83.9283 276.1854 15.35392676224129

1 53738U 22107AQ  26263.12810184  .00000386  00000+0  22575-4 0  9993
2 53738  53.1594  95.3905 0001279  91.2839 268.8311 15.34385307224003

1 53740U 22107AS  26263.16670139  .00281312  00000+0  20394-2 0  9999
2 53740  53.1591  88.9303 0001060  80.3266  39.4156 15.72050665  6010

1 53742U 22107AU  26262.98941898  .00002194  00000+0  76097-4 0  9995
2 53742  53.1601  95.9552 0001327  85.9780 274.1374 15.34381570224142

1 53743U 22107AV  26262.92638346  .00000395  00000+0  22817-4 0  9993
2 53743  53.1591  96.2692 0001188  90.7196 269.3943 15.34387831224133

1 53744U 22107AW  26263.10796808  .00000535  00000+0  29003-4 0  9993
2 53744  53.1601 101.6033 0001224  89.1007 271.0135 15.31704438224079

1 53745U 22107AX  26263.12599997  .00000608  00000+0  29126-4 0  9993
2 53745  53.1598  95.3811 0001141  99.5444 260.5687 15.34387326224167

1 53746U 22107AY  26263.10083948  .00000750  00000+0  33321-4 0  9996
2 53746  53.1598  95.9391 0000927 108.7127 251.3976 15.34392369224150

1 53750U 22107BC  26262.90955513  .00000187  00000+0  16661-4 0  9996
2 53750  53.1591  96.1696 0001140  89.2023 270.9110 15.34385853224141

1 53773U 22111A   26263.16842361 -.00000031  00000+0  10751-4 0  9994
2 53773  53.1602 120.0317 0001197  90.8345 269.2793 15.31701980223353

1 53774U 22111B   26263.17309117 -.00001793  00000+0 -46043-4 0  9993
2 53774  53.1590 120.0586 0001139 113.6684 246.4437 15.31696319223210

1 53775U 22111C   26263.12354278  .00000567  00000+0  30047-4 0  9990
2 53775  53.1600 108.3939 0001249  86.4910 273.6234 15.31704515223221

1 53777U 22111E   26263.16670139  .00060805  00000+0  20530-2 0  9998
2 53777  53.1593 117.8816 0000555 110.7349 191.5501 15.30126381  5792

1 53778U 22111F   26262.94780259  .00000946  00000+0  42237-4 0  9999
2 53778  53.1599 114.4025 0001208  90.0207 270.0933 15.31702363223125

1 53779U 22111G   26263.17936189 -.00000178  00000+0  60165-5 0  9990
2 53779  53.1595 107.3209 0001339  87.0999 273.0156 15.31702077223241

1 53780U 22111H   26263.19073689 -.00000659  00000+0 -83661-5 0  9992
2 53780  53.1608 115.1007 0001288  85.2255 274.8894 15.34391328223131

1 53781U 22111J   26263.16670139  .01190561  00000+0  32617-1 0  9995
2 53781  53.1605 117.4795 0001883  86.5936  59.7531 15.34221869  5744

1 53783U 22111L   26263.14707076  .00001024  00000+0  40256-4 0  9991
2 53783  53.1604 117.6395 0001114  89.8834 270.2297 15.35405358223090

1 53784U 22111M   26263.17469263 -.00000347  00000+0  58444-6 0  9996
2 53784  53.1589 107.2932 0001215  83.1104 277.0036 15.31704857223249

1 53787U 22111Q   26263.09087243  .00000397  00000+0  24547-4 0  9993
2 53787  53.1591 108.1801 0001319  88.9892 271.1261 15.31695843223229

1 53789U 22111S   26263.12769433  .00004291  00000+0  13814-3 0  9998
2 53789  53.1588 115.4135 0001217  86.8083 273.3059 15.34382183223114

1 53790U 22111T   26263.12502424  .00018315  00000+0  18928-3 0  9998
2 53790  53.1575 101.9511 0001162  83.7669 276.3479 15.64849421223312

1 53792U 22111V   26262.95103499 -.00004949  00000+0 -14769-3 0  9998
2 53792  53.1596 108.7207 0000870 111.7675 248.3419 15.31725202223191

1 53793U 22111W   26263.13278307  .00000425  00000+0  25474-4 0  9990
2 53793  53.1594 107.7307 0001599  89.3591 270.7594 15.31703125223223

1 53794U 22111X   26262.87645047  .00000264  00000+0  20273-4 0  9993
2 53794  53.1590 108.9757 0001242  94.6474 265.4669 15.31701773223182

1 53795U 22111Y   26263.15155501  .00004916  00000+0  17021-3 0  9991
2 53795  53.1590 108.5474 0001213  96.3622 263.7517 15.31677219223211

1 53797U 22111AA  26263.14212306  .00000126  00000+0  15818-4 0  9991
2 53797  53.1602 107.7936 0001175  93.8744 266.2392 15.31699786223217

1 53798U 22111AB  26263.18404544  .00000199  00000+0  18189-4 0  9997
2 53798  53.1590 107.3424 0001333  84.4158 275.6995 15.31697892223223

1 53799U 22111AC  26263.14688681  .00000727  00000+0  33440-4 0  9994
2 53799  53.1594  95.7189 0001165  79.9919 280.1215 15.33553875223380

1 53800U 22111AD  26262.89735141  .00040757  00000+0  35017-3 0  9990
2 53800  53.2063  16.5918 0001988  73.8624 286.2613 15.68965766224480

1 53801U 22111AE  26263.15117874 -.00000586  00000+0 -62148-5 0  9993
2 53801  53.1603  95.0437 0001284  84.7704 275.3445 15.34385711223397

1 53802U 22111AF  26263.15328277  .00000404  00000+0  23101-4 0  9997
2 53802  53.1583  95.0515 0000911  72.4206 287.6896 15.34397620223397

1 53803U 22111AG  26262.94783491  .00000728  00000+0  32672-4 0  9999
2 53803  53.1614  87.9622 0001122  86.4839 273.6292 15.34389924223476

1 53804U 22111AH  26263.10231544  .00000769  00000+0  33906-4 0  9992
2 53804  53.1606  93.2492 0001231  88.4989 271.6155 15.34386141223410

1 53805U 22111AJ  26262.88918887  .00000417  00000+0  25222-4 0  9991
2 53805  53.1586  84.7946 0001295  98.9793 261.1355 15.31689729223518

1 53806U 22111AK  26262.94076169 -.00000897  00000+0 -14816-4 0  9998
2 53806  53.1605  88.6088 0001224  72.6001 287.5135 15.35395640223466

1 53819U 22114B   26263.14479855  .00000517  00000+0  28426-4 0  9996
2 53819  53.1595 137.4798 0001660  97.0594 263.0596 15.31702726222373

1 53820U 22114C   26263.15074740  .00000300  00000+0  19547-4 0  9997
2 53820  53.1596 141.7066 0002949 116.5020 243.6285 15.35412178222310

1 53823U 22114F   26262.99725410 -.00002773  00000+0 -71008-4 0  9996
2 53823  53.1597  93.7193 0001181  83.8396 276.2742 15.34380500222974

1 53824U 22114G   26262.93375490  .00000714  00000+0  31387-4 0  9997
2 53824  53.1613 142.4993 0001215  80.6588 279.4552 15.35398065222194

1 53825U 22114H   26263.18708282  .00000903  00000+0  36790-4 0  9998
2 53825  53.1597 141.2248 0001285  89.9117 270.2033 15.35392562222327

1 53826U 22114J   26263.18985051  .00006552  00000+0  20459-3 0  9990
2 53826  53.1604 141.2440 0001903 190.2667 169.8297 15.34448582222322

1 53827U 22114K   26262.96807729  .00003045  00000+0  98137-4 0  9994
2 53827  53.1616 142.7036 0001719  96.4600 263.6599 15.35410602222288

1 53828U 22114L   26263.17887021  .00000975  00000+0  38855-4 0  9992
2 53828  53.1612 141.8832 0001119  96.9549 263.1581 15.35398174222319

1 53829U 22114M   26262.96896779  .00000215  00000+0  17072-4 0  9994
2 53829  53.1617 142.7115 0001201  93.0272 267.0869 15.35403055222285

1 53830U 22114N   26262.94409454  .00000286  00000+0  19598-4 0  9997
2 53830  53.1605 142.5575 0001172  91.0338 269.0799 15.34388165222287

1 53831U 22114P   26263.08690196  .00000362  00000+0  21852-4 0  9990
2 53831  53.1612 141.3202 0001251  88.8630 271.2516 15.34387743222314

1 53832U 22114Q   26262.24644962  .00000643  00000+0  30195-4 0  9990
2 53832  53.1602 145.3200 0001654  86.2252 273.8939 15.34387729222181

1 53833U 22114R   26263.17269471  .00084102  00000+0  51130-2 0  9994
2 53833  53.1600 150.2530 0001644 144.7120 215.3980 15.09734689222195

1 53834U 22114S   26263.17143897  .00002935  00000+0  95046-4 0  9998
2 53834  53.1600 141.1272 0001023  93.0154 267.0966 15.35387211222329

1 53835U 22114T   26262.43696785 -.00000954  00000+0 -41841-4 0  9991
2 53835  53.1618 153.4820 0001263  93.8078 266.3058 15.08828860222080

1 53836U 22114U   26263.16670139 -.00011330  00000+0 -35375-3 0  9992
2 53836  53.1599 115.7256 0001379  79.3853 151.4040 15.31710910  5896

1 53837U 22114V   26263.15823970  .00000767  00000+0  66280-4 0  9995
2 53837  53.1596 150.1671 0001377  90.4085 269.7064 15.08836783222191

1 53838U 22114W   26263.19969860 -.00001968  00000+0 -10557-3 0  9990
2 53838  53.1603 140.4416 0001549 102.7945 257.3219 15.08842747222331

1 53839U 22114X   26262.94209766 -.00007201  00000+0 -43444-3 0  9992
2 53839  53.1601 141.6772 0001849  88.7418 271.3785 15.08866707222290

1 53840U 22114Y   26263.16516464  .00000629  00000+0  32012-4 0  9990
2 53840  53.1593 125.5111 0001328  72.7131 287.4016 15.31715855222543

1 53841U 22114Z   26263.16670139  .00061462  00000+0  31618-2 0  9992
2 53841  53.1598 140.1870 0000907  22.9673   7.0022 15.15882455  5684

1 53842U 22114AA  26263.16670139  .00065599  00000+0  34558-2 0  9994
2 53842  53.1604 140.1381 0001144  56.2079 356.5041 15.15010761  5837

1 53843U 22114AB  26262.92736632 -.00000075  00000+0  13404-4 0  9997
2 53843  53.1597 141.5841 0001440  96.6344 263.4811 15.08834478222290

1 53844U 22114AC  26263.16670139  .00050061  00000+0  25392-2 0  9990
2 53844  53.1602 140.3038 0000735 101.3644 240.5982 15.16474121  5845

1 53845U 22114AD  26263.16670139  .00054895  00000+0  28644-2 0  9993
2 53845  53.1600 140.1773 0002171  64.5677 338.0013 15.15433206  5688

1 53846U 22114AE  26263.16670139  .00061332  00000+0  32512-2 0  9997
2 53846  53.1602 140.0975 0000245 155.6754 275.5286 15.14822464  5798

1 53847U 22114AF  26263.04511190  .00000635  00000+0  58022-4 0  9991
2 53847  53.1603 140.8964 0001519  95.3008 264.8157 15.08831441222318

1 53848U 22114AG  26262.96044280  .00001826  00000+0  13279-3 0  9990
2 53848  53.1592 141.0802 0001392  91.4419 268.6732 15.08838484222306

1 53849U 22114AH  26263.10458074 -.00000300  00000+0  20897-5 0  9991
2 53849  53.1601 125.8426 0001314  87.3083 272.8068 15.31705993222533

1 53850U 22114AJ  26263.16670139  .00063135  00000+0  36656-2 0  9998
2 53850  53.1599 140.0248 0000799   0.8918 107.4090 15.11553213  5840

1 53851U 22114AK  26263.16285146  .00000136  00000+0  26645-4 0  9990
2 53851  53.1602 140.2080 0001505  86.4405 273.6758 15.08830285222334

1 53852U 22114AL  26263.11390977 -.00000007  00000+0  11547-4 0  9998
2 53852  53.1594 125.8218 0001273  98.9978 261.1167 15.31700752222531

1 53853U 22114AM  26262.95676427  .00001007  00000+0  81376-4 0  9994
2 53853  53.1596 141.0591 0001825  83.2435 276.8764 15.08844413222304

1 53854U 22114AN  26263.18248397  .00000330  00000+0  22410-4 0  9994
2 53854  53.1604 120.5408 0001263  90.8125 269.3021 15.31698982222611

1 53855U 22114AP  26263.15583134 -.00000414  00000+0 -15675-5 0  9994
2 53855  53.1586 125.4515 0001169  84.9771 275.1363 15.31699669222549

1 53856U 22114AQ  26263.12270236 -.00001606  00000+0 -47666-4 0  9996
2 53856  53.1899  80.9584 0001346  92.8375 267.2778 15.26523679223176

1 53857U 22114AR  26262.92281308  .00001217  00000+0  50927-4 0  9996
2 53857  53.1580 126.8348 0000432  41.9040 318.1994 15.31732221222504

1 53859U 22114AT  26263.17448750  .00001082  00000+0  46625-4 0  9992
2 53859  53.1598 125.4867 0001148  87.3347 272.7786 15.31708075222543

1 53860U 22114AU  26263.14514073  .00000810  00000+0  37857-4 0  9998
2 53860  53.1592 120.3146 0001269  84.8431 275.2715 15.31700919222373

1 53861U 22114AV  26263.19163123  .00000864  00000+0  39620-4 0  9999
2 53861  53.1588 119.2049 0001263  87.0278 273.0867 15.31698128222637

1 53863U 22114AX  26263.20105446  .00000540  00000+0  29178-4 0  9995
2 53863  53.1588 119.9545 0001368  83.4196 276.6961 15.31702626222624

1 53864U 22114AY  26263.19639145  .00000949  00000+0  42361-4 0  9994
2 53864  53.1595 119.9195 0001284  89.6282 270.4867 15.31697024222627

1 53866U 22114BA  26263.13860888  .00000556  00000+0  27604-4 0  9997
2 53866  53.1592  95.3814 0001218  91.9558 268.1584 15.34390205222961

1 53867U 22114BB  26263.16670139  .00047539  00000+0  12674-2 0  9990
2 53867  53.1856  95.5196 0001882  54.4376 359.5880 15.37711346  5597

1 53868U 22114BC  26263.01450068 -.00000501  00000+0 -34576-5 0  9990
2 53868  53.1575  96.0420 0001277  88.3722 271.7427 15.35408064222941

1 53869U 22114BD  26262.96499873  .00000142  00000+0  16331-4 0  9998
2 53869  53.1589 108.5283 0001183  90.3395 269.7742 15.31696357222765

1 53870U 22114BE  26263.19743315 -.00000574  00000+0 -58513-5 0  9999
2 53870  53.1602  95.0366 0001134  95.5151 264.5981 15.34395719222970

1 53871U 22114BF  26263.00413330  .00000875  00000+0  37030-4 0  9993
2 53871  53.1599  95.9689 0001212  88.9215 271.1926 15.34385538222945

1 53886U 22119A   26263.10858580  .00004360  00000+0  14003-3 0  9992
2 53886  53.1616 165.1961 0001142  99.6230 260.4902 15.34415990221111

1 53887U 22119B   26263.12347130  .00000267  00000+0  20383-4 0  9990
2 53887  53.1606 164.5762 0001329  84.4852 275.6301 15.31698476221123

1 53889U 22119D   26262.99763700 -.00000452  00000+0 -28000-5 0  9994
2 53889  53.1600 165.2140 0001247  90.7221 269.3923 15.31702241221100

1 53890U 22119E   26263.00201255 -.00000134  00000+0  74352-5 0  9998
2 53890  53.1577 126.0814 0001162  97.6451 262.4682 15.31705315221656

1 53891U 22119F   26263.16670139  .00366487  61836-4  11179-2 0  9996
2 53891  53.2129 122.2564 0001122  81.3329 236.5817 15.91485805  6031

1 53892U 22119G   26263.16670139  .00826947  00000+0  18539-1 0  9996
2 53892  53.1847 165.2316 0001130  94.5432  63.1959 15.40547225  5815

1 53893U 22119H   26262.96063336  .00000850  00000+0  35272-4 0  9992
2 53893  53.1617 166.3882 0001261  90.8621 269.2527 15.35399306221083

1 53894U 22119J   26262.95116008  .00000403  00000+0  24743-4 0  9992
2 53894  53.1611 149.1350 0001239  85.4989 274.6154 15.31700442221336

1 53896U 22119L   26263.10896080 -.00000447  00000+0 -19129-5 0  9990
2 53896  53.1636 165.8909 0001220  79.7052 280.4088 15.35390558221100

1 53897U 22119M   26263.16670139  .00085779  00000+0  18276-2 0  9990
2 53897  53.2153 115.6421 0001300  86.4873 296.3425 15.44220211  5933

1 53898U 22119N   26263.17313645 -.00001589  00000+0 -36990-4 0  9992
2 53898  53.1622 164.8788 0001670  81.4887 278.6305 15.33532696221128

1 53900U 22119Q   26262.46987505  .00001095  00000+0  43555-4 0  9994
2 53900  53.1611 168.3124 0001178  91.6653 268.4485 15.34388749221013

1 53902U 22119S   26262.90473830  .00000244  00000+0  19632-4 0  9990
2 53902  53.1599 111.2563 0001334  97.9431 262.1722 15.31696007221854

1 53903U 22119T   26262.25116723 -.00000427  00000+0 -19828-5 0  9997
2 53903  53.1593 165.5738 0001093  88.9993 271.1133 15.31698504221030

1 53904U 22119U   26262.92842921  .00000376  00000+0  22275-4 0  9998
2 53904  53.1593 158.4715 0001074  98.7670 261.3454 15.34394206221196

1 53905U 22119V   26262.25577913  .00003403  00000+0  23178-3 0  9997
2 53905  53.1589 164.7341 0001438 104.5379 255.5771 15.08837347221043

1 53906U 22119W   26263.00275838  .00000367  00000+0  41145-4 0  9994
2 53906  53.1582 160.8718 0001005  94.4826 265.6280 15.08835620221168

1 53908U 22119Y   26262.98929535  .00000076  00000+0  14220-4 0  9993
2 53908  53.1593 150.2776 0001195  92.4960 267.6178 15.31703619221319

1 53909U 22119Z   26263.00407387  .00001012  00000+0  41090-4 0  9990
2 53909  53.1622 158.1121 0001272  88.7836 271.3312 15.34394217221203

1 53911U 22119AB  26263.17945810  .00000354  00000+0  40346-4 0  9990
2 53911  53.1596 160.5423 0001461  81.6193 278.4964 15.08834135221183

1 53912U 22119AC  26263.12786490 -.00004157  00000+0 -24313-3 0  9995
2 53912  53.1598 160.2315 0001125  83.8328 276.2792 15.08858847221185

1 53913U 22119AD  26263.16103766  .00000279  00000+0  35635-4 0  9998
2 53913  53.1597 160.4293 0001551  80.8481 279.2686 15.08831158221183

1 53914U 22119AE  26263.16670139  .00075303  00000+0  34118-2 0  9995
2 53914  53.1587 159.6715 0000866  58.9940 353.6633 15.20204294  5847

1 53916U 22119AG  26263.19313201  .00000955  00000+0  42532-4 0  9996
2 53916  53.1594 125.2902 0001075  82.2585 277.8538 15.31697108221698

1 53917U 22119AH  26263.17886472  .00000103  00000+0  16933-4 0  9991
2 53917  53.1604 125.0599 0001317  98.4316 261.6832 15.26515679221695

1 53918U 22119AJ  26263.15366484  .00000623  00000+0  57236-4 0  9994
2 53918  53.1611 160.3841 0001535  88.5233 271.5934 15.08832886221185

1 53919U 22119AK  26263.15603420  .00001254  00000+0  52165-4 0  9996
2 53919  53.1626 146.7816 0001439  80.8428 279.2736 15.31713978221389

1 53920U 22119AL  26263.18037927  .00000058  00000+0  13639-4 0  9998
2 53920  53.1593 149.3307 0001327  87.5645 272.5508 15.31702240221348

1 53922U 22119AN  26263.13895235 -.00001684  00000+0 -87750-4 0  9992
2 53922  53.1621 160.2934 0002146  94.2026 265.9211 15.08813786221189

1 53923U 22119AP  26262.94757572 -.00000068  00000+0  13834-4 0  9998
2 53923  53.1602 161.2301 0001448  85.5916 274.5241 15.08831460221158

1 53924U 22119AQ  26262.16441113 -.00000468  00000+0 -46351-5 0  9990
2 53924  53.1584 137.1708 0001578  95.3681 264.7498 15.26513237221438

1 53925U 22119AR  26263.12418544  .00000272  00000+0  35200-4 0  9991
2 53925  53.1592 160.2079 0001228  92.9006 267.2126 15.08835839221185

1 53926U 22119AS  26263.17274840  .00000525  00000+0  28670-4 0  9990
2 53926  53.1614 119.9956 0001387  97.2619 262.8540 15.31702103221779

1 53928U 22119AU  26262.95220690  .00000630  00000+0  57717-4 0  9992
2 53928  53.1603 151.2848 0001094  95.2696 264.8420 15.08822030221298

1 53929U 22119AV  26263.11045653  .00000282  00000+0  20851-4 0  9998
2 53929  53.1595 149.6018 0001302  90.8459 269.2692 15.31706455221332

1 53930U 22119AW  26263.16399983 -.00013027  00000+0 -47920-3 0  9991
2 53930  53.1773  95.7975 0001628  72.3884 287.7293 15.26578039222100

1 53932U 22119AY  26263.10170610  .00000130  00000+0  26295-4 0  9993
2 53932  53.1600 145.8001 0001558  90.5221 269.5949 15.08833293221399

1 53933U 22119AZ  26262.94850900 -.00010787  00000+0 -66009-3 0  9999
2 53933  53.1602 151.2624 0001150  97.2180 262.8942 15.08869154221293

1 53934U 22119BA  26262.96556218 -.00001260  00000+0 -61084-4 0  9992
2 53934  53.1562 146.3734 0001537 128.7845 231.3284 15.08819740221389

1 53936U 22119BC  26262.95688538  .00000047  00000+0  13271-4 0  9999
2 53936  53.1589 132.3018 0001231  93.4951 266.6191 15.31697459221573

1 53964U 22125A   26262.89042661  .00001248  00000+0  48071-4 0  9991
2 53964  53.1606  64.3891 0001123  90.9864 269.1268 15.34386295218746

1 53966U 22125C   26263.15938449  .00001812  00000+0  64783-4 0  9996
2 53966  53.1610  63.2207 0001323  89.3190 270.7964 15.34389234218789

1 53967U 22125D   26263.08793455  .00000795  00000+0  34661-4 0  9996
2 53967  53.1609  63.4853 0001120  88.6578 271.4553 15.34389803218777

1 53968U 22125E   26263.08374883  .00002681  00000+0  90520-4 0  9999
2 53968  53.1598  63.4607 0001044 102.0891 258.0229 15.34370350218774

1 53969U 22125F   26262.96093457  .00001061  00000+0  43563-4 0  9997
2 53969  53.1597  64.1196 0000690  92.3271 267.7810 15.33548059218757

1 53970U 22125G   26263.13159922  .00000484  00000+0  24783-4 0  9990
2 53970  53.1603  53.8604 0001104  93.3903 266.7226 15.35396037218928

1 53973U 22125K   26263.08451462 -.00000402  00000+0 -11935-5 0  9999
2 53973  53.1605  63.4707 0001375 110.6211 249.4938 15.31691990218772

1 53974U 22125L   26263.01796066  .00000699  00000+0  31817-4 0  9991
2 53974  53.1613  40.3112 0001131  90.6056 269.5076 15.34388919219099

1 53975U 22125M   26263.07220381 -.00000319  00000+0 -19655-5 0  9998
2 53975  53.1595  65.4193 0001519  96.4278 263.6887 15.08832092218749

1 53976U 22125N   26263.08932625 -.00000171  00000+0  60806-5 0  9990
2 53976  53.1616  39.3574 0001000  73.6508 286.4604 15.34395736219115

1 53977U 22125P   26263.13405314 -.00005867  00000+0 -15746-3 0  9996
2 53977  53.1600  53.1611 0000968 102.7055 257.4056 15.35389606218925

1 53978U 22125Q   26263.05189348  .00016303  00000+0  62537-3 0  9999
2 53978  53.1636  63.8923 0001710  83.3170 276.8024 15.26644411218767

1 53979U 22125R   26263.00442927  .00000750  00000+0  35944-4 0  9992
2 53979  53.1611  60.1013 0001198  86.2279 273.8859 15.31702379218816

1 53980U 22125S   26263.16670139 -.00010782  00000+0 -31688-3 0  9997
2 53980  53.1598  63.1618 0001163  77.0619 297.5691 15.33558617  5697

1 53981U 22125T   26262.75231014 -.00000369  00000+0 -12341-6 0  9995
2 53981  53.1611  40.8161 0000950  96.0780 264.0330 15.31712354219067

1 53982U 22125U   26263.16670139 -.00006073  00000+0 -21670-3 0  9997
2 53982  53.1600  59.5057 0001211  71.1954 339.6051 15.26507886  5681

1 53984U 22125W   26263.05985231 -.00001532  00000+0 -78194-4 0  9998
2 53984  53.1599  61.0538 0001240  84.2838 275.8294 15.08839618218801

1 53985U 22125X   26263.13346390  .00000252  00000+0  33948-4 0  9999
2 53985  53.1594  60.7999 0001569  93.8211 266.2960 15.08832145218812

1 53986U 22125Y   26262.67244323 -.00000757  00000+0 -12636-4 0  9994
2 53986  53.1631  38.9181 0001094  87.0336 273.0791 15.31701518219073

1 53988U 22125AA  26262.05830594  .00001365  00000+0  51546-4 0  9996
2 53988  53.1610  58.4641 0000962  97.2059 262.9053 15.34392937218743

1 53991U 22125AD  26263.00420897 -.00000547  00000+0 -47957-5 0  9992
2 53991  53.1617  40.1680 0000794 118.5999 241.5084 15.35404381219081

1 53992U 22125AE  26263.04586919  .00000904  00000+0  37884-4 0  9997
2 53992  53.1615  53.9594 0001183  80.5100 279.6036 15.34393221218897

1 53993U 22125AF  26263.15410528  .00000625  00000+0  57386-4 0  9991
2 53993  53.1603  55.2287 0001275  96.0807 264.0330 15.08834271218887

1 53994U 22125AG  26263.16670139 -.00016645  00000+0 -61774-3 0  9995
2 53994  53.1612  59.4986 0001312  86.5231 326.8875 15.26499180  5844

1 53995U 22125AH  26262.98494139  .00001057  00000+0  42437-4 0  9994
2 53995  53.1607  54.2944 0001150  85.9387 274.1747 15.34391545218889

1 53996U 22125AJ  26263.16285941  .00000369  00000+0  41311-4 0  9990
2 53996  53.1611  60.2741 0001169  96.2169 263.8955 15.08832187218823

1 53997U 22125AK  26263.08464039  .00001568  00000+0  57552-4 0  9995
2 53997  53.1610  37.9056 0001010  84.1235 275.9883 15.34390032219123

1 53998U 22125AL  26263.16670139  .00058120  00000+0  23785-2 0  9990
2 53998  53.1600  59.6059 0000224  82.5818 274.9222 15.23791693  5790

1 53999U 22125AM  26263.11942008 -.00001088  00000+0 -21089-4 0  9993
2 53999  53.1607  53.7062 0001068  92.5214 267.5910 15.34380803218916

1 54000U 22125AN  26263.03681299 -.00001030  00000+0 -19354-4 0  9999
2 54000  53.1619  39.7346 0001746  59.9451 300.1724 15.34375471219109

1 54002U 22125AQ  26263.00785844  .00000657  00000+0  32929-4 0  9994
2 54002  53.1615  36.0646 0000936  89.6625 270.4484 15.31703286219156

1 54003U 22125AR  26263.15917509  .00000510  00000+0  50169-4 0  9990
2 54003  53.1599  60.2527 0001281  94.5069 265.6069 15.08831528218829

1 54004U 22125AS  26263.16670139  .00062249  00000+0  24849-2 0  9998
2 54004  53.1593  59.5272 0001251  41.3158 356.5132 15.24595956  5643

1 54005U 22125AT  26263.01934767  .00001960  00000+0  14124-3 0  9992
2 54005  53.1611  60.8024 0001289 101.9270 258.1866 15.08823331218802

1 54006U 22125AU  26262.90435286  .00000898  00000+0  40678-4 0  9995
2 54006  53.1599  51.7244 0001105 102.5700 257.5425 15.31705318218919

1 54007U 22125AV  26263.07819492  .00000112  00000+0  25163-4 0  9991
2 54007  53.1598  60.4612 0001260  91.0901 269.0235 15.08830748218818

1 54008U 22125AW  26263.08721505 -.00001741  00000+0 -40413-4 0  9996
2 54008  53.1600  39.3351 0000897 104.9807 255.1295 15.34391020219112

1 54009U 22125AX  26262.98283602  .00001178  00000+0  45987-4 0  9999
2 54009  53.1595  54.2772 0001035  85.3035 274.8086 15.34392574218894

1 54010U 22125AY  26262.96116484  .00002317  00000+0  79717-4 0  9996
2 54010  53.1609  39.9738 0001257  56.4705 303.6418 15.34392229219093

1 54011U 22125AZ  26263.02839281  .00001138  00000+0  44818-4 0  9996
2 54011  53.1617  39.6824 0001302  79.0304 281.0845 15.34389505219101

1 54012U 22125BA  26262.98935647  .00000076  00000+0  14211-4 0  9998
2 54012  53.1614  37.3446 0001123  82.2415 277.8713 15.31704654219137

1 54013U 22125BB  26263.00003471 -.00020484  00000+0 -59710-3 0  9993
2 54013  53.1599  39.8842 0000958  83.4038  85.1474 15.34381905  5877

1 54015U 22125BD  26262.70411238  .03613280  12163-4  63075-3 0  9995
2 54015  53.2042  20.1317 0009004 337.3259  22.7388 16.31959242219354

1 54051U 22136A   26263.16670139  .00061988  00000+0  25315-2 0  9990
2 54051  53.1612 190.3194 0001510  53.3207 119.7997 15.23832364  5789

1 54052U 22136B   26262.94481465  .00000726  00000+0  63702-4 0  9995
2 54052  53.1605 151.2320 0001492  97.2392 262.8769 15.08833779216730

1 54053U 22136C   26263.16837272  .00000465  00000+0  26738-4 0  9990
2 54053  53.1593 176.4021 0001402  90.5392 269.5770 15.31702491216403

1 54054U 22136D   26263.16390110 -.00000602  00000+0 -76473-5 0  9993
2 54054  53.1602 177.8366 0001029  75.1572 284.9543 15.31704241216387

1 54055U 22136E   26263.07348536  .00000913  00000+0  39104-4 0  9991
2 54055  53.1589 180.0223 0001131  84.6933 275.4199 15.33540605216342

1 54056U 22136F   26262.94881485  .00000258  00000+0  18319-4 0  9999
2 54056  53.1614 182.0607 0001633  78.8493 281.2694 15.35396544216307

1 54058U 22136H   26263.16409220 -.00000183  00000+0  56758-5 0  9997
2 54058  53.1603 179.1620 0001295  88.5444 271.5707 15.35396605216368

1 54059U 22136J   26263.15336112  .00000617  00000+0  29406-4 0  9996
2 54059  53.1594 179.1011 0001261  88.6590 271.4557 15.34386738216365

1 54060U 22136K   26263.19780801  .00001726  00000+0  12656-3 0  9990
2 54060  53.1599 159.9365 0001439  79.4429 280.6725 15.08818177216633

1 54061U 22136L   26263.17577832  .00000797  00000+0  34723-4 0  9994
2 54061  53.1614 143.5505 0001305  80.2578 279.8572 15.34388395216862

1 54062U 22136M   26263.16142814 -.00000363  00000+0  50942-6 0  9995
2 54062  53.1595 179.1457 0001307  89.7924 270.3229 15.35390102216363

1 54064U 22136P   26262.96164685  .00000118  00000+0  15551-4 0  9996
2 54064  53.1597 133.0185 0001036  82.6070 277.5049 15.31694980216992

1 54065U 22136Q   26262.48597508  .00001441  00000+0  52208-4 0  9998
2 54065  53.1618 182.7446 0001378  90.5083 269.6078 15.35400393216259

1 54066U 22136R   26263.16670139  .00064748  00000+0  27478-2 0  9995
2 54066  53.1592 190.1822 0001235 100.1219 142.3480 15.22513167  5736

1 54067U 22136S   26263.16352822 -.00000061  00000+0  91697-5 0  9998
2 54067  53.1594 179.1593 0001251  84.0883 276.0262 15.35395218216361

1 54068U 22136T   26263.07860265  .00004862  00000+0  14999-3 0  9994
2 54068  53.1600 181.4451 0001089  84.8312 275.2815 15.35445510216325

1 54070U 22136V   26263.17969352  .00000484  00000+0  24788-4 0  9999
2 54070  53.1608 179.2553 0001329  93.6757 266.4398 15.35402992216361

1 54071U 22136W   26263.14704807  .00000562  00000+0  27776-4 0  9996
2 54071  53.1617 179.0580 0001195  75.1872 284.9263 15.34388573216367

1 54073U 22136Y   26263.14923385  .00001423  00000+0  53273-4 0  9990
2 54073  53.1615 179.7075 0001232  96.4382 263.6761 15.34376613216355

1 54074U 22136Z   26262.29142191 -.00000305  00000+0  21579-5 0  9998
2 54074  53.1618 185.7674 0001134  96.4672 263.6460 15.35404000216195

1 54075U 22136AA  26263.15294370 -.00004312  00000+0 -12719-3 0  9999
2 54075  53.1601 170.6161 0001329 122.2048 237.9082 15.31718989216489

1 54076U 22136AB  26262.95290712  .00001540  00000+0  55066-4 0  9994
2 54076  53.1604 182.0719 0000899  96.8512 263.2593 15.35381422216304

1 54077U 22136AC  26262.48264779  .00000421  00000+0  44575-4 0  9997
2 54077  53.1595 169.1288 0001375  92.5330 267.5819 15.08832526216441

1 54079U 22136AE  26263.06301308  .00024532  00000+0  10096-2 0  9992
2 54079  53.1628 179.7882 0002986  87.7104 272.4236 15.24018937216348

1 54082U 22136AH  26263.16670139  .00068669  00000+0  32937-2 0  9995
2 54082  53.1594 180.2481 0002453  96.0207 349.5280 15.18278165  5831

1 54083U 22136AJ  26263.16670139  .00070754  00000+0  27716-2 0  9993
2 54083  53.1612 179.0346 0001349  76.7698 273.3298 15.25166561  5580

1 54084U 22136AK  26263.16670139  .00074350  00000+0  29677-2 0  9998
2 54084  53.1593 179.4633 0001833  68.9394  59.7822 15.24513755  5787

1 54085U 22136AL  26263.16670139  .00086748  00000+0  27332-2 0  9999
2 54085  53.1597 178.8767 0001221  77.7640 354.5898 15.32185042  5733

1 54086U 22136AM  26262.19719836 -.00002064  00000+0 -50016-4 0  9998
2 54086  53.1623 161.6495 0000967  95.4422 264.6691 15.34382180216520

1 54087U 22136AN  26263.16670139  .00079239  00000+0  32140-2 0  9991
2 54087  53.1607 179.3073 0001747  70.3171 142.4685 15.23942921  5830

1 54088U 22136AP  26263.16670139  .00086899  00000+0  27222-2 0  9997
2 54088  53.1610 178.9128 0001044  82.7622 329.8262 15.32368396  5581

1 54089U 22136AQ  26263.16670139  .00081482  00000+0  29096-2 0  9992
2 54089  53.1613 179.0967 0000727 100.6573 220.4042 15.28161508  5842

1 54090U 22136AR  26263.16670139  .00080024  00000+0  31356-2 0  9997
2 54090  53.1611 179.1939 0000670  53.2637 215.5822 15.25096542  5846

1 54091U 22136AS  26263.16670139  .00075076  00000+0  41155-2 0  9997
2 54091  53.1604 179.9294 0000367   0.6299 246.9262 15.13528932  5839

1 54093U 22136AU  26263.16670139  .00070665  00000+0  33751-2 0  9991
2 54093  53.1596 179.7212 0000974  86.5609 270.0975 15.18412222  5749

1 54095U 22136AW  26263.16670139  .00069505  00000+0  34122-2 0  9997
2 54095  53.1602 179.7820 0000794 118.1097 204.5819 15.17463474  5582

1 54096U 22136AX  26263.16670139  .00071503  00000+0  29905-2 0  9992
2 54096  53.1594 179.3668 0001983  48.4889 130.0383 15.22959102  5790

1 54097U 22136AY  26262.95725266  .00000399  00000+0  43210-4 0  9993
2 54097  53.1603 156.2937 0001730  92.2838 267.8352 15.08831625216664

1 54098U 22136AZ  26263.16670139  .00069785  00000+0  31439-2 0  9998
2 54098  53.1592 180.2764 0002233  69.1916 356.6406 15.20435778  5583

1 54099U 22136BA  26262.26404439  .00084039  00000+0  51355-2 0  9995
2 54099  53.1611 184.0253 0001556  80.8280 279.2888 15.09547816216214

1 54100U 22136BB  26263.16670139  .00080322  00000+0  32387-2 0  9995
2 54100  53.1614 179.1926 0000859  81.1648 187.6341 15.24135558  5797

1 54101U 22136BC  26262.99468071  .00000707  00000+0  34538-4 0  9997
2 54101  53.1599 153.1922 0001147  90.9292 269.1841 15.31706004216717

1 54102U 22136BD  26263.16670139  .00086193  00000+0  27651-2 0  9997
2 54102  53.1605 178.8861 0001338  73.2804 347.3381 15.31610032  5738

1 54103U 22136BE  26263.18971475 -.00000730  00000+0 -11745-4 0  9991
2 54103  53.1600 149.3894 0001337  91.5426 268.5728 15.31701371216780

1 54104U 22136BF  26263.18538241  .00061844  00000+0  20054-2 0  9994
2 54104  53.1589 131.5674 0003274  65.4959 294.6384 15.31420770217037

1 54157U 22141A   26263.16670139  .00068276  00000+0  21548-2 0  9994
2 54157  53.1611 219.0040 0002010  69.3667  51.7165 15.32245834  5745

1 54158U 22141B   26263.16670139  .00069224  00000+0  21137-2 0  9993
2 54158  53.1609 219.0387 0001738  69.2103  34.0457 15.33292427  5847

1 54159U 22141C   26263.16670139  .00042509  00000+0  13069-2 0  9996
2 54159  53.1609 219.0834 0001201  63.3258  20.6483 15.33295391  5849

1 54160U 22141D   26262.96034811  .00000276  00000+0  20662-4 0  9990
2 54160  53.1598 165.3546 0001442  98.2735 261.8430 15.31703019215837

1 54161U 22141E   26263.15784161  .00000186  00000+0  17764-4 0  9992
2 54161  53.1595 209.3689 0001173  92.8731 267.2405 15.31701524215234

1 54162U 22141F   26263.16670139  .00048570  00000+0  14990-2 0  9998
2 54162  53.1605 218.9492 0001816  80.3225  67.9158 15.33112237  5741

1 54163U 22141G   26263.10622819  .00000774  00000+0  34056-4 0  9996
2 54163  53.1601 195.5585 0001274  89.0380 271.0768 15.34391791215425

1 54164U 22141H   26263.19242036 -.00003858  00000+0 -10308-3 0  9996
2 54164  53.1580 195.3801 0002695  64.4731 295.6550 15.34394570215436

1 54165U 22141J   26263.16670139  .00065758  00000+0  20523-2 0  9997
2 54165  53.1616 219.0252 0001669  68.9784  40.8937 15.32619884  5744

1 54166U 22141K   26263.19450872  .00000010  00000+0  11428-4 0  9997
2 54166  53.1597 195.3906 0001037  98.5353 261.5767 15.34386631215430

1 54167U 22141L   26263.16670139  .00063152  00000+0  21505-2 0  9996
2 54167  53.1609 219.0811 0001958  61.2884  17.0532 15.29832095  5831

1 54168U 22141M   26262.47167882  .00001499  00000+0  55490-4 0  9994
2 54168  53.1614 198.7024 0001236  87.8135 272.3009 15.34405109215329

1 54169U 22141N   26263.19661413  .00000150  00000+0  15592-4 0  9996
2 54169  53.1588 195.4087 0001256  93.7569 266.3577 15.34385861215439

1 54170U 22141P   26262.51790102  .00000302  00000+0  20068-4 0  9994
2 54170  53.1604 198.2855 0001302  93.8983 266.2169 15.34391077215338

1 54172U 22141R   26262.28872883  .00000420  00000+0  24115-4 0  9995
2 54172  53.1608 199.6994 0001403  83.7747 276.3415 15.33546140215294

1 54173U 22141S   26263.18610581  .00002186  00000+0  75832-4 0  9994
2 54173  53.1592 195.3410 0001153 100.8206 259.2926 15.34390560215433

1 54174U 22141T   26263.19104860 -.00000705  00000+0 -93079-5 0  9995
2 54174  53.1593 143.2641 0001498  67.8012 292.3150 15.35400568216161

1 54175U 22141U   26263.19030938 -.00001141  00000+0 -22657-4 0  9998
2 54175  53.1604 195.3673 0001179  86.0548 274.0590 15.34384039215438

1 54176U 22141V   26262.29723927  .00000761  00000+0  33663-4 0  9990
2 54176  53.1599 199.0428 0001431  86.2487 273.8680 15.34392076215309

1 54177U 22141W   26262.45908165  .00001686  00000+0  61043-4 0  9998
2 54177  53.1591 198.6272 0001312 101.1140 259.0010 15.34384489215329

1 54178U 22141X   26263.10832653  .00000502  00000+0  25983-4 0  9999
2 54178  53.1596 195.5494 0000881  85.6259 274.4844 15.34396003215426

1 54179U 22141Y   26263.07677286 -.00000061  00000+0  93197-5 0  9999
2 54179  53.1589 195.3737 0001278  83.5833 276.5315 15.34386076215428

1 54181U 22141AA  26262.46117948  .00001520  00000+0  56125-4 0  9997
2 54181  53.1594 198.6387 0001210  97.6087 262.5053 15.34393262215325

1 54182U 22141AB  26263.16670139  .00065157  00000+0  32551-2 0  9993
2 54182  53.1592 179.8305 0001156  23.2515  93.0424 15.16883936  5749

1 54183U 22141AC  26263.18189581  .00011888  00000+0  36312-3 0  9994
2 54183  53.1592 195.3155 0001259 138.5833 221.5265 15.34337546215434

1 54184U 22141AD  26263.08971654 -.00003064  00000+0 -86987-4 0  9997
2 54184  53.1585 198.2622 0000753 137.8010 222.3049 15.31707758215381

1 54185U 22141AE  26263.11464638  .00000460  00000+0  24766-4 0  9993
2 54185  53.1590 195.6068 0001195  91.2994 268.8146 15.34389302215420

1 54187U 22141AG  26263.11885602  .00000130  00000+0  14980-4 0  9994
2 54187  53.1599 195.6398 0001261  94.4108 265.7039 15.34388853215420

1 54188U 22141AH  26263.08203281  .00000160  00000+0  15881-4 0  9992
2 54188  53.1617 189.6411 0001290  82.3774 277.7375 15.34394370215504

1 54190U 22141AK  26263.18130861  .00000840  00000+0  36001-4 0  9991
2 54190  53.1602 190.9477 0001251  92.7453 267.3693 15.34387712215492

1 54191U 22141AL  26263.06939419 -.00005720  00000+0 -15805-3 0  9997
2 54191  53.1618 189.5650 0001197  61.8743 298.2380 15.34442943215501

1 54192U 22141AM  26263.17709969  .00000891  00000+0  37502-4 0  9996
2 54192  53.1613 190.9212 0001250  96.5489 263.5656 15.34388712215491

1 54193U 22141AN  26263.17519175 -.00031883  00000+0 -94402-3 0  9993
2 54193  53.1612 190.9092 0002174 124.2763 235.8446 15.34145305215495

1 54194U 22141AP  26263.17921781  .00001540  00000+0  56726-4 0  9997
2 54194  53.1612 190.9331 0001284  85.6778 274.4371 15.34379583215492

1 54195U 22141AQ  26262.44961745  .00000118  00000+0  14639-4 0  9998
2 54195  53.1631 192.8008 0001551  66.7717 293.3449 15.34389481215401

1 54196U 22141AR  26263.16743861  .00001328  00000+0  48959-4 0  9992
2 54196  53.1593 189.4562 0001328  95.1785 264.9369 15.35403476215518

1 54198U 22141AT  26263.16870229  .00000889  00000+0  36383-4 0  9992
2 54198  53.1601 189.4635 0001417  83.8293 276.2871 15.35401401215518

1 54199U 22141AU  26263.09930969 -.00001491  00000+0 -31853-4 0  9992
2 54199  53.1589 189.7444 0000910  94.8828 265.2278 15.35401097215507

1 54200U 22141AV  26263.17640659  .00000752  00000+0  32466-4 0  9996
2 54200  53.1607 189.5111 0001129  71.6846 288.4280 15.35404130215518

1 54201U 22141AW  26262.29198689 -.00000238  00000+0  41049-5 0  9998
2 54201  53.1606 193.2356 0001370  88.6123 271.5037 15.34391888215387

1 54202U 22141AX  26263.08658391  .00001872  00000+0  64546-4 0  9998
2 54202  53.1597 189.6627 0001135  90.8928 269.2205 15.35404826215507

1 54203U 22141AY  26262.31337395  .00001875  00000+0  64645-4 0  9995
2 54203  53.1605 193.3718 0001192  82.0366 278.0773 15.35405853215388

1 54204U 22141AZ  26263.10168910 -.00000767  00000+0 -11087-4 0  9992
2 54204  53.1603 189.7571 0001247  98.9438 261.1706 15.35406764215505

1 54205U 22141BA  26262.23058426  .00000375  00000+0  23856-4 0  9996
2 54205  53.1600 195.6797 0001227  80.1448 279.9692 15.31702695215331

1 54206U 22141BB  26263.19493878  .00001385  00000+0  50613-4 0  9990
2 54206  53.1587 155.3831 0001210  87.8094 272.3047 15.35397720215997

1 54207U 22141BC  26263.07849122  .00001103  00000+0  44837-4 0  9994
2 54207  53.1609 191.7248 0001342  85.9783 274.1372 15.33564536215472

1 54208U 22141BD  26263.03027050 -.00000408  00000+0 -13828-5 0  9995
2 54208  53.1603 165.0763 0001487  80.7586 279.3584 15.31699506215844

1 54209U 22141BE  26263.18085794  .00001694  00000+0  59459-4 0  9996
2 54209  53.1610 181.6430 0001210  71.3327 288.7807 15.35397155215628

1 54758U 22175A   26262.94949509  .00003872  00000+0  13651-3 0  9991
2 54758  53.1592 235.3524 0001392  86.7860 273.3301 15.31690702209475

1 54759U 22175B   26263.18238463  .00000516  00000+0  28385-4 0  9992
2 54759  53.1586 233.2520 0001320  85.3431 274.7721 15.31700223209529

1 54760U 22175C   26262.59808682 -.00001445  00000+0 -30552-4 0  9997
2 54760  53.1606 248.7015 0001441  80.2208 279.8958 15.35380471209255

1 54761U 22175D   26262.56398800  .00000957  00000+0  42595-4 0  9996
2 54761  53.1591 242.1897 0001238  89.9192 270.1951 15.31703055209347

1 54762U 22175E   26262.93610631 -.00000004  00000+0  11627-4 0  9993
2 54762  53.1587 237.4443 0001372  89.4793 270.6366 15.31701965209442

1 54763U 22175F   26262.54078112  .00000988  00000+0  41356-4 0  9995
2 54763  53.1624 250.4588 0001111  77.3250 282.7877 15.33547563209226

1 54764U 22175G   26262.55659185  .00000536  00000+0  27002-4 0  9993
2 54764  53.1593 242.1370 0001254  86.4320 273.6826 15.34392869209340

1 54766U 22175J   26263.00185727  .00001021  00000+0  82233-4 0  9999
2 54766  53.1621 251.1543 0001597  78.2618 281.8552 15.08840135209257

1 54767U 22175K   26262.99819472  .00001004  00000+0  81168-4 0  9995
2 54767  53.1601 251.1305 0001122  67.9194 292.1917 15.08842266209257

1 54768U 22175L   26262.41508735 -.00000038  00000+0  10543-4 0  9996
2 54768  53.1596 224.9110 0001316  96.4685 263.6466 15.31698606209570

1 54770U 22175N   26263.15949714  .00000093  00000+0  13880-4 0  9994
2 54770  53.1587 219.6158 0001243  86.2019 273.9126 15.34390818209713

1 54771U 22175P   26262.62903698  .00000030  00000+0  14191-4 0  9994
2 54771  53.1587 238.3170 0001562  80.9393 279.1783 15.26515662209406

1 54772U 22175Q   26262.61583926  .00000606  00000+0  29081-4 0  9995
2 54772  53.1597 224.0149 0001429  93.1995 266.9171 15.34386965209600

1 54773U 22175R   26262.56290136  .00000871  00000+0  36921-4 0  9993
2 54773  53.1595 242.1669 0001271  85.3120 274.8028 15.34394843209349

1 54774U 22175S   26262.55490579 -.00002897  00000+0 -74620-4 0  9996
2 54774  53.1588 224.3533 0001257  86.7897 273.3250 15.34401029209597

1 54775U 22175T   26262.94110150 -.00000125  00000+0  74376-5 0  9994
2 54775  53.1597 240.2651 0001340  77.8856 282.2296 15.34384138209405

1 54776U 22175U   26263.16670139  .00847584  00000+0  37510-2 0  9991
2 54776  53.1582 233.4997 0001098 110.0112  39.4153 15.81670871  5831

1 54777U 22175V   26263.19533297  .00000143  00000+0  15366-4 0  9997
2 54777  53.1587 239.0127 0001156  55.3167 304.7944 15.34384203209448

1 54778U 22175W   26262.61163308  .00000108  00000+0  14355-4 0  9994
2 54778  53.1602 223.9913 0001408  93.0500 267.0664 15.34385811209606

1 54779U 22175X   26263.18943881  .00001252  00000+0  48199-4 0  9994
2 54779  53.1587 221.1983 0001344  93.2881 266.8275 15.34391087209695

1 54780U 22175Y   26263.19365096  .00001091  00000+0  43452-4 0  9991
2 54780  53.1601 221.2197 0001231 127.0661 233.0454 15.34371680209691

1 54781U 22175Z   26263.18101870 -.00002991  00000+0 -77447-4 0  9992
2 54781  53.1584 221.1419 0001236  85.9792 274.1352 15.34393409209696

1 54783U 22175AB  26262.60616854 -.00000554  00000+0 -60868-5 0  9996
2 54783  53.1594 223.9725 0001209  89.4518 270.6622 15.31703858209606

1 54784U 22175AC  26262.37381197  .00000938  00000+0  38893-4 0  9996
2 54784  53.1607 243.1292 0001253  90.9691 269.1455 15.34392783209312

1 54785U 22175AD  26263.04678191  .00000120  00000+0  14686-4 0  9992
2 54785  53.1603 181.8149 0001217  78.2189 281.8950 15.34389390210233

1 54787U 22175AF  26262.57132539  .00000364  00000+0  21911-4 0  9991
2 54787  53.1604 242.2273 0001289  85.1554 274.9596 15.34392052209346

1 54788U 22175AG  26263.16208361  .00000431  00000+0  23885-4 0  9992
2 54788  53.1576 221.0286 0001192  78.5990 281.5146 15.34389752209693

1 54789U 22175AH  26263.16670139  .00037362  00000+0  12910-2 0  9997
2 54789  53.1596 218.6940 0000832  95.2570 216.4673 15.29595633  5838

1 54790U 22175AJ  26263.18520257  .00003331  00000+0  10963-3 0  9992
2 54790  53.1593 221.1742 0001112  97.3410 262.7719 15.34413875209692

1 54791U 22175AK  26262.91627090  .00000472  00000+0  25104-4 0  9993
2 54791  53.1600 222.3387 0001298  92.1593 267.9559 15.34390722209650

1 54792U 22175AL  26260.94653174  .00022118  00000+0  71820-3 0  9993
2 54792  53.1604 249.8616 0001185  93.5174 266.5963 15.31887205209095

1 54793U 22175AM  26262.61034020  .00015573  00000+0  45637-3 0  9997
2 54793  53.1603 221.7559 0001079  91.4720 268.6406 15.35404105 11517

1 54795U 22175AP  26262.60895868  .00002508  00000+0  85422-4 0  9994
2 54795  53.1590 221.8696 0001336 110.6006 249.5140 15.34371960209630

1 54796U 22175AQ  26262.91206000  .00002131  00000+0  74205-4 0  9992
2 54796  53.1592 222.3141 0001111  85.4438 274.6692 15.34395130209651

1 54797U 22175AR  26262.96634620  .00000769  00000+0  33903-4 0  9996
2 54797  53.1590 240.4112 0001309  91.6456 268.4697 15.34391720209407

1 54798U 22175AS  26262.50290484  .00000391  00000+0  22115-4 0  9997
2 54798  53.1605 222.4959 0001091  91.5604 268.5524 15.35402602209612

1 54799U 22175AT  26262.60372877  .00022031  00000+0  64053-3 0  9997
2 54799  53.1585 221.7086 0001367  85.5289 274.5870 15.35404695209638

1 54800U 22175AU  26263.19637148  .00000268  00000+0  20391-4 0  9996
2 54800  53.1599 233.2292 0001185  80.3529 279.7606 15.31704421209529

1 54801U 22175AV  26262.48868860 -.00000516  00000+0 -48673-5 0  9997
2 54801  53.1586 239.6219 0001257  86.9800 273.1345 15.31705690209379

1 54802U 22175AW  26263.16670139  .00053043  00000+0  21645-2 0  9992
2 54802  53.1609 194.4982 0000822 108.7579 312.5494 15.23930062  5836

1 54803U 22175AX  26262.97312397  .00001011  00000+0  41043-4 0  9994
2 54803  53.1592 243.9503 0001138  90.1563 269.9570 15.34394890209353

1 54804U 22175AY  26262.90938086  .00000756  00000+0  33526-4 0  9999
2 54804  53.1592 220.1944 0001162  91.8911 268.2224 15.34394430209686

1 54805U 22175AZ  26262.57385414 -.00000852  00000+0 -36374-4 0  9997
2 54805  53.1588 238.7241 0001507  64.1308 295.9838 15.08019050209392

1 54806U 22175BA  26262.50482353 -.00001022  00000+0 -19771-4 0  9993
2 54806  53.1588 222.6424 0001400  95.6125 264.5036 15.33521321209610

1 54807U 22175BB  26262.51493262  .00000978  00000+0  40077-4 0  9996
2 54807  53.1599 224.1009 0001272  86.5608 273.5540 15.34390285209592

1 54808U 22175BC  26263.16670139  .00066977  00000+0  19933-2 0  9995
2 54808  53.1588 218.9530 0000762 239.3254  45.4436 15.34121200  5839

1 54809U 22175BD  26262.90727655  .00000819  00000+0  35371-4 0  9992
2 54809  53.1593 220.1788 0001152  89.6449 270.4685 15.34394268209683

1 54810U 22175BE  26263.14426685  .00001905  00000+0  69266-4 0  9997
2 54810  53.1594 219.4324 0001149 105.5228 254.5902 15.33537584209710

1 54811U 22175BF  26263.17413292  .00000985  00000+0  40304-4 0  9990
2 54811  53.1586 218.8954 0001283 103.3543 256.7602 15.34392078209729

1 55269U 23010A   26263.16670139  .00004287  00000+0  30257-3 0  9995
2 55269  69.9999 274.1184 0002286 265.6026 202.1373 15.05704273  5807

1 55271U 23010C   26263.16670139  .00005537  00000+0  39682-3 0  9998
2 55271  69.9997 274.1492 0001278 301.1130 133.8925 15.04928965  5800

1 55272U 23010D   26263.16670139  .00001156  00000+0  88828-4 0  9999
2 55272  70.0011 274.0700 0002586 252.1589 263.6039 15.04747518  5708

1 55273U 23010E   26262.58782365  .00062723  00000+0  51524-2 0  9998
2 55273  69.9982 275.4252 0002925 253.0589 107.0250 14.98816248201834

1 55274U 23010F   26262.28345728  .00000338  00000+0  36087-4 0  9997
2 55274  69.9983 256.4975 0003727 266.9551  93.1181 14.98331687202276

1 55275U 23010G   26262.94286854  .00002442  00000+0  21232-3 0  9998
2 55275  69.9995 254.7866 0003606 267.5754  92.4992 14.98341768202372

1 55276U 23010H   26261.27373221  .00000262  00000+0  29773-4 0  9996
2 55276  69.9981 258.9931 0003653 268.1081  91.9660 14.98319724202114

1 55277U 23010J   26263.16670139  .00008318  00000+0  61245-3 0  9994
2 55277  70.0005 274.1139 0002198 263.7209 207.2994 15.03672325  5705

1 55278U 23010K   26262.40050391  .00000171  00000+0  22168-4 0  9994
2 55278  69.9976 275.9709 0003737 264.7553  95.3180 14.98330262201799

1 55280U 23010M   26263.16670139  .00002884  00000+0  20490-3 0  9997
2 55280  69.9991 274.1931 0001273 316.4219  73.7435 15.05868572  5743

1 55281U 23010N   26263.16670139  .00002471  00000+0  19405-3 0  9994
2 55281  70.0013 274.0779 0002954 216.1681 286.6336 15.02273729  5709

1 55282U 23010P   26262.45029944  .00048177  00000+0  39772-2 0  9999
2 55282  69.9981 275.7406 0002429 232.8158 127.2779 14.98723693201801

1 55283U 23010Q   26263.16670139 -.00002140  00000+0 -14057-3 0  9999
2 55283  69.9997 274.0023 0005585 259.9915 309.0103 15.05760649  5751

1 55284U 23010R   26263.16670139  .00006991  00000+0  54478-3 0  9997
2 55284  70.0009 273.9254 0006152 278.3954 356.4954 15.01595787  5656

1 55285U 23010S   26262.35848203 -.00000072  00000+0  17635-5 0  9998
2 55285  69.9990 236.0667 0003170 269.3452  90.7343 14.98331907203658

1 55286U 23010T   26262.73410749 -.00007439  00000+0 -61665-3 0  9996
2 55286  69.9984 255.2607 0003972 266.4483  93.6222 14.98307172202330

1 55287U 23010U   26263.16670139  .00022164  00000+0  14501-2 0  9992
2 55287  70.0002 234.1475 0002099 300.4415 285.3304 15.07735996  5700

1 55288U 23010V   26262.38794789  .00000051  00000+0  12057-4 0  9991
2 55288  69.9994 256.0569 0003362 263.9813  96.0963 14.98324477202281

1 55289U 23010W   26262.73825913  .00000054  00000+0  12362-4 0  9997
2 55289  69.9974 255.2739 0004208 267.4349  92.6329 14.98339790202331

1 55290U 23010X   26262.39612721  .00000024  00000+0  97983-5 0  9992
2 55290  69.9999 256.0880 0003145 265.7750  94.3049 14.98321452202280

1 55291U 23010Y   26262.94688523  .00000025  00000+0  98595-5 0  9998
2 55291  69.9982 254.7956 0003074 273.9990  86.0818 14.98331843202366

1 55292U 23010Z   26262.38358913 -.00000060  00000+0  28005-5 0  9993
2 55292  69.9982 256.0419 0003176 271.2039  88.8756 14.98327805202289

1 55293U 23010AA  26262.38776362 -.00000336  00000+0 -20382-4 0  9992
2 55293  69.9981 256.0573 0003139 273.2261  86.8539 14.98334856202289

1 55294U 23010AB  26263.16670139  .00000944  00000+0  74257-4 0  9998
2 55294  70.0006 273.9483 0003491 250.3919   9.1704 15.04541524  5807

1 55295U 23010AC  26263.16670139  .00007050  00000+0  52198-3 0  9993
2 55295  69.9996 274.2085 0002745 323.0696  63.3742 15.03546047  5792

1 55296U 23010AD  26262.70486561  .00000343  00000+0  36526-4 0  9993
2 55296  69.9979 255.1542 0003616 268.2861  91.7884 14.98313735203210

1 55297U 23010AE  26262.98025253 -.00001961  00000+0 -15654-3 0  9998
2 55297  69.9980 254.5116 0003265 267.8591  92.2194 14.98341343202370

1 55299U 23010AG  26262.96771917  .00000188  00000+0  23545-4 0  9990
2 55299  70.0011 254.4731 0003344 268.2008  91.8768 14.98329046203254

1 55300U 23010AH  26262.69651556 -.00000071  00000+0  18600-5 0  9998
2 55300  69.9983 255.1230 0003558 270.2095  89.8656 14.98328976202332

1 55302U 23010AK  26262.97608987  .00000448  00000+0  45381-4 0  9993
2 55302  69.9978 254.4934 0003433 267.0808  92.9958 14.98330295202370

1 55303U 23010AL  26262.44639938 -.00000256  00000+0 -13650-4 0  9999
2 55303  69.9982 275.7271 0003229 269.8462  90.2327 14.98327955201802

1 55304U 23010AM  26262.69235212  .00000379  00000+0  39590-4 0  9999
2 55304  69.9982 255.1096 0003549 269.8346  90.2406 14.98331428202333

1 55305U 23010AN  26262.95523275  .00000031  00000+0  10420-4 0  9994
2 55305  69.9981 254.8269 0003566 271.3093  88.7657 14.98331842202371

1 55306U 23010AP  26263.16670139  .00030207  00000+0  21063-2 0  9992
2 55306  70.0012 234.1849 0004175 278.0793 357.1247 15.05277833  5808

1 55307U 23010AQ  26263.16670139  .00030534  00000+0  21331-2 0  9994
2 55307  69.9997 234.2139 0004099 268.2172 340.4554 15.05205068  5805

1 55309U 23010AS  26263.16670139  .00026895  00000+0  19565-2 0  9997
2 55309  70.0017 233.9323 0003790 234.1791 267.7044 15.03722091  5656

1 55310U 23010AT  26263.16670139  .00031259  00000+0  21186-2 0  9991
2 55310  70.0000 234.1069 0003068 309.2667  33.4605 15.06330098  5807

1 55311U 23010AU  26263.16670139  .00028498  00000+0  19070-2 0  9992
2 55311  70.0022 234.1344 0004364 275.0053  48.8047 15.06825962  5806

1 55312U 23010AV  26263.16670139  .00027021  00000+0  19832-2 0  9990
2 55312  70.0008 233.8986 0001026 241.8354 186.4185 15.03389457  5809

1 55313U 23010AW  26263.16670139  .00025271  00000+0  16991-2 0  9999
2 55313  70.0003 234.0654 0003939 284.4313 102.2856 15.06686090  5653

1 55314U 23010AX  26263.16670139  .00016846  00000+0  10256-2 0  9996
2 55314  70.0005 233.9695 0004720 277.0981 186.9191 15.10448677  5706

1 55315U 23010AY  26262.39193427  .00000329  00000+0  35406-4 0  9996
2 55315  69.9980 256.0711 0003776 269.4351  90.6375 14.98331444202271

1 55316U 23010AZ  26263.16670139  .00024989  00000+0  17500-2 0  9994
2 55316  70.0016 233.9533 0002695 257.3394 238.5967 15.05172864  5801

1 55317U 23010BA  26263.16670139  .00023078  00000+0  13512-2 0  9992
2 55317  70.0000 233.9128 0002568 284.8528 254.9567 15.11780477  5549

1 55318U 23010BB  26263.16670139  .00028467  00000+0  20098-2 0  9997
2 55318  70.0007 234.0398 0002414 283.5058 118.2345 15.04834848  5799

1 55319U 23010BC  26263.16670139  .00026327  00000+0  18174-2 0  9993
2 55319  70.0007 233.9970 0002206 272.6061 169.2308 15.05695692  5750

1 55392U 23014B   26263.16670139  .00010662  00000+0  78375-3 0  9993
2 55392  70.0000 273.9633 0004724 297.5619  41.2660 15.03620178  5649

1 55393U 23014C   26262.79712116 -.00000050  00000+0  36184-5 0  9999
2 55393  69.9974 294.9414 0003722 271.0076  89.0657 14.98331363201134

1 55395U 23014E   26263.05581624 -.00000422  00000+0 -27566-4 0  9996
2 55395  69.9972 294.2181 0003824 269.2281  90.8440 14.98328096201171

1 55396U 23014F   26263.05999080  .00000162  00000+0  21358-4 0  9998
2 55396  69.9979 294.2428 0003494 277.2774  82.7988 14.98329025201172

1 55397U 23014G   26263.16670139 -.00003460  00000+0 -22106-3 0  9999
2 55397  69.9993 274.1622 0004196 237.3227 278.1647 15.07468115  5802

1 55398U 23014H   26262.80965941  .00000321  00000+0  34668-4 0  9996
2 55398  69.9979 294.9731 0003541 266.4095  93.6659 14.98333524201138

1 55399U 23014J   26263.06833487 -.00000108  00000+0 -12067-5 0  9990
2 55399  69.9979 294.2701 0003605 271.2664  88.8082 14.98331225201172

1 55400U 23014K   26262.48418069  .00003282  00000+0  28249-3 0  9994
2 55400  69.9992 295.8405 0003694 262.4402  97.6338 14.98356015201084

1 55401U 23014L   26262.07111074 -.00000254  00000+0 -13446-4 0  9998
2 55401  69.9981 296.8104 0003857 269.3986  90.6732 14.98330512201023

1 55402U 23014M   26262.82634549  .00000588  00000+0  57062-4 0  9999
2 55402  69.9975 295.0320 0003629 269.7480  90.3263 14.98324098201138

1 55403U 23014N   26262.81381937  .00000210  00000+0  25439-4 0  9994
2 55403  69.9981 294.9887 0003524 274.5820  85.4937 14.98330869201134

1 55404U 23014P   26262.83470594  .00000349  00000+0  37080-4 0  9993
2 55404  69.9973 295.0614 0003782 267.2692  92.8034 14.98322495201134

1 55405U 23014Q   26262.82216965 -.00000045  00000+0  40214-5 0  9991
2 55405  69.9981 295.0183 0003539 269.5897  90.4856 14.98327895201132

1 55406U 23014R   26262.83886238 -.00001010  00000+0 -76900-4 0  9993
2 55406  69.9979 295.0774 0003666 267.5473  92.5266 14.98323505201137

1 55407U 23014S   26262.83051878  .00000084  00000+0  14872-4 0  9996
2 55407  69.9979 295.0474 0003672 269.4308  90.6430 14.98327449201133

1 55410U 23014V   26263.14343238  .00029730  00000+0  24755-2 0  9997
2 55410  70.0001 314.0010 0003434 276.8931  83.1837 14.98537973200697

1 55411U 23014W   26262.51341321  .00000358  00000+0  37799-4 0  9998
2 55411  69.9982 295.9481 0003192 262.8652  97.2144 14.98330313201088

1 55413U 23014Y   26263.13863506  .00089257  00000+0  72478-2 0  9999
2 55413  69.9974 313.9838 0003779 276.9125  83.1604 14.99097357200690

1 55414U 23014Z   26263.16670139  .00052904  00000+0  38752-2 0  9997
2 55414  70.0014 313.9971 0000269 214.8218 228.4449 15.03258901  5843

1 55416U 23014AB  26263.16670139  .00052536  00000+0  37956-2 0  9995
2 55416  70.0009 314.0340 0001481 345.6098  64.2228 15.03781472  5853

1 55418U 23014AD  26263.16670139  .00050634  00000+0  35004-2 0  9996
2 55418  70.0011 314.0514 0002257 327.5352  66.8485 15.05447472  5804

1 55419U 23014AE  26263.16670139  .00035667  00000+0  25740-2 0  9992
2 55419  70.0037 314.0108 0003773 291.1027 141.5404 15.03941271  5841

1 55420U 23014AF  26263.16670139  .00003539  00000+0  26527-3 0  9992
2 55420  70.0004 274.1014 0003875 259.6153 325.3501 15.03607130  5800

1 55421U 23014AG  26263.16670139  .00045228  00000+0  32951-2 0  9991
2 55421  70.0021 314.0674 0003046 313.5986  68.5643 15.03513662  5742

1 55422U 23014AH  26263.16670139  .00048895  00000+0  35333-2 0  9992
2 55422  70.0027 313.9299 0003101 215.8098 283.8011 15.03795526  5551

1 55423U 23014AJ  26263.16670139  .00037961  00000+0  28262-2 0  9998
2 55423  70.0026 314.1752 0004461 244.0495  40.5668 15.02746821  5552

1 55425U 23014AL  26263.16670139  .00048404  00000+0  35150-2 0  9998
2 55425  70.0017 314.1154 0004831 305.3406  35.6540 15.03609182  5849

1 55426U 23014AM  26263.16670139  .00044747  00000+0  31139-2 0  9998
2 55426  70.0026 314.1852 0004344 267.8277   8.8308 15.05235805  5801

1 55428U 23014AP  26263.16670139  .00048731  00000+0  35267-2 0  9993
2 55428  70.0010 314.2601 0005554 244.7547 322.0691 15.03732750  5802

1 55429U 23014AQ  26263.16670139  .00039555  00000+0  26496-2 0  9992
2 55429  70.0019 314.1381 0004043 301.4702  17.3277 15.06695509  5809

1 55430U 23014AR  26263.18145605  .00000086  00000+0  15019-4 0  9999
2 55430  70.0004 333.9953 0003743 268.0519  92.0211 14.98330984200201

1 55431U 23014AS  26263.16670139  .00046419  00000+0  31236-2 0  9990
2 55431  70.0020 314.1918 0004404 267.4491   4.1680 15.06475647  5752

1 55432U 23014AT  26263.18997161 -.00000047  00000+0  38783-5 0  9995
2 55432  70.0000 334.0258 0003444 269.8153  90.2611 14.98329841200204

1 55433U 23014AU  26263.17728230  .00000053  00000+0  12206-4 0  9991
2 55433  70.0002 333.9808 0003279 269.6854  90.3929 14.98330820200200

1 55434U 23014AV  26263.19815508 -.00000011  00000+0  68592-5 0  9994
2 55434  69.9981 334.0529 0003278 267.1251  92.9533 14.98328959200208

1 55435U 23014AW  26262.92277006  .00000539  00000+0  52993-4 0  9991
2 55435  69.9995 334.6988 0003637 270.3644  89.7098 14.98326232200167

1 55436U 23014AX  26263.20232980  .00000044  00000+0  11496-4 0  9990
2 55436  69.9992 334.0693 0003338 270.9982  89.0795 14.98329121200203

1 55438U 23014AZ  26263.05163976 -.00000068  00000+0  20861-5 0  9997
2 55438  69.9974 294.2272 0003778 268.1113  91.9614 14.98329744201178

1 55439U 23014BA  26263.20650309  .00000080  00000+0  14530-4 0  9994
2 55439  69.9997 334.0849 0003215 270.7932  89.2858 14.98330715200204

1 55628U 23021A   26263.16670139  .00003768  00000+0  27426-3 0  9993
2 55628  70.0001  74.1516 0004470 242.5976 280.5765 15.04662982  5450

1 55629U 23021B   26263.16670139  .00005678  00000+0  40911-3 0  9990
2 55629  70.0000  74.1716 0004288 236.2845 269.9661 15.04704297  5658

1 55630U 23021C   26263.16670139  .00003659  00000+0  27623-3 0  9994
2 55630  70.0001  74.1460 0004625 243.8788 283.5856 15.03302445  5805

1 55631U 23021D   26263.16670139  .00005183  00000+0  37187-3 0  9995
2 55631  70.0005  73.9640 0003869 299.2244  24.7582 15.04932766  5759

1 55632U 23021E   26263.16670139  .00006663  00000+0  47526-3 0  9998
2 55632  70.0003  74.0632 0003531 260.2166 334.6778 15.04986440  5802

1 55633U 23021F   26263.16670139  .00004701  00000+0  34457-3 0  9999
2 55633  70.0009  74.0555 0005470 276.6868 328.4720 15.04195585  5807

1 55634U 23021G   26263.16670139 -.00003050  00000+0 -21419-3 0  9992
2 55634  69.9999  74.0867 0002670 269.8639 312.4459 15.03847022  5809

1 55635U 23021H   26262.91118170  .00000256  00000+0  29216-4 0  9994
2 55635  70.0000  54.7693 0003051 269.4272  90.6537 14.98329380197888

1 55636U 23021J   26263.16670139 -.00002801  00000+0 -20866-3 0  9992
2 55636  70.0032  74.0423 0004573 273.0648 352.0440 15.01517976  5755

1 55637U 23021K   26263.16670139  .00042809  00000+0  32254-2 0  9996
2 55637  70.0003  54.2104 0005588 268.0126 315.3707 15.02252262  5654

1 55638U 23021L   26263.16670139  .00002415  00000+0  17522-3 0  9998
2 55638  70.0003  74.0066 0004704 291.5526 358.9094 15.05325759  5800

1 55639U 23021M   26263.17421166 -.00000068  00000+0  21119-5 0  9996
2 55639  69.9995  54.0788 0002793 265.7753  94.3087 14.98335501197923

1 55640U 23021N   26263.16989338  .00001166  00000+0  10552-3 0  9993
2 55640  69.9996  54.0625 0002982 287.4408  72.6425 14.98327074197925

1 55641U 23021P   26262.39796985  .00000297  00000+0  32640-4 0  9999
2 55641  69.9999  56.1821 0002802 267.9032  92.1806 14.98331185197802

1 55643U 23021R   26263.14069125  .00000008  00000+0  84576-5 0  9990
2 55643  69.9991  54.3559 0003011 268.9137  91.1677 14.98329132197910

1 55644U 23021S   26263.11980769  .00000003  00000+0  80443-5 0  9998
2 55644  70.0002  54.2908 0002935 267.6347  92.4476 14.98330663197919

1 55647U 23021V   26263.08641582  .00000167  00000+0  21778-4 0  9990
2 55647  69.9999  54.1718 0002968 272.2997  87.7822 14.98330205197915

1 55648U 23021W   26262.91535419 -.00000133  00000+0 -33409-5 0  9993
2 55648  69.9996  54.7810 0003022 266.6828  93.3985 14.98329692197881

1 55649U 23021X   26263.16154685 -.00000507  00000+0 -34716-4 0  9990
2 55649  70.0014  54.0321 0002304 267.6049  92.4846 14.98315572197927

1 55650U 23021Y   26263.17405375  .00000443  00000+0  44912-4 0  9994
2 55650  69.9998  54.0772 0002715 267.2044  92.8804 14.98335721197920

1 55651U 23021Z   26263.12398200 -.00000076  00000+0  13883-5 0  9995
2 55651  69.9999  54.3058 0003096 270.2097  89.8707 14.98330706197912

1 55652U 23021AA  26262.96541536 -.00001215  00000+0 -94060-4 0  9991
2 55652  69.9997  54.5531 0002748 277.8436  82.2411 14.98321547197891

1 55653U 23021AB  26263.14900269  .00000473  00000+0  47464-4 0  9994
2 55653  69.9996  53.9865 0002982 267.9717  92.1101 14.98324878197926

1 55654U 23021AC  26263.13651920  .00000143  00000+0  19786-4 0  9991
2 55654  69.9977  54.3477 0003161 265.0164  95.0634 14.98335146197917

1 55655U 23021AD  26262.77326033 -.00000469  00000+0 -31476-4 0  9998
2 55655  70.0003  35.2120 0002933 263.1071  96.9754 14.98334691198341

1 55657U 23021AF  26262.38105428 -.00000096  00000+0 -22852-6 0  9996
2 55657  70.0005  36.2518 0003079 269.3127  90.7680 14.98328415198290

1 55658U 23021AG  26263.15734856 -.00000151  00000+0 -48890-5 0  9997
2 55658  69.9994  54.0176 0002825 271.0907  88.9929 14.98330101197926

1 55659U 23021AH  26263.16670139  .00080559  00000+0  53227-2 0  9997
2 55659  70.0004  34.1536 0004313 249.7304 131.9362 15.06942233  5550

1 55660U 23021AJ  26262.79410577  .00000186  00000+0  23372-4 0  9993
2 55660  70.0006  34.8911 0003032 268.2478  91.8334 14.98330991198360

1 55661U 23021AK  26263.16670139  .00084459  00000+0  57686-2 0  9996
2 55661  70.0013  34.0726 0002325 262.4204 197.4070 15.05690413  5759

1 55662U 23021AL  26263.16670139  .00077793  00000+0  52261-2 0  9994
2 55662  70.0008  34.4646 0004861 277.3520 191.0928 15.06339629  5754

1 55663U 23021AM  26263.16670139  .00086277  00000+0  62380-2 0  9995
2 55663  70.0016  34.0669 0002542 258.8851 204.4963 15.03544324  5801

1 55664U 23021AN  26262.90262626  .00000474  00000+0  47475-4 0  9990
2 55664  70.0005  34.8608 0003101 273.6965  86.3839 14.98331665198373

1 55665U 23021AP  26263.16670139  .00085513  00000+0  59844-2 0  9990
2 55665  70.0010  34.0254 0003063 254.2801 247.8241 15.04773490  5800

1 55667U 23021AR  26263.06952876 -.00002226  00000+0 -17899-3 0  9999
2 55667  70.0009  34.2396 0001398 272.0438  88.0561 14.98309840198395

1 55668U 23021AS  26263.03195294 -.00000222  00000+0 -10844-4 0  9998
2 55668  70.0008  34.5105 0003041 269.4942  90.5869 14.98329172198381

1 55669U 23021AT  26263.09036976  .00000291  00000+0  32170-4 0  9996
2 55669  70.0007  34.3126 0003334 268.2528  91.8249 14.98337937198399

1 55670U 23021AU  26262.87756058  .00000558  00000+0  54560-4 0  9996
2 55670  70.0008  34.7733 0003091 271.0900  88.9904 14.98317372198370

1 55671U 23021AV  26262.65658981  .00000223  00000+0  26470-4 0  9997
2 55671  70.0008  35.5954 0000916 240.1038 120.0030 14.98336689198333

1 55673U 23021AX  26263.07238448  .00094101  00000+0  76087-2 0  9993
2 55673  70.0010  34.2487 0003686 256.4160 103.6589 14.99232717198400

1 55674U 23021AY  26263.06532727  .00003278  00000+0  28226-3 0  9998
2 55674  70.0021  34.2227 0002743 265.7751  94.3094 14.98347006198401

1 55675U 23021AZ  26263.12374117 -.00000519  00000+0 -35698-4 0  9992
2 55675  70.0005  34.0268 0002980 270.3403  89.7415 14.98322898198414

1 55676U 23021BA  26262.73980917  .00002017  00000+0  17678-3 0  9990
2 55676  70.0026  15.2236 0003095 269.4471  90.6333 14.98337047198845

1 55677U 23021BB  26263.06092191 -.00000042  00000+0  42678-5 0  9993
2 55677  70.0011  14.3339 0003169 270.7241  89.3554 14.98329338198895

1 55741U 23028A   26263.16670139  .00005497  00000+0  38812-3 0  9998
2 55741  69.9998 114.1654 0003256 252.6784 330.9770 15.05491081  5701

1 55742U 23028B   26263.16670139  .00001357  00000+0  96428-4 0  9998
2 55742  70.0000 114.1563 0005671 269.6335 319.5887 15.07284256  5709

1 55743U 23028C   26263.16670139  .00009343  00000+0  70231-3 0  9995
2 55743  70.0016 114.2533 0002039 258.2888 244.5602 15.02833646  5707

1 55744U 23028D   26263.16670139  .00003072  00000+0  21177-3 0  9994
2 55744  69.9999 114.1677 0005499 264.1831 313.8097 15.06923991  5750

1 55746U 23028F   26261.04257235 -.00002486  00000+0 -20058-3 0  9996
2 55746  69.9992 119.4356 0003061 273.2180  86.8628 14.98335486194851

1 55747U 23028G   26263.16670139  .00006223  00000+0  44967-3 0  9990
2 55747  70.0004 114.1314 0004185 263.7836 348.0234 15.04536226  5800

1 55748U 23028H   26263.16670139  .00005579  00000+0  40814-3 0  9991
2 55748  70.0014 114.1149 0004226 270.7094 353.5398 15.04144040  5809

1 55750U 23028K   26263.16670139  .00009558  00000+0  72951-3 0  9992
2 55750  70.0001 114.1092 0005534 269.7991 355.2399 15.02238614  5700

1 55751U 23028L   26263.16670139  .00010380  00000+0  77991-3 0  9997
2 55751  70.0012 114.1830 0005247 244.9680 320.7341 15.02798231  5805

1 55752U 23028M   26263.16670139  .00006341  00000+0  50590-3 0  9996
2 55752  70.0019 113.9771 0002769 335.0251  54.9462 15.00759231  5801

1 55753U 23028N   26263.16670139  .00000436  00000+0  38182-4 0  9990
2 55753  70.0021 114.0422 0004053 279.0519  57.3369 15.04404684  5808

1 55754U 23028P   26263.16670139  .00004629  00000+0  36844-3 0  9991
2 55754  70.0003 114.0264 0004554 312.7147  33.9957 15.01064812  5749

1 55756U 23028R   26263.16670139  .00010657  00000+0  79424-3 0  9992
2 55756  70.0022 113.9044 0002047 290.3001 162.7657 15.03103249  5806

1 55757U 23028S   26263.16670139  .00003446  00000+0  25489-3 0  9993
2 55757  69.9990 114.0082 0003477 286.2894  75.4689 15.04137097  5606

1 55758U 23028T   26263.16670139 -.00009741  00000+0 -73941-3 0  9996
2 55758  70.0013 113.9996 0004925 284.4428  93.6241 15.01792667  5805

1 55760U 23028V   26263.16670139  .00008135  00000+0  64979-3 0  9994
2 55760  70.0016 113.8999 0000776 231.3931 225.6000 15.00582424  5754

1 55761U 23028W   26263.19555163 -.00000107  00000+0 -11799-5 0  9994
2 55761  69.9983  94.2257 0002670 270.2126  89.8727 14.98335926195662

1 55762U 23028X   26263.18286035 -.00000066  00000+0  22934-5 0  9999
2 55762  69.9983  94.1790 0002676 272.5372  87.5480 14.98332765195667

1 55763U 23028Y   26263.16670139  .00011596  00000+0  87381-3 0  9994
2 55763  70.0008 113.9343 0000628 348.4797  78.1741 15.02655847  5809

1 55764U 23028Z   26262.91999561  .00000011  00000+0  86878-5 0  9992
2 55764  69.9983  94.8680 0002809 270.9610  89.1227 14.98331243195622

1 55765U 23028AA  26263.19120976  .00000274  00000+0  30761-4 0  9990
2 55765  69.9984  94.2089 0002557 271.4109  88.6757 14.98330981195664

1 55766U 23028AB  26262.89913360  .00000282  00000+0  31453-4 0  9992
2 55766  69.9983  94.7934 0002622 273.3432  86.7426 14.98321691195627

1 55767U 23028AC  26263.19538685  .00001696  00000+0  14991-3 0  9997
2 55767  69.9985  94.2242 0002497 269.7524  90.3349 14.98334518195647

1 55769U 23028AE  26262.97423735 -.00001839  00000+0 -14632-3 0  9996
2 55769  69.9985  94.6547 0002870 271.7456  88.3374 14.98333396195630

1 55770U 23028AF  26262.90329777  .00000065  00000+0  13241-4 0  9996
2 55770  69.9983  94.8082 0002222 274.0948  85.9957 14.98332563195623

1 55771U 23028AG  26263.02847442  .00000459  00000+0  46220-4 0  9995
2 55771  69.9986  94.4417 0002469 270.7557  89.3319 14.98328658195649

1 55772U 23028AH  26262.94518367 -.00001427  00000+0 -11185-3 0  9996
2 55772  69.9982  94.5537 0003137 274.9226  85.1575 14.98318751195632

1 55773U 23028AJ  26262.97841412  .00000514  00000+0  50863-4 0  9991
2 55773  69.9985  94.6671 0003067 272.7771  87.3037 14.98316533195632

1 55774U 23028AK  26263.02429594  .00000126  00000+0  18374-4 0  9992
2 55774  69.9981  94.4268 0002681 272.9690  87.1162 14.98331388195645

1 55775U 23028AL  26263.02012457  .00000412  00000+0  42347-4 0  9994
2 55775  69.9984  94.4129 0002595 269.6705  90.4157 14.98329880195644

1 55777U 23028AN  26262.94501319 -.00002192  00000+0 -17594-3 0  9990
2 55777  69.9988  94.5522 0002680 278.2390  81.8465 14.98340721195631

1 55778U 23028AP  26263.07435534  .00002835  00000+0  24518-3 0  9997
2 55778  69.9985  94.2006 0003042 272.1694  87.9117 14.98350421195657

1 55779U 23028AQ  26263.17776157  .00077581  00000+0  63341-2 0  9994
2 55779  69.9985  73.8781 0002910 274.4413  85.6414 14.98958911196168

1 55780U 23028AR  26262.93667778 -.00001407  00000+0 -11016-3 0  9996
2 55780  70.0005  94.5230 0001806 260.4120  99.6835 14.98320557195630

1 55781U 23028AS  26263.01595478 -.00000189  00000+0 -80713-5 0  9992
2 55781  69.9983  94.4315 0002714 267.7838  92.3011 14.98329599195643

1 55782U 23028AT  26263.16670139  .00003728  00000+0  26388-3 0  9993
2 55782  70.0013  74.2252 0002607 282.5262 100.6418 15.05724549  5405

1 55783U 23028AU  26263.16670139  .00000146  00000+0  16639-4 0  9994
2 55783  69.9983  74.2115 0003486 288.3166 110.9990 15.06644323  5759

1 55784U 23028AV  26263.16670139  .00006284  00000+0  48603-3 0  9999
2 55784  69.9991  74.1808 0000746 249.7343 171.6253 15.01953996  5841

1 55785U 23028AW  26263.16670139  .00004240  00000+0  30315-3 0  9991
2 55785  70.0007  74.2132 0002239 277.9881 115.2520 15.05228517  5606

1 55786U 23028AX  26263.16670139 -.00005261  00000+0 -26359-3 0  9991
2 55786  69.9998  73.5378 0003032 260.7659  23.9139 15.16539471  5801

1 55787U 23028AY  26263.16670139  .00005446  00000+0  39395-3 0  9999
2 55787  70.0004  74.1951 0000917 292.0224 117.0051 15.04587364  5700

1 55788U 23028AZ  26263.16670139  .00005834  00000+0  43141-3 0  9995
2 55788  70.0004  74.1849 0000813 245.9151 171.8838 15.03712794  5705

1 55789U 23028BA  26263.16670139  .00003499  00000+0  25584-3 0  9992
2 55789  70.0014  74.0165 0003922 262.2110 305.9073 15.04561605  5804

1 55790U 23028BB  26263.16670139  .00006090  00000+0  44599-3 0  9991
2 55790  70.0006  74.0474 0005643 254.7446 287.3655 15.04040312  5750

1 55791U 23028BC  26263.16670139  .00006287  00000+0  45881-3 0  9995
2 55791  70.0009  74.1278 0002623 225.5659 244.9259 15.04158143  5801

1 55914U 23037A   26263.16293036 -.00001059  00000+0 -80991-4 0  9995
2 55914  70.0016 174.2730 0002940 270.6683  89.4139 14.98319380193307

1 55915U 23037B   26263.01272029  .00000862  00000+0  80039-4 0  9991
2 55915  69.9999 174.5498 0003001 270.6480  89.4335 14.98329810193276

1 55916U 23037C   26263.15875565  .00000416  00000+0  42656-4 0  9999
2 55916  70.0006 174.2576 0002913 268.8386  91.2439 14.98329962192619

1 55918U 23037E   26263.15458106  .00000397  00000+0  41074-4 0  9990
2 55918  70.0001 174.2429 0002525 270.9653  89.1217 14.98329660192618

1 55919U 23037F   26263.01287807 -.00000002  00000+0  75905-5 0  9999
2 55919  70.0003 174.5499 0002863 269.6604  90.4226 14.98328609192591

1 55920U 23037G   26263.16670139  .00080138  00000+0  58534-2 0  9994
2 55920  70.0002 154.2469 0004618 284.7547 222.1129 15.03191109  5801

1 55921U 23037H   26262.19489466  .00000188  00000+0  23552-4 0  9999
2 55921  70.0004 176.5105 0002799 270.5262  89.5576 14.98333512192473

1 55922U 23037J   26262.19907138 -.00000038  00000+0  45981-5 0  9997
2 55922  70.0003 176.5256 0003071 273.0464  87.0344 14.98330330192477

1 55923U 23037K   26263.00436413  .00000566  00000+0  55194-4 0  9993
2 55923  70.0002 174.5197 0002874 267.4974  92.5856 14.98331472192592

1 55924U 23037L   26263.16670139  .00081358  00000+0  57341-2 0  9998
2 55924  69.9998 154.2146 0003882 239.4866 295.0554 15.04530381  5554

1 55925U 23037M   26263.19211946 -.00000343  00000+0 -20946-4 0  9999
2 55925  69.9985 173.9730 0003468 269.8608  90.2154 14.98327375192624

1 55926U 23037N   26263.16670139  .00079630  00000+0  54839-2 0  9999
2 55926  69.9996 154.1443 0005397 263.7446 334.7559 15.05402241  5752

1 55927U 23037P   26263.18393986  .00000816  00000+0  76134-4 0  9998
2 55927  70.0003 173.9435 0002475 270.0770  90.0106 14.98330739192615

1 55928U 23037Q   26263.17961301  .00000741  00000+0  69938-4 0  9991
2 55928  70.0004 173.9268 0002817 263.7681  96.3157 14.98317147192625

1 55930U 23037S   26263.16670139  .00077596  00000+0  60431-2 0  9998
2 55930  70.0014 154.0548 0005554 267.0659  56.5903 15.00765977  5759

1 55931U 23037T   26263.17542523  .00000631  00000+0  60686-4 0  9995
2 55931  70.0007 173.9124 0002790 271.0646  89.0194 14.98330568192628

1 55932U 23037U   26263.06648955  .00000493  00000+0  49137-4 0  9994
2 55932  69.9986 134.1746 0002571 269.0273  91.0591 14.98319857193590

1 55933U 23037V   26263.16670139  .00079787  00000+0  56629-2 0  9999
2 55933  70.0001 154.1338 0002611 256.6632 349.7389 15.04279429  5809

1 55934U 23037W   26261.17238528  .00000465  00000+0  46736-4 0  9998
2 55934  70.0000 159.0834 0004152 263.5443  96.5243 14.98385381192814

1 55935U 23037X   26263.16670139  .00066086  00000+0  46410-2 0  9996
2 55935  70.0008 154.1017 0003994 249.3781  30.4544 15.04756550  5803

1 55936U 23037Y   26263.07064980  .00000498  00000+0  49564-4 0  9998
2 55936  69.9990 134.1899 0002640 270.5072  89.5784 14.98330735193593

1 55937U 23037Z   26263.16670139  .00074084  00000+0  53913-2 0  9991
2 55937  70.0005 154.0986 0004552 253.5221  26.0740 15.03367324  5808

1 55938U 23037AA  26263.12097147 -.00000451  00000+0 -29978-4 0  9995
2 55938  70.0000 154.2469 0002547 280.2301  79.8570 14.98322869193106

1 55939U 23037AB  26263.16670139  .00058975  00000+0  43403-2 0  9997
2 55939  70.0033 154.0456 0004529 267.2810  66.7020 15.03036286  5704

1 55940U 23037AC  26263.16670139  .00067902  00000+0  47877-2 0  9998
2 55940  69.9983 154.0183 0003964 271.1119  82.6925 15.04595541  5809

1 55941U 23037AD  26263.16670139  .00079785  00000+0  58030-2 0  9994
2 55941  70.0005 154.2237 0003840 234.3327 297.1142 15.03356226  5757

1 55942U 23037AE  26263.16670139  .00073768  00000+0  56874-2 0  9994
2 55942  70.0006 153.9472 0001355 334.7830  79.8999 15.01182820  5805

1 55943U 23037AF  26263.16670139  .00072239  00000+0  51309-2 0  9995
2 55943  70.0009 153.9144 0003059 282.8710 153.7302 15.04296745  5757

1 55944U 23037AG  26263.16670139  .00071578  00000+0  56017-2 0  9992
2 55944  70.0016 153.9765 0004916 294.6678  96.4198 15.00618529  5808

1 55945U 23037AH  26263.16670139  .00071119  00000+0  55554-2 0  9999
2 55945  70.0004 154.0282 0004733 278.0110  66.1795 15.00692758  5742

1 55946U 23037AJ  26263.16670139  .00076776  00000+0  57011-2 0  9994
2 55946  69.9999 153.9971 0003914 270.0538  97.9826 15.02589956  5757

1 55948U 23037AL  26263.04980765  .00000228  00000+0  26873-4 0  9995
2 55948  69.9989 134.5222 0002914 269.7824  90.3001 14.98328303193586

1 55949U 23037AM  26261.98999696 -.00000259  00000+0 -13877-4 0  9996
2 55949  69.9985 137.2433 0002880 269.5936  90.4893 14.98328686193428

1 55950U 23037AN  26263.04563470  .00000116  00000+0  17488-4 0  9996
2 55950  69.9985 134.5048 0002562 263.7549  96.3318 14.98329598193582

1 55951U 23037AP  26262.81979535  .00072104  00000+0  58955-2 0  9992
2 55951  70.0020 154.7983 0003047 191.3441 168.7650 14.98937125193061

1 55952U 23037AQ  26263.04997097  .00000234  00000+0  27442-4 0  9996
2 55952  69.9985 134.5225 0002838 268.5385  91.5449 14.98330139193583

1 55954U 23037AS  26263.02058674  .00000131  00000+0  18798-4 0  9995
2 55954  69.9991 134.4162 0002656 265.5591  94.5265 14.98330647193588

1 55955U 23037AT  26263.03728390  .00000770  00000+0  72296-4 0  9998
2 55955  69.9994 134.4773 0002584 271.0066  89.0797 14.98326749193586

1 55956U 23037AU  26262.14436029  .00000143  00000+0  19752-4 0  9997
2 55956  69.9986 136.5727 0002988 269.2408  90.8409 14.98331805193452

1 55957U 23037AV  26263.04145807  .00000735  00000+0  69348-4 0  9992
2 55957  70.0002 134.4904 0002899 261.2374  98.8457 14.98335148193583

1 55958U 23037AW  26262.36551884 -.00000576  00000+0 -40473-4 0  9996
2 55958  69.9982 136.1408 0002722 269.1102  90.9745 14.98323240193489

1 55959U 23037AX  26261.09289814 -.00000356  00000+0 -22064-4 0  9999
2 55959  69.9987 139.3248 0002748 269.3699  90.7145 14.98329817193290

1 55960U 23037AY  26263.04162094  .00000511  00000+0  50565-4 0  9996
2 55960  70.0003 134.4742 0002746 269.6701  90.4144 14.98338996193580

1 55961U 23037AZ  26262.01501362  .00000126  00000+0  18324-4 0  9997
2 55961  69.9990 136.9280 0002685 270.7486  89.3366 14.98330252193436

1 55962U 23037BA  26262.78694031  .00000431  00000+0  43918-4 0  9994
2 55962  69.9987 135.2033 0002839 269.2847  90.7987 14.98329446193546

1 55963U 23037BB  26262.35716091  .00000287  00000+0  31838-4 0  9996
2 55963  69.9996 136.1170 0002724 269.8399  90.2448 14.98330737193485

1 55964U 23037BC  26263.17684774  .00009708  00000+0  55266-3 0  9997
2 55964  69.9936 120.8928 0002034 319.3539  40.7476 15.13087384193938

1 55965U 23037BD  26263.00806515  .00000069  00000+0  13613-4 0  9991
2 55965  69.9989 134.3714 0002645 266.7535  93.3321 14.98329343193589

1 56317U 23058A   26262.97247351  .00000730  00000+0  24943-4 0  9991
2 56317  97.2843 259.7241 0001557  89.8382 270.3039 15.33438304187209

1 56318U 23058B   26262.77942874  .00000250  00000+0  10069-4 0  9993
2 56318  97.2839 259.5308 0001556  92.4169 267.7252 15.33437251187172

1 56319U 23058C   26263.16670139  .00610642  00000+0  28679-1 0  9995
2 56319  97.2854 257.1477 0001557  90.0909  84.2110 15.17133050  5826

1 56320U 23058D   26263.16670139 -.00025151  00000+0 -12065-2 0  9997
2 56320  97.2857 257.0397 0001951 112.1646 177.8566 15.18928352  5768

1 56321U 23058E   26263.17911660 -.00366714  00000+0 -11971-1 0  9993
2 56321  97.2854 259.9095 0001725  95.4277 264.7163 15.33296755187238

1 56322U 23058F   26263.16670139  .00541573  00000+0  23992-1 0  9998
2 56322  97.2855 257.1400 0001569  90.4161  70.8343 15.19465490  5775

1 56323U 23058G   26263.16670139  .00599386  00000+0  27941-1 0  9992
2 56323  97.2848 257.0994 0001580  91.6888 326.9380 15.17442286  5779

1 56324U 23058H   26262.92897122  .00000707  00000+0  24244-4 0  9999
2 56324  97.2840 259.6337 0001655  87.7630 272.3802 15.33438733187195

1 56325U 23058J   26263.16670139 -.00021532  00000+0 -10712-2 0  9998
2 56325  97.2850 257.0303 0002418 111.0744 142.8378 15.17629104  5821

1 56326U 23058K   26263.16670139  .00577423  00000+0  25624-1 0  9999
2 56326  97.2854 257.0547 0001664  86.8465 230.6680 15.19258005  5829

1 56327U 23058L   26263.16670139  .00620485  00000+0  29346-1 0  9992
2 56327  97.2854 257.0479 0001715  87.2745 208.5039 15.17234620  5824

1 56328U 23058M   26262.79303810  .00000036  00000+0  34491-5 0  9995
2 56328  97.2851 259.5109 0001540 104.7133 255.4281 15.33432409187522

1 56329U 23058N   26262.23291387  .00000448  00000+0  16203-4 0  9997
2 56329  97.2918 259.0478 0001215  86.5422 273.5960 15.33430885187440

1 56331U 23058Q   26263.16670139 -.00015529  00000+0 -68419-3 0  9992
2 56331  97.2834 257.0762 0001100  88.3827 285.7043 15.21755464  5767

1 56332U 23058R   26263.16670139 -.00026936  00000+0 -11921-2 0  9992
2 56332  97.2815 257.0789 0002019  95.3604 307.6363 15.21713075  5724

1 56333U 23058S   26263.02142000 -.00001053  00000+0 -30305-4 0  9991
2 56333  97.2832 259.8084 0001721  90.6385 269.5055 15.33443494187560

1 56334U 23058T   26262.93169130  .00018638  00000+0  57809-3 0  9996
2 56334  97.2842 259.6290 0002175  92.1587 267.9905 15.33450699187543

1 56335U 23058U   26262.89906807 -.00000195  00000+0 -37291-5 0  9998
2 56335  97.2851 259.6751 0001274  77.3921 282.7464 15.33431410187547

1 56336U 23058V   26263.16670139  .00610593  00000+0  29184-1 0  9991
2 56336  97.2852 257.0690 0001633  93.8573 250.1560 15.16898277  5621

1 56337U 23058W   26263.16670139 -.00015098  00000+0 -71139-3 0  9992
2 56337  97.2860 257.0788 0001374  87.8102 284.8002 15.19443155  5823

1 56338U 23058X   26263.16670139 -.00023114  00000+0 -11853-2 0  9997
2 56338  97.2835 257.0855 0002411 106.7467 297.6205 15.16580326  5825

1 56339U 23058Y   26263.16670139 -.00013780  00000+0 -75863-3 0  9998
2 56339  97.2848 257.1327 0001093  26.3946 109.1420 15.13962323  5676

1 56340U 23058Z   26262.94256782  .00001287  00000+0  42202-4 0  9998
2 56340  97.2856 259.7640 0001777  88.6901 271.4545 15.33436176187557

1 56341U 23058AA  26263.16670139  .00586221  00000+0  26118-1 0  9991
2 56341  97.2850 257.0987 0001599  92.6615 322.9557 15.19083252  5524

1 56342U 23058AB  26262.95888286  .00000219  00000+0  91065-5 0  9997
2 56342  97.2849 259.7446 0001381  99.2301 260.9098 15.33434749187558

1 56343U 23058AC  26262.90178339  .00000614  00000+0  21346-4 0  9997
2 56343  97.2841 259.6684 0001572  88.9231 271.2192 15.33436368187541

1 56344U 23058AD  26262.78214746  .00000380  00000+0  14109-4 0  9996
2 56344  97.2842 259.5286 0001641  93.1863 266.9567 15.33435290187524

1 56345U 23058AE  26263.16670139 -.00023494  00000+0 -11205-2 0  9997
2 56345  97.2858 257.0504 0001601 119.0261 189.1769 15.19116504  5723

1 56346U 23058AF  26263.16670139 -.00023400  00000+0 -12024-2 0  9995
2 56346  97.2858 257.1159 0001445 109.3714   8.4625 15.16515003  5821

1 56347U 23058AG  26262.94528473  .00000885  00000+0  29740-4 0  9999
2 56347  97.2839 259.7617 0001755  93.0246 267.1197 15.33435838187556

1 56348U 23058AH  26263.16670139  .00692351  00000+0  27293-1 0  9995
2 56348  97.2854 257.0610 0001624  86.7288 241.5135 15.23290571  5827

1 56349U 23058AJ  26263.16670139  .00618364  00000+0  28422-1 0  9993
2 56349  97.2851 257.1225 0001542  91.9741  15.2122 15.17859072  5821

1 56350U 23058AK  26263.15736248 -.00001110  00000+0 -32074-4 0  9996
2 56350  97.2845 259.9347 0001509  89.4684 270.6732 15.33431929187585

1 56351U 23058AL  26262.58909829  .00001183  00000+0  38985-4 0  9995
2 56351  97.2851 259.3346 0001527  86.2459 273.8958 15.33434865187498

1 56352U 23058AM  26263.16670139  .00690316  00000+0  29574-1 0  9993
2 56352  97.2853 257.0714 0001648  87.1575 262.2940 15.20442172  5823

1 56353U 23058AN  26263.16670139 -.00013288  00000+0 -59464-3 0  9996
2 56353  97.2850 257.0986 0001481  52.3430   8.8424 15.21185745  5878

1 56354U 23058AP  26262.94799757  .00000866  00000+0  29161-4 0  9998
2 56354  97.2842 259.7567 0001582  91.5741 268.5683 15.33442276187552

1 56356U 23058AR  26262.72504800  .00001208  00000+0  39748-4 0  9992
2 56356  97.2841 259.4523 0001667  92.9870 267.1563 15.33434897187512

1 56357U 23058AS  26262.92625846  .00002337  00000+0  74731-4 0  9994
2 56357  97.2847 259.6412 0001308 103.6251 256.5137 15.33425905187545

1 56358U 23058AT  26263.16670139  .00618819  00000+0  29489-1 0  9992
2 56358  97.2851 257.1259 0001535  91.6529  22.8555 15.16974611  5821

1 56359U 23058AU  26263.16670139 -.00035183  00000+0 -15818-2 0  9994
2 56359  97.2844 257.0094 0002360  81.1859 147.9718 15.21232193  5869

1 56360U 23058AV  26262.95344249  .00000446  00000+0  16143-4 0  9998
2 56360  97.2840 259.7523 0001874  95.1947 264.9510 15.33434467187553

1 56361U 23058AW  26263.16670139 -.00026564  00000+0 -13824-2 0  9995
2 56361  97.2829 257.0736 0001886 105.9333 265.8117 15.16093748  5770

1 56362U 23058AX  26262.96975582  .00002980  00000+0  94574-4 0  9990
2 56362  97.2864 259.7322 0000885  68.9837 291.1501 15.33452344187551

1 56448U 23064A   26262.28918227 -.00000667  00000+0 -48103-4 0  9999
2 56448  70.0012  16.3956 0003139 267.3951  92.6848 14.98336865184247

1 56449U 23064B   26262.97749036 -.00000671  00000+0 -48428-4 0  9991
2 56449  70.0011  14.7847 0003250 268.5333  91.5454 14.98336259184348

1 56450U 23064C   26263.01936786  .00000345  00000+0  36740-4 0  9999
2 56450  70.0009  14.5289 0003005 271.4921  88.5894 14.98332290184355

1 56451U 23064D   26263.04007304 -.00000211  00000+0 -98599-5 0  9993
2 56451  70.0006  14.6020 0003311 268.0452  92.0328 14.98330158184351

1 56452U 23064E   26263.03589872 -.00000077  00000+0  13136-5 0  9991
2 56452  70.0013  14.5879 0003094 270.9764  89.1040 14.98330414184350

1 56453U 23064F   26262.96497814 -.00004158  00000+0 -34081-3 0  9992
2 56453  70.0005  14.7395 0003204 259.6629 100.4169 14.98341923184349

1 56454U 23064G   26262.74382292  .00000691  00000+0  65663-4 0  9999
2 56454  70.0008  15.1702 0003373 268.8303  91.2469 14.98334763184319

1 56455U 23064H   26262.73964047  .00000055  00000+0  12427-4 0  9997
2 56455  70.0008  15.1551 0003143 270.3084  89.7715 14.98330301184311

1 56456U 23064J   26262.28484617  .00000283  00000+0  31491-4 0  9993
2 56456  70.0004  16.3789 0003237 276.7047  83.3744 14.98340655184244

1 56457U 23064K   26262.68123573  .00000711  00000+0  67352-4 0  9990
2 56457  70.0009  15.3532 0003326 265.6224  94.4555 14.98340485184309

1 56458U 23064L   26263.02337646  .00000231  00000+0  27129-4 0  9993
2 56458  70.0012  14.5409 0002910 270.6058  89.4767 14.98331989184350

1 56459U 23064M   26263.05690828  .00000193  00000+0  23933-4 0  9997
2 56459  70.0010  14.2556 0003283 268.4833  91.5950 14.98330442184350

1 56460U 23064N   26263.06926376  .00000250  00000+0  28706-4 0  9997
2 56460  70.0006  14.3002 0003170 271.7295  88.3501 14.98332046184367

1 56461U 23064P   26263.05257046  .00000256  00000+0  29230-4 0  9997
2 56461  70.0011  14.2407 0003060 270.4635  89.6173 14.98328329184362

1 56462U 23064Q   26263.20664854  .00000354  00000+0  37426-4 0  9999
2 56462  69.9987 333.8064 0003428 267.8013  92.2753 14.98330962185371

1 56463U 23064R   26263.02755022  .00000062  00000+0  12952-4 0  9991
2 56463  70.0018  14.5478 0003026 272.7771  87.3041 14.98331060184354

1 56464U 23064S   26263.06509189  .00000780  00000+0  73146-4 0  9996
2 56464  70.0008  14.2839 0003339 270.9588  89.1188 14.98331314184360

1 56465U 23064T   26263.21482947 -.00000043  00000+0  41743-5 0  9998
2 56465  69.9996 333.8328 0003544 268.9083  91.1670 14.98332659185376

1 56466U 23064U   26262.72294307  .00000099  00000+0  16056-4 0  9993
2 56466  70.0013  15.0956 0003147 269.8032  90.2766 14.98330191184306

1 56467U 23064V   26263.16670139  .00083316  00000+0  55192-2 0  9999
2 56467  70.0003 354.0830 0003596 244.9971  20.0224 15.06831213  5805

1 56468U 23064W   26263.04839566 -.00000040  00000+0  44687-5 0  9992
2 56468  70.0007  14.2264 0003189 270.4591  89.6202 14.98329266184362

1 56469U 23064X   26263.16670139  .00090389  00000+0  58986-2 0  9993
2 56469  70.0003 354.1427 0004315 246.6690 322.4270 15.07345263  5803

1 56470U 23064Y   26263.16670139  .00096847  00000+0  69627-2 0  9994
2 56470  70.0008 354.2110 0003148 230.7754 276.5584 15.03695703  5808

1 56471U 23064Z   26263.16670139  .00099468  00000+0  64486-2 0  9995
2 56471  70.0016 354.0547 0005176 277.0331  11.2196 15.07533925  5802

1 56472U 23064AA  26263.16670139  .00102466  00000+0  69257-2 0  9990
2 56472  70.0002 354.0264 0003573 253.9980  58.5468 15.05975916  5800

1 56474U 23064AC  26263.16670139  .00100636  00000+0  70629-2 0  9994
2 56474  70.0013 354.2112 0002631 275.7988 231.7626 15.04580384  5803

1 56475U 23064AD  26263.16670139  .00101338  00000+0  69675-2 0  9994
2 56475  70.0007 354.0320 0003724 258.7321  48.8620 15.05343706  5708

1 56476U 23064AE  26263.16670139  .00101142  00000+0  70675-2 0  9990
2 56476  69.9997 354.1027 0003030 262.2581 339.1330 15.04740498  5800

1 56477U 23064AF  26262.97145902  .00098312  00000+0  75214-2 0  9992
2 56477  69.9987 354.4905 0004276 262.3107  97.7568 15.01327392184849

1 56478U 23064AG  26263.16670139  .00100242  00000+0  68365-2 0  9995
2 56478  70.0002 354.0078 0004301 292.2927  38.2876 15.05651437  5803

1 56479U 23064AH  26263.16670139  .00101987  00000+0  70784-2 0  9991
2 56479  70.0018 353.8549 0002498 299.8707 164.7929 15.04990809  5807

1 56480U 23064AJ  26262.81308038  .00013331  00000+0  22934-3 0  9990
2 56480  69.9892 293.7943 0004586 284.9298  75.1380 15.51223573186340

1 56481U 23064AK  26263.16670139  .00100511  00000+0  72494-2 0  9996
2 56481  70.0012 353.9535 0004485 280.1598  98.7309 15.03550333  5800

1 56482U 23064AL  26263.16670139  .00104754  00000+0  74826-2 0  9991
2 56482  69.9999 354.0018 0002551 263.7523  69.4222 15.03894855  5806

1 56483U 23064AM  26263.16670139  .00107977  00000+0  75480-2 0  9999
2 56483  69.9997 353.9718 0003757 261.9616  93.5991 15.04686437  5809

1 56484U 23064AN  26263.16670139  .00111245  00000+0  80542-2 0  9998
2 56484  70.0003 353.9866 0005120 267.4422  75.8960 15.03343841  5848

1 56485U 23064AP  26263.16670139  .00107148  00000+0  79297-2 0  9991
2 56485  70.0004 353.8908 0003708 297.0610 131.0352 15.02540442  5760

1 56487U 23064AR  26262.94362156  .00000395  00000+0  40879-4 0  9997
2 56487  69.9994 334.5272 0003359 269.2853  90.7921 14.98329460185333

1 56488U 23064AS  26263.18564259 -.00000245  00000+0 -12774-4 0  9992
2 56488  70.0001 334.1644 0003492 270.1258  89.9501 14.98328808185365

1 56489U 23064AT  26262.17171800  .00000262  00000+0  29752-4 0  9998
2 56489  69.9997 336.6454 0003646 270.5754  89.4987 14.98331004185218

1 56490U 23064AU  26262.59314880  .00000260  00000+0  29570-4 0  9999
2 56490  70.0001 335.7069 0003158 270.2902  89.7895 14.98331813185276

1 56491U 23064AV  26262.50134550 -.00000123  00000+0 -25011-5 0  9992
2 56491  70.0000 335.7880 0003573 269.2299  90.8450 14.98329439185265

1 56492U 23064AW  26261.96308141  .00000884  00000+0  81830-4 0  9993
2 56492  69.9994 337.1195 0003724 270.7205  89.3527 14.98337447185189

1 56493U 23064AX  26263.16670139  .00052640  00000+0  37076-2 0  9995
2 56493  70.0030 314.0812 0002510 265.8009 217.6087 15.04735043  5802

1 56494U 23064AY  26262.56409560 -.00000695  00000+0 -50458-4 0  9993
2 56494  70.0006 335.6065 0003115 268.0271  92.0531 14.98330547185263

1 56495U 23064AZ  26263.15643493 -.00001836  00000+0 -14615-3 0  9997
2 56495  70.0028 334.0643 0003918 280.8215  79.2503 14.98315582185363

1 56496U 23064BA  26262.95196723 -.00000820  00000+0 -60953-4 0  9993
2 56496  69.9996 334.5533 0003355 263.3274  96.7503 14.98325626185335

1 56497U 23064BB  26263.21499970  .00000235  00000+0  27462-4 0  9990
2 56497  69.9994 333.8653 0003646 269.6383  90.4358 14.98329842185379

1 56498U 23064BC  26261.95891696  .00000262  00000+0  29716-4 0  9995
2 56498  69.9996 337.1059 0003553 269.8072  90.2680 14.98330690185181

1 56767U 23078A   26263.19935874  .00018516  00000+0  74976-3 0  9992
2 56767  69.9879 201.7478 0006663 218.3237 141.7463 15.24683245182127

1 56768U 23078B   26263.16670139  .00066518  00000+0  45102-2 0  9993
2 56768  70.0005 193.8444 0003668 255.7328  17.0856 15.06066295  5804

1 56770U 23078D   26263.16670139  .00025106  00000+0  17421-2 0  9997
2 56770  69.9992 234.0436 0004166 250.6579 326.7876 15.05513277  5802

1 56772U 23078F   26263.16670139  .00029471  00000+0  20981-2 0  9993
2 56772  69.9990 234.0403 0005507 265.6268 310.9977 15.04502621  5556

1 56773U 23078G   26263.17128769 -.00000310  00000+0 -18221-4 0  9991
2 56773  70.0003 174.2666 0002884 269.0744  91.0085 14.98324612182796

1 56774U 23078H   26263.16670139  .00024789  00000+0  18271-2 0  9991
2 56774  70.0009 234.1771 0003168 307.0202 143.6736 15.03250636  5819

1 56775U 23078J   26263.16712554 -.00000823  00000+0 -61233-4 0  9993
2 56775  69.9998 174.2510 0003275 276.6851  83.3936 14.98310206182797

1 56776U 23078K   26263.16670139  .00067253  00000+0  44373-2 0  9998
2 56776  70.0003 194.1815 0003565 297.8493  24.4529 15.07074421  5702

1 56777U 23078L   26263.15087919  .00000331  00000+0  35535-4 0  9992
2 56777  69.9999 214.3498 0003238 269.2215  90.8573 14.98330088181803

1 56778U 23078M   26263.16670139  .00064952  00000+0  41320-2 0  9992
2 56778  70.0004 194.1048 0002896 286.3938 104.7459 15.08435551  5751

1 56779U 23078N   26263.16670139  .00061916  00000+0  43473-2 0  9991
2 56779  70.0003 194.0527 0001762 296.6606 136.7789 15.04794059  5656

1 56780U 23078P   26263.14684397  .00000347  00000+0  36838-4 0  9992
2 56780  69.9996 213.9556 0003438 269.5817  90.4948 14.98330162181813

1 56781U 23078Q   26263.13001897 -.00000687  00000+0 -49813-4 0  9996
2 56781  69.9997 214.2747 0003362 267.2934  92.7840 14.98323581181804

1 56782U 23078R   26263.16670139  .00064361  00000+0  35876-2 0  9990
2 56782  69.9987 193.9157 0003060 300.9931 262.8496 15.13234259  5756

1 56783U 23078S   26263.16670139  .00061065  00000+0  39854-2 0  9999
2 56783  70.0007 194.0537 0002526 284.1284 153.1022 15.07517138  5757

1 56784U 23078T   26263.16670139  .00062832  00000+0  40711-2 0  9997
2 56784  70.0008 194.0691 0001622 307.6358 116.8191 15.07774813  5702

1 56785U 23078U   26263.13835677  .00000398  00000+0  41185-4 0  9992
2 56785  69.9987 214.3036 0003379 266.2282  93.8491 14.98338831182496

1 56786U 23078V   26263.16670139  .00061790  00000+0  41631-2 0  9993
2 56786  70.0004 194.0772 0001093 271.3298 144.6534 15.06335093  5805

1 56787U 23078W   26263.16670139  .00071103  00000+0  48447-2 0  9995
2 56787  70.0000 193.9350 0003191 267.0687 277.1442 15.05857356  5706

1 56788U 23078X   26263.16670139  .00065022  00000+0  44417-2 0  9992
2 56788  70.0014 194.0489 0001042 289.5402 152.2367 15.05801153  5808

1 56790U 23078Z   26263.15040453  .00000284  00000+0  31595-4 0  9998
2 56790  70.0000 174.1967 0003008 269.3482  90.7332 14.98331485182793

1 56791U 23078AA  26262.16614704  .00000452  00000+0  45690-4 0  9993
2 56791  69.9995 216.5324 0003257 269.2419  90.8367 14.98332082181665

1 56792U 23078AB  26263.14253156  .00000129  00000+0  18573-4 0  9994
2 56792  69.9997 214.3200 0002809 272.4468  87.6369 14.98329573181802

1 56793U 23078AC  26262.58342492  .00001260  00000+0  11340-3 0  9995
2 56793  69.9995 215.5778 0003163 263.6990  96.3809 14.98323584181723

1 56794U 23078AD  26263.16670139  .00065579  00000+0  46368-2 0  9993
2 56794  70.0012 194.0392 0002330 284.4981 165.4014 15.04508108  5755

1 56795U 23078AE  26263.16670139  .00070001  00000+0  50175-2 0  9991
2 56795  70.0015 193.9024 0002473 257.1086 320.7282 15.03968323  5807

1 56796U 23078AF  26263.00067556 -.00001491  00000+0 -11718-3 0  9998
2 56796  69.9997 214.6265 0003551 266.2781  93.7971 14.98326858181781

1 56797U 23078AG  26262.27882539  .00000161  00000+0  21281-4 0  9991
2 56797  70.0002 216.5153 0003334 269.9882  90.0895 14.98329946181674

1 56799U 23078AJ  26263.12165829  .00000014  00000+0  89687-5 0  9996
2 56799  69.9996 214.2421 0002872 271.5541  88.5289 14.98332316181804

1 56800U 23078AK  26262.52502165 -.00002474  00000+0 -19969-3 0  9998
2 56800  70.0001 215.7753 0003420 265.4318  94.6451 14.98308455181711

1 56801U 23078AL  26263.16670139  .00070049  00000+0  52373-2 0  9993
2 56801  70.0012 193.9679 0003108 232.4720 280.5698 15.02372581  5847

1 56803U 23078AN  26263.11331012 -.00000235  00000+0 -11880-4 0  9996
2 56803  69.9995 214.2153 0003538 269.2549  90.8204 14.98332480181808

1 56804U 23078AP  26263.16670139  .00068055  00000+0  49806-2 0  9997
2 56804  70.0009 194.0051 0002771 280.5473 196.4982 15.03194703  5846

1 56805U 23078AQ  26263.16670139  .00063163  00000+0  44064-2 0  9994
2 56805  70.0007 194.0055 0002488 247.8382 228.2601 15.05026689  5750

1 56806U 23078AR  26263.18377181  .00000288  00000+0  31962-4 0  9992
2 56806  70.0004 173.9124 0002372 275.5140  84.5749 14.98330753182778

1 56807U 23078AS  26263.16670139  .00072953  00000+0  53902-2 0  9994
2 56807  70.0017 193.9086 0004797 250.5304 313.7832 15.02799783  5806

1 56808U 23078AT  26263.07286701  .00000449  00000+0  45389-4 0  9996
2 56808  69.9993 144.4306 0002796 272.0011  88.0827 14.98332074183537

1 56809U 23078AU  26262.22455958  .00000467  00000+0  46911-4 0  9997
2 56809  70.0005 216.3324 0003156 270.4809  89.5988 14.98330365181670

1 56810U 23078AV  26262.57505742  .00000036  00000+0  10799-4 0  9991
2 56810  69.9995 215.5482 0003256 263.3028  96.7760 14.98330917181725

1 56812U 23078AX  26263.16670139  .00073169  00000+0  49220-2 0  9998
2 56812  69.9999 193.8983 0003519 265.7242 314.0804 15.06321689  5750

1 56813U 23078AY  26263.15519271 -.00000786  00000+0 -58053-4 0  9990
2 56813  69.9999 213.9617 0003274 268.1413  91.9371 14.98332326181816

1 56814U 23078AZ  26263.16337449  .00000108  00000+0  16827-4 0  9996
2 56814  69.9994 213.9890 0003234 270.7975  89.2813 14.98330033181817

1 56816U 23078BB  26263.16670139  .00072622  00000+0  48363-2 0  9992
2 56816  70.0012 193.8036 0004798 284.7847  16.3316 15.06694647  5807

1 56818U 23078BD  26262.62094711  .00001725  00000+0  15227-3 0  9990
2 56818  70.0006 215.3059 0003573 269.9055  90.1695 14.98339926182423

1 57663U 23124A   26263.04353515  .00000721  00000+0  32480-4 0  9994
2 57663  53.1612  21.9668 0001033  97.3071 262.8049 15.34389436173359

1 57665U 23124C   26262.67366703  .00001499  00000+0  55510-4 0  9999
2 57665  53.1616  23.2295 0001166  80.2276 279.8859 15.34394302173301

1 57666U 23124D   26262.89064093  .00036007  00000+0  10720-2 0  9996
2 57666  53.1604  83.1876 0000335 174.8209 185.2797 15.34392666172459

1 57667U 23124E   26262.82495023 -.00000876  00000+0 -14797-4 0  9998
2 57667  53.1615  22.5464 0000683  93.8339 266.2742 15.34390183173321

1 57668U 23124F   26262.39426271 -.00000056  00000+0  94659-5 0  9995
2 57668  53.1628  24.8659 0001228  81.4545 278.6597 15.34387442173256

1 57669U 23124G   26262.94379573  .00000603  00000+0  31186-4 0  9991
2 57669  53.1626  23.1741 0000697  70.5416 289.5660 15.31702311173327

1 57670U 23124H   26263.02668723  .00001194  00000+0  46483-4 0  9993
2 57670  53.1616  21.6879 0001231  89.2317 270.8827 15.34390273173359

1 57671U 23124J   26262.89431875  .00000770  00000+0  33906-4 0  9999
2 57671  53.1624  22.4081 0001114  96.0066 264.1064 15.34404059173335

1 57672U 23124K   26262.67157517  .00002574  00000+0  87302-4 0  9997
2 57672  53.1610  23.2597 0001129  77.4436 282.6693 15.34396159173303

1 57673U 23124L   26262.94051677  .00002062  00000+0  72152-4 0  9997
2 57673  53.1620  21.9931 0000999  68.6620 291.4489 15.34396333173342

1 57676U 23124P   26262.39897036  .00004199  00000+0  13540-3 0  9994
2 57676  53.1636  26.5343 0001113  94.1893 265.9237 15.34386371173231

1 57677U 23124Q   26262.61694432  .00000092  00000+0  13847-4 0  9994
2 57677  53.1619  23.5910 0001217  80.4562 279.6578 15.34388827173290

1 57678U 23124R   26263.02816512 -.00002366  00000+0 -58947-4 0  9994
2 57678  53.1619   7.7315 0000995  71.5091 288.6020 15.34385839173555

1 57679U 23124S   26263.06659296  .00000599  00000+0  28857-4 0  9994
2 57679  53.1620  21.4276 0001058  80.2384 279.8738 15.34389192173363

1 57680U 23124T   26263.16670139  .00536732  00000+0  55216-2 0  9996
2 57680  53.1792  18.0936 0000969  95.2120  81.5632 15.62601926  5924

1 57681U 23124U   26262.35912785  .00066516  00000+0  17338-2 0  9994
2 57681  53.1552  24.4990 0003056 309.1774  50.8959 15.38255906173251

1 57682U 23124V   26262.91795973  .00023663  00000+0  70808-3 0  9993
2 57682  53.1597  24.0788 0001559 120.4178 239.6979 15.34452532173316

1 57683U 23124W   26262.82286785  .00001544  00000+0  56803-4 0  9994
2 57683  53.1625  22.6992 0001132  92.9762 267.1370 15.34403314173325

1 57840U 23141A   26262.96753867  .00001030  00000+0  44944-4 0  9996
2 57840  53.1593 100.2397 0000893  84.7194 275.3909 15.31704470170091

1 57841U 23141B   26262.91160897  .00002094  00000+0  79208-4 0  9999
2 57841  53.1597 100.4136 0001294  88.9080 271.2070 15.31700520170080

1 57842U 23141C   26262.93027435  .00000137  00000+0  16181-4 0  9999
2 57842  53.1583 100.5606 0000990  91.6657 268.4457 15.31700525170084

1 57843U 23141D   26262.92093404  .00000448  00000+0  26212-4 0  9999
2 57843  53.1589 100.4551 0001179  95.4863 264.6273 15.31702330170080

1 57844U 23141E   26262.93739889  .00000963  00000+0  39663-4 0  9991
2 57844  53.1589 100.0663 0001238  82.8845 277.2298 15.34385187170095

1 57847U 23141H   26262.52481132 -.00001373  00000+0 -32495-4 0  9998
2 57847  53.1581 102.4225 0001318  95.8509 264.2643 15.31684204170022

1 57848U 23141J   26262.92486799 -.00004820  00000+0 -13182-3 0  9998
2 57848  53.1588 100.4457 0001389 125.8240 234.2891 15.34347416170081

1 57849U 23141K   26262.99087606  .00001377  00000+0  56127-4 0  9999
2 57849  53.1585 100.3914 0001085  98.3748 261.7377 15.31707161170095

1 57850U 23141L   26262.83866153  .00001168  00000+0  45718-4 0  9998
2 57850  53.1597 100.6246 0001228  84.5929 275.5213 15.34389357170074

1 57851U 23141M   26262.90695267  .00000835  00000+0  38654-4 0  9994
2 57851  53.1599 100.5265 0001082  88.5497 271.5629 15.31702235170088

1 57852U 23141N   26262.95844203  .00000622  00000+0  29553-4 0  9998
2 57852  53.1604 100.1926 0001177  80.2731 279.8405 15.34386852170080

1 57853U 23141P   26262.99622194  .00001464  00000+0  54475-4 0  9992
2 57853  53.1595  99.7132 0000910 100.1114 259.9991 15.34387776170101

1 57854U 23141Q   26262.93950581 -.00000737  00000+0 -10700-4 0  9998
2 57854  53.1589 100.0732 0000642  91.5256 268.5820 15.34400172170090

1 57855U 23141R   26262.94581455  .00000617  00000+0  29412-4 0  9995
2 57855  53.1597 100.1096 0001133  92.3999 267.7133 15.34391025170097

1 57856U 23141S   26262.04469343  .00000362  00000+0  23427-4 0  9995
2 57856  53.1593 104.4427 0001172  85.7629 274.3507 15.31704733169951

1 57857U 23141T   26262.82095605  .00000402  00000+0  24731-4 0  9992
2 57857  53.1603  75.4966 0001251  86.6254 273.4890 15.31699606170422

1 57858U 23141U   26262.94792088  .00001222  00000+0  47321-4 0  9996
2 57858  53.1592 100.1249 0001140  79.6569 280.4562 15.34390512170092

1 57859U 23141V   26262.86805830  .00000294  00000+0  19832-4 0  9992
2 57859  53.1577 100.3390 0000951  85.6939 274.4172 15.34388157170083

1 57860U 23141W   26262.04936256  .00001802  00000+0  69798-4 0  9993
2 57860  53.1601 104.4686 0001104  91.3678 268.7450 15.31708067169953

1 57935U 23148A   26262.45539756  .00000934  00000+0  38792-4 0  9997
2 57935  53.1607 200.3835 0001433  98.0945 262.0220 15.34398202168141

1 57936U 23148B   26262.54213396  .00001946  00000+0  68770-4 0  9990
2 57936  53.1643 202.2442 0002029  72.5120 287.6104 15.34383732168125

1 57937U 23148C   26262.48906101 -.00000260  00000+0  34314-5 0  9994
2 57937  53.1605 200.5501 0001300  90.1278 269.9873 15.34387655168148

1 57938U 23148D   26263.08774689  .00000633  00000+0  29881-4 0  9991
2 57938  53.1606 187.3400 0001480  84.0967 276.0204 15.34393000168379

1 57939U 23148E   26262.48365729  .00038294  00000+0  99432-3 0  9998
2 57939  53.1530 201.8540 0006989  75.7299 284.4481 15.38604583168125

1 57940U 23148F   26263.10941667  .00001566  00000+0  57509-4 0  9993
2 57940  53.1608 199.3958 0001274  86.1149 273.9999 15.34383337168213

1 57941U 23148G   26263.08409875  .00004140  00000+0  13371-3 0  9990
2 57941  53.1605 189.3021 0001364  90.2451 269.8707 15.34376906168353

1 57942U 23148H   26262.22361588  .00021784  00000+0  67362-3 0  9996
2 57942  53.1581 203.7656 0001869 101.8881 258.2331 15.33460416168071

1 57943U 23148J   26262.48962894 -.00002034  00000+0 -49092-4 0  9992
2 57943  53.1597 202.7066 0001282  98.7118 261.4029 15.34392909168116

1 57944U 23148K   26263.19293626 -.00002918  00000+0 -75233-4 0  9999
2 57944  53.1607 197.1504 0002502  68.6459 291.4810 15.34399916168254

1 57945U 23148L   26263.19504123  .00001464  00000+0  54468-4 0  9997
2 57945  53.1602 197.1697 0001535  82.9850 277.1327 15.34391429168257

1 57946U 23148M   26263.07210101  .00000278  00000+0  19380-4 0  9991
2 57946  53.1606 275.3683 0001588  65.9533 294.1636 15.34394028167128

1 57947U 23148N   26262.32092104  .00006240  00000+0  19583-3 0  9999
2 57947  53.1628 200.9491 0001826 106.2920 253.8284 15.34371735168120

1 57949U 23148Q   26262.46590714 -.00006300  00000+0 -17534-3 0  9999
2 57949  53.1610 200.4332 0001363  97.2248 262.8910 15.34420498168149

1 57950U 23148R   26262.56895892 -.00005121  00000+0 -14073-3 0  9992
2 57950  53.1597 200.3467 0001421  52.1207 307.9924 15.34358619168155

1 57951U 23148S   26263.17399729  .00001109  00000+0  43970-4 0  9998
2 57951  53.1610 197.0140 0001338  82.9085 277.2070 15.34390477168254

1 57952U 23148T   26262.55209217  .00000133  00000+0  15069-4 0  9996
2 57952  53.1613 200.2644 0001187  86.5648 273.5490 15.34394811168151

1 57953U 23148U   26263.18285868  .00001003  00000+0  40831-4 0  9995
2 57953  53.1583 188.8946 0001426  67.1505 292.9648 15.34390626168360

1 57954U 23148V   26263.17390007  .00001088  00000+0  43364-4 0  9994
2 57954  53.1591 186.9617 0001837  52.6467 307.4703 15.34389570168399

1 57955U 23148W   26263.08991569  .00001048  00000+0  42154-4 0  9997
2 57955  53.1625 187.8522 0001394  73.3686 286.7469 15.34391558168379

1 58028U 23156A   26262.53406093 -.00000662  00000+0 -84728-5 0  9997
2 58028  53.1590 255.9197 0001174  83.0597 277.0539 15.34399295166029

1 58029U 23156B   26263.00475426  .00002378  00000+0  81521-4 0  9998
2 58029  53.1592 253.8853 0000903  88.7187 271.3919 15.34384143166096

1 58030U 23156C   26262.51940186  .00000747  00000+0  33264-4 0  9994
2 58030  53.1600 256.3592 0001478  78.1956 281.9212 15.34390146165969

1 58031U 23156D   26262.70799344  .00000351  00000+0  21517-4 0  9993
2 58031  53.1593 263.0917 0001277  77.2987 282.8159 15.34392961165921

1 58032U 23156E   26263.01314175  .00001521  00000+0  56155-4 0  9990
2 58032  53.1557 253.7529 0001146  91.6658 268.4476 15.34389403166095

1 58033U 23156F   26261.88656443  .00002742  00000+0  92355-4 0  9999
2 58033  53.1609 349.2779 0001347  75.0975 285.0177 15.34368812164635

1 58034U 23156G   26263.00683138 -.00001609  00000+0 -36528-4 0  9990
2 58034  53.1575 253.7198 0000768 106.3276 253.7811 15.34384348166091

1 58035U 23156H   26262.60497088  .00000320  00000+0  22075-4 0  9992
2 58035  53.1589 257.0611 0001255  80.8339 279.2804 15.31703227165960

1 58036U 23156J   26262.53506363  .00002478  00000+0  91575-4 0  9999
2 58036  53.1595 257.3332 0001128  70.5920 289.5203 15.31703337165950

1 58037U 23156K   26263.21187111  .00016586  00000+0  50102-3 0  9997
2 58037  53.1602 341.1836 0002512  92.9147 267.2143 15.34394121164863

1 58038U 23156L   26262.49780695  .00002614  00000+0  88513-4 0  9998
2 58038  53.1589 254.2611 0001099  74.9710 285.1414 15.34382517165999

1 58040U 23156N   26262.78527879 -.00003107  00000+0 -80856-4 0  9998
2 58040  53.1639 342.8096 0001350 118.3036 241.8103 15.34398137164801

1 58041U 23156P   26262.97110348  .00001010  00000+0  41034-4 0  9993
2 58041  53.1591 253.8366 0001260  85.5133 274.6013 15.34386029166086

1 58042U 23156Q   26262.69109121 -.00001277  00000+0 -26661-4 0  9996
2 58042  53.1587 253.1839 0001114  90.0243 270.0887 15.34395335166079

1 58043U 23156R   26262.97747352 -.00325991  00000+0 -10189-1 0  9999
2 58043  53.1581 254.2447 0001843  63.2621 296.8569 15.33998421166080

1 58044U 23156S   26263.19292413 -.00000363  00000+0  37663-6 0  9991
2 58044  53.1625 341.0414 0001156  88.5228 271.5907 15.34385666164861

1 58045U 23156T   26263.16332317 -.00000581  00000+0 -60798-5 0  9994
2 58045  53.1591 174.9790 0000754 137.7930 222.3130 15.34386860167192

1 58046U 23156U   26263.03950920 -.00001003  00000+0 -18556-4 0  9991
2 58046  53.1605 341.5520 0001124  84.9835 275.1296 15.34404606164792

1 58047U 23156V   26262.71018439  .00003876  00000+0  12579-3 0  9992
2 58047  53.1614 345.1686 0001461  70.2007 289.9153 15.34399370164717

1 58048U 23156W   26262.82994138 -.00000681  00000+0 -90281-5 0  9995
2 58048  53.1611 344.5077 0001077 106.7502 253.3619 15.34382045164735

1 58097U 23161A   26262.93602971 -.00000760  00000+0 -11388-4 0  9996
2 58097  53.1611 340.3004 0000676  76.7577 283.3501 15.34388651164209

1 58098U 23161B   26262.94865862 -.00000522  00000+0 -43283-5 0  9994
2 58098  53.1606 340.3782 0000989  85.3188 274.7928 15.34382419164201

1 58099U 23161C   26262.70112646 -.00000098  00000+0  82296-5 0  9998
2 58099  53.1616 333.0982 0001401  99.0927 261.0234 15.34396485164271

1 58100U 23161D   26262.77837957  .00003741  00000+0  12175-3 0  9991
2 58100  53.1600 340.7267 0001213 110.2184 249.8949 15.34416305164181

1 58101U 23161E   26262.24480257 -.00002842  00000+0 -73107-4 0  9997
2 58101  53.1616 343.8045 0001160  94.6232 265.4903 15.34365799164091

1 58102U 23161F   26262.52206310  .00000486  00000+0  25501-4 0  9990
2 58102  53.1610 341.9842 0000984 103.8954 256.2159 15.34398667164144

1 58103U 23161G   26262.91974784  .00000579  00000+0  28280-4 0  9991
2 58103  53.1611 342.1322 0001088  84.1131 275.9996 15.34392498164172

1 58104U 23161H   26262.77426628 -.00000277  00000+0  29432-5 0  9992
2 58104  53.1591 341.2240 0001222  73.2174 286.8963 15.34383617164173

1 58105U 23161J   26262.66860292  .00001587  00000+0  58090-4 0  9995
2 58105  53.1614 327.8134 0000992  94.9405 265.1711 15.34397772164349

1 58106U 23161K   26262.44584761  .00001194  00000+0  46477-4 0  9996
2 58106  53.1630 328.5709 0001368 105.6448 254.4706 15.34392620164318

1 58107U 23161L   26262.88286145 -.00001057  00000+0 -20180-4 0  9993
2 58107  53.1604 326.2889 0000883  87.7242 272.3861 15.34387145164392

1 58108U 23161M   26262.89758853 -.00000734  00000+0 -10597-4 0  9997
2 58108  53.1615 326.3561 0001196  91.7381 268.3758 15.34384855164395

1 58109U 23161N   26263.17553527  .00000289  00000+0  19694-4 0  9991
2 58109  53.1609 338.9480 0000930  83.2665 276.8443 15.34392137164245

1 58110U 23161P   26262.25530959  .00008351  00000+0  25816-3 0  9995
2 58110  53.1618 343.8677 0001328  63.7029 296.4110 15.34381781164094

1 58111U 23161Q   26262.81685612 -.00000922  00000+0 -16187-4 0  9995
2 58111  53.1607 343.1083 0000837  81.3825 278.7273 15.34383379164156

1 58112U 23161R   26262.95974498  .00003784  00000+0  12307-3 0  9990
2 58112  53.1613 342.5714 0001124  80.0121 280.1009 15.34402054164171

1 58113U 23161S   26262.53106734 -.00004046  00000+0 -10880-3 0  9993
2 58113  53.1600 344.1659 0000556  13.3819 346.7198 15.34366019164117

1 58114U 23161T   26262.24737240 -.00001540  00000+0 -34439-4 0  9997
2 58114  53.1600 345.2374 0002524  95.9464 264.1826 15.34390068164070

1 58115U 23161U   26262.49691305 -.00004149  00000+0 -11177-3 0  9997
2 58115  53.1617 342.5133 0000888 101.0406 259.0696 15.34388094164128

1 58116U 23161V   26262.80423553 -.00000670  00000+0 -87084-5 0  9998
2 58116  53.1604 343.0269 0001356  62.9525 297.1616 15.34383335164150

1 58117U 23161W   26262.51001947  .00000397  00000+0  22876-4 0  9997
2 58117  53.1611 344.0363 0000812  72.2503 287.8589 15.34392678164112

1 58150U 23166A   26262.84899036  .00000620  00000+0  31727-4 0  9993
2 58150  53.1618  36.4949 0001087  75.7854 284.3268 15.31710659162923

1 58151U 23166B   26263.08404338  .00005619  00000+0  17733-3 0  9991
2 58151  53.1598  35.6273 0000706  77.8060 282.3022 15.34394147162953

1 58152U 23166C   26263.06808470  .00000288  00000+0  21052-4 0  9992
2 58152  53.1616  35.7261 0000956  89.8064 270.3047 15.31705590162956

1 58153U 23166D   26262.92825250  .00000419  00000+0  25271-4 0  9995
2 58153  53.1606  36.2913 0001199  82.7036 277.4101 15.31706404162939

1 58154U 23166E   26263.07774177 -.00001493  00000+0 -33082-4 0  9998
2 58154  53.1603  35.5808 0001198  90.3016 269.8124 15.34378412162807

1 58155U 23166F   26262.91890635  .00002584  00000+0  94973-4 0  9995
2 58155  53.1608  36.2322 0001099  83.8581 276.2546 15.31714401162939

1 58156U 23166G   26263.09670362 -.00003340  00000+0 -87813-4 0  9997
2 58156  53.1608  35.9137 0000923 105.9674 254.1431 15.34382501162803

1 58157U 23166H   26263.08666763  .00000515  00000+0  28354-4 0  9991
2 58157  53.1607  35.1347 0001061  91.1543 268.9580 15.31694908162816

1 58158U 23166J   26262.92357600  .00002290  00000+0  85514-4 0  9994
2 58158  53.1606  36.2607 0001048  84.2940 275.8181 15.31711453162938

1 58159U 23166K   26262.71382803 -.00000984  00000+0 -19954-4 0  9990
2 58159  53.1603  37.0881 0001154  54.4017 305.7092 15.31710207162751

1 58160U 23166L   26262.97015999  .00000637  00000+0  32298-4 0  9998
2 58160  53.1616  35.8443 0001132  92.2480 267.8651 15.31704165162943

1 58161U 23166M   26262.98527493 -.00000428  00000+0 -15509-5 0  9994
2 58161  53.1618  35.9234 0000793 100.0987 260.0105 15.34381916162944

1 58162U 23166N   26261.89690122  .00005314  00000+0  16841-3 0  9999
2 58162  53.1601  41.2333 0001106 105.3328 254.7797 15.34375678162779

1 58163U 23166P   26262.95997558  .00000082  00000+0  13568-4 0  9992
2 58163  53.1628  23.9108 0000855  57.0962 303.0123 15.34392369163108

1 58164U 23166Q   26263.09134881  .00008418  00000+0  28308-3 0  9999
2 58164  53.1596  35.1839 0000968  93.7736 266.3376 15.31658288162966

1 58165U 23166R   26262.99368574  .00000159  00000+0  15822-4 0  9998
2 58165  53.1619  35.9950 0000726 121.7336 238.3738 15.34392896162947

1 58166U 23166S   26262.97053826 -.00000396  00000+0 -59495-6 0  9999
2 58166  53.1599  35.8540 0001161  75.9243 284.1888 15.34400012162945

1 58167U 23166T   26263.06332747 -.00000135  00000+0  74134-5 0  9999
2 58167  53.1596  35.0060 0001060  89.7391 270.3732 15.31702176162811

1 58168U 23166U   26262.91382191  .00000084  00000+0  13611-4 0  9995
2 58168  53.1625  36.2087 0000332  89.7013 270.4027 15.34387974162781

1 58169U 23166V   26262.89919904 -.00001911  00000+0 -45482-4 0  9994
2 58169  53.1617  36.8264 0001208  77.4376 282.6762 15.34380351162924

1 58170U 23166W   26262.98948348  .00000259  00000+0  18798-4 0  9992
2 58170  53.1617  35.9691 0001493  44.5724 315.5399 15.34389847162941

1 58171U 23166X   26263.00841907 -.00000364  00000+0  35686-6 0  9995
2 58171  53.1609  36.0754 0000897 112.5674 247.5423 15.34382363162940

1 58374U 23178A   26263.05355117  .00001945  00000+0  68697-4 0  9992
2 58374  53.1590 173.7123 0001282  69.8690 290.2450 15.34387737159709

1 58375U 23178B   26263.15655572  .00000594  00000+0  28717-4 0  9990
2 58375  53.1597 173.6543 0001038  74.7985 285.3132 15.34391810159656

1 58376U 23178C   26263.13130730  .00001261  00000+0  48445-4 0  9995
2 58376  53.1570 173.4965 0000527 133.0868 227.0179 15.34387262159723

1 58377U 23178D   26263.18802542  .00001358  00000+0  51316-4 0  9996
2 58377  53.1595 173.1182 0000933  80.0960 280.0148 15.34395544159732

1 58378U 23178E   26263.16269750 -.00001675  00000+0 -38442-4 0  9992
2 58378  53.1588 163.0643 0001894  49.7601 310.3567 15.34394959159872

1 58379U 23178F   26263.01997743  .00001207  00000+0  46873-4 0  9993
2 58379  53.1593 174.2220 0001054 110.0432 250.0684 15.34391365159706

1 58380U 23178G   26262.89686218  .00000324  00000+0  20716-4 0  9999
2 58380  53.1598  86.1942 0000977  90.9699 269.1415 15.34390335160890

1 58381U 23178H   26263.12178347  .00044514  00000+0  10741-2 0  9990
2 58381  53.1569 172.7011 0003382 160.4362 199.6774 15.40787798159669

1 58382U 23178J   26263.15865708 -.00001147  00000+0 -22810-4 0  9997
2 58382  53.1592 173.6610 0001592 108.5672 251.5504 15.34403202159701

1 58383U 23178K   26263.01366675  .00000955  00000+0  39407-4 0  9996
2 58383  53.1604 174.1815 0001326 100.4798 259.6354 15.34383800159684

1 58384U 23178L   26262.27822922  .00004137  00000+0  13354-3 0  9994
2 58384  53.1561 177.3850 0000779  83.6784 276.4307 15.34387610159597

1 58385U 23178M   26263.04092517  .00000329  00000+0  20877-4 0  9998
2 58385  53.1598 173.6431 0001086  87.7263 272.3864 15.34390200159582

1 58386U 23178N   26261.61431090 -.00000710  00000+0 -98892-5 0  9992
2 58386  53.1589 180.8792 0001198 102.0020 258.1117 15.34389950159469

1 58387U 23178P   26263.16914919  .00001286  00000+0  49177-4 0  9999
2 58387  53.1607 173.6019 0000476  71.3321 288.7733 15.34406423159720

1 58388U 23178Q   26263.15445323  .00000723  00000+0  32558-4 0  9997
2 58388  53.1594 173.6399 0001432  76.6923 283.4239 15.34386282159729

1 58389U 23178R   26263.02044801  .00000996  00000+0  40622-4 0  9993
2 58389  53.1588 175.6417 0001417  62.6528 297.4619 15.34381898159685

1 58390U 23178S   26263.01786314  .00003147  00000+0  10422-3 0  9991
2 58390  53.1588 174.2084 0001294  65.7407 294.3731 15.34404751159703

1 58391U 23178T   26262.31608475 -.00001089  00000+0 -21070-4 0  9992
2 58391  53.1599 177.5462 0001463  93.6541 266.4629 15.34414165159592

1 58393U 23178V   26262.87708521  .00001209  00000+0  46954-4 0  9998
2 58393  53.1606 174.7465 0001280  80.7265 279.3882 15.34376142159554

1 58394U 23178W   26262.26146243 -.00000117  00000+0  76785-5 0  9993
2 58394  53.1609 177.8375 0001357 105.4292 254.6860 15.34394688159560

1 58395U 23178X   26263.15235483  .00001773  00000+0  63621-4 0  9990
2 58395  53.1600 173.6964 0001518  98.6239 261.4935 15.34389802159654

1 58531U 23192A   26262.95732966  .00000399  00000+0  22950-4 0  9996
2 58531  53.1578 237.9065 0001404  78.0733 282.0427 15.34389327155766

1 58532U 23192B   26262.45871492  .00003136  00000+0  10388-3 0  9993
2 58532  53.1570 226.2580 0000819  96.8639 263.2457 15.34401772155880

1 58533U 23192C   26262.47773801  .00002344  00000+0  80487-4 0  9999
2 58533  53.1605 238.4945 0001494 106.2937 253.8230 15.34398263155713

1 58534U 23192D   26262.91966779  .00000635  00000+0  32233-4 0  9994
2 58534  53.1598 229.1781 0001655  59.9298 300.1867 15.31700080155884

1 58535U 23192E   26262.64369935  .00000092  00000+0  13877-4 0  9996
2 58535  53.1598 237.3767 0001448  91.7757 268.3412 15.34390589155742

1 58536U 23192F   26262.30337938 -.00000107  00000+0  79712-5 0  9997
2 58536  53.1586 239.5382 0001211  91.0753 269.0389 15.34390608155680

1 58537U 23192G   26263.22159404  .00001300  00000+0  49619-4 0  9997
2 58537  53.1623 235.2945 0001587  93.1861 266.9323 15.34392364155821

1 58538U 23192H   26263.19636455 -.00001802  00000+0 -42255-4 0  9998
2 58538  53.1590 235.1323 0001435  99.6287 260.4878 15.34371562155820

1 58539U 23192J   26263.18372094  .00001124  00000+0  44426-4 0  9991
2 58539  53.1589 235.0552 0001493  83.3152 276.8020 15.34388228155824

1 58540U 23192K   26262.94842707  .00000136  00000+0  15178-4 0  9993
2 58540  53.1594 236.4299 0001264  86.7723 273.3425 15.34386988155789

1 58541U 23192L   26262.66850465  .00001491  00000+0  55276-4 0  9991
2 58541  53.1586 317.8003 0001787  76.5111 283.6091 15.34397267154601

1 58542U 23192M   26263.18582272 -.00001777  00000+0 -41480-4 0  9999
2 58542  53.1590 235.0677 0001246  90.2594 269.8551 15.34392224155823

1 58543U 23192N   26262.92738709  .00000612  00000+0  29252-4 0  9997
2 58543  53.1581 236.3007 0001709  73.0178 287.1011 15.34388187155788

1 58544U 23192P   26262.65058218  .00000211  00000+0  17376-4 0  9997
2 58544  53.1586 239.5032 0001447  94.1451 265.9717 15.34390834155716

1 58545U 23192Q   26262.93159590  .00001024  00000+0  41459-4 0  9996
2 58545  53.1581 236.3264 0001662  85.5354 274.5839 15.34389816155785

1 58546U 23192R   26262.95053609 -.00001114  00000+0 -21841-4 0  9998
2 58546  53.1601 236.4431 0001478  89.6955 270.4216 15.34375889155782

1 58547U 23192S   26262.64628606 -.00000817  00000+0 -13060-4 0  9993
2 58547  53.1592 229.5407 0001289  85.5464 274.5686 15.34391665155852

1 58548U 23192T   26262.96152557  .00002314  00000+0  79605-4 0  9995
2 58548  53.1577 237.8889 0001625  96.9920 263.1267 15.34398662155762

1 58549U 23192U   26263.19845013 -.00000285  00000+0  26980-5 0  9993
2 58549  53.1603 235.1433 0001190  81.8972 278.2165 15.34389002155825

1 58550U 23192V   26262.91955000 -.00000279  00000+0  28694-5 0  9999
2 58550  53.1592 238.3836 0001396  95.4991 264.6171 15.34389910155752

1 58551U 23192W   26262.31007939 -.00000543  00000+0 -49297-5 0  9990
2 58551  53.1590 230.9160 0001260  79.8628 280.2517 15.34382767155809

1 58552U 23192X   26263.21317720  .00001115  00000+0  44136-4 0  9993
2 58552  53.1610 235.2382 0001472  86.1180 273.9991 15.34392738155822

1 58705U 24002A   26262.72993820 -.00004270  00000+0 -30427-4 0  9995
2 58705  53.1595  37.4663 0001210  72.1057 288.0092 15.69690382156910

1 58706U 24002B   26262.98983155  .00091730  00000+0  48414-3 0  9993
2 58706  53.1454  33.2763 0002105 287.6925  72.3867 15.79912305156996

1 58707U 24002C   26262.93073272  .00001224  00000+0  14954-4 0  9991
2 58707  53.1591  36.5751 0000592  60.7066 299.4011 15.69713766156943

1 58708U 24002D   26262.97970274 -.00001735  00000+0 -94624-5 0  9996
2 58708  53.1585  36.1745 0001442  49.5590 310.5553 15.69696763156952

1 58709U 24002E   26263.10212737 -.00000734  00000+0 -12010-5 0  9993
2 58709  53.1605  35.5222 0001084  83.5568 276.5573 15.69709103156972

1 58710U 24002F   26263.09722462 -.00000788  00000+0 -16492-5 0  9991
2 58710  53.1588  35.4889 0000850 109.8250 250.2860 15.69701261156977

1 58711U 24002G   26263.10876142 -.00003353  00000+0 -88218-4 0  9994
2 58711  53.1611  43.2088 0001094  91.8844 268.2283 15.34374221151835

1 58712U 24002H   26263.10091530  .00000279  00000+0  19398-4 0  9990
2 58712  53.1600  45.2848 0000911  96.8907 263.2199 15.34388843151805

1 58713U 24002J   26263.11775183  .00004454  00000+0  14299-3 0  9998
2 58713  53.1608  45.3860 0001518 131.4010 228.7123 15.34375660151800

1 58714U 24002K   26262.97274870 -.00000391  00000+0 -44308-6 0  9994
2 58714  53.1611  45.9058 0001542  49.5919 310.5217 15.34388455151781

1 58715U 24002L   26262.75370395  .00000269  00000+0  19096-4 0  9996
2 58715  53.1613  45.2425 0001110  83.5133 276.5996 15.34390133151772

1 58716U 24002M   26263.12615894  .00001312  00000+0  49982-4 0  9992
2 58716  53.1612  45.4406 0001058  80.4582 279.6540 15.34391227151806

1 58717U 24002N   26262.97484984  .00002465  00000+0  84090-4 0  9998
2 58717  53.1609  45.9300 0000842 106.5442 253.5653 15.34385329151785

1 58718U 24002P   26263.11141593 -.00010343  00000+0 -29504-3 0  9996
2 58718  53.1593  45.3425 0001756  91.3959 268.7244 15.34436166151802

1 58719U 24002Q   26262.70800228  .00003255  00000+0  10744-3 0  9996
2 58719  53.1599  47.0881 0001445  72.4371 287.6789 15.34398962151745

1 58720U 24002R   26263.30165517  .00740547  30343-3  80624-3 0  9993
2 58720  53.1265 342.6810 0012010 342.7231  17.3393 16.09114372152688

1 58721U 24002S   26263.10929425  .00005070  00000+0  16096-3 0  9998
2 58721  53.1605  45.3332 0000868  84.3934 275.7168 15.34425115151800

1 58722U 24002T   26262.93438179  .00003058  00000+0  10161-3 0  9991
2 58722  53.1601  44.2414 0000834  72.2317 287.8777 15.34400238151809

1 58723U 24002U   26263.11353524 -.00001488  00000+0 -32922-4 0  9990
2 58723  53.1598  45.3544 0001057 118.3978 241.7131 15.34391510151809

1 58724U 24002V   26263.05412880  .00001371  00000+0  51713-4 0  9993
2 58724  53.1602  43.5751 0001001  59.9022 300.2080 15.34396887151812

1 58725U 24002W   26263.06101936  .00000968  00000+0  40756-4 0  9998
2 58725  53.1602  45.7357 0000718 137.1184 222.9874 15.33551448151794

1 58765U 24011A   26263.13668801  .00002270  00000+0  78317-4 0  9991
2 58765  53.1595 189.5955 0001385  76.6497 283.4660 15.34396067150053

1 58766U 24011B   26263.17600858 -.00001070  00000+0 -20553-4 0  9992
2 58766  53.1637 187.0208 0000473 147.8196 212.2836 15.34384078150086

1 58767U 24011C   26262.28934893  .00000600  00000+0  28888-4 0  9998
2 58767  53.1624 191.4233 0001219  79.6102 280.5038 15.34393519149954

1 58769U 24011E   26263.07728748 -.00009347  00000+0 -26554-3 0  9994
2 58769  53.1599 187.8104 0001751 103.0808 257.0390 15.34433531150073

1 58770U 24011F   26263.14874043  .00001203  00000+0  46725-4 0  9998
2 58770  53.1583 187.5430 0000990  82.1401 277.9714 15.34394381150088

1 58771U 24011G   26262.31661374  .00001662  00000+0  60327-4 0  9991
2 58771  53.1618 190.8998 0001897  75.1554 284.9659 15.34399606149968

1 58772U 24011H   26263.19493769  .00000399  00000+0  22932-4 0  9996
2 58772  53.1598 187.1173 0001050  89.8951 270.2172 15.34392433150088

1 58773U 24011J   26263.19551439 -.00001900  00000+0 -45104-4 0  9993
2 58773  53.1585 189.2479 0000709  74.8304 285.2776 15.34406505150063

1 58774U 24011K   26263.17658323  .00000731  00000+0  32779-4 0  9995
2 58774  53.1611 189.1237 0001502  96.7045 263.4128 15.34387435150061

1 58775U 24011L   26263.16548432  .00000536  00000+0  27001-4 0  9999
2 58775  53.1606 186.9332 0000949  78.8329 281.2780 15.34394930 23347

1 58776U 24011M   26263.09671936  .00000697  00000+0  31774-4 0  9998
2 58776  53.1598 189.3386 0001315  84.8636 275.2516 15.34389629150058

1 58777U 24011N   26262.95346905  .00001539  00000+0  61336-4 0  9991
2 58777  53.1590  99.6508 0001160  88.5630 271.5504 15.31698984151324

1 58778U 24011P   26263.07519762 -.00002291  00000+0 -56704-4 0  9990
2 58778  53.1601 187.7858 0001405  94.0706 266.0458 15.34384005150070

1 58779U 24011Q   26262.45168107 -.00000297  00000+0  23762-5 0  9997
2 58779  53.1604 192.4252 0003025  31.4408 328.6775 15.34382600149950

1 58781U 24011S   26262.45380658  .00000254  00000+0  18701-4 0  9995
2 58781  53.1627 192.4305 0001855 104.4189 255.7019 15.34353314149954

1 58783U 24011U   26263.17273564 -.00000005  00000+0  11003-4 0  9997
2 58783  53.1582 170.8979 0001396  68.4226 291.6925 15.34393400150311

1 58784U 24011V   26263.18920208 -.00001982  00000+0 -47535-4 0  9998
2 58784  53.1598 189.1986 0001554 112.3015 247.8152 15.34398398150069

1 58785U 24011W   26262.87957840  .00001640  00000+0  59662-4 0  9999
2 58785  53.1588  84.9567 0000881  96.1658 263.9445 15.34394047151523

1 58786U 24011X   26263.16759248  .00001177  00000+0  45985-4 0  9993
2 58786  53.1578 186.9623 0001612  62.5242 297.5924 15.34398964150096

1 58826U 24017A   26262.95472073 -.00001543  00000+0 -34562-4 0  9996
2 58826  53.1634  20.2401 0000985  99.1732 260.9382 15.34375567149948

1 58827U 24017B   26263.04929891  .00003082  00000+0  10234-3 0  9990
2 58827  53.1609  20.1234 0001063  86.0047 274.1077 15.34393060149830

1 58828U 24017C   26262.79707521  .00000509  00000+0  26204-4 0  9992
2 58828  53.1626  20.6806 0001340  77.3396 282.7756 15.34403102149803

1 58829U 24017D   26262.79918716  .00004703  00000+0  15022-3 0  9998
2 58829  53.1587  20.6920 0001413  58.3955 301.7186 15.34401355149805

1 58830U 24017E   26262.36947659  .00001429  00000+0  57800-4 0  9994
2 58830  53.1615  22.9823 0001144 100.2965 259.8165 15.31701100149735

1 58831U 24017F   26262.68638716  .00001702  00000+0  66566-4 0  9994
2 58831  53.1616  21.4059 0000956  73.6245 286.4861 15.31709257149781

1 58832U 24017G   26262.80963793  .00002455  00000+0  83786-4 0  9994
2 58832  53.1614   8.6822 0001404  83.2739 276.8424 15.34394416150082

1 58834U 24017J   26262.79008149  .00002239  00000+0  77376-4 0  9997
2 58834  53.1613 356.7817 0001536  81.0498 279.0679 15.34402517150133

1 58835U 24017K   26262.84336779  .00001768  00000+0  63455-4 0  9996
2 58835  53.1597  20.9671 0001281  89.8462 270.2687 15.34395539149806

1 58836U 24017L   26262.81180554  .00003569  00000+0  11677-3 0  9991
2 58836  53.1600  20.7708 0001588  65.1924 294.9244 15.34388596149910

1 58838U 24017N   26263.04088425  .00001009  00000+0  41014-4 0  9999
2 58838  53.1638  20.0641 0001247  87.0986 273.0159 15.34391958149835

1 58839U 24017P   26262.34947939  .00000977  00000+0  40055-4 0  9993
2 58839  53.1614  10.7887 0001041  97.2878 262.8243 15.34386220149851

1 58840U 24017Q   26263.08716153 -.00000365  00000+0  33856-6 0  9994
2 58840  53.1613  29.5672 0000876  74.0280 286.0819 15.34397147149810

1 58841U 24017R   26262.36427373  .00001106  00000+0  43867-4 0  9992
2 58841  53.1617  22.9470 0000824 117.7648 242.3439 15.34396912149737

1 58842U 24017S   26262.63745808 -.00001065  00000+0 -20422-4 0  9997
2 58842  53.1618  21.8159 0000989  86.8904 273.2212 15.34379231149775

1 58843U 24017T   26262.67101415  .00000533  00000+0  26906-4 0  9992
2 58843  53.1611  21.3090 0001389  87.3509 272.7653 15.34398943149785

1 58844U 24017U   26262.30925658 -.00001662  00000+0 -38123-4 0  9996
2 58844  53.1587 112.9378 0001078  88.7852 271.3274 15.34362963148444

1 58845U 24017V   26263.09297301  .00002302  00000+0  79243-4 0  9999
2 58845  53.1592 109.3060 0001142 104.4241 255.6889 15.34395600148563

1 58846U 24017W   26262.79497678  .00014650  00000+0  44365-3 0  9990
2 58846  53.1600  20.6608 0001104  80.6975 279.4153 15.34414529149802

1 58847U 24017X   26262.95849734  .00001137  00000+0  44784-4 0  9995
2 58847  53.1582 109.8895 0001104  76.1742 283.9384 15.34385005148544

1 58876U 24020A   26262.35467087  .00001479  00000+0  54926-4 0  9990
2 58876  53.1597 139.2133 0001093  88.6836 271.4292 15.34386491148958

1 58877U 24020B   26263.03733416 -.00001536  00000+0 -37738-4 0  9997
2 58877  53.1618 138.4850 0001496  75.1440 284.9727 15.31706199147846

1 58878U 24020C   26262.92195933  .00001860  00000+0  66188-4 0  9990
2 58878  53.1582 136.3545 0001129  86.0020 274.1112 15.34387346147866

1 58879U 24020D   26263.12716002  .00000732  00000+0  32790-4 0  9999
2 58879  53.1584 111.3435 0001046  98.4518 261.6603 15.34406851148238

1 58880U 24020E   26263.10828515  .00001789  00000+0  64067-4 0  9997
2 58880  53.1610 123.2209 0001123 102.9450 257.1678 15.34399338148067

1 58881U 24020F   26262.94299844  .00001341  00000+0  50823-4 0  9995
2 58881  53.1590 136.4836 0001342  79.5546 280.5608 15.34394570147868

1 58882U 24020G   26263.05432925  .00000721  00000+0  32475-4 0  9992
2 58882  53.1593 135.7587 0001071  94.1837 265.9288 15.34391773147887

1 58883U 24020H   26263.03330131 -.00001054  00000+0 -20064-4 0  9990
2 58883  53.1590 135.6313 0000941 105.2511 254.8595 15.34392357147886

1 58884U 24020J   26262.09759198  .00003491  00000+0  11443-3 0  9999
2 58884  53.1596 116.1718 0001256  93.9388 266.1758 15.34394053148075

1 58885U 24020K   26263.03266410  .00000963  00000+0  42796-4 0  9992
2 58885  53.1576 138.4503 0001214  88.0400 272.0740 15.31701764147846

1 58886U 24020L   26263.02698227  .00001527  00000+0  56351-4 0  9996
2 58886  53.1594 135.5874 0001421  91.9294 268.1871 15.34390202147889

1 58887U 24020M   26262.93876823  .00001724  00000+0  62147-4 0  9995
2 58887  53.1568 136.4626 0000976 150.0607 210.0452 15.34401779149026

1 58889U 24020P   26262.13821711  .00001820  00000+0  65013-4 0  9997
2 58889  53.1594 139.9964 0001114  78.4470 281.6658 15.34385843147748

1 58890U 24020Q   26263.03483825 -.00000095  00000+0  83111-5 0  9993
2 58890  53.1610 133.5341 0000897 114.8027 245.3069 15.34384976147916

1 58891U 24020R   26262.08125398 -.00000661  00000+0 -84239-5 0  9998
2 58891  53.1594  98.6779 0001560  49.9700 310.1439 15.34369946149473

1 58893U 24020T   26263.03540779 -.00001343  00000+0 -28627-4 0  9996
2 58893  53.1585 135.6373 0001719  72.3350 287.7841 15.34394161147880

1 58894U 24020U   26263.15849736  .00001223  00000+0  51174-4 0  9993
2 58894  53.1604 137.8192 0001094  73.3634 286.7488 15.31702928147863

1 58895U 24020V   26262.95341384  .00000325  00000+0  22227-4 0  9996
2 58895  53.1601 138.6743 0001113  89.2150 270.8979 15.31703206147839

1 58897U 24020X   26262.95808233  .00000023  00000+0  12501-4 0  9998
2 58897  53.1590 138.7031 0001475  83.5651 276.5518 15.31696168147833

1 58931U 24027A   26263.00114772  .00002221  00000+0  76850-4 0  9998
2 58931  53.1579 123.8549 0000971  65.2550 294.8553 15.34397689146967

1 58932U 24027B   26262.95032060  .00000639  00000+0  32356-4 0  9995
2 58932  53.1586 125.6639 0001290  80.8532 279.2615 15.31704093147093

1 58933U 24027C   26263.10671517  .00006607  00000+0  20632-3 0  9994
2 58933  53.1606 125.2179 0001449 103.5337 256.5827 15.34428755147111

1 58934U 24027D   26263.12147344  .00002520  00000+0  85701-4 0  9992
2 58934  53.1601 125.3116 0001062  86.6605 273.4519 15.34397768147114

1 58935U 24027E   26263.03951726  .00001236  00000+0  47731-4 0  9994
2 58935  53.1595 125.5060 0001164  88.2686 271.8450 15.34391407147106

1 58936U 24027F   26262.98068957  .00000118  00000+0  14614-4 0  9995
2 58936  53.1594 125.8479 0000765  90.0584 270.0506 15.34384740147090

1 58937U 24027G   26263.13620168  .00002692  00000+0  90809-4 0  9991
2 58937  53.1583 125.3981 0001195  77.2814 282.8322 15.34394112147117

1 58938U 24027H   26262.14022475  .00002861  00000+0  95801-4 0  9994
2 58938  53.1568 129.8475 0001290  89.5866 270.5284 15.34390807146967

1 58939U 24027J   26263.02486794  .00000317  00000+0  20521-4 0  9992
2 58939  53.1607 126.1295 0001299  70.0829 290.0313 15.34389124147090

1 58940U 24027K   26263.03118147  .00001027  00000+0  41553-4 0  9996
2 58940  53.1596 126.1672 0001304  88.9543 271.1609 15.34388942147091

1 58941U 24027L   26263.04371425  .00000758  00000+0  33573-4 0  9991
2 58941  53.1603 125.5320 0001271  81.3694 278.7452 15.34392853147108

1 58942U 24027M   26263.03890622  .00003045  00000+0  10982-3 0  9996
2 58942  53.1584 125.5030 0001333  88.5357 271.5797 15.31704511147107

1 58943U 24027N   26262.99273579  .00000408  00000+0  23227-4 0  9994
2 58943  53.1608 123.8114 0001338  95.4215 264.6940 15.34388434147124

1 58944U 24027P   26263.12357757  .00003125  00000+0  10359-3 0  9992
2 58944  53.1590 125.3172 0001079  92.0198 268.0928 15.34395568147109

1 58945U 24027Q   26262.94736028 -.00001163  00000+0 -23320-4 0  9999
2 58945  53.1609  86.4515 0001133 100.7383 259.3747 15.34380007147657

1 58946U 24027R   26263.02490904  .00004217  00000+0  14766-3 0  9994
2 58946  53.1588 125.4154 0001309  91.2035 268.9116 15.31680981147107

1 58947U 24027S   26263.09484279  .00001992  00000+0  75982-4 0  9995
2 58947  53.1600 125.1371 0001299  88.7829 271.3321 15.31677632147117

1 58948U 24027T   26263.05155609  .00001369  00000+0  51648-4 0  9995
2 58948  53.1603 123.4555 0001289  84.3450 275.7700 15.34392159147139

1 58949U 24027U   26263.02697051  .00000937  00000+0  38876-4 0  9993
2 58949  53.1614 126.1350 0001392  82.1185 277.9976 15.34391700147096

1 58951U 24027W   26262.31986000 -.00000395  00000+0 -57126-6 0  9993
2 58951  53.1575 123.1779 0001099  89.4163 270.6966 15.34372900147075

1 58952U 24027X   26263.16474924  .00004456  00000+0  15527-3 0  9991
2 58952  53.1585 124.8639 0001152  66.1979 293.9143 15.31699159147123

1 58965U 24031A   26262.98216251 -.00002455  00000+0 -61564-4 0  9998
2 58965  53.1585 111.8579 0001299 101.8798 258.2350 15.34386238146312

1 58966U 24031B   26262.98847551  .00000381  00000+0  22393-4 0  9993
2 58966  53.1584 111.8973 0000768  90.5724 269.5366 15.34388391146317

1 58967U 24031C   26262.10392333  .00001301  00000+0  49666-4 0  9996
2 58967  53.1597 116.3322 0001360  83.2087 276.9070 15.34388193146178

1 58968U 24031D   26262.83747734 -.00000031  00000+0  10222-4 0  9992
2 58968  53.1592  84.4953 0000776  96.8201 263.2890 15.34386188146684

1 58969U 24031E   26262.93272191  .00000403  00000+0  23051-4 0  9990
2 58969  53.1588 108.0052 0001203  85.7101 274.4039 15.34392778146350

1 58970U 24031F   26262.95700354  .00002057  00000+0  71983-4 0  9995
2 58970  53.1594 112.4162 0001064 100.2076 259.9047 15.34405512146302

1 58971U 24031G   26262.91637120  .00001279  00000+0  48992-4 0  9991
2 58971  53.1583 100.0840 0001396 102.5326 257.5833 15.34403315146472

1 58972U 24031H   26263.00320352  .00001413  00000+0  52967-4 0  9996
2 58972  53.1597 111.9877 0001286  87.3390 272.7759 15.34392033146300

1 58973U 24031J   26262.98426944  .00000121  00000+0  14732-4 0  9990
2 58973  53.1599 111.8657 0001320  95.7612 264.3542 15.34385725146315

1 58974U 24031K   26262.92544719 -.00000019  00000+0  10575-4 0  9994
2 58974  53.1594 112.2121 0001113  67.0533 293.0587 15.34391505146306

1 58975U 24031L   26262.97584909  .00001322  00000+0  50262-4 0  9999
2 58975  53.1587 111.8212 0001525  50.7627 309.3510 15.34390040146293

1 58976U 24031M   26262.95277416  .00002781  00000+0  93379-4 0  9996
2 58976  53.1580 112.3829 0001267  77.0034 283.1110 15.34415086146286

1 58977U 24031N   26262.96963022  .00001353  00000+0  51206-4 0  9990
2 58977  53.1585 112.4757 0001150  94.1364 265.9770 15.34383113146285

1 58978U 24031P   26262.94017192  .00002737  00000+0  92122-4 0  9996
2 58978  53.1574 112.3034 0001117  77.9970 282.1158 15.34394184146287

1 58979U 24031Q   26262.98637060  .00000189  00000+0  16741-4 0  9995
2 58979  53.1590 111.8801 0000923 102.4556 257.6549 15.34386963146298

1 58980U 24031R   26262.99899652  .00001090  00000+0  43390-4 0  9997
2 58980  53.1589 111.9607 0001209  81.0316 279.0824 15.34389898146291

1 58981U 24031S   26263.10355045  .00002692  00000+0  90837-4 0  9992
2 58981  53.1583 109.7754 0001192  64.1393 295.9732 15.34383420146337

1 58983U 24031U   26262.90182780 -.00000549  00000+0 -51131-5 0  9991
2 58983  53.1594 110.6456 0001082 111.2711 248.8407 15.34387082146308

1 58984U 24031V   26263.00109727  .00000085  00000+0  13648-4 0  9997
2 58984  53.1579 111.9716 0000930  82.5525 277.5583 15.34391160146293

1 58985U 24031W   26262.87179117 -.00000269  00000+0  31581-5 0  9994
2 58985  53.1592 108.2926 0001084  93.2728 266.8398 15.34391157146332

1 58986U 24031X   26262.99478679 -.00000535  00000+0 -47086-5 0  9997
2 58986  53.1599 111.9300 0001278  86.8422 273.2727 15.34387009146295

1 58998U 24036A   26262.99846875  .00001300  00000+0  49625-4 0  9991
2 58998  53.1598 254.1164 0001786 100.0709 260.0495 15.34391826145103

1 58999U 24036B   26263.18758466  .00011247  00000+0  34359-3 0  9990
2 58999  53.1572 253.1552 0001004  93.4215 266.6902 15.34391878144310

1 59000U 24036C   26262.97684294  .00000325  00000+0  20785-4 0  9991
2 59000  53.1590 251.8522 0001811  99.7479 260.3728 15.34393041145045

1 59002U 24036E   26263.16426784 -.00001215  00000+0 -27401-4 0  9996
2 59002  53.1582 254.4302 0001417  86.9353 273.1810 15.31694758145101

1 59004U 24036G   26262.52989075  .00000179  00000+0  16441-4 0  9992
2 59004  53.1598 256.1603 0001251  88.5018 271.6128 15.34389241145033

1 59005U 24036H   26262.71269252  .00002073  00000+0  72520-4 0  9997
2 59005  53.1600 255.1668 0001978  76.5464 283.5759 15.34379212145057

1 59006U 24036J   26263.00057255 -.00001179  00000+0 -23765-4 0  9994
2 59006  53.1561 254.1144 0001260  80.3766 279.7379 15.34382155145093

1 59007U 24036K   26262.70426048 -.00001404  00000+0 -30449-4 0  9999
2 59007  53.1589 255.1149 0001001  93.9987 266.1130 15.34391945145056

1 59008U 24036L   26262.96901066  .00000396  00000+0  22867-4 0  9998
2 59008  53.1581 253.9285 0001298  83.6791 276.4359 15.34391071145094

1 59009U 24036M   26262.97953075  .00000627  00000+0  29709-4 0  9996
2 59009  53.1594 253.9887 0001388  80.5990 279.5170 15.34386294145090

1 59010U 24036N   26262.50262834 -.00000128  00000+0  73674-5 0  9991
2 59010  53.1594 256.7018 0001392  88.3458 271.7704 15.34382023145014

1 59011U 24036P   26263.01740588  .00001121  00000+0  44335-4 0  9990
2 59011  53.1581 254.2199 0001782 103.2262 256.8940 15.34384454145091

1 59012U 24036Q   26263.10833821  .00000979  00000+0  43321-4 0  9998
2 59012  53.1581 254.7854 0001383  97.9634 262.1525 15.31705213145090

1 59013U 24036R   26262.70283688 -.00000120  00000+0  78818-5 0  9993
2 59013  53.1558 256.5223 0000972  92.8081 267.3032 15.31697914145041

1 59014U 24036S   26262.71217386 -.00000204  00000+0  51996-5 0  9998
2 59014  53.1595 256.5798 0001408  83.9812 276.1350 15.31697197145031

1 59015U 24036T   26262.72150663  .00000397  00000+0  24555-4 0  9996
2 59015  53.1597 256.6351 0001270  85.3945 274.7202 15.31698589145036

1 59016U 24036U   26262.63069367 -.00000265  00000+0  32127-5 0  9997
2 59016  53.1625 230.4574 0001319  95.0441 265.0711 15.31698307145394

1 59017U 24036V   26263.21580698  .00001022  00000+0  41404-4 0  9996
2 59017  53.1586 237.0039 0001725  90.9953 269.1248 15.34393860145358

1 59018U 24036W   26262.37647737  .00000360  00000+0  21809-4 0  9992
2 59018  53.1587 256.6311 0001402  85.2528 274.8635 15.34384975145009

1 59019U 24036X   26262.68541217  .00000120  00000+0  14678-4 0  9993
2 59019  53.1575 255.7028 0001115  92.8676 267.2454 15.34389667145043

1 59201U 24046A   26262.68221651  .00001048  00000+0  42139-4 0  9997
2 59201  53.1617 333.3537 0001035  98.4320 261.6800 15.34405018142768

1 59202U 24046B   26262.80994607  .00008038  00000+0  24877-3 0  9994
2 59202  53.1570 329.1733 0001427 103.9801 256.1361 15.34400013142838

1 59203U 24046C   26263.16670139  .00034337  00000+0  10233-2 0  9997
2 59203  53.1606 327.2322 0001250  90.4049 221.0805 15.34381923  5863

1 59204U 24046D   26263.21594935  .00001028  00000+0  41553-4 0  9995
2 59204  53.1591 330.9933 0001117  79.2992 280.8137 15.34394518142845

1 59205U 24046E   26263.18859678 -.00000145  00000+0  68512-5 0  9995
2 59205  53.1602 330.8212 0001252  75.1039 285.0102 15.34387655142848

1 59206U 24046F   26262.19271214  .00002520  00000+0  85728-4 0  9995
2 59206  53.1617 335.9791 0001414  95.3840 264.7324 15.34391364142681

1 59207U 24046G   26262.74690241 -.00001162  00000+0 -23267-4 0  9995
2 59207  53.1617 329.4942 0001251  95.2512 264.8634 15.34390379142828

1 59208U 24046H   26262.68596876  .00001531  00000+0  56435-4 0  9999
2 59208  53.1592 329.8258 0001087  85.5991 274.5135 15.34397463142819

1 59209U 24046J   26263.18180877  .00000219  00000+0  17609-4 0  9998
2 59209  53.1617 327.2277 0001040  85.6169 274.4952 15.34390427142895

1 59210U 24046K   26263.19280500  .00001284  00000+0  49145-4 0  9998
2 59210  53.1616 330.8443 0001088  78.5334 281.5791 15.34390516142842

1 59211U 24046L   26263.14176772 -.00000307  00000+0  20675-5 0  9993
2 59211  53.1600 317.0387 0001566  95.8299 264.2883 15.34385371143027

1 59212U 24046M   26262.66961013  .00002729  00000+0  91869-4 0  9991
2 59212  53.1596 333.2665 0001058  82.4402 277.6721 15.34396128142755

1 59213U 24046N   26262.68807377  .00001943  00000+0  68647-4 0  9991
2 59213  53.1603 329.8616 0001378 120.7455 239.3683 15.34396762142803

1 59214U 24046P   26263.20495201  .00000781  00000+0  34244-4 0  9995
2 59214  53.1608 327.3717 0001120  77.9853 282.1275 15.34398690142887

1 59215U 24046Q   26262.65861327  .00005951  00000+0  18707-3 0  9999
2 59215  53.1605 329.6511 0001164  84.2530 275.8606 15.34407331142805

1 59216U 24046R   26263.19701168  .00002010  00000+0  70629-4 0  9991
2 59216  53.1600 330.8735 0000995  82.2034 277.9081 15.34390199142714

1 59217U 24046S   26262.67121884 -.00008993  00000+0 -25497-3 0  9995
2 59217  53.1615 329.7285 0002404 121.5997 238.5241 15.34440327142800

1 59218U 24046T   26263.18391664  .00000769  00000+0  33907-4 0  9995
2 59218  53.1606 327.2669 0001493  84.2497 275.8676 15.34391117142883

1 59219U 24046U   26263.19653787 -.00000150  00000+0  66932-5 0  9994
2 59219  53.1567 327.3151 0001514  91.1235 268.9941 15.34389715142887

1 59220U 24046V   26263.21126719  .00000118  00000+0  14622-4 0  9990
2 59220  53.1602 327.4090 0001179  86.0005 274.1132 15.34389358142881

1 59221U 24046W   26263.18811941  .00000443  00000+0  24260-4 0  9995
2 59221  53.1610 327.2666 0001089  79.5723 280.5402 15.34392219142883

1 59222U 24046X   26263.20963697  .00000270  00000+0  19123-4 0  9995
2 59222  53.1619 330.9477 0001546  62.9007 297.2153 15.34391253142833

1 59223U 24046Y   26262.70749867  .00000323  00000+0  20694-4 0  9995
2 59223  53.1624 333.4993 0001319  94.1858 265.9295 15.34385532142742

1 59254U 24050A   26263.21401193 -.00000709  00000+0 -98485-5 0  9992
2 59254  53.1620 350.8904 0001228 106.9725 253.1413 15.34384456141576

1 59255U 24050B   26262.97765683  .00001034  00000+0  41737-4 0  9999
2 59255  53.1638 357.9303 0001267  88.3086 271.8062 15.34393173140306

1 59256U 24050C   26262.98895022  .00000249  00000+0  19774-4 0  9995
2 59256  53.1636 357.2929 0001066  98.8053 261.3069 15.31692648140317

1 59258U 24050E   26262.97918535  .00000021  00000+0  11751-4 0  9996
2 59258  53.1617 355.8156 0001224  79.3525 280.7615 15.34387933140333

1 59259U 24050F   26262.96713323  .00000311  00000+0  20344-4 0  9994
2 59259  53.1610 357.8654 0000950  81.5868 278.5242 15.34397925140302

1 59261U 24050H   26262.78850529 -.00008589  00000+0 -26486-3 0  9996
2 59261  53.1612 358.1756 0001407  45.8614 314.2503 15.31756075140281

1 59263U 24050K   26262.98339752 -.00001426  00000+0 -31112-4 0  9996
2 59263  53.1610 355.8174 0001212  84.5213 275.5928 15.34378120140338

1 59264U 24050L   26262.81953709  .00017023  00000+0  51369-3 0  9996
2 59264  53.1585 356.9450 0001229  98.0087 262.1055 15.34407129140308

1 59265U 24050M   26262.79428206 -.00004487  00000+0 -12167-3 0  9998
2 59265  53.1611 356.7838 0001881 122.2066 237.9119 15.34416311140302

1 59266U 24050N   26262.77383190  .00001112  00000+0  44041-4 0  9996
2 59266  53.1624 358.7916 0001439  55.1562 304.9575 15.34395030140271

1 59267U 24050P   26262.77591447  .00002923  00000+0  97577-4 0  9996
2 59267  53.1606 358.8040 0000882  85.6075 274.5029 15.34409432140277

1 59268U 24050Q   26262.79639480  .00023456  00000+0  70282-3 0  9996
2 59268  53.1607 356.7985 0000995  86.9158 273.1958 15.34416515140305

1 59269U 24050R   26262.99602273  .00000616  00000+0  29365-4 0  9999
2 59269  53.1650 355.9191 0001242  79.1150 280.9993 15.34383885140337

1 59270U 24050S   26262.91616469 -.00000856  00000+0 -14222-4 0  9999
2 59270  53.1634 356.1250 0001216  76.2102 283.9035 15.34371345140323

1 59271U 24050T   26262.80801918  .00015444  00000+0  44633-3 0  9998
2 59271  53.1580 342.6634 0002278  18.1892 341.9192 15.35849018140507

1 59272U 24050U   26262.78166443  .00000451  00000+0  24467-4 0  9999
2 59272  53.1615 356.7178 0000794  82.8456 277.2637 15.34397642140304

1 59273U 24050V   26262.83474633  .00006458  00000+0  20200-3 0  9992
2 59273  53.1595 358.4750 0001136  94.3166 265.7967 15.34417159140285

1 59374U 24062A   26262.95297689  .00001882  00000+0  66863-4 0  9996
2 59374  53.1601  71.9478 0001128  71.7788 288.3337 15.34380972139427

1 59375U 24062B   26263.05809813 -.00000076  00000+0  88757-5 0  9999
2 59375  53.1603  71.8867 0001247  93.4372 266.6773 15.34383364139446

1 59376U 24062C   26263.18359654  .00003478  00000+0  11410-3 0  9995
2 59376  53.1605  69.1146 0000893 112.1279 247.9819 15.34374653139455

1 59377U 24062D   26262.86122852  .00001316  00000+0  50063-4 0  9995
2 59377  53.1610  24.4942 0000924  87.3290 272.7818 15.34395223140049

1 59378U 24062E   26263.03858799  .00000730  00000+0  32727-4 0  9998
2 59378  53.1581  69.6316 0000777 106.8806 253.2282 15.34388889139439

1 59379U 24062F   26263.15624054  .00000543  00000+0  27219-4 0  9999
2 59379  53.1596  68.9606 0001282  84.6794 275.4354 15.34387670139456

1 59380U 24062G   26263.02441652  .00001388  00000+0  52202-4 0  9996
2 59380  53.1607  71.6770 0000989  87.8826 272.2289 15.34396995139405

1 59381U 24062H   26262.03896417  .00002903  00000+0  97038-4 0  9990
2 59381  53.1592  76.1963 0001097  85.8670 274.2458 15.34391748139253

1 59382U 24062J   26263.11003723  .00000362  00000+0  21841-4 0  9997
2 59382  53.1599  69.3656 0000718  75.6517 284.4565 15.34386839139448

1 59384U 24062L   26263.00079709 -.00000052  00000+0  96043-5 0  9998
2 59384  53.1594  70.1085 0001024  99.7095 260.4023 15.34398174139460

1 59385U 24062M   26263.16678115 -.00001168  00000+0 -23460-4 0  9994
2 59385  53.1572  69.0132 0001125 112.9078 247.2043 15.34372375139480

1 59386U 24062N   26262.95715337  .00003033  00000+0  10082-3 0  9995
2 59386  53.1597  71.9732 0000907 132.0798 228.0281 15.34417069139396

1 59387U 24062P   26263.03016551  .00002105  00000+0  73415-4 0  9997
2 59387  53.1602  69.5789 0000909  89.3917 270.7190 15.34402478139423

1 59388U 24062Q   26263.16256512 -.00000014  00000+0  10704-4 0  9995
2 59388  53.1595  68.9829 0000881 104.2961 255.8140 15.34382436139495

1 59389U 24062R   26263.01343924  .00000027  00000+0  11926-4 0  9994
2 59389  53.1605  70.2190 0001223  92.8933 267.2210 15.34386104139465

1 59390U 24062S   26263.17727969  .00000906  00000+0  37956-4 0  9995
2 59390  53.1606  69.0741 0001012  96.7061 263.4056 15.34387189139490

1 59391U 24062T   26263.05598814 -.00002801  00000+0 -71865-4 0  9993
2 59391  53.1599  71.8734 0001800  49.9764 310.1396 15.34369077139448

1 59392U 24062U   26262.87684366 -.00000589  00000+0 -63019-5 0  9995
2 59392  53.1597  70.7526 0001145  83.0384 277.0749 15.34392205139445

1 59393U 24062V   26262.90564079  .00000827  00000+0  35619-4 0  9995
2 59393  53.1597  56.5539 0001089  87.0323 273.0804 15.34378056139644

1 59394U 24062W   26262.99448660  .00000077  00000+0  13427-4 0  9992
2 59394  53.1588  70.0665 0001147  92.2511 267.8623 15.34396293139450

1 59397U 24062X   26263.01973523  .00001087  00000+0  43282-4 0  9994
2 59397  53.1606  70.2213 0000678  77.8979 282.2100 15.34395680139416

1 59421U 24065A   26263.15111977 -.00001241  00000+0 -53878-5 0  9994
2 59421  53.1601 215.3938 0001017  91.4435 268.6699 15.69709280142050

1 59422U 24065B   26262.49970664  .00003154  00000+0  30894-4 0  9992
2 59422  53.1597 218.4350 0001176  90.0994 270.0158 15.69702797141971

1 59423U 24065C   26263.14130501 -.00000350  00000+0  19701-5 0  9995
2 59423  53.1610 215.3262 0001405  96.1864 263.9314 15.69707909142060

1 59424U 24065D   26261.17246480 -.00000037  00000+0  45518-5 0  9998
2 59424  53.1589 225.0915 0001149  72.1003 288.0140 15.69705615141700

1 59425U 24065E   26262.30379579  .00002940  00000+0  29132-4 0  9998
2 59425  53.1600 219.3441 0001051  83.4824 276.6314 15.69698757141886

1 59426U 24065F   26262.90134483  .00001604  00000+0  18096-4 0  9991
2 59426  53.1595 216.6950 0001320 104.7213 255.3951 15.69713174142022

1 59427U 24065G   26262.91586288  .00001914  00000+0  67780-4 0  9995
2 59427  53.1594  96.1691 0001014  98.5642 261.5475 15.34390004138717

1 59429U 24065J   26262.95631329  .00000654  00000+0  30512-4 0  9991
2 59429  53.1606  99.9611 0001383  82.5473 277.5686 15.34386359138663

1 59430U 24065K   26262.94741622  .00000147  00000+0  15497-4 0  9992
2 59430  53.1596  96.3507 0001161  80.6874 279.4260 15.34391265138713

1 59431U 24065L   26262.92217125  .00000290  00000+0  19733-4 0  9993
2 59431  53.1598  96.1969 0001079  96.0782 264.0343 15.34389365138713

1 59432U 24065M   26262.97888632  .00000223  00000+0  17737-4 0  9994
2 59432  53.1582  95.8417 0001010 108.6739 251.4373 15.34394493138720

1 59433U 24065N   26262.96262166  .00000470  00000+0  25046-4 0  9998
2 59433  53.1589 100.0014 0000959 104.5364 255.5745 15.34390049138664

1 59434U 24065P   26262.10532965  .00001901  00000+0  67414-4 0  9997
2 59434  53.1592 103.8956 0001143 100.3996 259.7136 15.34390191138530

1 59435U 24065Q   26262.92845951  .00002517  00000+0  85581-4 0  9999
2 59435  53.1591  96.2344 0001219  81.9812 278.1329 15.34403871138710

1 59436U 24065R   26262.94110809 -.00000120  00000+0  75764-5 0  9991
2 59436  53.1599  96.3122 0001201  73.6442 286.4692 15.34387146138713

1 59437U 24065S   26262.94999992 -.00000051  00000+0  96374-5 0  9993
2 59437  53.1590  99.9306 0001016  86.5797 273.5322 15.34387818138665

1 59438U 24065T   26262.93479263  .00000835  00000+0  35866-4 0  9994
2 59438  53.1597  96.2718 0001153  84.0964 276.0170 15.34389690138716

1 59439U 24065U   26262.04182238  .00002698  00000+0  90980-4 0  9997
2 59439  53.1610 100.6547 0001093  92.7842 267.3286 15.34395870138579

1 59441U 24065W   26262.82977162  .00001944  00000+0  68659-4 0  9995
2 59441  53.1578  97.0378 0001188  87.5006 272.6132 15.34392846138697

1 59708U 24088A   26262.92636140 -.00000150  00000+0  36142-5 0  9997
2 59708  53.1593  88.4460 0000940  95.0865 265.0260 15.69710707136760

1 59709U 24088B   26262.98032159  .00001142  00000+0  14288-4 0  9991
2 59709  53.1578  88.7986 0001213  65.1777 294.9367 15.69710093136783

1 59710U 24088C   26263.03907963  .00000864  00000+0  11987-4 0  9997
2 59710  53.1595  88.4499 0000815  98.6553 261.4557 15.69712117136790

1 59711U 24088D   26262.90684551 -.00000804  00000+0 -17833-5 0  9991
2 59711  53.1610  89.0440 0001100 101.2720 258.8422 15.69704508136771

1 59712U 24088E   26262.96560206  .00001322  00000+0  15765-4 0  9993
2 59712  53.1587  88.6975 0001097  67.6920 292.4214 15.69712001136786

1 59713U 24088F   26262.96070027  .00000672  00000+0  10399-4 0  9996
2 59713  53.1595  88.6617 0000823  97.3010 262.8102 15.69706575136781

1 59714U 24088G   26262.95579318  .00000204  00000+0  65350-5 0  9992
2 59714  53.1600  88.6404 0000737 101.6911 258.4189 15.69711415136781

1 59715U 24088H   26262.94598084  .00000072  00000+0  54515-5 0  9997
2 59715  53.1585  88.5668 0001019  82.3616 277.7518 15.69711240136782

1 59716U 24088J   26262.95089148 -.00000548  00000+0  34192-6 0  9994
2 59716  53.1595  88.5982 0001387  78.0182 282.0991 15.69707828136782

1 59717U 24088K   26262.81374112  .00000178  00000+0  63275-5 0  9999
2 59717  53.1582  89.1607 0000983  81.1615 278.9514 15.69707220136766

1 59718U 24088L   26262.93616906 -.00000332  00000+0  21147-5 0  9998
2 59718  53.1584  88.4955 0000945 134.5190 225.5905 15.69711492136786

1 59719U 24088M   26262.92156698  .00010311  00000+0  89928-4 0  9992
2 59719  53.1568  89.1387 0001155  72.9348 287.1796 15.69691324136772

1 59720U 24088N   26262.99493584 -.00000340  00000+0  20548-5 0  9995
2 59720  53.1590  88.1522 0001149  60.2213 299.8919 15.69709830136794

1 59721U 24088P   26263.17916852  .00001088  00000+0  46814-4 0  9997
2 59721  53.1616 315.5160 0000983  94.9099 265.2014 15.31707313133658

1 59722U 24088Q   26262.66183794  .00000199  00000+0  18179-4 0  9997
2 59722  53.1598 317.9843 0000969  91.4624 268.6488 15.31703660133396

1 59723U 24088R   26262.46884428 -.00001475  00000+0 -32517-4 0  9990
2 59723  53.1585 318.2009 0001631  48.1571 311.9571 15.34390771133379

1 59724U 24088S   26263.13716041  .00001952  00000+0  74645-4 0  9997
2 59724  53.1608 315.2552 0001538  93.8121 266.3057 15.31708939133479

1 59725U 24088T   26263.14649175 -.00026511  00000+0 -84149-3 0  9991
2 59725  53.1614 315.3090 0002103 305.7539  54.3267 15.31851090133477

1 59726U 24088U   26263.15116645  .00000438  00000+0  25878-4 0  9997
2 59726  53.1615 315.3389 0001378  87.5680 272.5479 15.31703432133470

1 59727U 24088V   26263.17450279  .00000857  00000+0  39370-4 0  9991
2 59727  53.1547 315.4808 0001107  86.0635 274.0492 15.31704187133599

1 59754U 24091B   26262.46607051  .00001884  00000+0  20411-4 0  9995
2 59754  53.1606 331.3464 0001242  86.5075 273.6085 15.69708293135940

1 59755U 24091C   26261.50122080 -.00000699  00000+0 -90695-6 0  9992
2 59755  53.1583 335.9872 0001257  88.3265 271.7897 15.69711133135795

1 59756U 24091D   26263.15171642  .00000316  00000+0  74652-5 0  9992
2 59756  53.1584 327.7967 0000895  72.4568 287.6548 15.69709798136051

1 59757U 24091E   26263.21047840  .00001271  00000+0  15340-4 0  9991
2 59757  53.1581 327.4704 0000839  60.2244 299.8858 15.69717402136060

1 59758U 24091F   26263.20556924  .00001202  00000+0  14769-4 0  9997
2 59758  53.1593 327.4340 0000907  93.1754 266.9367 15.69717863136068

1 59759U 24091G   26262.69131238  .00001261  00000+0  15263-4 0  9992
2 59759  53.1579 329.8932 0001141  60.6991 299.4141 15.69710706135989

1 59760U 24091H   26261.22200841 -.00003625  00000+0 -25037-4 0  9997
2 59760  53.1609 337.0796 0001739 109.3269 250.7937 15.69734495135755

1 59761U 24091J   26263.19085572  .00002370  00000+0  24422-4 0  9999
2 59761  53.1587 327.3172 0001177  67.9812 292.1331 15.69703669136062

1 59762U 24091K   26263.18594572 -.00000008  00000+0  47942-5 0  9994
2 59762  53.1591 327.2853 0001208  79.5540 280.5614 15.69716735136068

1 59763U 24091L   26262.48068952 -.00000840  00000+0 -20771-5 0  9991
2 59763  53.1583 330.7045 0000918  78.2775 281.8346 15.69702277135954

1 59765U 24091N   26263.17614053  .00000728  00000+0  10870-4 0  9990
2 59765  53.1604 327.2213 0001520  78.9649 281.1539 15.69710470136069

1 59766U 24091P   26262.31515597  .00000816  00000+0  35299-4 0  9999
2 59766  53.1599 202.9619 0001280  91.9287 268.1863 15.34390480132718

1 59767U 24091Q   26262.46606236 -.00000495  00000+0 -41712-5 0  9990
2 59767  53.1594 205.3097 0001206  79.2531 280.8606 15.31712288132694

1 59768U 24091R   26262.32070837  .00062488  00000+0  55761-3 0  9993
2 59768  53.1432 184.2355 0010249  76.8680 283.3480 15.67791223132977

1 59769U 24091S   26262.49219313 -.00000001  00000+0  11120-4 0  9992
2 59769  53.1606 206.1822 0001284  96.0025 264.1124 15.34391497132683

1 59770U 24091T   26263.13513691  .00001727  00000+0  62241-4 0  9997
2 59770  53.1590 203.0857 0001275  83.8234 276.2914 15.34392781132786

1 59771U 24091U   26262.55102052 -.00000378  00000+0 -42551-7 0  9996
2 59771  53.1606 205.8369 0001256  91.1569 268.9578 15.34387675132695

1 59772U 24091V   26262.13514571  .00000504  00000+0  28015-4 0  9999
2 59772  53.1606 206.7997 0001376  87.0829 273.0330 15.31704237132641

1 59945U 24107A   26262.32037937 -.00000776  00000+0 -15163-5 0  9990
2 59945  53.1602  17.0492 0003631 325.9292  34.1492 15.69684489132558

1 59947U 24107C   26262.83452294  .00001150  00000+0  14352-4 0  9998
2 59947  53.1608  13.8219 0001317  66.0826 294.0330 15.69706032132649

1 59948U 24107D   26262.05590004 -.00004505  00000+0 -32365-4 0  9998
2 59948  53.1602  18.2334 0001034 132.5478 227.5628 15.69694530132571

1 59949U 24107E   26262.60928114  .00001140  00000+0  14272-4 0  9994
2 59949  53.1617  15.2786 0001379  94.3784 265.7392 15.69701279132664

1 59950U 24107F   26262.75132996  .00000043  00000+0  52062-5 0  9998
2 59950  53.1591  14.7514 0000742 102.3678 257.7423 15.69710387132627

1 59952U 24107H   26262.61418642  .00000739  00000+0  10958-4 0  9999
2 59952  53.1585  15.3111 0000985  88.2784 271.8347 15.69703823132675

1 59954U 24107K   26262.34479234  .00001338  00000+0  15896-4 0  9997
2 59954  53.1593  16.4708 0000827  43.6367 316.4717 15.69712830132560

1 59955U 24107L   26262.65822828  .00000890  00000+0  12205-4 0  9996
2 59955  53.1588  14.8752 0000903  93.6418 266.4703 15.69710721132671

1 59956U 24107M   26261.31627146  .00002955  00000+0  29251-4 0  9998
2 59956  53.1598  21.4296 0000980  68.1758 291.9364 15.69699126132333

1 59957U 24107N   26261.62970666  .00002115  00000+0  22317-4 0  9995
2 59957  53.1588  19.8225 0001047  61.7551 298.3572 15.69701999132469

1 59958U 24107P   26262.97262581  .00002850  00000+0  95493-4 0  9996
2 59958  53.1589 240.1594 0001257 104.8481 255.2661 15.34387370128385

1 59959U 24107Q   26263.21002424 -.00000460  00000+0 -24739-5 0  9996
2 59959  53.1605 238.8012 0001199  68.7093 291.4037 15.34386075129624

1 59960U 24107R   26262.48720874  .00000630  00000+0  29789-4 0  9998
2 59960  53.1597 242.1089 0001219  86.4064 273.7078 15.34396201129514

1 59961U 24107S   26263.21843426  .00000937  00000+0  38859-4 0  9998
2 59961  53.1586 238.8475 0001272  81.4435 278.6712 15.34391355129569

1 59962U 24107T   26262.35904000  .00000643  00000+0  30179-4 0  9990
2 59962  53.1604 242.7254 0001352  87.3311 272.7846 15.34393862129497

1 59963U 24107U   26262.90538458  .00000673  00000+0  31070-4 0  9996
2 59963  53.1568 240.4476 0001393  83.7785 276.3376 15.34389089129571

1 59964U 24107V   26263.21212309  .00000690  00000+0  31574-4 0  9994
2 59964  53.1605 238.8063 0001360  88.1613 271.9545 15.34393231129573

1 60016U 24111A   26262.95774024 -.00000743  00000+0 -12193-4 0  9993
2 60016  53.1593 252.0818 0001258  88.0783 272.0362 15.31696658128695

1 60017U 24111B   26262.37515428 -.00000705  00000+0 -10939-4 0  9995
2 60017  53.1601 254.8428 0001415  92.1084 268.0080 15.31699172128661

1 60018U 24111C   26262.68479551 -.00000371  00000+0  14063-6 0  9998
2 60018  53.1589 253.2183 0001276  92.1971 267.9178 15.34382643128603

1 60019U 24111D   26262.71214095 -.00000693  00000+0 -93743-5 0  9992
2 60019  53.1596 253.3886 0001323  81.0367 279.0785 15.34387899128765

1 60020U 24111E   26262.53777002 -.00000584  00000+0 -61574-5 0  9992
2 60020  53.1598 254.4344 0001349  90.5402 269.5755 15.34397577128678

1 60021U 24111F   26262.96379833 -.00000991  00000+0 -18217-4 0  9997
2 60021  53.1594 248.5658 0001237  86.4519 273.6625 15.34382545128857

1 60022U 24111G   26262.24099025 -.00001002  00000+0 -18538-4 0  9991
2 60022  53.1599 251.8825 0001244  86.3831 273.7314 15.34384398128742

1 60023U 24111H   26262.55238885  .00003784  00000+0  12301-3 0  9993
2 60023  53.1596 253.8179 0001370  88.8380 271.2779 15.34416904128747

1 60024U 24111J   26262.69531130 -.00000678  00000+0 -89270-5 0  9990
2 60024  53.1597 253.2854 0001383  90.6305 269.4856 15.34388880128752

1 60026U 24111L   26262.96006346 -.00000694  00000+0 -94136-5 0  9993
2 60026  53.1601 252.0913 0001409  84.0500 276.0663 15.34384802128790

1 60027U 24111M   26262.94112668 -.00000115  00000+0  77432-5 0  9994
2 60027  53.1587 251.9692 0001283  80.6537 279.4610 15.34388035128799

1 60028U 24111N   26262.59241140 -.00002049  00000+0 -49553-4 0  9995
2 60028  53.1592 254.0573 0001229  93.3638 266.7505 15.34373760128736

1 60029U 24111P   26262.68900091 -.00000595  00000+0 -64774-5 0  9990
2 60029  53.1593 253.2449 0001280  88.7234 271.3916 15.34385346128751

1 60030U 24111Q   26263.22224125 -.00000970  00000+0 -17601-4 0  9993
2 60030  53.1597 247.3425 0001375  85.9830 274.1330 15.34378785128885

1 60031U 24111R   26263.08364010  .00001706  00000+0  61616-4 0  9997
2 60031  53.1606 197.3607 0001526  94.3244 265.7933 15.34395676129327

1 60032U 24111S   26261.29178223 -.00001167  00000+0 -23431-4 0  9994
2 60032  53.1603 260.1843 0001013  78.0266 282.0850 15.34385653128536

1 60034U 24111U   26262.57134945  .00000043  00000+0  12421-4 0  9998
2 60034  53.1598 253.9304 0001386  84.1625 275.9535 15.34388392128638

1 60035U 24111V   26262.95793900  .00001969  00000+0  69393-4 0  9991
2 60035  53.1592 252.0770 0001204  79.5043 280.6095 15.34405944128728

1 60036U 24111W   26262.96427161 -.00001088  00000+0 -21075-4 0  9995
2 60036  53.1599 252.1143 0001351  80.8108 279.3047 15.34382253128731

1 60037U 24111X   26262.97479209  .00000081  00000+0  13542-4 0  9997
2 60037  53.1608 252.1806 0001065  85.4894 274.6230 15.34383798128720

1 60038U 24112A   26262.99012271 -.00000073  00000+0  42608-5 0  9991
2 60038  53.1587  28.7694 0001673  40.5849 319.5293 15.69709616131491

1 60039U 24112B   26263.04888111  .00000170  00000+0  62543-5 0  9990
2 60039  53.1590  28.4212 0000732  94.5253 265.5849 15.69710411131506

1 60040U 24112C   26262.72562696  .00001667  00000+0  18610-4 0  9990
2 60040  53.1579  29.9569 0001116  64.3432 295.7701 15.69712870131454

1 60041U 24112D   26262.72072920 -.00001527  00000+0 -77505-5 0  9993
2 60041  53.1578  29.9248 0000965  74.1084 286.0040 15.69702610131451

1 60042U 24112E   26262.33380372  .00004249  00000+0  39917-4 0  9990
2 60042  53.1570  31.7752 0001511 120.2700 239.8468 15.69708784131392

1 60043U 24112F   26262.39256450  .00001598  00000+0  18049-4 0  9993
2 60043  53.1612  31.4277 0001159  91.6842 268.4308 15.69704098131402

1 60044U 24112G   26262.38766285  .00000886  00000+0  12165-4 0  9997
2 60044  53.1606  31.3963 0000722  25.4099 334.6954 15.69701768131405

1 60045U 24112H   26262.89212434 -.00001924  00000+0 -11041-4 0  9994
2 60045  53.1597  28.8532 0000946  79.0301 281.0823 15.69690657131489

1 60046U 24112J   26263.07817735  .00005086  00000+0  46741-4 0  9997
2 60046  53.1586  27.8780 0001087  62.1883 297.9245 15.69745914131512

1 60047U 24112K   26262.81862864  .00000430  00000+0  84010-5 0  9992
2 60047  53.1605  29.1037 0001009  70.1538 289.9588 15.69713686131472

1 60048U 24112L   26263.05859339 -.00000567  00000+0  17422-6 0  9999
2 60048  53.1581  27.7631 0000918  92.1651 267.9472 15.69710926131515

1 60049U 24112M   26262.94106147  .00000250  00000+0  69180-5 0  9994
2 60049  53.1593  28.4395 0001040  88.1848 271.9289 15.69712891131495

1 60050U 24112N   26262.93615670 -.00000205  00000+0  31590-5 0  9996
2 60050  53.1598  28.4060 0000777  73.7999 286.3105 15.69710079131497

1 60052U 24112Q   26262.51097207 -.00000373  00000+0  85483-7 0  9990
2 60052  53.1582 256.1508 0001237  84.8881 275.2262 15.34386376128290

1 60053U 24112R   26262.36807596  .00000011  00000+0  11467-4 0  9990
2 60053  53.1584 256.6825 0001397  90.1509 269.9654 15.34384674128276

1 60054U 24112S   26262.53200300 -.00000112  00000+0  78317-5 0  9991
2 60054  53.1595 256.2782 0001262  75.3131 284.8012 15.34396142128293

1 60055U 24112T   26262.53829549  .00002740  00000+0  92157-4 0  9999
2 60055  53.1592 256.3156 0001088  96.7902 263.3224 15.34410272128294

1 60056U 24112U   26262.98163840  .00001422  00000+0  53223-4 0  9991
2 60056  53.1587 254.1112 0001076  77.1929 282.9194 15.34400173128366

1 60057U 24112V   26262.70006668 -.00000052  00000+0  96078-5 0  9991
2 60057  53.1591 255.1969 0001348  90.8168 269.2989 15.34387706128324

1 60059U 24113A   26260.48861959 -.00000530  00000+0  47837-6 0  9990
2 60059  53.1594 325.8449 0000965  64.8822 295.2296 15.69698057129681

1 60060U 24113B   26262.64846645  .00000652  00000+0  10234-4 0  9990
2 60060  53.1579 315.1376 0000843  84.4673 275.6441 15.69704794130024

1 60061U 24113C   26262.70723298  .00000403  00000+0  81813-5 0  9992
2 60061  53.1583 314.7896 0001091  69.7304 290.3831 15.69710312130339

1 60062U 24113D   26263.14796579  .00015565  00000+0  13357-3 0  9995
2 60062  53.1545 312.5598 0001600  79.9109 280.2089 15.69622128130100

1 60063U 24113E   26262.76108738  .00000625  00000+0  10022-4 0  9995
2 60063  53.1586 314.4116 0001120  88.0366 272.0780 15.69703236130046

1 60064U 24113F   26262.69251457  .00001345  00000+0  15958-4 0  9998
2 60064  53.1583 314.6954 0001093  76.8720 283.2420 15.69706016130037

1 60065U 24113G   26260.45918847 -.00000141  00000+0  37020-5 0  9993
2 60065  53.1593 325.6492 0001552  84.2744 275.8451 15.69692420129680

1 60066U 24113H   26262.87371262 -.00000131  00000+0  37814-5 0  9996
2 60066  53.1595 313.6861 0001358  94.1519 265.9654 15.69703155130061

1 60067U 24113J   26262.86891439  .00000144  00000+0  60563-5 0  9999
2 60067  53.1608 314.3891 0001350  83.5262 276.5909 15.69694381130057

1 60068U 24113K   26262.86400294 -.00000231  00000+0  29519-5 0  9999
2 60068  53.1584 314.3550 0001056  94.7692 265.3446 15.69703503130056

1 60069U 24113L   26262.85909453 -.00000201  00000+0  31935-5 0  9992
2 60069  53.1572 314.3227 0000896  96.0341 264.0779 15.69705795130052

1 60070U 24113M   26260.43475875 -.00002514  00000+0 -15905-4 0  9990
2 60070  53.1588 326.2171 0000934  91.7576 268.3549 15.69704957130080

1 60071U 24113N   26262.65828446  .00000348  00000+0  77417-5 0  9991
2 60071  53.1584 315.2386 0001719  30.3297 329.7820 15.69704353130022

1 60077U 24113U   26263.13074072  .00001372  00000+0  51745-4 0  9992
2 60077  53.1609 171.4253 0001548  80.5465 279.5712 15.34388992127066

1 60091U 24117A   26263.14732148  .00000694  00000+0  31668-4 0  9996
2 60091  53.1591 211.4201 0001236  80.8544 279.2599 15.34394562126693

1 60092U 24117B   26263.18300355 -.00001884  00000+0 -44664-4 0  9996
2 60092  53.1597 210.9284 0000840 122.1018 238.0067 15.34381307126709

1 60093U 24117C   26263.14942868  .00000004  00000+0  11246-4 0  9995
2 60093  53.1602 211.4358 0001309  81.2210 278.8941 15.34393878126692

1 60094U 24117D   26262.58836980 -.00001419  00000+0 -30904-4 0  9995
2 60094  53.1616 213.6207 0001201  92.9861 267.1280 15.34380973126618

1 60095U 24117E   26263.12839050 -.00000651  00000+0 -81366-5 0  9994
2 60095  53.1581 211.3025 0001185  81.9680 278.1457 15.34385227126694

1 60096U 24117F   26262.25015365 -.00001278  00000+0 -26713-4 0  9993
2 60096  53.1594 215.7758 0001328  94.6250 265.4904 15.34385687126554

1 60097U 24117G   26262.50227649 -.00000055  00000+0  95254-5 0  9990
2 60097  53.1589 214.5027 0001381  86.8201 273.2959 15.34392350126599

1 60098U 24117H   26262.48333510  .00000013  00000+0  11509-4 0  9996
2 60098  53.1594 214.3852 0001230  82.7577 277.3566 15.34396651126591

1 60099U 24117J   26263.13681057  .00011667  00000+0  35666-3 0  9998
2 60099  53.1583 211.3503 0001446  75.8430 284.2733 15.34332298126691

1 60100U 24117K   26263.17880586 -.00000600  00000+0 -66313-5 0  9995
2 60100  53.1581 210.9024 0001214 110.1167 249.9966 15.34382124126709

1 60101U 24117L   26263.15573539  .00001621  00000+0  59093-4 0  9999
2 60101  53.1587 211.4734 0001291  88.7295 271.3855 15.34398916126697

1 60102U 24117M   26262.58214520 -.00000907  00000+0 -15722-4 0  9997
2 60102  53.1594 214.2913 0001160  90.4672 269.6464 15.34386207126607

1 60103U 24117N   26262.45397128 -.00001041  00000+0 -19693-4 0  9991
2 60103  53.1590 214.9135 0001288  76.5158 283.5988 15.34397709126584

1 60104U 24117P   26262.49175728 -.00000720  00000+0 -10172-4 0  9992
2 60104  53.1606 214.4151 0001599  58.8269 301.2890 15.34389769126595

1 60105U 24117Q   26261.16799641 -.00000629  00000+0 -74672-5 0  9996
2 60105  53.1600 220.3952 0001403  81.8921 278.2241 15.34388912126390

1 60106U 24117R   26262.59468136 -.00000452  00000+0 -22290-5 0  9990
2 60106  53.1601 213.6593 0001373  71.1365 288.9787 15.34380498126617

1 60107U 24117S   26262.29423680 -.00004588  00000+0 -12466-3 0  9999
2 60107  53.1578 215.3367 0001192 114.3217 245.7910 15.34416110126568

1 60108U 24117T   26262.57372780 -.00001430  00000+0 -31210-4 0  9997
2 60108  53.1587 214.2351 0001151  86.1454 273.9680 15.34383312126603

1 60109U 24117U   26262.41398732 -.00000940  00000+0 -16696-4 0  9992
2 60109  53.1592 214.6653 0001310  85.4938 274.6214 15.34406208126583

1 60110U 24117V   26262.59047441  .00000299  00000+0  20001-4 0  9991
2 60110  53.1593 213.6275 0001267  97.0375 263.0771 15.34394650126611

1 60111U 24117W   26262.47281136  .00000274  00000+0  19252-4 0  9999
2 60111  53.1590 214.3141 0001226  88.4939 271.6204 15.34397236126590

1 60112U 24117X   26262.51490382 -.00000369  00000+0  20399-6 0  9992
2 60112  53.1592 214.5780 0001460  90.2123 269.9047 15.34387711126592

1 60113U 24118A   26262.52852077  .00000170  00000+0  62634-5 0  9994
2 60113  53.1585 346.0210 0001220  81.4256 278.6901 15.69693374128431

1 60114U 24118B   26262.26892784  .00001660  00000+0  18550-4 0  9997
2 60114  53.1601 347.2438 0001171  67.9452 292.1691 15.69716998128398

1 60115U 24118C   26262.70971510  .00001376  00000+0  16220-4 0  9998
2 60115  53.1588 345.0133 0001081  61.8241 298.2886 15.69702989128466

1 60116U 24118D   26262.95948465  .00001626  00000+0  18276-4 0  9990
2 60116  53.1577 343.7333 0001234  68.2794 291.8355 15.69709093128504

1 60117U 24118E   26262.95457758  .00000607  00000+0  98640-5 0  9993
2 60117  53.1598 343.6930 0000923  68.6524 291.4592 15.69704752128505

1 60118U 24118F   26263.20434355 -.00000066  00000+0  43159-5 0  9996
2 60118  53.1590 342.4038 0001336  83.2788 276.8382 15.69713800128540

1 60119U 24118G   26262.94476137  .00000165  00000+0  62225-5 0  9995
2 60119  53.1590 343.6262 0001101  95.1257 264.9887 15.69717077128500

1 60120U 24118H   26262.93986028  .00000077  00000+0  54966-5 0  9996
2 60120  53.1599 343.5945 0001081  75.4361 284.6776 15.69710739128506

1 60121U 24118J   26263.16670139  .00020189  00000+0  17129-3 0  9990
2 60121  53.1564 342.3048 0001200  80.8554 205.1057 15.69682487  5969

1 60122U 24118K   26262.93005045 -.00000381  00000+0  17125-5 0  9994
2 60122  53.1592 343.5294 0001033  73.3209 286.7922 15.69706472128508

1 60123U 24118L   26260.56446602 -.00000081  00000+0  41916-5 0  9992
2 60123  53.1603 355.0760 0001384 104.2434 255.8738 15.69716231128136

1 60124U 24118M   26262.72442563  .00010753  00000+0  93447-4 0  9996
2 60124  53.1587 345.1067 0001549  88.2774 271.8422 15.69723428128469

1 60125U 24118N   26261.53422252  .00000750  00000+0  11042-4 0  9995
2 60125  53.1606 350.4657 0000961  76.2783 283.8342 15.69715404128289

1 60126U 24118P   26262.47539609 -.00000621  00000+0 -82478-5 0  9996
2 60126  53.1613 205.3389 0001341  94.5519 265.5635 15.31706546125387

1 60127U 24118Q   26262.53596779  .00000227  00000+0  19089-4 0  9992
2 60127  53.1620 205.0091 0001278  67.8336 292.2801 15.31714633125391

1 60128U 24118R   26263.10032280 -.00083310  00000+0 -27403-2 0  9992
2 60128  53.1602 202.1352 0002460  39.8510 320.2671 15.31255662125486

1 60129U 24118S   26262.53160666 -.00000975  00000+0 -17733-4 0  9992
2 60129  53.1601 202.1386 0001281  92.3808 267.7341 15.34387480125438

1 60130U 24118T   26262.45672323  .00012464  00000+0  41253-3 0  9990
2 60130  53.1580 205.2257 0001073  59.8231 300.2877 15.31716452125387

1 60131U 24118U   26263.09523100 -.00001026  00000+0 -21306-4 0  9992
2 60131  53.1601 202.1015 0001344  82.1975 277.9179 15.31701901125484

1 60132U 24118V   26262.22274955 -.00000116  00000+0  77158-5 0  9993
2 60132  53.1623 203.7213 0001469  90.3965 269.7206 15.34389432125387

1 60135U 24120A   26263.07901455  .00000740  00000+0  33026-4 0  9992
2 60135  53.1589 133.7704 0001179  83.9001 276.2136 15.34395983126187

1 60136U 24120B   26263.08112042  .00002002  00000+0  70378-4 0  9994
2 60136  53.1594 133.7915 0001164  80.8057 279.3077 15.34393161126262

1 60137U 24120C   26263.19876914  .00000473  00000+0  25137-4 0  9995
2 60137  53.1594 133.1031 0001222  91.7656 268.3486 15.34391971126200

1 60138U 24120D   26263.04114738 -.00000609  00000+0 -68903-5 0  9991
2 60138  53.1590 133.5376 0001425  75.6250 284.4911 15.34396617126180

1 60140U 24120F   26263.02231208 -.00001960  00000+0 -46934-4 0  9994
2 60140  53.1588 134.1333 0001331  84.6432 275.4723 15.34369999126250

1 60141U 24120G   26263.02860972 -.00001014  00000+0 -18884-4 0  9994
2 60141  53.1593 134.1729 0001283  79.4664 280.6484 15.34391096126256

1 60142U 24120H   26263.03904565 -.00000109  00000+0  79130-5 0  9998
2 60142  53.1583 133.5279 0000920  80.8118 279.2988 15.34382012126268

1 60143U 24120J   26263.04325015 -.00001077  00000+0 -20756-4 0  9992
2 60143  53.1585 133.5144 0001095  55.5105 304.6001 15.34382553126260

1 60144U 24120K   26263.03281800  .00000635  00000+0  29930-4 0  9995
2 60144  53.1589 134.2002 0001283  87.5851 272.5298 15.34389699126177

1 60145U 24120L   26263.18403280  .00002424  00000+0  82843-4 0  9990
2 60145  53.1591 133.0100 0001003  75.4087 284.7027 15.34398156126201

1 60146U 24120M   26263.04954523  .00001046  00000+0  42090-4 0  9996
2 60146  53.1593 133.5926 0001053  98.5391 261.5731 15.34396482126186

1 60147U 24120N   26262.92140748 -.00004262  00000+0 -11520-3 0  9997
2 60147  53.1582 134.2160 0001028  60.0983 300.0122 15.34366978126164

1 60148U 24120P   26262.91313024 -.00002347  00000+0 -63933-4 0  9994
2 60148  53.1594 126.3393 0001198  95.9030 264.2108 15.31678166126354

1 60149U 24120Q   26262.29107005  .00002879  00000+0  96360-4 0  9994
2 60149  53.1594 137.3867 0001208  89.4194 270.6947 15.34382595126144

1 60150U 24120R   26263.15677374  .00002033  00000+0  71308-4 0  9990
2 60150  53.1589 133.5445 0001307  77.8985 282.2164 15.34394873126196

1 60151U 24120S   26263.08532623  .00001825  00000+0  65134-4 0  9998
2 60151  53.1584 133.8087 0001185  88.4875 271.6263 15.34393035126266

1 60152U 24120T   26262.94453847  .00001329  00000+0  50478-4 0  9997
2 60152  53.1591 134.3583 0001068  85.7257 274.3868 15.34391845126163

1 60153U 24120U   26263.04745639 -.00000283  00000+0  27612-5 0  9997
2 60153  53.1587 133.5778 0001128  81.5156 278.5974 15.34388445126262

1 60154U 24120V   26263.04534801  .00000350  00000+0  21507-4 0  9995
2 60154  53.1592 133.5622 0001100  75.6229 284.4896 15.34394028126186

1 60155U 24120W   26262.93612405 -.00000396  00000+0 -58002-6 0  9994
2 60155  53.1596 134.2973 0001245  94.0160 266.0984 15.34385493126165

1 60156U 24120X   26262.92980375  .00003128  00000+0  10371-3 0  9996
2 60156  53.1587 134.2654 0001413 117.3563 242.7583 15.34386580126169

1 60157U 24120Y   26263.06218700  .00000229  00000+0  17907-4 0  9991
2 60157  53.1589 133.6669 0001360  83.7908 276.3250 15.34390042126264

1 60183U 24124A   26263.06229933 -.00000473  00000+0  95624-6 0  9990
2 60183  53.1577 282.9854 0001004  69.5061 290.6064 15.69706987128251

1 60184U 24124B   26263.05739098 -.00000221  00000+0  30336-5 0  9997
2 60184  53.1581 282.9538 0001240  83.8577 276.2582 15.69708074127061

1 60185U 24124C   26263.05248618  .00001104  00000+0  13969-4 0  9993
2 60185  53.1611 282.9213 0001024  54.9034 305.2080 15.69714402127061

1 60186U 24124D   26263.04755632  .00002882  00000+0  28623-4 0  9999
2 60186  53.1599 282.8898 0001872 103.4777 256.6449 15.69728286127063

1 60187U 24124E   26262.59698534 -.00002523  00000+0 -15965-4 0  9995
2 60187  53.1593 285.0508 0001050  60.9314 299.1809 15.69722069126999

1 60188U 24124F   26262.52851929  .00005474  00000+0  49992-4 0  9991
2 60188  53.1585 286.0687 0001143  92.3464 267.7685 15.69719637126976

1 60189U 24124G   26262.77829806  .00000571  00000+0  95843-5 0  9998
2 60189  53.1612 284.7817 0001452  91.6991 268.4193 15.69694866127012

1 60190U 24124H   26261.37265706  .00000156  00000+0  61505-5 0  9995
2 60190  53.1589 291.6515 0001426  84.8776 275.2404 15.69717878126799

1 60191U 24124J   26262.06811388 -.00002610  00000+0 -16685-4 0  9993
2 60191  53.1588 288.1654 0000909  70.3775 289.7341 15.69725791126904

1 60192U 24124K   26262.76357601  .00000166  00000+0  62285-5 0  9994
2 60192  53.1588 284.6808 0000897  83.2854 276.8266 15.69704613127010

1 60193U 24124L   26262.05828844  .00004358  00000+0  40779-4 0  9999
2 60193  53.1606 288.1026 0001548  69.4175 290.7009 15.69729854126900

1 60194U 24124M   26261.60770924  .00000281  00000+0  71709-5 0  9994
2 60194  53.1585 290.2654 0000930  82.4162 277.6961 15.69715997128022

1 60195U 24124N   26263.06720468 -.00001733  00000+0 -94488-5 0  9999
2 60195  53.1600 283.0122 0001604 301.8730  58.2132 15.69692266127068

1 60196U 24124P   26263.04193750  .00001730  00000+0  67473-4 0  9994
2 60196  53.1599 138.2039 0001485 105.9657 254.1508 15.31709857124078

1 60197U 24124Q   26262.93664375 -.00000706  00000+0 -97604-5 0  9992
2 60197  53.1597 136.1381 0001371  97.4818 262.6340 15.34379045124097

1 60198U 24124R   26262.14712365  .00003011  00000+0  10872-3 0  9999
2 60198  53.1590 142.5766 0001114  84.1617 275.9511 15.31706742125165

1 60199U 24124S   26263.14466987  .00001411  00000+0  52879-4 0  9993
2 60199  53.1595 135.3020 0001258  84.1825 275.9321 15.34400278125352

1 60200U 24124T   26263.04662403 -.00000109  00000+0  82597-5 0  9991
2 60200  53.1592 138.2338 0001217 123.1352 236.9766 15.31697330124072

1 60201U 24124U   26263.05129606  .00005053  00000+0  17463-3 0  9996
2 60201  53.1595 138.2625 0001354 101.1027 259.0127 15.31670385124070

1 60202U 24124V   26262.20769756  .00001924  00000+0  73745-4 0  9998
2 60202  53.1593 142.2413 0001250  92.0370 268.0774 15.31701335125140

1 60255U 24131A   26263.16698125 -.00000166  00000+0  64260-5 0  9992
2 60255  53.1577 227.7096 0001197  93.9132 266.2006 15.31695545121815

1 60256U 24131B   26262.92616704  .00062326  00000+0  15795-2 0  9990
2 60256  53.1578 227.6496 0005418  65.6100 294.5470 15.39139886121493

1 60257U 24131C   26262.62532632 -.00000026  00000+0  10361-4 0  9991
2 60257  53.1596 230.0191 0001387  91.2675 268.8486 15.34384337121430

1 60258U 24131D   26262.93628044 -.00000258  00000+0  34978-5 0  9997
2 60258  53.1588 228.4078 0001315  93.9711 266.1442 15.34382948121482

1 60259U 24131E   26262.62323809 -.00000745  00000+0 -10922-4 0  9999
2 60259  53.1590 230.0202 0001452  91.9127 268.2042 15.34376834121436

1 60260U 24131F   26262.93206792  .00000341  00000+0  21249-4 0  9990
2 60260  53.1592 228.3825 0001416  85.9415 274.1750 15.34389476121487

1 60261U 24131G   26262.33111205 -.00000214  00000+0  48214-5 0  9991
2 60261  53.1591 231.0235 0001517  90.5699 269.5478 15.34391548121445

1 60262U 24131H   26263.00003471 -.00013694  00000+0 -43003-3 0  9998
2 60262  53.1571 228.2319 0001475  94.0909 193.6881 15.31720186  5785

1 60263U 24131J   26262.45855478  .00000471  00000+0  26927-4 0  9993
2 60263  53.1602 231.1072 0001355  83.3989 276.7167 15.31706130121452

1 60264U 24131K   26263.19931373  .00000362  00000+0  23416-4 0  9994
2 60264  53.1601 227.9115 0001306  91.8498 268.2653 15.31706184121565

1 60265U 24131L   26262.62791785 -.00000447  00000+0 -20950-5 0  9990
2 60265  53.1597 231.4481 0001359  95.6696 264.4461 15.34385604121463

1 60266U 24131M   26262.93398741 -.00000380  00000+0 -48826-6 0  9999
2 60266  53.1602 229.1102 0001379  89.3794 270.7366 15.31700716121473

1 60267U 24131N   26262.64838600 -.00001172  00000+0 -23567-4 0  9994
2 60267  53.1588 229.4468 0001513  89.1912 270.9264 15.34391507121347

1 60268U 24131P   26263.18629669  .00001025  00000+0  41488-4 0  9995
2 60268  53.1589 227.1319 0001377  85.8277 274.2883 15.34391297121513

1 60269U 24131Q   26262.63098129  .00002309  00000+0  86181-4 0  9991
2 60269  53.1586 230.0491 0000707 111.9416 248.1661 15.31681207121487

1 60270U 24131R   26263.16316205 -.00001279  00000+0 -26753-4 0  9996
2 60270  53.1589 226.9908 0001172  87.3323 272.7813 15.34377361121522

1 60271U 24131S   26262.61901220 -.00000611  00000+0 -69404-5 0  9993
2 60271  53.1589 229.9772 0001156  88.7851 271.3284 15.34388552121338

1 60272U 24131T   26262.92786157  .00000135  00000+0  15131-4 0  9994
2 60272  53.1594 228.3504 0001333  91.6491 268.4665 15.34384089121488

1 60273U 24131U   26263.20313178  .00000796  00000+0  34702-4 0  9994
2 60273  53.1578 227.2351 0001310  85.3489 274.7663 15.34390936121522

1 60274U 24131V   26262.99456814  .00004531  00000+0  15780-3 0  9990
2 60274  53.1588 228.7657 0001461  93.7143 266.4026 15.31676561121389

1 60275U 24131W   26263.00003471 -.00010955  00000+0 -31345-3 0  9995
2 60275  53.1568 228.2171 0001451  97.5794 196.7598 15.34408288  5895

1 60276U 24131X   26262.91944329 -.00000101  00000+0  81437-5 0  9991
2 60276  53.1591 228.2916 0001115  78.9099 281.2029 15.34381776121482

1 60277U 24131Y   26263.16105125  .00000189  00000+0  16727-4 0  9997
2 60277  53.1584 226.9577 0001408  97.2431 262.8731 15.34391644121527

1 60278U 24132A   26263.20104101  .00000719  00000+0  32431-4 0  9996
2 60278  53.1587 227.3377 0001312  90.0347 270.0806 15.34392987122587

1 60279U 24132B   26262.52348859 -.00000113  00000+0  81274-5 0  9990
2 60279  53.1599 230.9328 0001313  81.2268 278.8882 15.31704215121253

1 60280U 24132C   26262.52233890  .00002839  00000+0  95136-4 0  9997
2 60280  53.1580 230.2126 0001170  68.5680 291.5447 15.34392633121261

1 60281U 24132D   26263.16527690  .00002269  00000+0  78313-4 0  9998
2 60281  53.1574 227.1150 0001215  77.7951 282.3188 15.34375429121365

1 60282U 24132E   26262.89842286 -.00001843  00000+0 -43410-4 0  9998
2 60282  53.1584 228.2944 0001752  90.4702 269.6502 15.34391630121328

1 60283U 24132F   26263.18532676  .00000442  00000+0  26002-4 0  9991
2 60283  53.1598 227.9496 0001372  82.7979 277.3178 15.31704092121355

1 60284U 24132G   26262.30580736 -.00000289  00000+0  25889-5 0  9998
2 60284  53.1584 218.9349 0001309  86.3450 273.7702 15.34395552121401

1 60285U 24132H   26263.20400176 -.00000051  00000+0  10108-4 0  9992
2 60285  53.1598 228.0664 0001235  96.6131 263.5011 15.31699989121359

1 60286U 24132J   26262.93837574  .00002641  00000+0  89255-4 0  9993
2 60286  53.1583 228.5480 0001383  93.3775 266.7386 15.34405287121323

1 60287U 24132K   26262.92899722  .00000048  00000+0  13305-4 0  9998
2 60287  53.1606 229.1917 0001234  89.5116 270.6026 15.31699778121314

1 60288U 24132L   26263.19051784  .00000794  00000+0  34638-4 0  9997
2 60288  53.1589 227.2686 0001365  87.9509 272.1650 15.34395628121365

1 60289U 24132M   26262.63532593 -.00000590  00000+0 -72404-5 0  9998
2 60289  53.1603 230.2075 0001384  86.1781 273.9379 15.31691482121274

1 60290U 24132N   26262.45928797  .00000321  00000+0  20627-4 0  9994
2 60290  53.1595 230.5287 0001375  79.8880 280.2277 15.34400033121252

1 60291U 24132P   26262.49918366  .00000293  00000+0  19807-4 0  9996
2 60291  53.1596 230.0642 0001282 104.3327 255.7818 15.34388634121262

1 60292U 24132Q   26263.18099777  .00000288  00000+0  21053-4 0  9990
2 60292  53.1599 227.9234 0001241  83.0274 277.0869 15.31704501121352

1 60293U 24132R   26263.17845668  .00000859  00000+0  37452-4 0  9992
2 60293  53.1611 227.1959 0001172  89.8590 270.2547 15.33547743121366

1 60294U 24132S   26263.18564823  .00002082  00000+0  78776-4 0  9999
2 60294  53.1602 227.9560 0001758 119.5138 240.6039 15.31729115121351

1 60295U 24132T   26262.64965953 -.00000056  00000+0  99665-5 0  9990
2 60295  53.1591 230.2912 0001246  93.7285 266.3859 15.31698469121278

1 60296U 24132U   26262.90133051 -.00000542  00000+0 -56895-5 0  9995
2 60296  53.1591 229.0225 0001302  91.0932 269.0218 15.31696452121319

1 60297U 24132V   26262.62598762 -.00000640  00000+0 -88621-5 0  9990
2 60297  53.1589 230.1453 0001252  98.8529 261.2614 15.31696466121278

1 60298U 24132W   26262.63566445 -.00000759  00000+0 -12700-4 0  9990
2 60298  53.1607 230.2091 0001426  87.9514 272.1651 15.31692096121272

1 60299U 24132X   26263.12415600 -.00003280  00000+0 -85989-4 0  9993
2 60299  53.1589 199.5853 0001166 140.0913 220.0175 15.34397576121743

1 60300U 24132Y   26262.62735657 -.00000069  00000+0  91149-5 0  9994
2 60300  53.1593 229.4450 0001491  89.6000 270.5174 15.34383494121285

1 60301U 24133A   26262.32402077  .00001913  00000+0  20657-4 0  9993
2 60301  53.1592 271.8944 0001047  81.1446 278.9690 15.69698307124145

1 60302U 24133B   26263.01947537 -.00000296  00000+0  24158-5 0  9991
2 60302  53.1638 268.4121 0001371  73.7638 286.3531 15.69709704124259

1 60303U 24133C   26262.05952880  .00001958  00000+0  21028-4 0  9999
2 60303  53.1568 273.0802 0000768  54.4474 305.6615 15.69693539124181

1 60304U 24133D   26262.56396620  .00003188  00000+0  31156-4 0  9990
2 60304  53.1578 270.5325 0001007 103.5069 256.6061 15.69713694124262

1 60305U 24133E   26263.00475483  .00000174  00000+0  62903-5 0  9993
2 60305  53.1590 268.3084 0000940  83.6940 276.4185 15.69710098124256

1 60306U 24133F   26262.29949299  .00000842  00000+0  11813-4 0  9990
2 60306  53.1599 271.7286 0001197  86.6857 273.4298 15.69695925124144

1 60307U 24133G   26262.54435655  .00001082  00000+0  13789-4 0  9996
2 60307  53.1587 270.4065 0001026  60.7699 299.3421 15.69704616124188

1 60308U 24133H   26262.74028015 -.00000026  00000+0  46448-5 0  9994
2 60308  53.1595 269.4982 0000951  69.2179 290.8941 15.69697210124215

1 60309U 24133J   26263.04879814  .00000606  00000+0  98539-5 0  9991
2 60309  53.1578 267.8596 0000899  81.8186 278.2934 15.69714402124269

1 60310U 24133K   26263.04389747  .00000029  00000+0  50958-5 0  9996
2 60310  53.1589 267.8267 0000941  83.5606 276.5519 15.69708671124263

1 60312U 24133M   26263.03418766 -.00000202  00000+0  31905-5 0  9996
2 60312  53.1580 268.4957 0000951  62.0897 298.0217 15.69709377124251

1 60313U 24133N   26263.02928119  .00000171  00000+0  62758-5 0  9998
2 60313  53.1587 268.4646 0001302  81.3250 278.7916 15.69710676124257

1 60314U 24133P   26263.02426106 -.00000137  00000+0  70683-5 0  9997
2 60314  53.1582 112.2806 0001275  88.7264 271.3885 15.34389456121422

1 60315U 24133Q   26262.12489031  .00001174  00000+0  45890-4 0  9996
2 60315  53.1606 115.9148 0001115  93.6356 266.4774 15.34387042121295

1 60316U 24133R   26262.96321233  .00006937  00000+0  21605-3 0  9997
2 60316  53.1585 111.9037 0004074  27.9532 332.1688 15.34433696121515

1 60317U 24133S   26262.98007976 -.00000367  00000+0  28006-6 0  9992
2 60317  53.1591 112.0071 0001176  91.0528 269.0609 15.34384483121510

1 60318U 24133T   26263.01164181 -.00000172  00000+0  60448-5 0  9999
2 60318  53.1588 112.2008 0001133 102.6697 257.4432 15.34388557121429

1 60319U 24133U   26262.97797537  .00000476  00000+0  25241-4 0  9998
2 60319  53.1597 112.0062 0001098  85.9798 274.1330 15.34387527121422

1 60320U 24133V   26263.05783544  .00000086  00000+0  13692-4 0  9997
2 60320  53.1593 111.7796 0001186  83.6666 276.4471 15.34391912121432

1 60321U 24133W   26262.96536390  .00003660  00000+0  11949-3 0  9995
2 60321  53.1583 111.9183 0001236  53.9539 306.1578 15.34377331121516

1 60329U 24136A   26263.00900436  .00000500  00000+0  27863-4 0  9991
2 60329  53.1582 251.8075 0001149  86.6794 273.4339 15.31700254120641

1 60330U 24136B   26262.99786433  .00000387  00000+0  22607-4 0  9993
2 60330  53.1594 251.7362 0001150  93.3724 266.7410 15.34387527119431

1 60331U 24136C   26263.19950623 -.00000207  00000+0  50236-5 0  9993
2 60331  53.1589 238.7919 0001447 109.1788 250.9371 15.34392290119630

1 60332U 24136D   26262.99963830  .00004191  00000+0  14660-3 0  9999
2 60332  53.1585 251.7562 0001172  85.7446 274.3690 15.31729083119434

1 60333U 24136E   26263.00419053  .00000299  00000+0  19990-4 0  9993
2 60333  53.1580 251.7762 0000814 101.7685 258.3409 15.34382480119437

1 60334U 24136F   26262.97060116  .00017867  00000+0  53843-3 0  9994
2 60334  53.1583 252.2768 0001667  81.5791 278.5401 15.34413761119425

1 60335U 24136G   26262.97901693  .00022663  00000+0  68030-3 0  9993
2 60335  53.1563 252.3271 0001700  84.0873 276.0324 15.34379623119426

1 60336U 24136H   26262.53570047 -.00000567  00000+0 -56628-5 0  9994
2 60336  53.1590 254.5355 0000942  78.5927 281.5182 15.34386634119354

1 60338U 24136K   26262.27926104  .00000476  00000+0  25236-4 0  9993
2 60338  53.1597 255.0707 0001404  84.2255 275.8908 15.34392437119329

1 60339U 24136L   26262.54613522 -.00000349  00000+0  80812-6 0  9994
2 60339  53.1592 253.8910 0001204  90.8983 269.2157 15.34380624119368

1 60340U 24136M   26262.64281217  .00000597  00000+0  28824-4 0  9996
2 60340  53.1594 253.7812 0001383  92.9039 267.2121 15.34390742120548

1 60341U 24136N   26262.68690992  .00000766  00000+0  33807-4 0  9990
2 60341  53.1584 253.3452 0000958  89.6541 270.4571 15.34386518119383

1 60342U 24136P   26262.99996767  .00000306  00000+0  20214-4 0  9992
2 60342  53.1585 251.7440 0001327  93.9468 266.1686 15.34386823119435

1 60343U 24136Q   26262.53357608  .00000658  00000+0  30605-4 0  9993
2 60343  53.1616 254.4887 0001308  87.8250 272.2902 15.34394295119358

1 60344U 24136R   26262.44529823  .00000696  00000+0  31734-4 0  9990
2 60344  53.1591 254.6809 0001373  85.1109 275.0050 15.34390009119346

1 60345U 24136S   26262.98741848  .00001043  00000+0  42008-4 0  9996
2 60345  53.1593 252.3685 0001216 121.7960 238.3161 15.34400695119421

1 60346U 24136T   26261.28757213  .00001190  00000+0  46357-4 0  9996
2 60346  53.1600 260.2532 0002040  95.6562 264.4673 15.34398652119161

1 60347U 24136U   26262.66874214 -.00000101  00000+0  84985-5 0  9993
2 60347  53.1576 253.2302 0000898  57.2666 302.8422 15.31709511119389

1 60348U 24136V   26262.26323818  .00000242  00000+0  19565-4 0  9995
2 60348  53.1598 254.9666 0001322  78.3347 281.7803 15.31705998119325

1 60349U 24136W   26262.56247376  .00000029  00000+0  12004-4 0  9997
2 60349  53.1597 250.4419 0001445  86.1049 274.0119 15.34388682119419

1 60350U 24136X   26262.51957791  .00002830  00000+0  10293-3 0  9992
2 60350  53.1587 253.7211 0001224  70.0402 290.0732 15.31704142119369

1 60351U 24136Y   26262.49523041  .00000478  00000+0  25303-4 0  9992
2 60351  53.1598 250.7334 0001370  89.7460 270.3700 15.34392302119403

1 60355U 24138A   26263.00534326 -.00000797  00000+0 -12464-4 0  9994
2 60355  53.1582 123.8076 0001193  86.8180 273.2959 15.34391427120422

1 60356U 24138B   26263.04791160  .00001348  00000+0  51035-4 0  9998
2 60356  53.1600 125.4796 0001278  83.6679 276.4469 15.34391947120409

1 60358U 24138D   26262.16125573  .00002299  00000+0  79167-4 0  9993
2 60358  53.1588 129.9141 0001320  70.8559 289.2586 15.34391915120263

1 60359U 24138E   26263.05423148  .00000212  00000+0  17402-4 0  9999
2 60359  53.1591 125.5313 0001133  92.3679 267.7453 15.34398822101431

1 60360U 24138F   26263.02921332  .00002202  00000+0  82665-4 0  9990
2 60360  53.1594 125.3722 0001184  87.2741 272.8396 15.31717315120407

1 60361U 24138G   26263.03327383  .00000229  00000+0  17907-4 0  9992
2 60361  53.1610 126.1018 0001058  68.8261 291.2854 15.34390150120407

1 60362U 24138H   26262.99540391  .00001912  00000+0  67720-4 0  9991
2 60362  53.1597 125.8619 0000820 112.1898 247.9191 15.34388867120381

1 60363U 24138J   26262.99961207  .00000441  00000+0  24190-4 0  9995
2 60363  53.1583 125.8973 0000987 121.3545 238.7554 15.34387973120394

1 60364U 24138K   26263.01099249  .00000325  00000+0  22230-4 0  9992
2 60364  53.1594 125.9690 0001153  91.8066 268.3068 15.31699696120292

1 60365U 24138L   26262.92240189  .00000751  00000+0  35964-4 0  9994
2 60365  53.1575 126.1269 0000897 106.3417 253.7683 15.31701524120388

1 60366U 24138M   26263.01223635 -.00000149  00000+0  67149-5 0  9996
2 60366  53.1590 125.9789 0000991  79.7679 280.3435 15.34385817120396

1 60367U 24138N   26263.00165772 -.00001199  00000+0 -26877-4 0  9992
2 60367  53.1584 125.9048 0000788  93.2780 266.8311 15.31699511120394

1 60368U 24138P   26262.95551524  .00001047  00000+0  42121-4 0  9990
2 60368  53.1603 126.3355 0001247  73.3945 286.7195 15.34391140120386

1 60370U 24138R   26262.97234508  .00000792  00000+0  34575-4 0  9995
2 60370  53.1607 126.4354 0000938  78.5012 281.6096 15.34392135120380

1 60371U 24138S   26262.94499594  .00000991  00000+0  40474-4 0  9997
2 60371  53.1604 126.2707 0001109  79.6490 280.4638 15.34387839120284

1 60372U 24138T   26263.01433957  .00000702  00000+0  31924-4 0  9998
2 60372  53.1600 125.9931 0001428  68.4629 291.6526 15.34387926120399

1 60373U 24138U   26263.06223747 -.00000013  00000+0  11348-4 0  9992
2 60373  53.1569 125.5750 0000663 132.8574 227.2483 15.31701380120303

1 60374U 24138V   26263.04823450  .00000723  00000+0  35045-4 0  9995
2 60374  53.1578 125.4876 0000804 111.1989 248.9098 15.31702869120405

1 60375U 24138W   26262.90874008  .00001699  00000+0  61424-4 0  9998
2 60375  53.1601 124.6214 0001527  83.0509 277.0667 15.34389197120300

1 60376U 24138X   26262.95341090  .00001191  00000+0  46388-4 0  9993
2 60376  53.1614 126.3181 0001448  85.6374 274.4794 15.34389355120383

1 60377U 24138Y   26263.00631348  .00001463  00000+0  58879-4 0  9999
2 60377  53.1600 125.9333 0001205 105.3476 254.7658 15.31705694120393

1 60398U 24141A   26263.16670139  .00501329  00000+0  28942-2 0  9996
2 60398  53.1592 207.4685 0000912 103.0900  90.5720 15.76694831  6021

1 60399U 24141B   26262.49048963 -.00000028  00000+0  46235-5 0  9995
2 60399  53.1602 210.7379 0000840 110.7228 249.3881 15.69708419122187

1 60400U 24141C   26261.27586412  .00002409  00000+0  24746-4 0  9995
2 60400  53.1603 216.6710 0001132  71.4530 288.6611 15.69696861121946

1 60401U 24141D   26263.11737389  .00000426  00000+0  83743-5 0  9992
2 60401  53.1605 207.5352 0001106  86.3890 273.7254 15.69709408122283

1 60402U 24141E   26263.11248447 -.00000640  00000+0 -42130-6 0  9991
2 60402  53.1626 207.5082 0001280  68.3631 291.7523 15.69693065122283

1 60403U 24141F   26262.15262692  .00003622  00000+0  34758-4 0  9999
2 60403  53.1623 212.9110 0001215  92.3523 267.7634 15.69698740122076

1 60404U 24141G   26262.59339605 -.00002289  00000+0 -14029-4 0  9996
2 60404  53.1607 210.6805 0001480  81.4834 278.6352 15.69722309122193

1 60405U 24141H   26262.46115988  .00002629  00000+0  26560-4 0  9998
2 60405  53.1598 211.2752 0001097  71.6749 288.4389 15.69700647122124

1 60406U 24141J   26262.58360095  .00000675  00000+0  10438-4 0  9999
2 60406  53.1603 210.6162 0001445  75.7037 284.4141 15.69700148122197

1 60407U 24141K   26262.57869337 -.00000349  00000+0  19776-5 0  9996
2 60407  53.1590 210.5806 0001212  99.0295 261.0860 15.69697870122145

1 60408U 24141L   26262.25543925  .00002567  00000+0  26059-4 0  9998
2 60408  53.1602 212.1178 0001210  66.7183 293.3962 15.69695468122147

1 60409U 24141M   26263.13699306  .00000574  00000+0  95997-5 0  9996
2 60409  53.1614 207.6589 0001323  85.6188 274.4981 15.69710652122230

1 60410U 24141N   26262.49539204  .00001369  00000+0  16167-4 0  9990
2 60410  53.1601 210.7664 0001321 187.7450 172.3547 15.69700136122185

1 60411U 24141P   26263.16203500  .00001648  00000+0  64845-4 0  9999
2 60411  53.1623  57.9770 0001447  87.8068 272.3099 15.31704863119373

1 60412U 24141Q   26261.98107890  .00000027  00000+0  11941-4 0  9992
2 60412  53.1597  60.5694 0001112  82.8884 277.2245 15.34389870119174

1 60413U 24141R   26263.14511822 -.00000651  00000+0 -81379-5 0  9995
2 60413  53.1601  55.0338 0001301  75.2133 284.9014 15.34382755119352

1 60414U 24141S   26262.95694992 -.00000486  00000+0 -39026-5 0  9992
2 60414  53.1579  58.8315 0001084  77.5907 282.5216 15.31699926119340

1 60415U 24141T   26263.15142113  .00000610  00000+0  29195-4 0  9991
2 60415  53.1599  55.0743 0000744  93.9663 266.1424 15.34388026119416

1 60416U 24141U   26262.89401431  .00000261  00000+0  20166-4 0  9994
2 60416  53.1607  49.1835 0000773  86.7778 273.3312 15.31705578119410

1 60417U 24141V   26262.98126124  .00000855  00000+0  36456-4 0  9996
2 60417  53.1607  56.1425 0001082  62.6390 297.4723 15.34382612119383

1 60418U 24141W   26262.78795727  .00001254  00000+0  48232-4 0  9995
2 60418  53.1615  57.0683 0001032  82.9602 277.1518 15.34394163119353

1 60425U 24144A   26263.09400126 -.00001117  00000+0 -21957-4 0  9992
2 60425  53.1601  31.2886 0001211  98.8699 261.2440 15.34377929118219

1 60426U 24144B   26262.64433850  .00001727  00000+0  62252-4 0  9991
2 60426  53.1596  33.4580 0001074  88.6920 271.4206 15.34394200119045

1 60427U 24144C   26262.89646448  .00001651  00000+0  59996-4 0  9995
2 60427  53.1602  32.1891 0000890  77.2504 282.8598 15.34398575119120

1 60428U 24144D   26262.97633264  .00004573  00000+0  14645-3 0  9994
2 60428  53.1598  31.9744 0001090  97.4004 262.7123 15.34386894119134

1 60429U 24144E   26262.34602033  .00001378  00000+0  51916-4 0  9999
2 60429  53.1604  35.1482 0000885  54.0135 306.0950 15.34389081119033

1 60430U 24144F   26263.08929588  .00000789  00000+0  34457-4 0  9996
2 60430  53.1608  29.8424 0000178 179.6008 180.4995 15.34394677119134

1 60431U 24144G   26262.72210322 -.00000309  00000+0  19768-5 0  9994
2 60431  53.1589  33.2307 0001058  82.8880 277.2243 15.34396418119050

1 60432U 24144H   26263.09819644  .00000428  00000+0  23800-4 0  9990
2 60432  53.1614  31.3123 0000994  88.4090 271.7026 15.34386173119110

1 60433U 24144J   26262.84395667  .00002517  00000+0  85646-4 0  9994
2 60433  53.1581  32.5709 0001726  50.0864 310.0290 15.34392527119070

1 60434U 24144K   26263.09351161 -.00000491  00000+0 -34103-5 0  9998
2 60434  53.1608  29.8641 0001000  90.4143 269.6974 15.34386916119138

1 60435U 24144L   26263.01574983 -.00000418  00000+0 -12258-5 0  9996
2 60435  53.1618  30.0956 0001265  78.8555 281.2590 15.34389706119126

1 60436U 24144M   26263.07457824 -.00001446  00000+0 -31699-4 0  9998
2 60436  53.1623  29.7473 0000720 108.7519 251.3562 15.34377569119132

1 60437U 24144N   26262.90440751  .00003014  00000+0  10031-3 0  9998
2 60437  53.1605  30.8152 0001607  82.0328 278.0857 15.34400746119101

1 60438U 24144P   26263.07247087 -.00004360  00000+0 -11798-3 0  9993
2 60438  53.1612  29.7328 0000811  85.5950 274.5145 15.34400661119171

1 60439U 24144Q   26262.70058735  .00001767  00000+0  63415-4 0  9993
2 60439  53.1611  31.6768 0001049  68.4991 291.6124 15.34394823118178

1 60440U 24144R   26263.06826778 -.00000008  00000+0  10913-4 0  9998
2 60440  53.1595  29.7085 0001074  70.3002 289.8116 15.34385682119134

1 60441U 24144S   26263.19012505  .00000482  00000+0  25393-4 0  9991
2 60441  53.1602  29.0452 0000874  73.7506 286.3593 15.34381971119158

1 60442U 24144T   26262.67954561  .00001008  00000+0  40963-4 0  9996
2 60442  53.1636  31.5423 0000875 103.0746 257.0354 15.34392270119116

1 60443U 24144U   26262.70690610 -.00000694  00000+0 -94295-5 0  9993
2 60443  53.1597  31.7114 0000915  77.8278 282.2827 15.34388894119072

1 60444U 24144V   26262.62703306 -.00001002  00000+0 -18519-4 0  9990
2 60444  53.1595  31.9248 0001502 128.9659 231.1478 15.34400475119104

1 60445U 24144W   26262.66058571 -.00020584  00000+0 -59802-3 0  9997
2 60445  53.1592  31.4263 0000242  96.5869 263.5161 15.34491325119110

1 60446U 24144X   26263.03254416  .00012196  00000+0  36111-3 0  9992
2 60446  53.1623  21.5424 0001668  37.9739 322.1382 15.35299061119282

1 60447U 24144Y   26263.05563507  .00000492  00000+0  25693-4 0  9999
2 60447  53.1605  29.6246 0000760  82.6825 277.4264 15.34396858119135

1 60583U 24150A   26263.03782617  .00000395  00000+0  24488-4 0  9993
2 60583  53.1581 122.4106 0001128  88.3885 271.7245 15.31702625117824

1 60584U 24150B   26263.02168529 -.00000229  00000+0  43628-5 0  9998
2 60584  53.1586 120.1791 0001166  83.0355 277.0780 15.34382949117853

1 60585U 24150C   26263.04109091  .00000595  00000+0  28751-4 0  9994
2 60585  53.1621 123.8467 0001471  86.9023 273.2148 15.34395192117723

1 60586U 24150D   26262.98802162  .00000553  00000+0  27519-4 0  9991
2 60586  53.1595 119.9707 0001052  89.9077 270.2046 15.34385592117855

1 60587U 24150E   26262.95233683  .00000035  00000+0  12174-4 0  9991
2 60587  53.1585 120.4602 0000876  87.2573 272.8530 15.34390259117763

1 60588U 24150F   26262.98170541  .00000767  00000+0  33851-4 0  9995
2 60588  53.1613 119.9294 0001046 103.4612 256.6507 15.34389415117778

1 60589U 24150G   26262.95912259  .00000450  00000+0  24458-4 0  9995
2 60589  53.1591 124.0585 0000964  99.8148 260.2963 15.34391942117791

1 60590U 24150H   26262.99432924  .00000450  00000+0  24449-4 0  9997
2 60590  53.1592 120.0113 0001049  88.1877 271.9246 15.34386917117858

1 60591U 24150J   26263.07466869 -.00000290  00000+0  25480-5 0  9993
2 60591  53.1598 123.3503 0000996  89.2163 270.8954 15.34386221117733

1 60592U 24150K   26263.00906505  .00004892  00000+0  15594-3 0  9997
2 60592  53.1606 120.1049 0001803  51.4988 308.6176 15.34380948117857

1 60593U 24150L   26263.13722454  .00001450  00000+0  54059-4 0  9998
2 60593  53.1585 119.4778 0001243  76.2858 283.8283 15.34392944117798

1 60594U 24150M   26263.03220162  .00000619  00000+0  29445-4 0  9994
2 60594  53.1592 120.2391 0001131  80.5877 279.5253 15.34392775117851

1 60595U 24150N   26262.99200870  .00001785  00000+0  69266-4 0  9993
2 60595  53.1591 123.5386 0000887  99.9262 260.1840 15.31705421117806

1 60596U 24150P   26263.02589125  .00000859  00000+0  36584-4 0  9990
2 60596  53.1602 120.2025 0001691  49.3195 310.7955 15.34392271117775

1 60597U 24150Q   26263.10203469 -.00000358  00000+0  52274-6 0  9995
2 60597  53.1565 123.5203 0000501  92.3309 267.7751 15.34383679117814

1 60598U 24150R   26262.88767750  .00024450  00000+0  73223-3 0  9990
2 60598  53.1599 124.3166 0001414  88.4796 271.6368 15.34407875117788

1 60599U 24150S   26262.11655352  .00002417  00000+0  82660-4 0  9996
2 60599  53.1582 128.0349 0001760  81.0955 279.0247 15.34395553117669

1 60600U 24150T   26263.01374124  .00000619  00000+0  29460-4 0  9995
2 60600  53.1605 123.6810 0000803  95.3890 264.7204 15.34386493117808

1 60601U 24150U   26263.02378580  .00000276  00000+0  19315-4 0  9994
2 60601  53.1594 120.1903 0001003  87.1001 273.0117 15.34394126117771

1 60602U 24150V   26262.93550675 -.00000105  00000+0  80173-5 0  9994
2 60602  53.1587 120.3547 0001091  78.7723 281.3402 15.34386056117765

1 60603U 24150W   26262.95023503  .00000756  00000+0  33521-4 0  9997
2 60603  53.1593 120.4462 0001052  96.5466 263.5657 15.34388326117844

1 60604U 24150X   26263.00169787 -.00001060  00000+0 -20258-4 0  9994
2 60604  53.1599 125.7308 0001253  93.9138 266.2008 15.34389376117776

1 60720U 24152A   26263.21785559  .00000987  00000+0  13000-4 0  9991
2 60720  53.1606 237.6173 0000721  65.9566 294.1528 15.69709608119388

1 60721U 24152B   26263.21295377  .00000164  00000+0  62148-5 0  9991
2 60721  53.1563 237.5846 0001008  82.2653 277.8480 15.69706008119381

1 60722U 24152C   26263.20804735  .00000313  00000+0  74383-5 0  9995
2 60722  53.1583 237.5536 0000577  73.5749 286.5332 15.69703468119503

1 60723U 24152D   26262.49786782  .00003651  00000+0  34994-4 0  9998
2 60723  53.1598 240.9394 0001269  86.9241 273.1922 15.69702599119279

1 60724U 24152E   26261.67505781  .00007950  00000+0  70412-4 0  9997
2 60724  53.1584 245.0543 0000635 105.8214 254.2874 15.69708262119149

1 60725U 24152F   26262.36563031  .00001791  00000+0  19646-4 0  9996
2 60725  53.1590 241.5357 0001221  91.9801 268.1357 15.69701075119257

1 60726U 24152G   26262.93374394  .00000019  00000+0  50125-5 0  9992
2 60726  53.1585 238.6773 0001179  93.1983 266.9170 15.69711692119477

1 60727U 24152H   26262.92883822  .00000282  00000+0  71900-5 0  9999
2 60727  53.1587 238.6460 0001706  85.0940 275.0273 15.69711927119478

1 60728U 24152J   26262.66926171  .00000845  00000+0  11836-4 0  9992
2 60728  53.1583 239.8709 0001023  59.6563 300.4557 15.69698094119303

1 60729U 24152K   26262.66435816  .00001736  00000+0  19195-4 0  9990
2 60729  53.1591 239.8244 0001179  87.3095 272.8057 15.69691434119439

1 60730U 24152L   26262.65944679  .00002796  00000+0  27937-4 0  9993
2 60730  53.1597 239.8017 0000621 104.8462 255.2625 15.69697212119312

1 60731U 24152M   26262.33618894 -.00001001  00000+0 -34060-5 0  9992
2 60731  53.1584 241.3393 0000891  35.6689 324.4388 15.69720114119262

1 60732U 24152N   26262.64962439 -.00002865  00000+0 -18792-4 0  9996
2 60732  53.1579 239.7246 0000583  15.9108 344.1928 15.69725154119303

1 60733U 24152P   26262.89000625  .00000058  00000+0  12868-4 0  9992
2 60733  53.1598  84.2614 0001200  85.8148 274.2992 15.34390695116563

1 60734U 24152Q   26262.94882848  .00001619  00000+0  59062-4 0  9995
2 60734  53.1597  83.9296 0001048 103.4721 256.6399 15.34393146116490

1 60737U 24152T   26263.02659137 -.00000207  00000+0  49979-5 0  9991
2 60737  53.1609  83.7039 0001297  67.7361 292.3779 15.34387491116639

1 60738U 24152U   26262.97407828  .00000122  00000+0  14757-4 0  9993
2 60738  53.1595  84.0843 0001264  76.4583 283.6560 15.34390529116624

1 60739U 24152V   26262.91525418  .00000382  00000+0  22455-4 0  9996
2 60739  53.1586  84.4267 0001116  85.1760 274.9370 15.34388365116569

1 60740U 24152W   26262.91735863 -.00000153  00000+0  66008-5 0  9995
2 60740  53.1612  84.4387 0001235  85.5908 274.5236 15.34390011116483

1 60903U 24154A   26262.98146421  .00000056  00000+0  53224-5 0  9998
2 60903  53.1592 253.2193 0001074  80.9938 279.1201 15.69710085119037

1 60904U 24154B   26262.97656208  .00000457  00000+0  86185-5 0  9994
2 60904  53.1594 253.1834 0000392 326.9596  33.1397 15.69710619119033

1 60905U 24154C   26262.45749778  .00001267  00000+0  15318-4 0  9992
2 60905  53.1589 256.3682 0001310  54.7890 305.3251 15.69708965118941

1 60906U 24154D   26262.70726790  .00000329  00000+0  75655-5 0  9999
2 60906  53.1596 255.0788 0000482 103.7933 256.3138 15.69706101118988

1 60907U 24154E   26262.70236443 -.00000270  00000+0  26261-5 0  9996
2 60907  53.1604 255.0470 0000957  92.8458 267.2670 15.69707103118989

1 60908U 24154F   26262.50644816  .00000589  00000+0  97224-5 0  9991
2 60908  53.1587 255.9549 0001316  55.5372 304.5770 15.69711602118959

1 60909U 24154G   26262.97175723 -.00000258  00000+0  27308-5 0  9999
2 60909  53.1604 253.8857 0001090  82.7374 277.3768 15.69706801119020

1 60910U 24154H   26262.50153220  .00002918  00000+0  28915-4 0  9996
2 60910  53.1586 255.9219 0001350  85.1985 274.9187 15.69726588118953

1 60911U 24154J   26263.00599289  .00000319  00000+0  74928-5 0  9991
2 60911  53.1595 253.3757 0000828  73.4099 286.7010 15.69705092119020

1 60912U 24154K   26262.49173455  .00001602  00000+0  18089-4 0  9998
2 60912  53.1607 255.8525 0001606  43.3577 316.7567 15.69706395118945

1 60913U 24154L   26261.97747394  .00000067  00000+0  54102-5 0  9991
2 60913  53.1595 258.3332 0001166  69.8983 290.2160 15.69708655118868

1 60915U 24154N   26262.47697470 -.00022724  00000+0 -18233-3 0  9997
2 60915  53.1578 255.7557 0000597  81.4698 278.6387 15.69827021118940

1 60916U 24154P   26262.94423190  .00000682  00000+0  33727-4 0  9999
2 60916  53.1588 100.3152 0001311  77.1563 282.9585 15.31701437116099

1 60917U 24154Q   26262.93956737  .00000526  00000+0  28719-4 0  9999
2 60917  53.1603 100.2889 0001308  75.4756 284.6391 15.31699760116094

1 60918U 24154R   26262.96057213  .00001635  00000+0  59550-4 0  9993
2 60918  53.1606 100.4193 0001333  89.0235 271.0920 15.34383829116096

1 60919U 24154S   26262.84914620  .00001481  00000+0  54960-4 0  9994
2 60919  53.1590 100.4349 0000964  88.7396 271.3717 15.34393337116086

1 60920U 24154T   26262.88912534  .00000045  00000+0  12463-4 0  9999
2 60920  53.1589 100.6805 0001087  76.5580 283.5544 15.34386510116091

1 60921U 24154U   26262.86964742  .00000680  00000+0  33678-4 0  9992
2 60921  53.1595 100.5580 0001350  77.6243 282.4910 15.31701889116091

1 60922U 24154V   26262.85335278  .00001689  00000+0  61116-4 0  9996
2 60922  53.1582 100.4576 0000911  88.6256 271.4851 15.34394230116093

1 60923U 24154W   26262.98572830  .00002218  00000+0  76770-4 0  9999
2 60923  53.1601  99.8610 0001157  87.6665 272.4470 15.34396195116115

1 60924U 24155A   26262.98400509 -.00001658  00000+0 -88269-5 0  9990
2 60924  53.1592 103.8119 0001704  65.1659 294.9536 15.69702742118916

1 60925U 24155B   26263.09661804  .00000494  00000+0  89389-5 0  9990
2 60925  53.1594 103.0884 0001263  79.8359 280.2801 15.69714957118935

1 60926U 24155C   26262.06811339 -.00001968  00000+0 -11393-4 0  9995
2 60926  53.1595 108.0447 0000999  72.2512 287.8615 15.69698990118822

1 60927U 24155D   26262.07301613  .00015592  00000+0  13370-3 0  9998
2 60927  53.1602 108.0783 0001298  65.9286 294.1868 15.69638661118779

1 60928U 24155E   26262.06319477  .00001114  00000+0  14050-4 0  9997
2 60928  53.1595 108.0114 0001054  83.5344 276.5794 15.69708236118824

1 60929U 24155F   26263.07699843  .00139547  00000+0  11358-2 0  9996
2 60929  53.1565 102.9568 0001326  39.1795 320.9318 15.69744942118939

1 60930U 24155G   26262.94475593 -.00001979  00000+0 -11483-4 0  9997
2 60930  53.1592 103.5516 0000811  80.3859 279.7251 15.69714675118913

1 60931U 24155H   26263.06718220  .00000003  00000+0  48762-5 0  9995
2 60931  53.1582 102.8907 0000519 130.4660 229.6403 15.69715740118930

1 60932U 24155J   26262.29825147  .00000982  00000+0  12950-4 0  9992
2 60932  53.1592 106.6240 0000102 337.5469  22.5544 15.69701724118819

1 60933U 24155K   26262.99370706 -.00000212  00000+0  30998-5 0  9996
2 60933  53.1604 103.1356 0000532 106.7182 253.3894 15.69707171118925

1 60934U 24155L   26262.92513395 -.00000988  00000+0 -32992-5 0  9990
2 60934  53.1588 103.4189 0000953  59.3248 300.7864 15.69712191118929

1 60935U 24155M   26262.97909137  .00000862  00000+0  11972-4 0  9992
2 60935  53.1597 103.7738 0001073  82.0222 278.0917 15.69713133118914

1 60936U 24155N   26262.91051605 -.00000531  00000+0  46695-6 0  9991
2 60936  53.1593 104.0572 0000776  99.6136 260.4970 15.69713423118903

1 60937U 24155P   26262.83446032  .00000373  00000+0  22197-4 0  9997
2 60937  53.1610 305.1695 0001307  81.5417 278.5734 15.34388608116100

1 60939U 24155R   26262.83647472  .00000857  00000+0  36523-4 0  9995
2 60939  53.1613 304.4705 0001308  91.6848 268.4304 15.34389582116068

1 60940U 24155S   26262.72934329  .00002382  00000+0  81656-4 0  9997
2 60940  53.1589 305.2262 0001322  54.7725 305.3401 15.34384028116091

1 60941U 24155T   26263.13278750 -.00000222  00000+0  45783-5 0  9997
2 60941  53.1599 303.4781 0001658  61.7608 298.3562 15.34387179116166

1 60942U 24155U   26262.64527300  .00000818  00000+0  35342-4 0  9990
2 60942  53.1612 305.4136 0001273  77.7302 282.3843 15.34389092116037

1 60943U 24155V   26262.84278814 -.00000636  00000+0 -76999-5 0  9990
2 60943  53.1615 304.5111 0001532  79.1936 280.9239 15.34384960116066

1 60944U 24155W   26263.14751354  .00000784  00000+0  34334-4 0  9998
2 60944  53.1617 303.5657 0001367 100.7391 259.3765 15.34391577116207

1 60991U 24158B   26262.98393237 -.00002419  00000+0 -15124-4 0  9991
2 60991  53.1598  43.2540 0001184  70.8317 289.2829 15.69696159118115

1 60992U 24158C   26263.12597941  .00001887  00000+0  20439-4 0  9998
2 60992  53.1589  42.7252 0001240  87.9351 272.1809 15.69700560118133

1 60993U 24158D   26263.09664384 -.00000390  00000+0  16385-5 0  9996
2 60993  53.1596  43.2622 0000863  89.5701 270.5415 15.69710761118124

1 60994U 24158E   26263.09173944  .00000041  00000+0  51951-5 0  9994
2 60994  53.1586  43.2324 0000776 107.2818 252.8285 15.69711272118129

1 60995U 24158F   26262.95950366 -.00001910  00000+0 -10922-4 0  9990
2 60995  53.1581  43.8254 0000524  83.2433 276.8644 15.69704489118093

1 60996U 24158G   26262.38157113  .00002867  00000+0  28535-4 0  9996
2 60996  53.1587  46.6170 0000994  76.9249 283.1880 15.69690578118000

1 60997U 24158H   26262.31485713  .00001457  00000+0  16890-4 0  9995
2 60997  53.1584  24.5966 0000931  89.7056 270.4069 15.69700304118361

1 60998U 24158J   26262.75867256 -.00000749  00000+0 -13319-5 0  9999
2 60998  53.1574  44.6999 0000505  83.3723 276.7352 15.69712097118061

1 60999U 24158K   26262.69010165  .00136190  00000+0  11104-2 0  9997
2 60999  53.1572  44.9806 0001032  72.7016 287.4115 15.69715559118054

1 61000U 24158L   26262.11218008  .00008772  00000+0  77347-4 0  9991
2 61000  53.1581  47.7728 0000747  93.1310 266.9793 15.69658184118030

1 61001U 24158M   26263.12107058  .00000037  00000+0  51596-5 0  9991
2 61001  53.1585  42.6855 0000953 106.3310 253.7812 15.69705265118125

1 61002U 24158N   26263.11616491 -.00000257  00000+0  27369-5 0  9993
2 61002  53.1603  42.6560 0001143  78.2236 281.8910 15.69710055118120

1 61003U 24158P   26262.65322794 -.00000813  00000+0 -12951-4 0  9991
2 61003  53.1598 241.3508 0001351  84.9267 275.1890 15.34372306115397

1 61004U 24158Q   26262.46411262 -.00001530  00000+0 -34164-4 0  9997
2 61004  53.1585 242.3079 0001492 105.0371 255.0797 15.34395450115360

1 61005U 24158R   26262.97680378 -.00001138  00000+0 -22578-4 0  9990
2 61005  53.1580 239.8207 0001462  93.6493 266.4677 15.34371360115372

1 61006U 24158S   26262.93271454 -.00001100  00000+0 -21439-4 0  9992
2 61006  53.1582 240.2487 0001582  89.6946 270.4238 15.34358906115438

1 61007U 24158T   26262.92732853  .00000833  00000+0  35793-4 0  9995
2 61007  53.1602 224.2133 0001296  86.1463 273.9687 15.34386500115583

1 61008U 24158U   26262.65740986  .00001607  00000+0  58709-4 0  9994
2 61008  53.1590 241.3058 0001109  92.2576 267.8553 15.34383237115322

1 61010U 24158W   26262.92637884  .00002131  00000+0  74210-4 0  9997
2 61010  53.1596 240.2097 0001340  85.5181 274.5975 15.34387014115360

1 61050U 24164A   26262.21257809 -.00001376  00000+0 -65072-5 0  9994
2 61050  53.1583  77.2920 0000811  77.6478 282.4630 15.69712661115810

1 61051U 24164B   26262.90802941  .00000224  00000+0  67012-5 0  9999
2 61051  53.1589  73.8036 0000887 147.2006 212.9067 15.69710215115928

1 61053U 24164D   26262.96188595  .00000477  00000+0  87836-5 0  9995
2 61053  53.1593  73.4259 0000629 100.3187 259.7902 15.69715583115933

1 61054U 24164E   26262.95698275  .00001037  00000+0  13414-4 0  9999
2 61054  53.1590  73.3907 0001029 133.1441 226.9663 15.69709927115937

1 61055U 24164F   26262.82473843 -.00014298  00000+0 -11316-3 0  9991
2 61055  53.1593  73.9857 0002749 151.5196 208.5973 15.69742333115918

1 61056U 24164G   26261.99215777 -.00001972  00000+0 -11429-4 0  9990
2 61056  53.1585  78.0312 0001235  69.2042 290.9108 15.69689858115788

1 61057U 24164H   26262.94237119  .00000114  00000+0  57967-5 0  9994
2 61057  53.1595  74.0293 0000859  91.7955 268.3162 15.69707519115928

1 61058U 24164J   26262.74645584 -.00000081  00000+0  41885-5 0  9998
2 61058  53.1597  74.9376 0001019  75.6542 284.4589 15.69710971115898

1 61059U 24164K   26261.97751557  .00002515  00000+0  25616-4 0  9997
2 61059  53.1611  78.6703 0001251  76.8847 283.2310 15.69707562115778

1 61060U 24164L   26261.97261007  .00000403  00000+0  81821-5 0  9990
2 61060  53.1592  78.6366 0000825  78.1965 281.9146 15.69713116115779

1 61061U 24164M   26263.17742646 -.00000336  00000+0  20825-5 0  9991
2 61061  53.1599  72.6392 0001042  77.8438 282.2696 15.69708964115963

1 61062U 24164N   26263.17251932 -.00000503  00000+0  70146-6 0  9993
2 61062  53.1588  72.6075 0000686 113.5754 246.5336 15.69709821115969

1 61063U 24164P   26263.04136245  .00000746  00000+0  35813-4 0  9997
2 61063  53.1604 266.9585 0001289  92.1152 267.9997 15.31705020113253

1 61064U 24164Q   26263.04603137  .00000818  00000+0  38117-4 0  9997
2 61064  53.1588 266.9903 0001325  66.2004 293.9137 15.31703049113252

1 61065U 24164R   26262.58300896  .00000676  00000+0  31148-4 0  9991
2 61065  53.1602 269.7875 0001230  90.4622 269.6521 15.34395963113172

1 61066U 24164S   26263.15661149  .00000348  00000+0  21432-4 0  9998
2 61066  53.1595 266.9669 0001268  82.0700 278.0446 15.34389692113261

1 61068U 24164U   26262.72911637  .00000142  00000+0  16329-4 0  9993
2 61068  53.1594 268.5659 0001141  88.2451 271.8681 15.31699930113202

1 61069U 24164V   26262.72445107  .00001429  00000+0  57794-4 0  9998
2 61069  53.1590 268.5372 0001209  79.4432 280.6706 15.31704923113202

1 61070U 24164W   26263.03054720 -.00000103  00000+0  81043-5 0  9996
2 61070  53.1615 267.5981 0001430  80.8359 279.2806 15.34388121113247

1 61200U 24171A   26262.67420145  .00000150  00000+0  60961-5 0  9993
2 61200  53.1586 300.1818 0000875  74.5151 285.5963 15.69706369115774

1 61201U 24171B   26262.60562747  .00002798  00000+0  27956-4 0  9998
2 61201  53.1598 300.4595 0001065  88.5886 271.5254 15.69698547114859

1 61202U 24171C   26262.60071922  .00002499  00000+0  25482-4 0  9999
2 61202  53.1589 300.4259 0001044  55.9871 304.1246 15.69703695114851

1 61203U 24171D   26262.59580997  .00000417  00000+0  83001-5 0  9995
2 61203  53.1598 300.3941 0001155  79.4715 280.6433 15.69710935114851

1 61204U 24171E   26262.39990313 -.00003153  00000+0 -21168-4 0  9998
2 61204  53.1589 301.3003 0001050  53.0903 307.0211 15.69715739114825

1 61205U 24171F   26262.58110290  .00001228  00000+0  15001-4 0  9996
2 61205  53.1569 300.2920 0001079  40.6996 319.4102 15.69696993114854

1 61206U 24171G   26262.38518651  .00003420  00000+0  33104-4 0  9998
2 61206  53.1585 301.2020 0001073  79.2716 280.8423 15.69690770114828

1 61207U 24171H   26262.39499653  .00000350  00000+0  77510-5 0  9999
2 61207  53.1590 301.2681 0001114  82.4150 277.6994 15.69710166114821

1 61208U 24171J   26262.82596685  .00000054  00000+0  53062-5 0  9998
2 61208  53.1607 298.9742 0001042  81.3437 278.7699 15.69706993114891

1 61209U 24171K   26262.82105789  .00000703  00000+0  10654-4 0  9990
2 61209  53.1589 298.9416 0000930 101.2230 258.8892 15.69709579115806

1 61210U 24171L   26263.07093227  .00000268  00000+0  70673-5 0  9997
2 61210  53.1578 298.3838 0001058  88.1016 272.0123 15.69708650114921

1 61211U 24171M   26262.74768371 -.00000610  00000+0 -17492-6 0  9994
2 61211  53.1596 299.9217 0001074  60.9863 299.1262 15.69706120114874

1 61212U 24171N   26263.12478877  .00000612  00000+0  99002-5 0  9993
2 61212  53.1583 298.0050 0000778  85.0424 275.0683 15.69712453114930

1 61213U 24171P   26263.04589697 -.00000272  00000+0  30936-5 0  9992
2 61213  53.1575 135.5440 0000960  78.5159 281.5951 15.34386538112183

1 61214U 24171Q   26262.92614757 -.00000656  00000+0 -82643-5 0  9994
2 61214  53.1591 136.2174 0001602  89.9934 270.1252 15.34387628112162

1 61215U 24171R   26263.08586470  .00001467  00000+0  54532-4 0  9997
2 61215  53.1572 135.7911 0000752 106.4305 253.6781 15.34398299112188

1 61216U 24171S   26262.36156458  .00003121  00000+0  11232-3 0  9995
2 61216  53.1606 141.9271 0001359  63.2166 296.8975 15.31698138112034

1 61217U 24171T   26263.00474081  .00000643  00000+0  32483-4 0  9991
2 61217  53.1588 138.8328 0001620  83.8664 276.2521 15.31696501113047

1 61218U 24171U   26262.94415282  .00002617  00000+0  96100-4 0  9991
2 61218  53.1588 139.1641 0001386  89.7533 270.3627 15.31693607113034

1 61219U 24171V   26261.95605844  .00000625  00000+0  31913-4 0  9995
2 61219  53.1599 143.6610 0001357  87.7030 272.4126 15.31705567112889

1 61243U 24175A   26263.18353376 -.00000111  00000+0  39416-5 0  9991
2 61243  53.1598 177.5047 0001164  78.9537 281.1612 15.69706641113912

1 61244U 24175B   26263.17862617  .00000195  00000+0  64664-5 0  9998
2 61244  53.1593 177.4723 0001237  91.7137 268.4023 15.69710807113911

1 61245U 24175C   26262.27744588  .00000226  00000+0  67352-5 0  9997
2 61245  53.1607 181.8062 0001515  70.2628 289.8554 15.69692876113774

1 61246U 24175D   26262.91903865  .00000235  00000+0  67968-5 0  9997
2 61246  53.1576 178.6937 0000724 146.3588 213.7476 15.69710351113875

1 61247U 24175E   26263.16390786  .00000412  00000+0  82630-5 0  9998
2 61247  53.1599 177.3716 0001452  88.2178 271.9006 15.69712881113910

1 61248U 24175F   26263.15900917 -.00000305  00000+0  23453-5 0  9991
2 61248  53.1614 177.3405 0001340  87.5363 272.5808 15.69704710113917

1 61249U 24175G   26263.15409962 -.00000123  00000+0  38410-5 0  9993
2 61249  53.1588 177.3075 0001061  75.7448 284.3687 15.69708291113918

1 61251U 24175J   26262.50769806  .00000833  00000+0  11736-4 0  9998
2 61251  53.1593 181.1164 0001026  71.9200 288.1930 15.69702333113806

1 61252U 24175K   26262.24811756  .00004333  00000+0  40639-4 0  9995
2 61252  53.1572 182.3345 0001048  70.6051 289.5080 15.69687658114930

1 61253U 24175L   26262.05220008  .00000759  00000+0  11121-4 0  9991
2 61253  53.1581 183.2465 0000851  71.7091 288.4019 15.69710155114941

1 61254U 24175M   26263.19334328  .00000834  00000+0  11745-4 0  9995
2 61254  53.1612 177.5624 0001152  78.6830 281.4317 15.69706645115115

1 61255U 24175N   26263.18843514  .00000382  00000+0  80163-5 0  9996
2 61255  53.1608 177.5278 0001237  95.1437 264.9722 15.69710541113919

1 61256U 24175P   26263.01769735 -.00000602  00000+0 -66891-5 0  9990
2 61256  53.1616   8.0354 0001008  83.3821 276.7296 15.34380441111250

1 61257U 24175Q   26262.81597051  .00000491  00000+0  25679-4 0  9990
2 61257  53.1624   8.9118 0001286  76.8203 283.2943 15.34390200111229

1 61258U 24175R   26262.34739057 -.00016210  00000+0 -46872-3 0  9998
2 61258  53.1617  10.9637 0000281  74.6847 285.4187 15.34464744111156

1 61259U 24175S   26262.65834786  .00003221  00000+0  10646-3 0  9994
2 61259  53.1615   9.3503 0001008  82.9511 277.1606 15.34390717111205

1 61260U 24175T   26262.83489708  .00002209  00000+0  76490-4 0  9991
2 61260  53.1611   9.0226 0001177  76.2600 283.8534 15.34403727111226

1 61261U 24175U   26262.82860675  .00000618  00000+0  29449-4 0  9991
2 61261  53.1612   8.9847 0002450 102.1683 257.9594 15.34383004111223

1 61262U 24175V   26262.33475263  .00004409  00000+0  14154-3 0  9991
2 61262  53.1630  10.8821 0001210 120.1546 239.9576 15.34402972111157

1 61509U 24183A   26262.83019138 -.00000675  00000+0 -88384-5 0  9995
2 61509  53.1606 304.5381 0001267  89.0107 271.1040 15.34377897109604

1 61510U 24183B   26262.87217878  .00000108  00000+0  15230-4 0  9990
2 61510  53.1610 319.0105 0001099 104.4547 255.6576 15.31699479109408

1 61511U 24183C   26262.85350791 -.00000014  00000+0  11316-4 0  9999
2 61511  53.1600 318.8915 0001186  79.2190 280.8945 15.31705094109405

1 61512U 24183D   26262.64318174  .00000177  00000+0  16374-4 0  9994
2 61512  53.1601 305.5039 0000956  82.7606 277.3505 15.34386929109567

1 61513U 24183E   26262.87913038  .00000141  00000+0  15299-4 0  9996
2 61513  53.1609 318.3449 0001025  85.6257 274.4863 15.34385437109417

1 61514U 24183F   26262.67951423 -.00000069  00000+0  90795-5 0  9990
2 61514  53.1600 319.2132 0000732 150.9271 209.1773 15.34380929109386

1 61515U 24183G   26262.88618235 -.00000195  00000+0  54769-5 0  9996
2 61515  53.1626 319.0974 0001328  81.8162 278.2990 15.31700324109403

1 61516U 24183H   26262.66709315  .00000231  00000+0  19202-4 0  9995
2 61516  53.1615 319.8533 0001593  63.1797 296.9367 15.31703146109378

1 61517U 24183J   26263.13756177  .00001307  00000+0  49843-4 0  9996
2 61517  53.1617 317.0553 0001047  85.0868 275.0254 15.34381477109453

1 61518U 24183K   26263.18442516  .00000405  00000+0  24833-4 0  9991
2 61518  53.1618 317.3906 0001526  85.2884 274.8292 15.31706470109452

1 61519U 24183L   26262.48879620  .00001014  00000+0  41168-4 0  9991
2 61519  53.1591 312.3268 0001270  73.7805 286.3338 15.34390603109460

1 61520U 24183M   26263.13784566 -.00000070  00000+0  94976-5 0  9998
2 61520  53.1617 317.8100 0001252  84.8015 275.3129 15.31701356109444

1 61521U 24183N   26262.88333480  .00000986  00000+0  40338-4 0  9992
2 61521  53.1599 318.3599 0001437  66.2529 293.8624 15.34391176109411

1 61522U 24183P   26263.13426106  .00060017  00000+0  14077-2 0  9990
2 61522  53.1554 314.9285 0006091 352.6300   7.4615 15.41500995109482

1 61523U 24183Q   26262.65013734  .00001135  00000+0  44735-4 0  9998
2 61523  53.1601 319.7478 0001176  91.4651 268.6486 15.34398208109378

1 61524U 24183R   26263.17508666  .00001047  00000+0  45580-4 0  9991
2 61524  53.1585 317.3250 0005721 119.9899 240.1671 15.31706699109456

1 61525U 24183S   26262.86750892 -.00000032  00000+0  10725-4 0  9994
2 61525  53.1605 318.9630 0000886  96.3280 263.7823 15.31701541109404

1 61526U 24183T   26263.14598639 -.00000345  00000+0  94244-6 0  9993
2 61526  53.1626 317.1511 0001457  21.9480 338.1585 15.34386705109459

1 61527U 24183U   26263.14808924 -.00000164  00000+0  62776-5 0  9998
2 61527  53.1606 317.1563 0000939  95.4507 264.6603 15.34385967109458

1 61528U 24183V   26263.14261197 -.00000805  00000+0 -14177-4 0  9998
2 61528  53.1601 318.5432 0001281  91.9480 268.1668 15.31696340109431

1 61529U 24183W   26262.88907030  .00001025  00000+0  41468-4 0  9998
2 61529  53.1595 316.2818 0001384  83.2625 276.8535 15.34394959109440

1 61530U 24183X   26263.15184935 -.00000122  00000+0  78442-5 0  9993
2 61530  53.1611 317.9079 0001397  71.6468 288.4685 15.31701166109442

1 61531U 24183Y   26262.65063449 -.00000060  00000+0  93735-5 0  9997
2 61531  53.1614 311.9285 0001358  88.0840 272.0319 15.34388652109483

1 61532U 24184A   26262.80152589  .00000549  00000+0  94122-5 0  9992
2 61532  53.1600 359.4476 0002675 143.7442 216.3758 15.69711626110904

1 61533U 24184B   26262.98272440 -.00000650  00000+0 -50912-6 0  9996
2 61533  53.1584 358.4406 0000960  79.3391 280.7735 15.69708530110933

1 61534U 24184C   26262.28726414  .00000037  00000+0  51544-5 0  9993
2 61534  53.1566   1.9237 0000700  26.6127 333.4927 15.69709652110823

1 61535U 24184D   26262.27254733  .00000537  00000+0  92913-5 0  9993
2 61535  53.1597   1.8284 0000911  68.9611 291.1504 15.69712125110820

1 61536U 24184E   26262.27745271  .00002360  00000+0  24329-4 0  9997
2 61536  53.1597   1.8610 0000713 108.4314 251.6781 15.69705349110822

1 61538U 24184G   26262.70842221  .00000550  00000+0  93967-5 0  9994
2 61538  53.1586 359.5636 0001112  79.9036 280.2107 15.69711717110893

1 61539U 24184H   26261.55746958  .00001006  00000+0  13161-4 0  9991
2 61539  53.1591   5.2038 0000954  88.5987 271.5140 15.69709240110714

1 61540U 24184J   26261.99825046  .00004911  00000+0  45398-4 0  9992
2 61540  53.1590   2.9528 0001132  90.4452 269.6696 15.69692658110786

1 61541U 24184K   26262.63014015  .00002100  00000+0  22188-4 0  9991
2 61541  53.1591   0.5164 0000667  71.5967 288.5123 15.69701647110875

1 61542U 24184L   26262.81624922  .00000743  00000+0  11005-4 0  9993
2 61542  53.1605 359.5435 0001863  90.7006 269.4225 15.69703554111967

1 61543U 24184M   26262.62032739  .00000300  00000+0  73334-5 0  9995
2 61543  53.1604   0.4526 0000897  82.6069 277.5051 15.69708098110879

1 61544U 24184N   26262.99743689 -.00001443  00000+0 -70540-5 0  9996
2 61544  53.1594 358.5354 0000896  85.2967 274.8154 15.69714362110931

1 61545U 24184P   26263.08150471  .00001144  00000+0  44988-4 0  9991
2 61545  53.1598 187.8633 0001153  71.1041 289.0086 15.34393872108315

1 61546U 24184Q   26263.08957471  .00018994  00000+0  51967-3 0  9992
2 61546  53.1576 186.4946 0002699  68.3835 291.7456 15.37402544108332

1 61547U 24184R   26263.09412868  .00004535  00000+0  14527-3 0  9997
2 61547  53.1593 187.9416 0000944  97.6277 262.4833 15.34401661108314

1 61548U 24184S   26263.19284167  .00001091  00000+0  43446-4 0  9995
2 61548  53.1599 187.1380 0001376  75.3580 284.7575 15.34389161108335

1 61549U 24184T   26263.09040957  .00000594  00000+0  28740-4 0  9999
2 61549  53.1643 189.3401 0001607  81.1565 278.9620 15.34393123108293

1 61550U 24184U   26262.28724973  .00000797  00000+0  34715-4 0  9992
2 61550  53.1600 191.4413 0001162  64.4715 295.6408 15.34389961108196

1 61551U 24184V   26262.98481360  .00000105  00000+0  14235-4 0  9998
2 61551  53.1592 187.9758 0000973  71.1356 288.9752 15.34384178108309

1 61574U 24187A   26262.90436581  .00000329  00000+0  75707-5 0  9993
2 61574  53.1552  58.8716 0001127  87.0534 273.0613 15.69709298111280

1 61575U 24187B   26262.07175301  .00000815  00000+0  11575-4 0  9994
2 61575  53.1595  62.9153 0000448  98.8935 261.2134 15.69715020111073

1 61576U 24187C   26263.14923068 -.00000196  00000+0  32409-5 0  9998
2 61576  53.1598  57.5471 0000897  87.9109 272.2012 15.69710116111292

1 61577U 24187D   26263.14432660  .00000183  00000+0  63677-5 0  9998
2 61577  53.1600  57.5137 0000926  90.9400 269.1724 15.69710955111293

1 61578U 24187E   26263.07576279 -.00002076  00000+0 -12285-4 0  9999
2 61578  53.1606  57.7961 0001098  53.6492 306.4627 15.69698501111238

1 61579U 24187F   26262.94350116 -.00000028  00000+0  46170-5 0  9990
2 61579  53.1597  58.3912 0000606  76.8333 283.2753 15.69720374111210

1 61580U 24187G   26262.17457154  .00000195  00000+0  64633-5 0  9995
2 61580  53.1589  62.1273 0001066  66.8313 293.2817 15.69710721111198

1 61581U 24187H   26261.97875210  .00003017  00000+0  29753-4 0  9999
2 61581  53.1592  63.7630 0001130 104.5515 255.5628 15.69708754111153

1 61582U 24187J   26262.99256161 -.00000693  00000+0 -83953-6 0  9994
2 61582  53.1594  58.7157 0002520  99.6670 260.4633 15.69709697111264

1 61583U 24187K   26262.79664527  .00000032  00000+0  51171-5 0  9993
2 61583  53.1579  59.6206 0000835  78.4422 281.6690 15.69714010111184

1 61584U 24187L   26262.91908053  .00000353  00000+0  77753-5 0  9993
2 61584  53.1587  58.9604 0001355  77.2714 282.8455 15.69714020111258

1 61585U 24187M   26262.85050653  .00136802  00000+0  11139-2 0  9993
2 61585  53.1570  59.2415 0000820  69.4961 290.6145 15.69745349111248

1 61586U 24187N   26260.93551729  .00000218  00000+0  66476-5 0  9999
2 61586  53.1602  68.6244 0000525  86.9409 273.1669 15.69710730110996

1 61587U 24187P   26262.66111549  .00017114  00000+0  51653-3 0  9996
2 61587  53.1604 239.6455 0000940 101.6919 258.4189 15.34397975108786

1 61588U 24187Q   26263.20113287  .00000056  00000+0  12797-4 0  9993
2 61588  53.1592 237.3375 0001471  88.6469 271.4702 15.34394256108924

1 61589U 24187R   26262.32216122  .00007337  00000+0  22833-3 0  9998
2 61589  53.1587 226.8798 0001587 102.6142 257.5038 15.34364474108997

1 61590U 24187S   26262.49726184  .00016620  00000+0  50188-3 0  9991
2 61590  53.1574 240.7496 0001223  96.1735 263.9407 15.34403338108812

1 61591U 24187T   26262.54281628 -.00000507  00000+0 -38832-5 0  9990
2 61591  53.1600 226.1251 0001280  98.9098 261.2049 15.34399485109029

1 61592U 24187U   26263.18154294  .00002802  00000+0  94078-4 0  9991
2 61592  53.1598 222.9974 0001211  87.8940 272.2201 15.34387534109124

1 61593U 24187V   26262.48406156  .00003342  00000+0  11007-3 0  9991
2 61593  53.1598 238.5406 0001355 100.1562 259.9594 15.34377410108843

1 61661U 24193A   26261.75726079  .00000096  00000+0  13978-4 0  9995
2 61661  53.1609 273.6985 0001763  88.7305 271.3899 15.34391627106090

1 61662U 24193B   26263.04533245  .00002548  00000+0  93834-4 0  9994
2 61662  53.1590 266.8083 0000518  28.9280 331.1750 15.31699495106304

1 61663U 24193C   26263.03005154 -.00000058  00000+0  94312-5 0  9995
2 61663  53.1618 263.8738 0001313  94.0161 266.0991 15.34390496106345

1 61664U 24193D   26261.75500527 -.00000031  00000+0  10766-4 0  9998
2 61664  53.1601 272.9795 0001352  80.0730 280.0424 15.31698592106108

1 61665U 24193E   26263.05577530 -.00000292  00000+0  24980-5 0  9995
2 61665  53.1599 267.5777 0001097  86.2609 273.8519 15.34388753106297

1 61666U 24193F   26262.74309430  .00000228  00000+0  19114-4 0  9993
2 61666  53.1598 268.4762 0001346  86.3579 273.7576 15.31699011106252

1 61667U 24193G   26263.05367015  .00000672  00000+0  31038-4 0  9994
2 61667  53.1608 267.5693 0001384  79.3195 280.7963 15.34392895106291

1 61668U 24193H   26263.04525352  .00000249  00000+0  18520-4 0  9995
2 61668  53.1598 267.5161 0001308  87.0922 273.0230 15.34391202106293

1 61669U 24193J   26263.00059613  .00000688  00000+0  31506-4 0  9990
2 61669  53.1600 263.6962 0001273  67.6164 292.4973 15.34385416106342

1 61670U 24193K   26263.02276352  .00000960  00000+0  42707-4 0  9993
2 61670  53.1563 267.3756 0001588  90.0966 270.0218 15.31700903106290

1 61671U 24193L   26263.02743196  .00000555  00000+0  29661-4 0  9993
2 61671  53.1555 267.4052 0001349  82.9809 277.1345 15.31701824106295

1 61672U 24193M   26263.01343208  .00001593  00000+0  63096-4 0  9996
2 61672  53.1597 267.3176 0002520 105.6039 254.5240 15.31710023106292

1 61673U 24193N   26262.72842344 -.00000164  00000+0  64906-5 0  9995
2 61673  53.1602 268.3823 0001219  88.5760 271.5381 15.31698694106254

1 61674U 24193P   26262.52800615  .00000123  00000+0  15723-4 0  9995
2 61674  53.1592 269.2653 0001239  77.8997 282.2144 15.31698906106228

1 61675U 24193Q   26262.05724660 -.00000062  00000+0  97742-5 0  9994
2 61675  53.1601 271.3046 0001276  88.3798 271.7350 15.31702916106158

1 61676U 24193R   26262.32830871 -.00004376  00000+0 -11861-3 0  9996
2 61676  53.1597 267.3149 0001203  79.4081 280.7057 15.34362117106239

1 61677U 24193S   26262.29461590  .00000092  00000+0  13876-4 0  9999
2 61677  53.1602 267.1056 0001254  86.3655 273.7491 15.34391526106232

1 61678U 24193T   26263.00480470  .00001671  00000+0  60623-4 0  9994
2 61678  53.1591 263.7158 0001358  95.8700 264.2457 15.34383916106349

1 61679U 24193U   26263.04945965 -.00000322  00000+0  16115-5 0  9995
2 61679  53.1577 267.5420 0001314 101.8990 258.2160 15.34384694106291

1 61680U 24193V   26262.02067436  .00000161  00000+0  16961-4 0  9990
2 61680  53.1593 271.7850 0001411  75.1983 284.9175 15.31700116106142

1 61681U 24193W   26262.67756493  .00002009  00000+0  70570-4 0  9999
2 61681  53.1587 269.4824 0001103  66.3760 293.7358 15.34404420106237

1 61682U 24193X   26263.07401177  .00000440  00000+0  25951-4 0  9991
2 61682  53.1578 266.9757 0001322  87.2149 272.9004 15.31698800106300

1 61687U 24195A   26262.40240480 -.00001210  00000+0 -51350-5 0  9993
2 61687  53.1588 151.6761 0000985  57.8245 302.2868 15.69710488109457

1 61688U 24195B   26262.97052272  .00000149  00000+0  60861-5 0  9991
2 61688  53.1593 148.8185 0001120  58.2539 301.8588 15.69711338109544

1 61689U 24195C   26262.96561684  .00000514  00000+0  90950-5 0  9991
2 61689  53.1618 148.7870 0000840  94.5972 265.5142 15.69706049109540

1 61690U 24195D   26263.08805105  .00001417  00000+0  16569-4 0  9992
2 61690  53.1595 148.1290 0002475  48.4636 311.6594 15.69708648109560

1 61691U 24195E   26262.95090171  .00000087  00000+0  55750-5 0  9995
2 61691  53.1595 148.6906 0001051  84.9736 275.1402 15.69713178109549

1 61692U 24195F   26263.14680913  .00000145  00000+0  60524-5 0  9997
2 61692  53.1594 147.7803 0000967  93.2627 266.8502 15.69714551109579

1 61693U 24195G   26262.94599368 -.00000177  00000+0  33958-5 0  9995
2 61693  53.1594 148.6551 0001220  67.9054 292.2094 15.69708736109549

1 61694U 24195H   26263.00475762 -.00000275  00000+0  25843-5 0  9998
2 61694  53.1586 148.3116 0000929 123.8665 236.2442 15.69711305109552

1 61695U 24195J   26263.06351584 -.00005989  00000+0 -44558-4 0  9991
2 61695  53.1621 147.9623 0000746  80.9985 279.1117 15.69741618109562

1 61696U 24195K   26262.93128147  .00000028  00000+0  50856-5 0  9990
2 61696  53.1581 148.5602 0001059  57.4687 302.6433 15.69706467109542

1 61697U 24195L   26263.11738094  .00000424  00000+0  83531-5 0  9996
2 61697  53.1598 147.5829 0000940 105.5590 254.5532 15.69709366109576

1 61699U 24195N   26263.10756315  .00000888  00000+0  12172-4 0  9999
2 61699  53.1596 147.5190 0000107 359.4032   0.6986 15.69712357109570

1 61700U 24195P   26262.91334411  .00000555  00000+0  27571-4 0  9999
2 61700  53.1619 332.1056 0001152  78.0462 282.0669 15.34392435106938

1 61701U 24195Q   26262.80363367  .00000173  00000+0  16258-4 0  9996
2 61701  53.1611 329.2892 0001276  66.3268 293.7868 15.34397975106964

1 61702U 24195R   26263.18603632  .00002011  00000+0  70653-4 0  9993
2 61702  53.1473 327.4054 0001818  67.1525 292.9669 15.34397064107092

1 61704U 24195T   26262.18375101  .00002425  00000+0  82919-4 0  9998
2 61704  53.1609 331.8226 0001557  90.3209 269.7972 15.34390515106870

1 61705U 24195U   26263.17599642 -.00000288  00000+0  26222-5 0  9999
2 61705  53.1561 330.8935 0001548  92.4247 267.6933 15.34385891106975

1 61706U 24195V   26262.70693859  .00000159  00000+0  15854-4 0  9997
2 61706  53.1609 329.3984 0001215  85.2880 274.8261 15.34393136106953

1 61707U 24196A   26263.02797860  .00002128  00000+0  74173-4 0  9999
2 61707  53.1598 275.6149 0001329  91.9293 268.1861 15.34370871106969

1 61708U 24196B   26262.76953705  .00000349  00000+0  21482-4 0  9990
2 61708  53.1598 276.8510 0001406  82.4658 277.6505 15.34391891106911

1 61709U 24196C   26260.34276160 -.00000342  00000+0  10156-5 0  9997
2 61709  53.1592 288.7154 0001338  81.6631 278.4523 15.34389202106538

1 61710U 24196D   26263.06164073 -.00000366  00000+0  29023-6 0  9990
2 61710  53.1600 275.8213 0000743  14.8556 345.2469 15.34387698106951

1 61711U 24196E   26263.02377670 -.00002803  00000+0 -71880-4 0  9991
2 61711  53.1557 275.5828 0001334  46.1362 313.9751 15.34384866106952

1 61712U 24196F   26263.01544515  .00000358  00000+0  21743-4 0  9999
2 61712  53.1597 276.2446 0001268  82.3737 277.7409 15.34389719106943

1 61713U 24196G   26262.05934749  .00000017  00000+0  11650-4 0  9993
2 61713  53.1598 280.2356 0001273  79.0149 281.0997 15.34394345106802

1 61714U 24196H   26263.02587591  .00000309  00000+0  20290-4 0  9995
2 61714  53.1590 275.5995 0001232  98.5203 261.5939 15.34390171106951

1 61715U 24196J   26262.08249929  .00000221  00000+0  17710-4 0  9997
2 61715  53.1604 280.3721 0001930  82.6385 277.4837 15.34390506106808

1 61716U 24196K   26263.04902124  .00001384  00000+0  52101-4 0  9992
2 61716  53.1588 275.7429 0001269  86.7572 273.3576 15.34391850106955

1 61717U 24196L   26263.06585053  .00000467  00000+0  24955-4 0  9990
2 61717  53.1595 275.8418 0001184  71.1471 288.9660 15.34391498106959

1 61718U 24196M   26263.11562845 -.00001604  00000+0 -36383-4 0  9995
2 61718  53.1584 261.2075 0001257  90.5450 269.5697 15.34377848107161

1 61719U 24196N   26263.06795620  .00000949  00000+0  39241-4 0  9994
2 61719  53.1603 275.8600 0001247  84.9907 275.1238 15.34391826106954

1 61720U 24196P   26263.04271791 -.00000610  00000+0 -69134-5 0  9994
2 61720  53.1539 275.6982 0001725 100.9895 259.1301 15.34376176106955

1 61721U 24196Q   26262.04261534  .00000102  00000+0  14160-4 0  9990
2 61721  53.1583 280.8357 0001238  87.0640 273.0505 15.34383562106791

1 61722U 24196R   26263.05533051  .00001548  00000+0  56952-4 0  9999
2 61722  53.1597 275.7819 0001361  88.1323 271.9836 15.34392760106952

1 61723U 24196S   26262.96417767 -.00000329  00000+0  13908-5 0  9996
2 61723  53.1581 239.8653 0001485  74.1750 285.9417 15.34394303107449

1 61724U 24196T   26262.77374592 -.00002732  00000+0 -69800-4 0  9996
2 61724  53.1617 276.8692 0001234  82.2561 277.8582 15.34383158105713

1 61725U 24196U   26261.77155173 -.00000218  00000+0  46845-5 0  9999
2 61725  53.1600 281.9878 0001464  83.6573 276.4596 15.34385812106756

1 61726U 24196V   26263.02175753  .00000405  00000+0  23118-4 0  9990
2 61726  53.1588 276.2799 0001286  90.5290 269.5860 15.34386197106941

1 61727U 24196W   26262.58464859  .00001099  00000+0  43679-4 0  9993
2 61727  53.1604 277.8210 0001413  83.3574 276.7590 15.34393879106881

1 61728U 24196X   26263.05322802  .00000918  00000+0  38310-4 0  9993
2 61728  53.1559 275.7613 0001483  87.3599 272.7573 15.34389673106955

1 61729U 24196Y   26262.06986822  .00000881  00000+0  37224-4 0  9994
2 61729  53.1603 280.2924 0001317  80.2209 279.8942 15.34397106106800

1 61874U 24204A   26263.03174309  .00001470  00000+0  16979-4 0  9991
2 61874  53.1595 118.5903 0000642  96.3974 263.7117 15.69723438108029

1 61875U 24204B   26263.03654774  .00000830  00000+0  11703-4 0  9990
2 61875  53.1593 117.8668 0000658  96.6969 263.4123 15.69712657107442

1 61877U 24204D   26262.95827007 -.00000085  00000+0  41561-5 0  9992
2 61877  53.1600 118.8168 0001170  76.7972 283.3176 15.69711804107411

1 61878U 24204E   26262.95335811 -.00002251  00000+0 -13728-4 0  9991
2 61878  53.1576 118.7847 0000578 149.2962 210.8090 15.69723232107422

1 61879U 24204F   26263.01212589 -.00000263  00000+0  26868-5 0  9996
2 61879  53.1584 118.4377 0000966  53.7888 306.3219 15.69714314107430

1 61880U 24204G   26263.00722252 -.00000248  00000+0  28068-5 0  9997
2 61880  53.1591 118.4040 0001005  76.8085 283.3045 15.69710136107436

1 61881U 24204H   26263.06598245 -.00000383  00000+0  16984-5 0  9991
2 61881  53.1589 118.0572 0000906  76.9160 283.1959 15.69713290107441

1 61882U 24204J   26262.99741059  .00000027  00000+0  50833-5 0  9991
2 61882  53.1589 118.3391 0001024  68.8352 291.2775 15.69707780107431

1 61883U 24204K   26262.98759882 -.00000152  00000+0  36011-5 0  9996
2 61883  53.1594 118.2733 0000660  72.6056 287.5034 15.69708283107431

1 61884U 24204L   26262.99249981 -.00003139  00000+0 -21042-4 0  9998
2 61884  53.1607 118.3066 0001379 103.6954 256.4218 15.69723724107433

1 61885U 24204M   26263.11002645 -.00000098  00000+0  40427-5 0  9997
2 61885  53.1579 117.6130 0000696  96.7473 263.3624 15.69719717107452

1 61886U 24204N   26263.04145854  .00000090  00000+0  55975-5 0  9995
2 61886  53.1591 117.8923 0000783  76.0398 284.0707 15.69707279107444

1 61887U 24204P   26263.08755514 -.00000232  00000+0  42858-5 0  9995
2 61887  53.1598 299.6625 0001536  99.4276 260.6900 15.34387091104924

1 61888U 24204Q   26262.82490886 -.00000316  00000+0  17837-5 0  9997
2 61888  53.1596 300.8643 0001158  96.9345 263.1790 15.34385080104872

1 61889U 24204R   26262.57698366  .00000012  00000+0  11480-4 0  9992
2 61889  53.1603 302.1620 0001363  98.1515 261.9642 15.34394340104841

1 61890U 24204S   26262.59171466 -.00000417  00000+0 -12235-5 0  9994
2 61890  53.1584 302.2537 0001000  60.8412 299.2690 15.34385107104847

1 61891U 24204T   26262.12944776  .00002829  00000+0  94861-4 0  9997
2 61891  53.1605 304.3452 0001131  79.1563 280.9567 15.34391175104770

1 61892U 24204U   26262.39469144  .00000857  00000+0  36515-4 0  9999
2 61892  53.1604 304.5799 0001184  79.9698 280.1438 15.34390114104794

1 61893U 24204V   26262.81857256  .00004336  00000+0  13932-3 0  9995
2 61893  53.1616 300.8285 0001597 109.1713 250.9463 15.34415291104875

1 61939U 24209A   26263.15288465  .00113790  00000+0  93021-3 0  9991
2 61939  53.1563 132.4048 0001480 138.6500 221.4630 15.69736830107285

1 61940U 24209B   26263.14798949  .00113763  00000+0  93066-3 0  9994
2 61940  53.1563 132.3719 0001112 121.9835 238.1291 15.69719887107268

1 61941U 24209C   26262.88839868  .00114198  00000+0  93457-3 0  9998
2 61941  53.1570 133.5947 0000803  88.5727 271.5383 15.69708864107184

1 61942U 24209D   26262.94726639  .00115684  00000+0  94598-3 0  9995
2 61942  53.1577 133.9839 0001099  60.3050 299.8078 15.69722265107186

1 61943U 24209E   26263.06969722  .00135645  00000+0  11041-2 0  9992
2 61943  53.1572 133.3228 0000721  65.6655 294.4439 15.69757550107208

1 61944U 24209F   26263.12846141  .00147483  00000+0  11985-2 0  9999
2 61944  53.1575 132.9757 0001358  37.7353 322.3760 15.69753379107210

1 61945U 24209G   26263.18723522  .00122036  00000+0  99540-3 0  9994
2 61945  53.1569 132.6279 0000940 121.8235 238.2874 15.69758326107229

1 61946U 24209H   26262.86397345  .00118377  00000+0  96767-3 0  9990
2 61946  53.1568 134.1636 0000826  39.9186 320.1892 15.69719868107218

1 61947U 24209J   26262.98640824  .00126704  00000+0  10343-2 0  9995
2 61947  53.1566 133.5048 0001676  24.6425 335.4673 15.69721691107233

1 61948U 24209K   26263.15779080  .00177491  00000+0  14350-2 0  9994
2 61948  53.1573 132.4335 0001017  76.6583 283.4548 15.69773583107263

1 61949U 24209L   26262.90801971  .00110305  00000+0  90265-3 0  9993
2 61949  53.1577 133.7216 0000940  63.7088 296.4027 15.69726385107186

1 61950U 24209M   26263.10883809  .00146144  00000+0  11884-2 0  9997
2 61950  53.1572 132.8463 0000987  88.8594 271.2536 15.69742245107255

1 61951U 24209N   26263.10393166  .00109104  00000+0  89247-3 0  9994
2 61951  53.1571 132.8099 0001181 109.6389 250.4756 15.69740762107212

1 61952U 24209P   26263.17327977  .00021393  00000+0  64221-3 0  9997
2 61952  53.1629 316.8982 0000763  52.9843 307.1229 15.34412634104704

1 61953U 24209Q   26262.75987606  .00026983  00000+0  80550-3 0  9995
2 61953  53.1596 311.4487 0001018 146.9742 213.1324 15.34453360104742

1 61954U 24209R   26263.14650443  .00009752  00000+0  29942-3 0  9999
2 61954  53.1493 309.5960 0002016 102.1186 258.0043 15.34396423104829

1 61955U 24209S   26262.69265596  .00012970  00000+0  39429-3 0  9997
2 61955  53.1591 311.7457 0000949  81.4446 278.6664 15.34402257104747

1 61956U 24209T   26263.17537990  .00013846  00000+0  42012-3 0  9997
2 61956  53.1535 316.8986 0001443  98.1928 261.9238 15.34402887104706

1 61957U 24209U   26262.68634122  .00015791  00000+0  47738-3 0  9999
2 61957  53.1601 311.7047 0001031  93.3972 266.7148 15.34407736104758

1 61958U 24209V   26262.68844725  .00018097  00000+0  54540-3 0  9993
2 61958  53.1589 311.7209 0000979  87.5989 272.5125 15.34402755104753

1 62008U 24213A   26263.17493473  .00115846  00000+0  94811-3 0  9995
2 62008  53.1569 162.3451 0000945  95.9749 264.1376 15.69701213105460

1 62009U 24213B   26262.89583104  .00187121  00000+0  15099-2 0  9990
2 62009  53.1591 164.1796 0000980 138.8353 221.2739 15.69787424105415

1 62010U 24213C   26263.19455431  .00151834  00000+0  12328-2 0  9991
2 62010  53.1572 162.4748 0000846  77.9279 282.1833 15.69758898105464

1 62011U 24213D   26263.14560742  .00192484  00000+0  15469-2 0  9994
2 62011  53.1569 162.8883 0001673  67.0332 293.0862 15.69866977105454

1 62012U 24213E   26263.18474476  .00152182  00000+0  12363-2 0  9998
2 62012  53.1572 162.4114 0001453  89.3390 270.7795 15.69743752105462

1 62013U 24213F   26263.11616874  .00139805  00000+0  11374-2 0  9990
2 62013  53.1575 162.6983 0000297 109.4673 250.6377 15.69752905105457

1 62014U 24213G   26263.20436363  .00129934  00000+0  10582-2 0  9996
2 62014  53.1572 162.5423 0000971 108.7139 251.3984 15.69764551105464

1 62015U 24213H   26263.04268762  .00113749  00000+0  92728-3 0  9995
2 62015  53.1561 162.9420 0000309 137.2802 222.8240 15.69804442105443

1 62016U 24213J   26263.16512687  .00152037  00000+0  12304-2 0  9991
2 62016  53.1563 162.2816 0001700  57.9641 302.1542 15.69837447105463

1 62017U 24213K   26263.19946031  .00108947  00000+0  89134-3 0  9996
2 62017  53.1571 162.5104 0001014  86.2524 273.8610 15.69737450105462

1 62018U 24213L   26263.18964928  .00136454  00000+0  11119-2 0  9992
2 62018  53.1570 162.4462 0001004  86.8928 273.2205 15.69728520105463

1 62019U 24213M   26263.09174642  .00152615  00000+0  12405-2 0  9995
2 62019  53.1572 163.2658 0001187  31.1221 328.9867 15.69729557105444

1 62020U 24213N   26263.09654598  .00111759  00000+0  91169-3 0  9999
2 62020  53.1567 162.5642 0001478 141.1302 218.9822 15.69795622105456

1 62021U 24213P   26262.83204377 -.00016597  00000+0 -48133-3 0  9996
2 62021  53.1630 344.6009 0001099  82.4172 277.6956 15.34388343102906

1 62022U 24213Q   26263.18441272  .00017562  00000+0  52954-3 0  9990
2 62022  53.1602 330.9912 0001008  71.8703 288.2409 15.34409201103122

1 62023U 24213R   26262.92663869  .00001955  00000+0  68999-4 0  9996
2 62023  53.1600 344.4760 0000927  98.2992 261.8116 15.34394871102918

1 62024U 24213S   26262.72492051  .00017274  00000+0  52094-3 0  9997
2 62024  53.1582 345.3578 0001077  86.9332 273.1794 15.34415313102883

1 62025U 24213T   26262.91766836  .00013711  00000+0  41624-3 0  9993
2 62025  53.1594 342.2967 0001130  93.8067 266.3064 15.34396710102947

1 62026U 24213U   26263.21444729  .00009661  00000+0  29664-3 0  9991
2 62026  53.1598 342.7237 0001193  80.0346 280.0791 15.34404326102969

1 62027U 24213V   26262.52613397  .00017967  00000+0  55615-3 0  9997
2 62027  53.1594 346.2487 0001370  88.7360 271.3800 15.33558863102857

1 62057U 24217A   26263.18227458  .00216919  00000+0  17459-2 0  9997
2 62057  53.1563 192.2716 0001094  99.9499 260.1642 15.69750763105721

1 62058U 24217B   26263.17738131  .00164930  00000+0  13380-2 0  9996
2 62058  53.1560 192.2382 0001437  49.3474 310.7669 15.69733353105661

1 62059U 24217C   26263.14802442  .00119709  00000+0  98005-3 0  9993
2 62059  53.1565 192.7769 0001032  63.6070 296.5053 15.69677855105711

1 62060U 24217D   26262.52115831  .00133980  00000+0  10914-2 0  9994
2 62060  53.1564 195.9813 0001494  82.2930 277.8258 15.69743638105612

1 62061U 24217E   26262.66670139 -.00095350  00000+0 -79026-3 0  9997
2 62061  53.1566 195.0934 0001256  88.6732  97.6027 15.69738513  5994

1 62062U 24217F   26263.07455612  .00120689  00000+0  98377-3 0  9993
2 62062  53.1567 193.0224 0001616 116.4559 243.6625 15.69779081105648

1 62063U 24217G   26263.15293955  .00195754  00000+0  15758-2 0  9999
2 62063  53.1574 192.8097 0001333 276.9372  83.1494 15.69816919105714

1 62064U 24217H   26263.18717844  .00211541  00000+0  16984-2 0  9996
2 62064  53.1566 192.3012 0001209 151.8965 208.2118 15.69829319105721

1 62065U 24217J   26263.17245786  .00156437  00000+0  12646-2 0  9990
2 62065  53.1595 192.2013 0001877 192.4420 167.6552 15.69847848105729

1 62066U 24217K   26263.19699042  .00162903  00000+0  13227-2 0  9992
2 62066  53.1571 192.3692 0001096  83.4454 276.6688 15.69718714105727

1 62067U 24217L   26263.10398980  .00114043  00000+0  93082-3 0  9991
2 62067  53.1568 193.2176 0001255 100.0990 260.0170 15.69773754105637

1 62068U 24217M   26263.19208274  .00141878  00000+0  11548-2 0  9999
2 62068  53.1569 192.3306 0000644 111.0568 249.0519 15.69735120105727

1 62069U 24217N   26263.16274889  .00211606  00000+0  16977-2 0  9990
2 62069  53.1565 192.8714 0001571 281.9461  78.1380 15.69846291105652

1 62070U 24217P   26263.01554497  .00014144  00000+0  42881-3 0  9994
2 62070  53.1608   7.7185 0000902  88.1272 271.9834 15.34410251103225

1 62071U 24217Q   26263.02186102  .00011238  00000+0  34326-3 0  9996
2 62071  53.1614   7.7591 0001538  77.4672 282.6503 15.34397433103278

1 62072U 24217R   26262.77393903  .00026518  00000+0  79300-3 0  9995
2 62072  53.1610   9.0517 0001250  96.1067 264.0078 15.34408446103239

1 62073U 24217S   26263.00711808 -.00017049  00000+0 -49458-3 0  9993
2 62073  53.1601   7.6850 0001470  77.1360 282.9807 15.34399077103220

1 62074U 24217T   26262.94410020  .00000856  00000+0  36488-4 0  9994
2 62074  53.1598   7.9834 0001480  86.3331 273.7841 15.34386865103218

1 62075U 24217U   26262.82848067  .00025070  00000+0  75012-3 0  9998
2 62075  53.1589 358.7395 0001190  89.0564 271.0575 15.34421290103334

1 62076U 24217V   26262.62621070  .00025404  00000+0  76065-3 0  9990
2 62076  53.1588 357.4810 0001312  96.0417 264.0735 15.34391822103330

1 62165U 24225C   26262.36451432 -.00001415  00000+0 -11081-3 0  9997
2 62165  70.0021  36.2107 0003043 267.2725  92.8085 14.98328932 98886

1 62166U 24225D   26262.33947493  .00002328  00000+0  20283-3 0  9998
2 62166  70.0014  36.1278 0002755 270.6051  89.4793 14.98336922 98882

1 62167U 24225E   26262.11419888  .00004412  00000+0  37729-3 0  9996
2 62167  70.0020  36.9447 0003205 266.7748  93.3044 14.98335512 98849

1 62168U 24225F   26263.01959737  .00001218  00000+0  10986-3 0  9996
2 62168  70.0013  34.4798 0002817 269.0976  90.9860 14.98336571 98981

1 62169U 24225G   26262.36034637  .00003381  00000+0  29101-3 0  9999
2 62169  70.0018  36.1949 0002759 265.9307  94.1537 14.98333239 98886

1 62170U 24225H   26263.10722867  .00003049  00000+0  26320-3 0  9994
2 62170  70.0011  34.3873 0002972 271.4240  88.6578 14.98336374 98990

1 62171U 24225J   26262.72751270  .00001631  00000+0  14442-3 0  9999
2 62171  70.0026  35.0732 0002586 265.0556  95.0308 14.98337194 98948

1 62172U 24225K   26262.34365780  .00004172  00000+0  35704-3 0  9992
2 62172  70.0020  36.1340 0002822 268.7818  91.3018 14.98346736 98886

1 62173U 24225L   26263.06308947  .00022601  00000+0  78786-3 0  9999
2 62173  70.0019  22.2379 0004407 272.3412  87.7259 15.29593912 99292

1 62174U 24225M   26263.06549147  .00003743  00000+0  32116-3 0  9992
2 62174  70.0023  34.2460 0002803 274.6638  85.4201 14.98348399 98995

1 62175U 24225N   26262.77750927  .00071808  00000+0  59291-2 0  9999
2 62175  69.9998  35.2415 0001512 229.3876 130.7152 14.98561398 98942

1 62176U 24225P   26262.36869350  .00002912  00000+0  25167-3 0  9992
2 62176  70.0014  36.2228 0003147 269.6311  90.4488 14.98335327 98883

1 62177U 24225Q   26262.35618401  .00003724  00000+0  31971-3 0  9993
2 62177  70.0020  36.1798 0002491 267.3721  92.7152 14.98335753 98889

1 62178U 24225R   26262.31423779  .00010328  00000+0  36305-3 0  9996
2 62178  70.0009  24.0381 0003569 269.0390  91.0376 15.29595898 99186

1 62179U 24225S   26263.08219458  .00003532  00000+0  30366-3 0  9999
2 62179  70.0019  34.2363 0003075 269.7637  90.3169 14.98325732 98997

1 62180U 24225T   26262.26854367  .00000848  00000+0  78838-4 0  9998
2 62180  70.0009  36.1893 0004863 277.7046  82.3561 14.98325183 98870

1 62181U 24225U   26262.30937670  .00011676  00000+0  40980-3 0  9990
2 62181  70.0035  24.0261 0002844 260.8161  99.2692 15.29595804 99184

1 62182U 24225V   26262.85268582  .00000621  00000+0  59791-4 0  9999
2 62182  70.0019  34.7086 0002478 267.7243  92.3633 14.98337850 98964

1 62183U 24225W   26263.16670139  .00076402  00000+0  53401-2 0  9990
2 62183  70.0022  34.3015 0002419 281.1617   2.8110 15.04874887  5707

1 62184U 24225X   26263.04862961  .00012218  00000+0  42877-3 0  9995
2 62184  70.0011  22.1864 0003226 269.1819  90.8987 15.29579434 99293

1 62218U 24231A   26262.19543281  .00141125  00000+0  11490-2 0  9992
2 62218  53.1571 227.3620 0001219  83.0987 277.0169 15.69730593103805

1 62219U 24231B   26262.45501371  .00126244  00000+0  10286-2 0  9993
2 62219  53.1570 226.1380 0001234 108.9554 251.1598 15.69769300103840

1 62220U 24231C   26262.46482657  .00103299  00000+0  84579-3 0  9993
2 62220  53.1572 226.2040 0001134 101.3393 258.7753 15.69742250103846

1 62221U 24231D   26262.28362863  .00133390  00000+0  10870-2 0  9997
2 62221  53.1576 227.2078 0000955  94.3256 265.7871 15.69737752103819

1 62222U 24231E   26262.45991795  .00134710  00000+0  10956-2 0  9991
2 62222  53.1570 226.1708 0000675  78.1260 281.9834 15.69779950103844

1 62223U 24231F   26262.55291603  .00135562  00000+0  11040-2 0  9995
2 62223  53.1575 225.3133 0001468 171.6337 188.4706 15.69745023103863

1 62224U 24231G   26262.91541624  .00163944  00000+0  13264-2 0  9992
2 62224  53.1562 224.0499 0001748  90.6026 269.5192 15.69801396103919

1 62225U 24231H   26263.19452896  .00158240  00000+0  12763-2 0  9992
2 62225  53.1577 222.2214 0003434 328.1947  31.8863 15.69893517103962

1 62226U 24231J   26262.62640122  .00143290  00000+0  11651-2 0  9995
2 62226  53.1577 225.0657 0001061  89.3287 270.7853 15.69754876103879

1 62227U 24231K   26262.44520478  .00195148  00000+0  15728-2 0  9995
2 62227  53.1563 226.0697 0001619  35.9435 324.1691 15.69790414103840

1 62228U 24231L   26263.18470785  .00170752  00000+0  13798-2 0  9992
2 62228  53.1573 222.1416 0002146 107.1609 252.9644 15.69807812103970

1 62229U 24231M   26262.63130715  .00106739  00000+0  87407-3 0  9991
2 62229  53.1574 225.0997 0001524  88.3832 271.7360 15.69724154103875

1 62230U 24231N   26262.92522736  .00115729  00000+0  94553-3 0  9992
2 62230  53.1582 224.0951 0000991  97.5243 262.5888 15.69742839103918

1 62231U 24231P   26263.20791661  .00015279  00000+0  50285-3 0  9993
2 62231  53.1598  35.1493 0002507  66.3657 293.7608 15.31716850101564

1 62232U 24231Q   26262.10912733  .00013876  00000+0  42129-3 0  9996
2 62232  53.1614  40.3789 0001243  85.2287 274.8858 15.34382088101398

1 62233U 24231R   26262.69675873  .00017351  00000+0  56929-3 0  9997
2 62233  53.1596  24.1495 0001267  83.8260 276.2886 15.31717121101667

1 62234U 24231S   26262.36433300  .00013682  00000+0  45166-3 0  9993
2 62234  53.1596  39.1200 0000765 333.0245  27.0717 15.31713184101427

1 62235U 24231T   26263.06958721  .00017473  00000+0  57304-3 0  9990
2 62235  53.1626  22.2143 0000278  49.9000 310.2026 15.31726213101722

1 62236U 24231U   26263.04611904  .00015109  00000+0  45728-3 0  9999
2 62236  53.1604  23.4835 0001329  73.4296 286.6852 15.34409003101706

1 62262U 24231V   26262.74649624  .00007468  00000+0  25208-3 0  9994
2 62262  53.1576  37.2407 0001147  65.2522 294.8598 15.31714190101497

1 62301U 24239A   26262.99388657  .00004621  00000+0  14784-3 0  9994
2 62301  53.1614 355.7169 0000838  85.6501 274.4597 15.34391428 99358

1 62302U 24239B   26262.56114445  .00006512  00000+0  20369-3 0  9997
2 62302  53.1611   7.7862 0001530  84.0591 276.0586 15.34402002 99146

1 62303U 24239C   26262.80689506  .00022797  00000+0  68348-3 0  9992
2 62303  53.1614 356.6812 0001432  76.4332 283.6830 15.34414389 99327

1 62304U 24239D   26262.81740729  .00028459  00000+0  84956-3 0  9993
2 62304  53.1597 356.7490 0001032 103.8111 256.3006 15.34425366 99326

1 62305U 24239E   26262.67095878  .00017524  00000+0  52847-3 0  9991
2 62305  53.1601   9.3370 0002253  35.9092 324.2062 15.34404802 99138

1 62306U 24239F   26262.64579621  .00013414  00000+0  40725-3 0  9998
2 62306  53.1591   9.8800 0001223  73.8735 286.2402 15.34412963 99122

1 62307U 24239G   26262.97503581  .00006925  00000+0  21585-3 0  9999
2 62307  53.1635 356.3081 0000751  94.4701 265.6388 15.34404904 99344

1 62308U 24239H   26262.91686941  .00022075  00000+0  66265-3 0  9994
2 62308  53.1608   8.7247 0000730 114.2162 245.8917 15.34394559 99168

1 62309U 24239J   26263.00003471  .00058412  00000+0  11308-2 0  9998
2 62309  53.1530 351.4797 0003076 316.7190  29.0878 15.47188515  5923

1 62310U 24239K   26262.92308275  .00018552  00000+0  55866-3 0  9999
2 62310  53.1585   8.0580 0001466 109.1465 250.9696 15.34410208 99176

1 62311U 24239L   26262.74595092  .00032640  00000+0  97094-3 0  9998
2 62311  53.1604 357.0140 0001760  90.3038 269.8166 15.34465148 99301

1 62312U 24239M   26262.80754202  .00019507  00000+0  58641-3 0  9998
2 62312  53.1578   8.7588 0001800  86.1061 274.0148 15.34430072 99151

1 62313U 24239N   26262.74806919  .00011996  00000+0  36554-3 0  9998
2 62313  53.1597 357.0233 0001142  75.2252 284.8877 15.34405062 99317

1 62314U 24239P   26262.78237557  .00024672  00000+0  73852-3 0  9996
2 62314  53.1599   9.3082 0001116  86.9401 273.1729 15.34418097 99145

1 62315U 24239Q   26262.78026700  .00027349  00000+0  81702-3 0  9990
2 62315  53.1604   9.2525 0000986 116.8172 243.2932 15.34422678 99140

1 62316U 24239R   26262.99242815  .00009479  00000+0  29136-3 0  9998
2 62316  53.1611   7.7807 0001224  78.7198 281.3942 15.34396431 99180

1 62317U 24239S   26262.80249905  .00013470  00000+0  44480-3 0  9991
2 62317  53.1619 358.0675 0001673  48.0013 312.1130 15.31717167 99304

1 62319U 24239U   26263.00292733  .00013537  00000+0  44731-3 0  9996
2 62319  53.1597 357.1803 0001500 134.9452 225.1671 15.31691362 99339

1 62320U 24239V   26262.59312453  .00023580  00000+0  70655-3 0  9996
2 62320  53.1620 359.6089 0001446  92.5361 267.5807 15.34412171 99263

1 62321U 24239W   26262.96870816  .00023457  00000+0  70231-3 0  9993
2 62321  53.1589 356.2683 0003128 258.8157 101.2494 15.34437578 99343

1 62322U 24239X   26262.79491420  .00016786  00000+0  50664-3 0  9990
2 62322  53.1583   8.6770 0001697 106.1727 253.9463 15.34411386 99159

1 62432U 24251A   26262.22445681  .00021736  00000+0  65221-3 0  9998
2 62432  53.1575 151.8005 0001404 109.2362 250.8792 15.34417743 97645

1 62433U 24251B   26263.20464905  .00019841  00000+0  59663-3 0  9995
2 62433  53.1583 150.7995 0001196 100.3774 259.7364 15.34409380 97740

1 62434U 24251C   26263.14947322  .00022376  00000+0  67132-3 0  9995
2 62434  53.1578 149.0454 0001386  87.7245 272.3916 15.34403875 97767

1 62435U 24251D   26263.08068946  .00010888  00000+0  33285-3 0  9992
2 62435  53.1595 151.4495 0001397  86.7874 273.3289 15.34405190 97720

1 62436U 24251E   26263.00713899  .00018978  00000+0  57126-3 0  9997
2 62436  53.1594 151.7082 0000960  76.0602 284.0507 15.34407391 97717

1 62437U 24251F   26263.10270508  .00035494  00000+0  10561-2 0  9997
2 62437  53.1562 147.2586 0000447  80.6778 279.4275 15.34417734 97786

1 62438U 24251G   26262.25229712  .00013604  00000+0  41294-3 0  9991
2 62438  53.1555 153.3924 0001193  89.7514 270.3625 15.34406465 97564

1 62439U 24251H   26262.19136059  .00025629  00000+0  76630-3 0  9998
2 62439  53.1555 153.7254 0001326 124.6641 235.4487 15.34431322 97617

1 62440U 24251J   26262.17874723  .00024176  00000+0  72417-3 0  9990
2 62440  53.1578 153.6497 0001046  67.5196 292.5917 15.34408019 97610

1 62441U 24251K   26262.95617044  .00021534  00000+0  64652-3 0  9995
2 62441  53.1579 149.9696 0001366  83.7356 276.3802 15.34405066 97571

1 62442U 24251L   26262.24654501  .00024018  00000+0  71950-3 0  9996
2 62442  53.1586 155.4868 0001013 105.5727 254.5387 15.34409532 97283

1 62443U 24251M   26263.15213730  .00016764  00000+0  50608-3 0  9999
2 62443  53.1594 151.1897 0001258  97.4049 262.7096 15.34405912 97573

1 62444U 24251N   26262.97663281  .00008140  00000+0  25177-3 0  9991
2 62444  53.1576 147.9613 0001193  72.2916 287.8217 15.34400881 97769

1 62445U 24251P   26263.15367855  .00024768  00000+0  74187-3 0  9990
2 62445  53.1586 149.0637 0001140 111.3468 248.7656 15.34395894 97769

1 62446U 24251Q   26262.96248487  .00015726  00000+0  47571-3 0  9999
2 62446  53.1580 150.0056 0000566  60.6691 299.4368 15.34390856 97425

1 62448U 24251S   26263.06757506  .00012375  00000+0  37669-3 0  9994
2 62448  53.1577 149.8029 0001189  92.5628 267.5510 15.34408717 97572

1 62449U 24251T   26262.94985912  .00023597  00000+0  70718-3 0  9995
2 62449  53.1575 149.9280 0000457  77.1229 282.9825 15.34406546 97572

1 62450U 24251U   26263.17051108  .00014883  00000+0  45054-3 0  9997
2 62450  53.1561 149.1660 0001231  92.8534 267.2609 15.34413544 97399

1 62451U 24251V   26263.09485944  .00025510  00000+0  76324-3 0  9991
2 62451  53.1575 149.4153 0001131  63.5726 296.5392 15.34414133 97380

1 62452U 24251W   26262.96669358  .00023622  00000+0  70788-3 0  9990
2 62452  53.1580 150.0300 0001604  52.9041 307.2108 15.34407927 97575

1 62453U 24251X   26263.10748105  .00014147  00000+0  42896-3 0  9997
2 62453  53.1578 149.4845 0001052  76.7096 283.4024 15.34407302 97377

1 62758U 25015A   26263.09359193  .00019344  00000+0  63299-3 0  9991
2 62758  53.1563 138.1701 0001710  70.0192 290.0994 15.31725906 94197

1 62759U 25015B   26263.03300913  .00018471  00000+0  60526-3 0  9992
2 62759  53.1578 138.5032 0001361  95.4491 264.6666 15.31712425 93497

1 62760U 25015C   26263.04170955  .00016677  00000+0  50347-3 0  9992
2 62760  53.1584 135.6902 0001000  82.4917 277.6199 15.34409258 93539

1 62761U 25015D   26262.91775867  .00019713  00000+0  59315-3 0  9999
2 62761  53.1580 136.3677 0002069  97.8714 262.2524 15.34393988 94270

1 62762U 25015E   26263.04157752  .00016442  00000+0  54019-3 0  9994
2 62762  53.1588 137.8397 0001364  78.8136 281.3018 15.31713282 94267

1 62763U 25015F   26263.16817639  .00014838  00000+0  48874-3 0  9994
2 62763  53.1568 137.9214 0001609  74.9716 285.1463 15.31715404 94273

1 62764U 25015G   26263.04691463  .00012869  00000+0  42560-3 0  9995
2 62764  53.1587 137.8764 0001224 109.3199 250.7934 15.31710483 94267

1 62765U 25015H   26263.08789605  .00019571  00000+0  58823-3 0  9992
2 62765  53.1580 135.2940 0001381  86.9585 273.1575 15.34433509 94176

1 62766U 25015J   26263.02485832  .00020800  00000+0  62425-3 0  9992
2 62766  53.1571 135.6139 0000726  93.5404 266.5681 15.34439824 94290

1 62767U 25015K   26262.94510529  .00014834  00000+0  44920-3 0  9995
2 62767  53.1577 136.5367 0000943  96.9743 263.1367 15.34405932 94213

1 62768U 25015L   26262.90933734  .00029778  00000+0  88899-3 0  9995
2 62768  53.1582 136.3147 0001258  84.9261 275.1886 15.34398787 94270

1 62769U 25015M   26263.14261716  .00014823  00000+0  44889-3 0  9993
2 62769  53.1568 135.6376 0000857  89.6694 270.4407 15.34405207 94304

1 62770U 25015N   26262.92108277  .00011284  00000+0  37471-3 0  9999
2 62770  53.1589 138.5190 0001450  48.8647 311.2480 15.31710210 94248

1 62771U 25015P   26262.93458939  .00018533  00000+0  55795-3 0  9997
2 62771  53.1575 136.4671 0000933  92.6608 267.4501 15.34419749 94279

1 62772U 25015Q   26263.04234447  .00015193  00000+0  50001-3 0  9991
2 62772  53.1588 138.5573 0001582  65.5293 294.5873 15.31722146 94254

1 62773U 25015R   26262.93037235  .00017741  00000+0  53512-3 0  9996
2 62773  53.1579 136.4395 0001056  84.7531 275.3592 15.34390666 94276

1 62774U 25015S   26263.03119663  .00015410  00000+0  46645-3 0  9995
2 62774  53.1577 135.6523 0001116  97.1009 263.0120 15.34388686 94016

1 62775U 25015T   26263.02909146  .00027676  00000+0  82694-3 0  9999
2 62775  53.1570 135.6430 0001441  63.0676 297.0474 15.34411116 94238

1 62776U 25015U   26262.12560476  .00014904  00000+0  45134-3 0  9997
2 62776  53.1589 139.9531 0001209  69.9623 290.1510 15.34401531 94096

1 62777U 25015V   26263.17410551  .00022631  00000+0  67932-3 0  9998
2 62777  53.1579 135.1198 0001545 100.2759 259.8418 15.34380557 94313

1 62778U 25015W   26262.36729988  .00013942  00000+0  42296-3 0  9997
2 62778  53.1596 139.3233 0000802 119.0999 241.0084 15.34402995 94186

1 62779U 25015X   26262.95141639  .00010871  00000+0  33233-3 0  9993
2 62779  53.1570 136.5766 0000930 111.4142 248.6960 15.34406781 94113

1 62780U 25015Y   26263.12368241  .00016909  00000+0  51040-3 0  9999
2 62780  53.1581 135.5140 0001210  74.9421 285.1715 15.34403313 94300

1 62781U 25015Z   26262.92559925  .00018734  00000+0  56416-3 0  9998
2 62781  53.1574 134.2224 0001311  91.8179 268.2974 15.34403234 94303

1 62782U 25015AA  26263.03690919  .00015334  00000+0  50467-3 0  9994
2 62782  53.1580 137.8114 0001410  90.1646 269.9517 15.31713342 93984

1 62783U 25015AB  26263.16670139  .00214502  00000+0  21864-2 0  9997
2 62783  53.1437 122.2599 0006621 195.1508  98.7524 15.63887359  5921

1 62784U 25015AC  26262.37116721  .00012132  00000+0  40188-3 0  9998
2 62784  53.1571 141.4732 0000708  87.5141 272.5942 15.31713800 94153

1 62806U 25018A   26262.33715800  .00016079  00000+0  48603-3 0  9999
2 62806  53.1571 126.8028 0000583 129.7543 230.3511 15.34397263 93785

1 62807U 25018B   26262.99483201  .00020669  00000+0  62095-3 0  9990
2 62807  53.1587 123.7898 0001335  89.4732 270.6423 15.34411372 92979

1 62808U 25018C   26262.10639905  .00014319  00000+0  47202-3 0  9996
2 62808  53.1572 129.6177 0001193  86.9602 273.1536 15.31719124 92807

1 62809U 25018D   26263.02639323  .00009141  00000+0  28132-3 0  9991
2 62809  53.1577 123.9874 0001212  82.1428 277.9712 15.34402038 92961

1 62810U 25018E   26262.96393645  .00010198  00000+0  31253-3 0  9991
2 62810  53.1593 126.4389 0000921 102.7863 257.3242 15.34401703 92922

1 62811U 25018F   26263.08160455  .00009679  00000+0  29736-3 0  9992
2 62811  53.1597 125.7469 0001249  79.2583 280.8560 15.34383887 92947

1 62812U 25018G   26262.98229728  .00010101  00000+0  30963-3 0  9996
2 62812  53.1578 124.4335 0001187  95.0995 265.0143 15.34404872 92961

1 62813U 25018H   26263.06207118  .00014303  00000+0  43358-3 0  9996
2 62813  53.1572 123.4982 0001222  93.7447 266.3695 15.34404014 92975

1 62814U 25018J   26263.03390662  .00019905  00000+0  65112-3 0  9996
2 62814  53.1576 125.4542 0000955  82.3001 277.8108 15.31718578 92949

1 62815U 25018K   26263.13971273  .00060612  00000+0  15076-2 0  9995
2 62815  53.1552 123.2619 0005749 122.3206 237.8356 15.39721616 92983

1 62816U 25018L   26262.91926561  .00015906  00000+0  48082-3 0  9991
2 62816  53.1562 124.7393 0001491  85.2370 274.8803 15.34405103 92937

1 62817U 25018M   26262.91975586  .00011928  00000+0  36352-3 0  9990
2 62817  53.1571 126.1587 0001243  99.3935 260.7208 15.34407883 93871

1 62818U 25018N   26263.00324600  .00010396  00000+0  31836-3 0  9997
2 62818  53.1581 123.8390 0001054  95.1774 264.9349 15.34403236 92974

1 62819U 25018P   26263.01166640  .00025135  00000+0  75255-3 0  9997
2 62819  53.1578 123.8949 0001184  90.5572 269.5566 15.34399511 92972

1 62820U 25018Q   26263.02456748  .00017672  00000+0  57967-3 0  9998
2 62820  53.1587 125.3891 0000701 173.0593 187.0418 15.31712332 92945

1 62821U 25018R   26263.03270100  .00016396  00000+0  49517-3 0  9990
2 62821  53.1590 124.0214 0000711  76.5483 283.5598 15.34409299 92973

1 62822U 25018S   26262.99062538  .00020329  00000+0  61108-3 0  9990
2 62822  53.1578 123.7632 0001562  98.4967 261.6212 15.34404372 92972

1 62824U 25018U   26263.02275648  .00014597  00000+0  44215-3 0  9995
2 62824  53.1588 126.0928 0000409 143.2004 216.9027 15.34410160 92945

1 62825U 25018V   26263.06417424  .00012767  00000+0  38826-3 0  9998
2 62825  53.1584 123.5059 0001348  91.7391 268.3766 15.34406041 92975

1 62826U 25018W   26262.96587899  .00076508  00000+0  10141-2 0  9993
2 62826  53.1466 112.1071 0003434 132.9827 227.1474 15.57613540 93129

1 62828U 25018Y   26263.03426479  .00021121  00000+0  63445-3 0  9997
2 62828  53.1566 119.7747 0001315 103.1250 256.9900 15.34401031 93973

1 62854U 25022A   26263.10915471  .00011119  00000+0  33968-3 0  9997
2 62854  53.1595 301.8017 0001340  97.4827 262.6328 15.34403505 92549

1 62855U 25022B   26263.14328855  .00008775  00000+0  27053-3 0  9998
2 62855  53.1590 303.4216 0001805  99.1993 260.9214 15.34401880 91710

1 62856U 25022C   26262.13890140  .00018679  00000+0  56271-3 0  9996
2 62856  53.1595 307.8322 0001444  75.3408 284.7754 15.34393087 91563

1 62857U 25022D   26262.40575475  .00022287  00000+0  66847-3 0  9998
2 62857  53.1591 306.6566 0001457  94.2921 265.8248 15.34414627 91608

1 62858U 25022E   26262.72675570  .00017470  00000+0  52631-3 0  9995
2 62858  53.1591 303.6798 0001625  38.0394 322.0723 15.34440000 91675

1 62859U 25022F   26263.13697861  .00014371  00000+0  43563-3 0  9990
2 62859  53.1644 303.3880 0000484 341.4662  18.6323 15.34400882 91718

1 62860U 25022G   26262.38892319  .00013142  00000+0  39937-3 0  9998
2 62860  53.1595 306.5467 0001728  84.7465 275.3735 15.34403227 91592

1 62861U 25022H   26262.82392300  .00015999  00000+0  48358-3 0  9992
2 62861  53.1600 304.9948 0001230  94.9500 265.1643 15.34404687 91661

1 62862U 25022J   26262.85751039 -.00001078  00000+0 -20780-4 0  9999
2 62862  53.1602 304.4838 0001315  85.0898 275.0255 15.34371369 91672

1 62863U 25022K   26263.14118639  .00002016  00000+0  70813-4 0  9999
2 62863  53.1572 303.4206 0001866 102.7490 257.3721 15.34393308 91716

1 62864U 25022L   26263.12856421  .00018967  00000+0  57100-3 0  9991
2 62864  53.1576 303.3445 0002455  93.0264 267.1020 15.34403780 91718

1 62865U 25022M   26262.60537106  .00018673  00000+0  56208-3 0  9992
2 62865  53.1591 305.7679 0001395  14.5221 345.5821 15.34419425 91627

1 62866U 25022N   26262.85281683  .00013698  00000+0  41573-3 0  9997
2 62866  53.1603 303.0470 0000634  50.3328 309.7730 15.34405990 91693

1 62867U 25022P   26262.41414904 -.00009973  00000+0 -28445-3 0  9990
2 62867  53.1590 306.6935 0000716  71.3150 288.7930 15.34398282 91605

1 62868U 25022Q   26262.85328236  .00008146  00000+0  25193-3 0  9997
2 62868  53.1596 304.4692 0001045  76.4717 283.6402 15.34402435 91670

1 62869U 25022R   26263.13487580  .00011770  00000+0  35893-3 0  9993
2 62869  53.1583 303.3850 0001027  86.7551 273.3569 15.34400803 91713

1 62870U 25022S   26262.59438081  .00021519  00000+0  64626-3 0  9994
2 62870  53.1591 304.2801 0000840  77.9795 282.1301 15.34396613 91652

1 62871U 25022T   26262.84697766  .00011671  00000+0  35595-3 0  9991
2 62871  53.1607 304.4370 0000913  35.6258 324.4805 15.34404079 91677

1 62872U 25022U   26263.10962851  .00009587  00000+0  29460-3 0  9999
2 62872  53.1667 303.2306 0000951  67.6523 292.4580 15.34390780 91714

1 62873U 25022V   26262.60327037  .00020410  00000+0  61331-3 0  9996
2 62873  53.1601 305.7580 0002599  12.7763 347.3305 15.34411735 91631

1 62874U 25022W   26261.85109377  .00022132  00000+0  66453-3 0  9991
2 62874  53.1601 309.5942 0001277  88.8643 271.2506 15.34386396 91518

1 62875U 25022X   26262.13469422  .00019735  00000+0  59381-3 0  9991
2 62875  53.1599 307.8068 0001157  83.6873 276.4261 15.34393178 91566

1 62948U 25029A   26263.11303718  .00016852  00000+0  50889-3 0  9994
2 62948  53.1579  43.7822 0002690  84.2690 275.8620 15.34392183 91204

1 62949U 25029B   26262.40696719  .00016472  00000+0  49772-3 0  9999
2 62949  53.1597  46.4938 0001272  94.0033 266.1116 15.34390876 91107

1 62950U 25029C   26263.09905049  .00011100  00000+0  36874-3 0  9998
2 62950  53.1583  47.9507 0000726  89.8602 270.2483 15.31715057 91112

1 62951U 25029D   26262.99108387  .00008956  00000+0  27570-3 0  9995
2 62951  53.1586  43.7359 0001934 348.2444  11.8513 15.34423077 91162

1 62952U 25029E   26262.76812800  .00010744  00000+0  35727-3 0  9994
2 62952  53.1600  49.4372 0001286  93.8028 266.3121 15.31719218 91062

1 62953U 25029F   26261.96153407  .00014263  00000+0  43237-3 0  9992
2 62953  53.1591  48.6838 0000449  78.0109 282.0944 15.34406637 91008

1 62954U 25029G   26262.99529212  .00022480  00000+0  67435-3 0  9994
2 62954  53.1590  43.7557 0000719  69.1520 290.9560 15.34405000 91162

1 62955U 25029H   26261.91054343  .00020347  00000+0  66524-3 0  9992
2 62955  53.1591  53.3294 0001193  48.1344 311.9759 15.31720111 90935

1 62956U 25029J   26263.08778029  .00019716  00000+0  59297-3 0  9994
2 62956  53.1580  43.6229 0000424 113.8950 246.2097 15.34408096 91173

1 62957U 25029K   26263.11774016  .00013720  00000+0  45273-3 0  9999
2 62957  53.1597  48.0661 0001318  94.8012 265.3139 15.31724450 91105

1 62958U 25029L   26262.68434188  .00016321  00000+0  49299-3 0  9996
2 62958  53.1589  45.3695 0002454 102.5826 257.5451 15.34408493 91105

1 62959U 25029M   26262.70651800  .00016524  00000+0  49904-3 0  9990
2 62959  53.1580  49.7612 0001569  76.3035 283.8142 15.34404925 91048

1 62960U 25029N   26263.10776233  .00013578  00000+0  41235-3 0  9990
2 62960  53.1588  47.2899 0000825  99.1764 260.9332 15.34393718 91093

1 62961U 25029P   26262.05927985  .00009837  00000+0  30187-3 0  9993
2 62961  53.1583  52.1274 0001218  76.5230 283.5908 15.34402781 90950

1 62962U 25029Q   26261.97108083  .00028584  00000+0  85297-3 0  9996
2 62962  53.1598  53.0019 0001115  78.5897 281.5231 15.34433789 90916

1 62963U 25029R   26262.73685216  .00013203  00000+0  40114-3 0  9991
2 62963  53.1597  44.9875 0001347  93.3753 266.7404 15.34404851 91116

1 62964U 25029S   26263.10040838  .00014752  00000+0  44646-3 0  9993
2 62964  53.1558  43.6995 0000504 274.4165  85.6780 15.34429088 91165

1 62965U 25029T   26262.98485831  .00017201  00000+0  51911-3 0  9990
2 62965  53.1605  44.3990 0001165  51.4311 308.6795 15.34397150 91148

1 62966U 25029U   26262.99222498  .00011613  00000+0  35435-3 0  9994
2 62966  53.1597  48.0056 0001503  67.3008 292.8153 15.34395844 91092

1 62967U 25029V   26262.98535250  .00013655  00000+0  41453-3 0  9992
2 62967  53.1606  45.8209 0001991  58.9313 301.1885 15.34400176 91120

1 62968U 25029W   26262.71222602  .00011848  00000+0  39299-3 0  9995
2 62968  53.1583  49.7988 0001180  85.2989 274.8147 15.31697026 90185

1 62969U 25029X   26263.09934060  .00014436  00000+0  43739-3 0  9996
2 62969  53.1575  47.2358 0000505 255.8292 104.2655 15.34412292 91110

1 62970U 25029Y   26263.10567597  .00014667  00000+0  44466-3 0  9991
2 62970  53.1566  47.2763 0004858  83.7832 276.3723 15.34374686 91116

1 63029U 25034A   26262.93258326  .00017281  00000+0  52143-3 0  9996
2 63029  53.1570  86.0246 0001274  67.4044 292.7093 15.34399336 88686

1 63030U 25034B   26262.93468881  .00023152  00000+0  69421-3 0  9998
2 63030  53.1575  86.0346 0001547  62.1699 297.9460 15.34400406 88681

1 63031U 25034C   26263.02019454  .00005889  00000+0  18530-3 0  9990
2 63031  53.1575  71.6527 0001009 104.2453 255.8662 15.34397351 88896

1 63032U 25034D   26262.91308692  .00016349  00000+0  49392-3 0  9996
2 63032  53.1587  72.4016 0001885  86.1354 273.9864 15.34401233 88870

1 63033U 25034E   26263.01235666  .00017540  00000+0  57529-3 0  9994
2 63033  53.1591  74.4451 0000956  77.8141 282.2967 15.31719329 88850

1 63034U 25034F   26262.83985240  .00013402  00000+0  44273-3 0  9999
2 63034  53.1568  74.7880 0001351  84.3736 275.7419 15.31709487 88838

1 63035U 25034G   26263.02862808  .00020712  00000+0  62243-3 0  9995
2 63035  53.1576  71.7058 0000810  72.4922 287.6169 15.34401197 88885

1 63036U 25034H   26263.02211919  .00009258  00000+0  30957-3 0  9996
2 63036  53.1599  75.2155 0001157  73.5452 286.5676 15.31715543 88840

1 63037U 25034J   26262.99715427  .00017364  00000+0  52366-3 0  9990
2 63037  53.1582  72.2175 0001550 100.6345 259.4832 15.34411194 88887

1 63038U 25034K   26263.01745066  .00014736  00000+0  48543-3 0  9999
2 63038  53.1596  75.1807 0001090  82.6634 277.4491 15.31715618 88848

1 63039U 25034L   26262.87950757  .00019419  00000+0  58426-3 0  9992
2 63039  53.1584  72.9066 0000844  87.6035 272.5065 15.34406047 88865

1 63040U 25034M   26263.09618322  .00014994  00000+0  49372-3 0  9991
2 63040  53.1572  73.5404 0000667  77.0440 283.0636 15.31715583 88870

1 63041U 25034N   26262.96153602  .00011900  00000+0  39451-3 0  9993
2 63041  53.1605  75.5412 0000766 132.1818 227.9248 15.31709325 88830

1 63042U 25034P   26263.02652220  .00010773  00000+0  32951-3 0  9997
2 63042  53.1584  71.6882 0000871  83.1993 276.9108 15.34401283 88891

1 63043U 25034Q   26263.00774933  .00014962  00000+0  45302-3 0  9990
2 63043  53.1587  84.3587 0001544  81.0490 279.0687 15.34403828 88719

1 63044U 25034R   26262.92367808  .00011504  00000+0  35108-3 0  9992
2 63044  53.1577  84.5485 0000857  90.5870 269.5231 15.34401051 88705

1 63045U 25034S   26263.07126625  .00016214  00000+0  48995-3 0  9991
2 63045  53.1576  85.4599 0001036  84.1239 275.9882 15.34400029 88706

1 63046U 25034T   26262.99504990  .00018979  00000+0  57127-3 0  9994
2 63046  53.1580  72.2031 0001030  94.0292 266.0829 15.34408110 88880

1 63047U 25034U   26263.00811880  .00012335  00000+0  40837-3 0  9997
2 63047  53.1588  75.1245 0001476  64.7720 295.3434 15.31718647 88830

1 63048U 25034V   26263.00557307  .00017144  00000+0  51733-3 0  9999
2 63048  53.1581  72.2686 0000684 105.8702 254.2376 15.34402190 88888

1 63049U 25034W   26262.94051534  .00019549  00000+0  58787-3 0  9990
2 63049  53.1579  84.6513 0001647  94.1843 265.9348 15.34418136 88704

1 63050U 25034X   26262.93840538  .00013994  00000+0  42441-3 0  9999
2 63050  53.1560  84.6352 0001159  99.1988 260.9146 15.34409437 88705

1 63051U 25034Y   26263.05605424  .00014735  00000+0  44633-3 0  9996
2 63051  53.1568  83.9528 0001158 104.1247 255.9884 15.34402575 88726

1 63077U 25037A   26262.63022259  .00012366  00000+0  43355-3 0  9997
2 63077  70.0005 223.4285 0003653 274.3197  85.7561 15.29605601 87690

1 63078U 25037B   26262.29918239  .00011973  00000+0  42020-3 0  9993
2 63078  70.0007 224.2757 0003076 271.9398  88.1425 15.29587864 87631

1 63079U 25037C   26262.30084630  .00014364  00000+0  50315-3 0  9998
2 63079  70.0021 224.2762 0003234 270.2871  89.7934 15.29581714 87649

1 63080U 25037D   26262.60866781  .00015634  00000+0  54690-3 0  9999
2 63080  70.0028 223.3446 0003844 269.3282  90.7453 15.29593896 87708

1 63081U 25037E   26262.28807355  .00014408  00000+0  50468-3 0  9993
2 63081  70.0002 224.2378 0003211 267.4939  92.5868 15.29580608 87517

1 63082U 25037F   26262.31726361  .00013149  00000+0  46089-3 0  9990
2 63082  69.9997 223.9345 0003556 284.3776  75.7005 15.29591584 87608

1 63083U 25037G   26263.16283034  .00010790  00000+0  37925-3 0  9998
2 63083  70.0001 221.6761 0002614 260.0645 100.0235 15.29582071 87658

1 63084U 25037H   26262.27838448  .00019746  00000+0  68932-3 0  9997
2 63084  69.9997 224.1999 0002762 262.1114  97.9748 15.29591403 87516

1 63085U 25037J   26263.16194523  .00054335  00000+0  18759-2 0  9990
2 63085  70.0012 222.0672 0003252 293.5440  66.5394 15.29667535 87731

1 63086U 25037K   26262.33944548  .00016461  00000+0  56085-3 0  9992
2 63086  69.9999 224.0087 0004725 266.3846  93.6789 15.30430996 87661

1 63087U 25037L   26262.32232790  .00015580  00000+0  54504-3 0  9996
2 63087  70.0007 223.9552 0003277 273.3848  86.6952 15.29595391 87754

1 63088U 25037M   26262.33335648  .00048785  00000+0  16496-2 0  9994
2 63088  69.9996 224.0626 0003028 273.7457  22.7612 15.30377262  5781

1 63089U 25037N   26262.33189925  .00015004  00000+0  52514-3 0  9990
2 63089  70.0006 223.9834 0002381 266.8470  93.2433 15.29593339 87669

1 63090U 25037P   26263.14001414  .00011401  00000+0  40035-3 0  9990
2 63090  69.9996 221.9942 0002764 260.9378  99.1484 15.29588910 87649

1 63091U 25037Q   26262.32195641  .00011852  00000+0  41581-3 0  9993
2 63091  70.0017 223.9552 0004163 279.2712  80.7992 15.29599152 87602

1 63092U 25037R   26262.31793768  .00010804  00000+0  37965-3 0  9994
2 63092  70.0024 223.9422 0002766 271.2934  88.7924 15.29589623 87663

1 63093U 25037S   26263.14596156  .00017709  00000+0  61889-3 0  9992
2 63093  70.0010 222.0117 0003105 267.0616  93.0203 15.29587311 87647

1 63094U 25037T   26262.64315472  .00010385  00000+0  36499-3 0  9999
2 63094  70.0003 223.0731 0002946 269.4444  90.6394 15.29599685 87663

1 63095U 25037U   26262.27724527  .00021396  00000+0  74643-3 0  9991
2 63095  69.9999 224.1947 0003022 269.0878  90.9951 15.29588296 87601

1 63096U 25037V   26262.59544548  .00016989  00000+0  59396-3 0  9990
2 63096  69.9996 223.3002 0002179 278.0964  81.9964 15.29590008 87697

1 63097U 25037W   26263.17188606  .00017901  00000+0  62538-3 0  9992
2 63097  70.0004 221.7037 0002838 271.1595  88.9255 15.29596715 87799

1 63098U 25037X   26262.32847637  .00010200  00000+0  35871-3 0  9990
2 63098  70.0008 223.9694 0002905 269.5918  90.4924 15.29586581 87670

1 63363U 25063A   26262.45662753  .00017152  00000+0  51811-3 0  9997
2 63363  53.1569 226.2360 0001168  87.0508 273.0629 15.34369124 84499

1 63364U 25063B   26263.19205935  .00008727  00000+0  26909-3 0  9993
2 63364  53.1558 223.0024 0001482  87.5441 272.5732 15.34402743 84618

1 63365U 25063C   26262.43988105  .00014645  00000+0  44366-3 0  9990
2 63365  53.1579 226.8231 0001414  85.3106 274.8058 15.34404369 84502

1 63366U 25063D   26263.19472779  .00014267  00000+0  43259-3 0  9990
2 63366  53.1579 227.2643 0001276  88.7514 271.3634 15.34398557 84515

1 63367U 25063E   26262.64215963  .00019789  00000+0  59535-3 0  9998
2 63367  53.1572 239.4282 0000948  89.7518 270.3593 15.34395326 84292

1 63368U 25063F   26262.95886833  .00012688  00000+0  38597-3 0  9999
2 63368  53.1582 224.3790 0001327  94.8734 265.2420 15.34403105 84523

1 63369U 25063G   26262.61425383  .00018518  00000+0  55792-3 0  9996
2 63369  53.1587 225.7804 0001652  84.1452 275.9739 15.34395679 84482

1 63370U 25063H   26262.49870658  .00023390  00000+0  70120-3 0  9999
2 63370  53.1596 226.4787 0001193  99.8753 260.2385 15.34401315 84466

1 63371U 25063J   26263.19966330  .00005637  00000+0  19322-3 0  9992
2 63371  53.1578 228.0053 0001396  93.1011 267.0150 15.31707312 84558

1 63372U 25063K   26262.63950420  .00021473  00000+0  64481-3 0  9996
2 63372  53.1590 225.9388 0000624 283.9099  76.1834 15.34401303 84538

1 63373U 25063L   26262.32012925  .00023759  00000+0  71190-3 0  9996
2 63373  53.1580 227.4965 0000738 100.5075 259.6010 15.34408375 84439

1 63374U 25063M   26262.91888291  .00026716  00000+0  79864-3 0  9991
2 63374  53.1567 224.1261 0000813   4.5701 355.5309 15.34414575 84583

1 63375U 25063N   26263.18574729  .00016930  00000+0  51104-3 0  9994
2 63375  53.1586 222.9493 0000691  58.5183 301.5887 15.34401244 84575

1 63376U 25063P   26262.65267801  .00011977  00000+0  36510-3 0  9996
2 63376  53.1590 239.4963 0000784 105.6371 254.4719 15.34394237 84294

1 63377U 25063Q   26262.56642331  .00019230  00000+0  57860-3 0  9993
2 63377  53.1580 229.7405 0001686  76.2579 283.8612 15.34410809 84474

1 63378U 25063R   26263.18210398  .00018360  00000+0  55288-3 0  9992
2 63378  53.1576 227.1809 0000671  63.2967 296.8105 15.34417099 84569

1 63379U 25063S   26263.16149448  .00109274  00000+0  16135-2 0  9990
2 63379  53.1528 217.0820 0008859  56.0142 304.1710 15.54495176 84658

1 63380U 25063T   26263.20433505  .00012620  00000+0  41757-3 0  9994
2 63380  53.1541 228.0316 0001633  95.2954 264.8234 15.31714316 84508

1 63381U 25063U   26262.56853000  .00012325  00000+0  37536-3 0  9991
2 63381  53.1566 229.7519 0001429  94.9486 265.1679 15.34395722 84470

1 63383U 25063W   26262.65687741  .00009976  00000+0  30599-3 0  9990
2 63383  53.1564 239.5321 0001411  90.2593 269.8572 15.34400934 84340

1 63384U 25063X   26263.15217017  .00016884  00000+0  50968-3 0  9990
2 63384  53.1584 223.4419 0001456  86.2203 273.8966 15.34401477 84610

1 63385U 25063Y   26262.92374623  .00010700  00000+0  32730-3 0  9990
2 63385  53.1583 238.3634 0001241  79.4401 280.6742 15.34404822 84334

1 63386U 25063Z   26263.13961844  .00019558  00000+0  58827-3 0  9997
2 63386  53.1608 235.4236 0001084  48.2723 311.8372 15.34411705 84395

1 63387U 25063AA  26262.56174225  .00018224  00000+0  54942-3 0  9996
2 63387  53.1586 226.1621 0001805  72.7559 287.3641 15.34386568 84479

1 63388U 25063AB  26262.49028676  .00010976  00000+0  33538-3 0  9991
2 63388  53.1586 226.4262 0001284  66.3012 293.8125 15.34413181 84514

1 63389U 25063AC  26262.62632222  .00023146  00000+0  75511-3 0  9995
2 63389  53.1576 230.1123 0001520  89.1344 270.9832 15.31708471 84478

1 63433U 25069A   26262.70527239  .00014674  00000+0  44449-3 0  9993
2 63433  53.1588 311.7502 0001524  44.0689 316.0434 15.34406057 83246

1 63434U 25069B   26261.73033906  .00014286  00000+0  43305-3 0  9998
2 63434  53.1600 316.3260 0001808  55.1867 304.9306 15.34407432 83095

1 63435U 25069C   26263.11130178  .00014903  00000+0  45144-3 0  9991
2 63435  53.1584 311.4417 0001102  85.4719 274.6410 15.34391598 83281

1 63436U 25069D   26263.15280703  .00013991  00000+0  42437-3 0  9994
2 63436  53.1537 309.5624 0001325  87.4251 272.6903 15.34404155 83311

1 63437U 25069E   26263.16670139  .00006155  00000+0  18719-3 0  9992
2 63437  53.1608 301.1785 0001561  67.3749 245.5168 15.35406565  5963

1 63438U 25069F   26262.17997688  .00014485  00000+0  43881-3 0  9997
2 63438  53.1597 314.1501 0001171  78.7334 281.3800 15.34413681 83158

1 63439U 25069G   26262.84022595  .00016899  00000+0  50996-3 0  9994
2 63439  53.1605 312.5916 0001482  63.6936 296.4219 15.34411253 83241

1 63440U 25069H   26262.14477116  .00019205  00000+0  57789-3 0  9993
2 63440  53.1608 316.0760 0001588  75.3062 284.8117 15.34409299 83020

1 63441U 25069J   26262.70947891  .00013936  00000+0  42280-3 0  9993
2 63441  53.1585 311.7695 0001144 110.7474 249.3651 15.34402372 83241

1 63442U 25069K   26263.13023627  .00014332  00000+0  43460-3 0  9996
2 63442  53.1594 311.5609 0001565  75.8315 284.2861 15.34391658 83297

1 63443U 25069L   26263.17852701  .00007662  00000+0  23766-3 0  9999
2 63443  53.1586 311.1508 0001780  97.7590 262.3615 15.34402904 83280

1 63444U 25069M   26263.12602015  .00010896  00000+0  33316-3 0  9991
2 63444  53.1595 311.5327 0001215  77.0894 283.0244 15.34399008 83227

1 63445U 25069N   26262.50354900  .00015999  00000+0  48352-3 0  9995
2 63445  53.1571 312.6198 0001318  96.4557 263.6596 15.34407146 83165

1 63446U 25069P   26262.86336534  .00013797  00000+0  41865-3 0  9994
2 63446  53.1617 312.7332 0000147 135.0828 225.0187 15.34404638 83192

1 63447U 25069Q   26262.44213456  .00015885  00000+0  48010-3 0  9995
2 63447  53.1602 320.7739 0000488  47.0233 313.0811 15.34412151 82984

1 63448U 25069R   26263.16670139  .00012943  00000+0  39362-3 0  9993
2 63448  53.1598 311.5058 0001241  85.5809  57.9606 15.34393346  5823

1 63449U 25069S   26262.68689679  .00014798  00000+0  44820-3 0  9994
2 63449  53.1604 313.7566 0001151  69.3007 290.8119 15.34403203 82949

1 63450U 25069T   26262.79192180  .00023473  00000+0  70402-3 0  9999
2 63450  53.1599 313.0009 0001629  57.9453 302.1708 15.34383927 83185

1 63451U 25069U   26262.70316469  .00012740  00000+0  38751-3 0  9995
2 63451  53.1577 311.7291 0001223  93.3981 266.7161 15.34401703 83136

1 63452U 25069V   26263.13232795  .00012365  00000+0  37656-3 0  9999
2 63452  53.1584 311.5571 0001918  67.7344 292.3861 15.34393656 83288

1 63453U 25069W   26262.44845322  .00014149  00000+0  42900-3 0  9999
2 63453  53.1586 320.8156 0000955  84.7851 275.3261 15.34407744 83093

1 63454U 25069X   26263.13443262  .00013008  00000+0  39542-3 0  9995
2 63454  53.1623 311.5696 0000621  86.9351 273.1722 15.34402829 83278

1 63455U 25069Y   26263.18063259  .00011572  00000+0  35305-3 0  9992
2 63455  53.1593 311.1471 0002498 318.8279  41.2535 15.34402901 83291

1 63456U 25069Z   26261.81697566  .00018786  00000+0  56615-3 0  9996
2 63456  53.1623 317.5511 0001800 124.5556 235.5616 15.34377401 82975

1 63457U 25069AA  26262.87807153  .00013771  00000+0  41746-3 0  9997
2 63457  53.1601 312.8198 0001245  86.5365 273.5779 15.34436600 83137

1 63458U 25069AB  26263.12812072  .00011393  00000+0  34789-3 0  9990
2 63458  53.1587 311.5246 0002564 100.6991 259.4300 15.34393051 83280

1 63459U 25069AC  26263.13653512  .00007925  00000+0  24538-3 0  9991
2 63459  53.1603 311.5823 0001581  91.1617 268.9566 15.34407093 83177

1 63493U 25071A   26262.69741106  .00014912  00000+0  45150-3 0  9996
2 63493  53.1597 313.8045 0000745  80.3376 279.7710 15.34407232 82525

1 63494U 25071B   26262.76044584  .00021252  00000+0  63811-3 0  9990
2 63494  53.1596 313.4732 0001736  46.8143 313.3004 15.34410337 82536

1 63495U 25071C   26262.79248288  .00007094  00000+0  22099-3 0  9992
2 63495  53.1605 317.2243 0002858  42.8952 317.2273 15.34387511 82489

1 63496U 25071D   26262.86190450  .00013742  00000+0  45335-3 0  9993
2 63496  53.1598 316.9484 0001292  83.7404 276.3745 15.31730583 82455

1 63497U 25071E   26262.85724395  .00012995  00000+0  42956-3 0  9999
2 63497  53.1598 316.9151 0001224  68.0350 292.0781 15.31716864 82516

1 63498U 25071F   26261.88781772  .00021902  00000+0  71508-3 0  9997
2 63498  53.1605 321.5301 0001384  80.9601 279.1557 15.31717558 82365

1 63499U 25071G   26263.15081572  .00012913  00000+0  42696-3 0  9999
2 63499  53.1599 315.1912 0001599  89.2230 270.8954 15.31714151 82548

1 63500U 25071H   26262.80087074 -.00015344  00000+0 -45619-3 0  9997
2 63500  53.1619 316.5715 0001975  63.3429 296.7775 15.33542898 82302

1 63501U 25071J   26262.87124172  .00012266  00000+0  40627-3 0  9998
2 63501  53.1604 317.0021 0001266  79.0111 281.1033 15.31709219 82459

1 63502U 25071K   26263.15172506  .00016927  00000+0  51104-3 0  9995
2 63502  53.1602 315.2012 0001275 324.9412  35.1507 15.34396139 82565

1 63503U 25071L   26263.16752858  .00011423  00000+0  34874-3 0  9992
2 63503  53.1587 309.5937 0001655  97.0612 263.0579 15.34396999 82646

1 63504U 25071M   26263.13490197  .00012955  00000+0  39383-3 0  9996
2 63504  53.1601 315.0962 0001537  84.7934 275.3244 15.34404316 82506

1 63505U 25071N   26263.17487804  .00018753  00000+0  56458-3 0  9996
2 63505  53.1562 315.3382 0000815  75.4007 284.7085 15.34409660 82568

1 63506U 25071P   26263.14331780  .00007563  00000+0  23471-3 0  9991
2 63506  53.1579 315.1455 0001503  83.5447 276.5727 15.34404871 82515

1 63507U 25071Q   26262.81065235  .00013239  00000+0  43765-3 0  9999
2 63507  53.1608 317.2973 0001568  71.2550 288.8622 15.31698693 82487

1 63508U 25071R   26263.14541819  .00018524  00000+0  55785-3 0  9991
2 63508  53.1587 315.1237 0001891  93.9640 266.1578 15.34408651 82502

1 63509U 25071S   26263.14614190  .00005455  00000+0  18737-3 0  9990
2 63509  53.1593 315.1228 0001295  84.7227 275.3922 15.31707938 82295

1 63510U 25071T   26263.14120834  .00017212  00000+0  51945-3 0  9991
2 63510  53.1579 315.0996 0001425  76.7733 283.3429 15.34395989 82541

1 63511U 25071U   26263.17881505  .00018940  00000+0  62042-3 0  9993
2 63511  53.1585 315.3298 0001459 102.1171 257.9994 15.31705533 82196

1 63512U 25071V   26262.12547015  .00009609  00000+0  32079-3 0  9992
2 63512  53.1591 320.1305 0001225  89.5896 270.5245 15.31721080 82386

1 63513U 25071W   26262.76863860  .00017662  00000+0  57902-3 0  9992
2 63513  53.1600 317.0340 0000726  68.0482 292.0597 15.31730247 82485

1 63514U 25071X   26263.14752448  .00021516  00000+0  64588-3 0  9996
2 63514  53.1592 315.1341 0001307  82.6050 277.5102 15.34411045 82187

1 63515U 25071Y   26263.13700367  .00017198  00000+0  51916-3 0  9991
2 63515  53.1586 315.0672 0001302  79.2171 280.8978 15.34388082 82562

1 63516U 25071Z   26263.17414550  .00006440  00000+0  21902-3 0  9992
2 63516  53.1600 315.2986 0001696  91.9460 268.1736 15.31713267 82541

1 63517U 25071AA  26263.13910466  .00011503  00000+0  35103-3 0  9990
2 63517  53.1595 315.0768 0002429  91.6324 268.4956 15.34403365 82569

1 63518U 25071AB  26263.14494317  .00012589  00000+0  38303-3 0  9994
2 63518  53.1597 311.5618 0001164  85.3664 274.7472 15.34405610 82613

1 63519U 25071AC  26261.88737102  .00016652  00000+0  50266-3 0  9993
2 63519  53.1580 322.9132 0001218  79.4924 280.6216 15.34414283 81972

1 63697U 25087A   26262.73475627  .00020093  00000+0  60355-3 0  9997
2 63697  53.1572  33.6398 0001248  64.9233 295.1899 15.34434528 78973

1 63698U 25087B   26262.92223341  .00025433  00000+0  76117-3 0  9999
2 63698  53.1595  36.2267 0001575  46.4890 313.6243 15.34405487 78948

1 63699U 25087C   26263.09037641 -.00000398  00000+0 -65326-6 0  9993
2 63699  53.1608  35.8526 0000984  73.7976 286.3134 15.34388800 78975

1 63700U 25087D   26263.08827203  .00021451  00000+0  64378-3 0  9990
2 63700  53.1617  35.8366 0000738  85.6953 274.4134 15.34420120 78974

1 63701U 25087E   26261.94449462  .00012605  00000+0  41707-3 0  9993
2 63701  53.1590  40.7853 0000954  81.5955 278.5154 15.31713996 78800

1 63702U 25087F   26262.63424043  .00019001  00000+0  62222-3 0  9991
2 63702  53.1615  37.2723 0001179  77.2306 282.8827 15.31714816 78917

1 63703U 25087G   26262.73102966  .00021331  00000+0  64023-3 0  9990
2 63703  53.1591  37.1607 0001365 325.5654  34.5260 15.34421671 78924

1 63704U 25087H   26262.35495776  .00023817  00000+0  71286-3 0  9993
2 63704  53.1594  39.0799 0001247  47.8982 312.2127 15.34441334 78867

1 63705U 25087J   26262.36336418  .00011181  00000+0  34145-3 0  9996
2 63705  53.1590  39.1340 0001903  81.5702 278.5516 15.34409993 78851

1 63706U 25087K   26263.09248348  .00002905  00000+0  97098-4 0  9993
2 63706  53.1616  35.8602 0000940  75.4399 284.6708 15.34394963 78973

1 63707U 25087L   26263.10501245  .00018600  00000+0  55991-3 0  9998
2 63707  53.1627  35.2304 0000618 358.4435   1.6566 15.34418920 78986

1 63708U 25087M   26263.10712341  .00015024  00000+0  45482-3 0  9991
2 63708  53.1610  35.2454 0001520  63.1227 296.9930 15.34404860 78989

1 63709U 25087N   26262.99789098  .00002855  00000+0  95612-4 0  9990
2 63709  53.1602  35.9843 0001033  84.8619 275.2502 15.34393049 78963

1 63710U 25087P   26262.84866622  .00017684  00000+0  57989-3 0  9995
2 63710  53.1606  36.4740 0002531  60.0868 300.0384 15.31720050 78943

1 63711U 25087Q   26262.98383169  .00001295  00000+0  53484-4 0  9999
2 63711  53.1610  35.8969 0001235  55.7665 304.3454 15.31703255 78966

1 63712U 25087R   26262.96981584  .00043528  00000+0  14035-2 0  9995
2 63712  53.1608  35.8073 0001480  76.3799 283.7368 15.31762390 78968

1 63713U 25087S   26263.06298735  .00012117  00000+0  40148-3 0  9992
2 63713  53.1554  34.9643 0000969  60.3606 299.7492 15.31709829 78988

1 63714U 25087T   26263.03778258  .00013347  00000+0  40557-3 0  9993
2 63714  53.1604  35.5206 0001507 101.2632 258.8540 15.34391150 78976

1 63715U 25087U   26263.06723478  .00007968  00000+0  24668-3 0  9998
2 63715  53.1626  35.6999 0001663  89.4279 270.6914 15.34404573 78979

1 63716U 25087V   26262.97449370  .00019861  00000+0  64989-3 0  9999
2 63716  53.1608  35.8330 0001283  88.7801 271.3348 15.31709578 78960

1 63717U 25087W   26262.98105485  .00008194  00000+0  25335-3 0  9996
2 63717  53.1608  35.8771 0000794 130.5667 229.5405 15.34404258 78961

1 63718U 25087X   26261.91181997  .00017342  00000+0  56908-3 0  9996
2 63718  53.1609  40.5762 0001144  95.1222 264.9910 15.31712335 78801

1 63719U 25087Y   26262.66752885  .00017786  00000+0  53620-3 0  9990
2 63719  53.1581  33.9282 0001098  89.9603 270.1526 15.34404412 78962

1 63720U 25087Z   26262.98314727  .00018653  00000+0  56158-3 0  9999
2 63720  53.1602  35.8883 0001653 230.6995 129.3861 15.34412896 78964

1 63721U 25087AA  26263.09566448  .00011410  00000+0  37876-3 0  9992
2 63721  53.1584  35.1730 0002409  76.8417 283.2853 15.31710608 78989

1 63722U 25087AB  26262.93064465  .00024579  00000+0  73578-3 0  9996
2 63722  53.1610  36.2726 0000458  55.8006 304.3040 15.34418295 78950

1 63723U 25087AC  26262.88655358  .00026117  00000+0  78106-3 0  9990
2 63723  53.1602  36.7050 0001075  90.1110 270.0015 15.34414174 78943

1 63864U 25094A   26263.01201539  .00007219  00000+0  25530-3 0  9993
2 63864  70.0003 102.4038 0003198 268.2080  91.8728 15.29583168 76369

1 63865U 25094B   26263.00576465  .00029607  00000+0  10304-2 0  9993
2 63865  69.9994 102.3767 0003050 261.7833  98.2996 15.29576434 76585

1 63866U 25094C   26263.03719672  .00010337  00000+0  36348-3 0  9993
2 63866  70.0001 102.0832 0002916 283.6130  76.4720 15.29586617 76375

1 63867U 25094D   26262.53279976  .00018540  00000+0  64738-3 0  9994
2 63867  69.9994 103.5386 0003307 266.4412  93.6385 15.29600549 76291

1 63868U 25094E   26262.97943807  .00016698  00000+0  56877-3 0  9991
2 63868  70.0008 102.2848 0002761 271.6072  88.4788 15.30442769 76360

1 63869U 25094F   26262.91681010  .00011157  00000+0  38198-3 0  9992
2 63869  69.9993 102.4677 0003140 279.9706  80.1115 15.30423561 76351

1 63870U 25094G   26263.16670139 -.00049693  00000+0 -16903-2 0  9999
2 63870  69.9993 101.8359 0002675 268.4578 357.9916 15.30441461  5710

1 63871U 25094H   26262.90195395  .00012265  00000+0  43031-3 0  9993
2 63871  69.9996 102.4210 0003173 268.4975  91.5837 15.29586396 76358

1 63872U 25094J   26262.03396160  .00004421  00000+0  15813-3 0  9993
2 63872  69.9997 104.6087 0003285 272.6447  87.4352 15.29586316 76225

1 63873U 25094K   26263.05025214  .00012832  00000+0  43855-3 0  9998
2 63873  69.9997 102.1328 0002902 271.0635  89.0208 15.30425727 76378

1 63874U 25094L   26263.02044030  .00005327  00000+0  18960-3 0  9993
2 63874  69.9996 102.0313 0003271 269.2446  90.8354 15.29582192 76370

1 63875U 25094M   26261.97856047  .00010192  00000+0  35836-3 0  9992
2 63875  69.9995 104.8121 0003597 272.8954  87.1810 15.29594293 76205

1 63877U 25094P   26262.03368525  .00006486  00000+0  22986-3 0  9994
2 63877  69.9998 105.0001 0003105 271.5369  88.5450 15.29583636 76216

1 63878U 25094Q   26262.99604525  .00009526  00000+0  33531-3 0  9999
2 63878  69.9986 102.3379 0003198  69.5631 290.5888 15.29588839 76367

1 63879U 25094R   26263.16670139 -.00046624  00000+0 -15849-2 0  9997
2 63879  69.9998 102.0315 0003757 272.3410 173.9216 15.30437339  5460

1 63880U 25094S   26262.95770391  .00167950  00000+0  55946-2 0  9992
2 63880  69.9997 102.6129 0003288 277.2944  82.7857 15.30284121 76358

1 63881U 25094T   26262.53155712  .00013363  00000+0  46837-3 0  9999
2 63881  69.9993 103.5309 0002487 263.1320  96.9572 15.29588527 76296

1 63882U 25094U   26263.10037568  .00024760  00000+0  52923-3 0  9998
2 63882  70.0023  39.7326 0003706 269.9909  90.0849 15.44759364 77935

1 63883U 25094V   26262.99576602  .00009647  00000+0  33045-3 0  9993
2 63883  69.9993 102.3410 0010635 260.3288  99.6687 15.30427140 76364

1 63884U 25094W   26262.99079853  .00009229  00000+0  32502-3 0  9993
2 63884  69.9998 102.3257 0002458 290.8828  69.2083 15.29588680 76369

1 63885U 25094X   26262.28626855  .00008681  00000+0  30607-3 0  9991
2 63885  69.9992 104.2755 0003502 269.3917  90.6857 15.29582029 76255

1 63886U 25094Y   26262.99775398  .00009605  00000+0  33812-3 0  9995
2 63886  69.9994 102.3455 0003155 267.1395  92.9419 15.29582037 76364

1 63887U 25094Z   26262.80789284  .00017053  00000+0  58111-3 0  9990
2 63887  70.0005 102.8865 0003281 272.7510  87.3290 15.30419536 76339

1 63888U 25094AA  26263.04372015  .00009949  00000+0  34991-3 0  9993
2 63888  69.9996 102.1058 0003803 266.0825  93.9915 15.29593163 76376

1 63889U 25094AB  26263.01253662  .00009142  00000+0  32202-3 0  9995
2 63889  70.0002 102.3717 0003499 270.7277  89.3498 15.29584218 76574

1 63926U 25098A   26263.03442204  .00009416  00000+0  33146-3 0  9997
2 63926  70.0012 142.0514 0002893 261.7620  98.3227 15.29591824 75763

1 63927U 25098B   26262.37730010  .00009881  00000+0  34765-3 0  9993
2 63927  69.9985 144.1584 0003220 275.4366  84.6442 15.29587600 75623

1 63928U 25098C   26262.08800250  .00012228  00000+0  41808-3 0  9991
2 63928  70.0001 144.7594 0002932 275.1571  84.9269 15.30429031 75598

1 63929U 25098D   26263.06595108  .00015938  00000+0  55766-3 0  9993
2 63929  69.9991 142.1573 0000906 254.7887 105.3188 15.29585601 75744

1 63930U 25098E   26263.06735560  .00006326  00000+0  22460-3 0  9999
2 63930  70.0005 142.1674 0003231 271.2943  88.7862 15.29541078 75741

1 63931U 25098F   26263.12121100  .00006836  00000+0  24201-3 0  9997
2 63931  69.9998 141.9482 0003237 268.4956  91.5848 15.29583709 75756

1 63932U 25098G   26262.09922490  .00008630  00000+0  30429-3 0  9997
2 63932  70.0000 144.8049 0003118 267.4165  92.6653 15.29581319 75597

1 63933U 25098H   26262.37765892  .00007835  00000+0  27668-3 0  9997
2 63933  69.9995 143.7547 0003113 271.6301  88.4517 15.29584785 75641

1 63934U 25098J   26263.01905201  .00010378  00000+0  36487-3 0  9995
2 63934  70.0001 141.9927 0002843 271.7366  88.3483 15.29590743 75749

1 63935U 25098K   26263.11781714  .00009685  00000+0  34079-3 0  9992
2 63935  70.0005 141.9302 0002731 283.3589  76.7282 15.29593489 75741

1 63936U 25098L   26262.95967938  .00011274  00000+0  39593-3 0  9991
2 63936  69.9998 142.1817 0003047 275.3196  84.7631 15.29590218 75711

1 63937U 25098M   26262.95415299  .00011698  00000+0  41064-3 0  9996
2 63937  70.0013 142.1685 0002599 261.4099  98.6782 15.29588945 75710

1 63938U 25098N   26263.00003471  .00024293  00000+0  84733-3 0  9994
2 63938  70.0006 142.3730 0003208 272.7996  47.3937 15.29559520  5730

1 63939U 25098P   26263.10363617  .00012043  00000+0  42264-3 0  9990
2 63939  70.0004 141.8843 0002398 301.0168  59.0771 15.29586931 75733

1 63940U 25098Q   26263.10727262  .00014393  00000+0  50402-3 0  9995
2 63940  69.9992 141.8939 0003268 264.0172  96.0631 15.29588566 75736

1 63941U 25098R   26262.07304276  .00017805  00000+0  62168-3 0  9990
2 63941  69.9995 144.7011 0003463 271.3856  88.6922 15.29614679 75577

1 63942U 25098S   26262.38360893  .00017145  00000+0  59923-3 0  9994
2 63942  69.9993 143.7842 0003295 269.5180  90.5617 15.29593949 75613

1 63943U 25098T   26263.06802406  .00008812  00000+0  31045-3 0  9998
2 63943  69.9996 142.1478 0003181 266.5189  93.5622 15.29598305 75727

1 63944U 25098U   26262.07610213  .00009977  00000+0  35100-3 0  9991
2 63944  69.9989 144.7178 0003660 278.6605  81.4155 15.29584046 75571

1 63945U 25098V   26262.69946634  .00012917  00000+0  45270-3 0  9996
2 63945  70.0001 142.8860 0002976 270.6314  89.4520 15.29604087 75678

1 63946U 25098W   26261.12316083  .00004918  00000+0  17536-3 0  9999
2 63946  69.9985 147.0128 0003530 268.6275  91.4496 15.29592230 75436

1 63947U 25098X   26263.15936414  .00005484  00000+0  19504-3 0  9997
2 63947  69.9997 141.6806 0003099 268.6190  91.4630 15.29584340 75746

1 63948U 25098Y   26262.95354880  .00015070  00000+0  52742-3 0  9999
2 63948  70.0002 142.5618 0003024 269.4168  90.6661 15.29592399 75704

1 63949U 25098Z   26263.06456661  .00019411  00000+0  67733-3 0  9992
2 63949  70.0002 142.1365 0003056 277.3247  82.7581 15.29609543 75715

1 63950U 25098AA  26262.29461080  .00009168  00000+0  32289-3 0  9995
2 63950  69.9996 144.2733 0003060 273.9441  86.1385 15.29588007 75598

1 63951U 25098AB  26263.11292667  .00015221  00000+0  53267-3 0  9997
2 63951  70.0009 141.9164 0002440 275.2918  84.7979 15.29592369 75739

1 64022U 25102A   26262.97001781  .00014104  00000+0  49373-3 0  9993
2 64022  69.9981 342.6122 0004691 276.0416  84.0225 15.29602408 75105

1 64023U 25102B   26262.59187641  .00016367  00000+0  57240-3 0  9997
2 64023  70.0006 343.2941 0003850 280.2360  79.8381 15.29586186 75068

1 64024U 25102C   26262.43265010  .00010808  00000+0  37969-3 0  9998
2 64024  70.0004 343.5425 0003880 271.3272  88.7458 15.29593346 74927

1 64025U 25102D   26262.19901178  .00010212  00000+0  35901-3 0  9997
2 64025  70.0014 344.3278 0003366 268.4466  91.6324 15.29597720 75000

1 64026U 25102E   26262.94169019  .00010430  00000+0  36650-3 0  9995
2 64026  69.9977 342.5093 0004615 271.4393  88.6253 15.29599360 75191

1 64027U 25102F   26263.20603718  .00010511  00000+0  36949-3 0  9996
2 64027  70.0010 341.8244 0003007 268.6751  91.4080 15.29588412 75087

1 64028U 25102G   26263.19939145  .00016055  00000+0  56187-3 0  9996
2 64028  69.9987 341.7947 0003413 266.1149  93.9636 15.29573003 75244

1 64029U 25102H   26262.57988976  .00010496  00000+0  36890-3 0  9996
2 64029  70.0005 343.2471 0003699 274.2735  85.8018 15.29592755 75109

1 64030U 25102J   26262.48012335  .00003893  00000+0  13972-3 0  9994
2 64030  70.0006 343.7060 0005675 104.2815 255.8990 15.29588636 75042

1 64031U 25102K   26261.24740051  .00016973  00000+0  57832-3 0  9997
2 64031  70.0011 347.0262 0003395 271.5980  88.4807 15.30425168 74787

1 64032U 25102L   26262.22709097  .00011849  00000+0  41578-3 0  9999
2 64032  70.0010 344.4248 0003901 273.1480  86.9249 15.29592297 75003

1 64033U 25102M   26263.16870578  .00023264  00000+0  80020-3 0  9996
2 64033  70.0022 341.6965 0006571 325.6095  34.4654 15.30009947 75154

1 64034U 25102N   26261.52982551  .00010081  00000+0  35453-3 0  9993
2 64034  70.0019 346.4127 0002808 258.1970 101.8890 15.29591138 74937

1 64035U 25102P   26262.19818488  .00016881  00000+0  58983-3 0  9992
2 64035  70.0036 344.2121 0001915 257.9120 102.1840 15.29611664 74777

1 64036U 25102Q   26263.18914117  .00011434  00000+0  39127-3 0  9997
2 64036  70.0019 341.7606 0002900 269.0243  91.0600 15.30428790 75144

1 64037U 25102R   26261.50869160  .00011064  00000+0  38865-3 0  9996
2 64037  70.0007 346.3261 0003158 268.1928  91.8886 15.29588942 74895

1 64038U 25102S   26263.18175668  .00009640  00000+0  33927-3 0  9997
2 64038  70.0019 341.7423 0004250 288.8279  71.2434 15.29586534 75246

1 64039U 25102T   26262.96833654  .00018269  00000+0  63756-3 0  9999
2 64039  70.0010 342.1984 0004086 272.2409  87.8298 15.29620107 75116

1 64040U 25102U   26262.64882096  .00009643  00000+0  33927-3 0  9993
2 64040  70.0007 343.0855 0003443 277.2384  82.8400 15.29599580 75002

1 64041U 25102V   26261.52727833  .00029596  00000+0  10290-2 0  9993
2 64041  69.9995 345.9917 0004044 277.7010  82.3706 15.29606240 74673

1 64042U 25102W   26262.59684302  .00010040  00000+0  35314-3 0  9994
2 64042  70.0009 343.3116 0003464 272.3687  87.7091 15.29588438 75059

1 64043U 25102X   26262.66670139  .00062848  00000+0  21732-2 0  9997
2 64043  70.0009 342.9559 0003241 275.6557 261.2824 15.29568189  5733

1 64044U 25102Y   26263.19165470  .00013485  00000+0  47237-3 0  9996
2 64044  70.0021 341.7751 0002315 272.3070  87.7840 15.29605872 75089

1 64045U 25102Z   26262.93607182  .00011139  00000+0  39120-3 0  9995
2 64045  70.0056 342.4840 0003742 268.4096  91.6650 15.29591678 75030

1 64046U 25102AA  26262.69370731  .00008386  00000+0  29574-3 0  9998
2 64046  70.0010 343.2436 0003559 270.5468  89.5299 15.29589418 75061

1 64047U 25102AB  26263.20303823  .00007090  00000+0  25080-3 0  9994
2 64047  70.0000 341.8121 0003118 269.0241  91.0576 15.29584089 75020

1 64096U 25110A   26262.28871313  .00012030  00000+0  39857-3 0  9995
2 64096  53.1572 206.7864 0001321  89.6578 270.4575 15.31718205 75536

1 64097U 25110B   26262.31100556  .00027564  00000+0  82348-3 0  9995
2 64097  53.1585 203.3836 0001124  88.9148 271.1984 15.34417769 75580

1 64098U 25110C   26263.19766031  .00014431  00000+0  43735-3 0  9995
2 64098  53.1574 198.9664 0001247 100.0979 260.0164 15.34405339 75713

1 64099U 25110D   26263.09731980  .00019550  00000+0  58801-3 0  9997
2 64099  53.1594 203.3033 0002250  82.6786 277.4473 15.34410654 75657

1 64100U 25110E   26262.57202589  .00010296  00000+0  31543-3 0  9992
2 64100  53.1600 205.7139 0000699  81.9559 278.1523 15.34398553 75574

1 64101U 25110F   26262.55428398  .00011320  00000+0  37578-3 0  9992
2 64101  53.1601 204.8931 0000349 105.9182 254.1858 15.31718236 75584

1 64102U 25110G   26262.32571128  .00018570  00000+0  55867-3 0  9993
2 64102  53.1572 203.4757 0001167  90.0009 270.1128 15.34439285 75589

1 64103U 25110H   26262.47589718  .00011493  00000+0  38142-3 0  9998
2 64103  53.1567 206.5335 0001372 101.4798 258.6357 15.31711066 75559

1 64104U 25110J   26262.57834177  .00023989  00000+0  71894-3 0  9996
2 64104  53.1600 205.7496 0001966  78.9374 281.1850 15.34395274 75577

1 64105U 25110K   26262.23303647  .00019711  00000+0  64497-3 0  9992
2 64105  53.1591 206.4439 0001062  88.2862 271.8261 15.31714739 75531

1 64106U 25110L   26263.11367880  .00025646  00000+0  76736-3 0  9993
2 64106  53.1574 199.8600 0001218  91.7690 268.3452 15.34408432 75704

1 64107U 25110M   26262.48469460 -.00004268  00000+0 -12575-3 0  9990
2 64107  53.1589 205.1680 0000345 103.8931 256.2109 15.31726230 75579

1 64108U 25110N   26262.54496135  .00013277  00000+0  43863-3 0  9999
2 64108  53.1582 204.8307 0002835  80.7086 279.4236 15.31714093 75588

1 64109U 25110P   26262.54028769  .00019701  00000+0  64461-3 0  9999
2 64109  53.1591 204.8009 0001179  85.7836 274.3301 15.31717201 75587

1 64110U 25110Q   26262.55261448  .00020367  00000+0  61192-3 0  9993
2 64110  53.1578 202.0451 0000808  93.5387 266.5708 15.34418714 75620

1 64111U 25110R   26262.46569976  .00020853  00000+0  68163-3 0  9996
2 64111  53.1567 205.0481 0001513  89.3254 270.7921 15.31711406 75574

1 64112U 25110S   26262.47036639  .00022135  00000+0  72316-3 0  9993
2 64112  53.1585 205.0779 0000982  85.2111 274.9002 15.31690023 75578

1 64113U 25110T   26262.28428699  .00021330  00000+0  69670-3 0  9999
2 64113  53.1574 206.0489 0002237  78.6077 281.5176 15.31720274 75543

1 64114U 25110U   26262.49872071  .00012063  00000+0  39982-3 0  9996
2 64114  53.1599 205.2532 0000943  77.3784 282.7322 15.31703921 75573

1 64115U 25110V   26262.54513408  .00037376  00000+0  81931-3 0  9994
2 64115  53.1565 199.8769 0006339  71.8389 288.3307 15.43733552 75652

1 64116U 25110W   26262.32586699  .00017597  00000+0  57706-3 0  9999
2 64116  53.1586 205.5961 0001643  85.3691 274.7498 15.31723551 75547

1 64117U 25110X   26263.11353690  .00013723  00000+0  45295-3 0  9998
2 64117  53.1598 201.9793 0001775  90.9386 269.1819 15.31715060 75667

1 64118U 25110Y   26262.48937370  .00018669  00000+0  61187-3 0  9993
2 64118  53.1582 205.1924 0000896  97.3151 262.7952 15.31698624 75570

1 64119U 25110Z   26263.07475507  .00016097  00000+0  48647-3 0  9998
2 64119  53.1594 196.0490 0001507  95.8469 264.2705 15.34403508 75756

1 64120U 25110AA  26263.16670139  .00006691  00000+0  21462-3 0  9993
2 64120  53.1601 202.9498 0001426  83.3244 319.0957 15.33543947  5500

1 64121U 25110AB  26262.48056603  .00019214  00000+0  62908-3 0  9997
2 64121  53.1573 206.5519 0002025  92.8854 267.2379 15.31712349 75557

1 64122U 25110AC  26263.10453094  .00012261  00000+0  40599-3 0  9990
2 64122  53.1562 201.9233 0001917  90.6640 269.4581 15.31717925 75662

1 64146U 25112A   26262.70609938  .00016162  00000+0  50160-3 0  9992
2 64146  97.2812 309.7329 0000908 309.0151  51.1011 15.33463002 72624

1 64147U 25112B   26261.10190923  .00013489  00000+0  41945-3 0  9995
2 64147  97.2845 308.2472 0000890 106.7779 253.3561 15.33442400 72380

1 64148U 25112C   26262.85837352  .00011689  00000+0  36363-3 0  9991
2 64148  97.2839 309.9864 0000800 101.2323 258.9010 15.33462497 72651

1 64149U 25112D   26262.37166879  .00010783  00000+0  33577-3 0  9996
2 64149  97.2796 309.4253 0002162  96.7126 263.4363 15.33451500 72579

1 64150U 25112E   26263.08675736  .00021546  00000+0  66729-3 0  9998
2 64150  97.2852 310.1411 0000133   6.4828 353.6416 15.33470456 72686

1 64151U 25112F   26262.71697749  .00017948  00000+0  55677-3 0  9997
2 64151  97.2847 309.7281 0000596  95.2676 264.8634 15.33455984 72628

1 64152U 25112G   26262.37439209  .00015651  00000+0  48570-3 0  9998
2 64152  97.2851 309.4263 0000097 337.9566  22.1672 15.33472712 72570

1 64153U 25112H   26262.35807114  .00011370  00000+0  35388-3 0  9998
2 64153  97.2836 309.4470 0000886  96.7216 263.4128 15.33453721 72577

1 64154U 25112J   26263.11061075  .00014283  00000+0  44372-3 0  9991
2 64154  97.2851 317.8518 0000745  83.3613 276.7715 15.33458004 73184

1 64155U 25112K   26263.07101200  .00015689  00000+0  46351-3 0  9992
2 64155  97.2800 310.1576 0001104 154.3518 205.7781 15.35030418 72688

1 64156U 25112L   26263.06228759  .00019456  00000+0  60311-3 0  9999
2 64156  97.2824 310.1777 0001627 101.8494 258.2931 15.33460413 72688

1 64158U 25112N   26262.39343169  .00012078  00000+0  37561-3 0  9993
2 64158  97.2842 309.4042 0001084 110.1812 249.9547 15.33463494 72570

1 64159U 25112P   26262.71153649  .00012709  00000+0  39514-3 0  9993
2 64159  97.2858 309.7372 0000272 347.6426  12.4810 15.33460636 72620

1 64160U 25112Q   26262.87195333  .00014035  00000+0  43653-3 0  9991
2 64160  97.2844 309.9793 0001477  89.1455 270.9957 15.33423572 72658

1 64161U 25112R   26262.38253522  .00015838  00000+0  49150-3 0  9993
2 64161  97.2828 309.4237 0001717  99.1349 261.0088 15.33468929 72571

1 64162U 25112S   26263.07044264  .00008292  00000+0  25885-3 0  9997
2 64162  97.2845 310.1697 0000906 101.1216 259.0128 15.33448937 72687

1 64163U 25112T   26262.40429455  .00014942  00000+0  46424-3 0  9994
2 64163  97.2837 309.5406 0000724  99.0056 261.1268 15.33445856 72589

1 64164U 25112U   26262.88827247  .00011374  00000+0  35408-3 0  9994
2 64164  97.2856 309.9575 0000674  98.6064 261.5255 15.33447124 72658

1 64165U 25112V   26263.06501409  .00011358  00000+0  35334-3 0  9995
2 64165  97.2846 310.1750 0000929  90.8128 269.3221 15.33468735 72688

1 64166U 25112W   26262.91002491  .00018231  00000+0  56527-3 0  9990
2 64166  97.2866 309.9321 0000603 115.1885 244.9420 15.33468529 72659

1 64167U 25112X   26262.87739676  .00013354  00000+0  41521-3 0  9997
2 64167  97.2841 309.9760 0001032 104.0346 256.1012 15.33447845 72656

1 64168U 25112Y   26262.11608501  .00021494  00000+0  66582-3 0  9995
2 64168  97.2840 309.1748 0001736  93.6415 266.5027 15.33462543 72535

1 64169U 25112Z   26262.36079261  .00014869  00000+0  46199-3 0  9998
2 64169  97.2831 309.4464 0001080  86.0042 274.1324 15.33444665 72572

1 64170U 25113A   26262.50967390  .00017270  00000+0  56659-3 0  9997
2 64170  53.1578 269.1785 0000947  49.6246 310.4838 15.31722552 74762

1 64171U 25113B   26263.01767341  .00013860  00000+0  45759-3 0  9999
2 64171  53.1584 266.6543 0001411  83.1122 277.0040 15.31698853 74845

1 64172U 25113C   26262.73809602  .00012178  00000+0  40341-3 0  9998
2 64172  53.1598 268.4656 0001051  84.4809 275.6312 15.31710953 74798

1 64173U 25113D   26262.75200272  .00011539  00000+0  38285-3 0  9993
2 64173  53.1601 267.8395 0000686  63.4473 296.6599 15.31715537 74764

1 64174U 25113E   26262.99905737  .00009735  00000+0  29891-3 0  9996
2 64174  53.1590 267.9572 0001365  63.1337 296.9805 15.34397416 74826

1 64175U 25113F   26262.53768349  .00012821  00000+0  42399-3 0  9991
2 64175  53.1592 269.3445 0003215  54.4033 305.7268 15.31714995 74763

1 64176U 25113G   26262.53000689  .00028537  00000+0  85173-3 0  9996
2 64176  53.1575 266.4534 0001210 116.1409 243.9718 15.34428921 74800

1 64177U 25113H   26262.60615644  .00021469  00000+0  64450-3 0  9990
2 64177  53.1585 269.7704 0001414  82.5355 277.5808 15.34410624 74768

1 64178U 25113J   26263.05156838  .00018872  00000+0  56757-3 0  9991
2 64178  53.1583 267.5723 0000631  71.4129 288.6942 15.34439387 74837

1 64179U 25113K   26263.02373993  .00006980  00000+0  21753-3 0  9997
2 64179  53.1586 263.8562 0001038  74.6286 285.4831 15.34399385 74882

1 64180U 25113L   26261.73175994  .00015059  00000+0  49549-3 0  9996
2 64180  53.1582 273.5580 0000353  41.1879 318.9149 15.31735202 74595

1 64181U 25113M   26262.71536594  .00013418  00000+0  40749-3 0  9993
2 64181  53.1584 269.0259 0000720  36.6967 323.4085 15.34405182 74781

1 64182U 25113N   26262.66706350  .00022594  00000+0  67733-3 0  9994
2 64182  53.1603 269.4339 0000926  66.9215 293.1885 15.34423337 74735

1 64183U 25113P   26262.72875527  .00007606  00000+0  25668-3 0  9993
2 64183  53.1591 268.4066 0001443  79.0742 281.0422 15.31692187 74790

1 64184U 25113Q   26263.01588909  .00015318  00000+0  46360-3 0  9993
2 64184  53.1571 268.0592 0002127  84.4725 275.6520 15.34397026 74829

1 64185U 25113R   26263.04567816  .00006235  00000+0  21245-3 0  9994
2 64185  53.1564 266.8250 0001403  91.6963 268.4199 15.31712067 74846

1 64186U 25113S   26262.50034540  .00020585  00000+0  67359-3 0  9998
2 64186  53.1585 269.1089 0001049  51.3289 308.7806 15.31684140 74760

1 64187U 25113T   26262.54520918  .00020958  00000+0  62964-3 0  9993
2 64187  53.1613 270.0995 0000859  52.7370 307.3711 15.34402095 74719

1 64188U 25113U   26263.07260661  .00012451  00000+0  37899-3 0  9997
2 64188  53.1595 267.6954 0001573  89.0856 271.0327 15.34403385 74838

1 64189U 25113V   26262.49634052  .00020245  00000+0  60848-3 0  9992
2 64189  53.1584 266.2470 0000479 318.4615  41.6351 15.34411328 74767

1 64190U 25113W   26263.07471227  .00009081  00000+0  27960-3 0  9995
2 64190  53.1522 267.7089 0001818  49.4897 310.6264 15.34395648 74830

1 64191U 25113X   26263.00003471  .00031503  00000+0  94008-3 0  9992
2 64191  53.1572 267.7159 0001328  97.2724  24.5232 15.34383682  5903

1 64192U 25113Y   26263.04736135  .00015206  00000+0  46033-3 0  9994
2 64192  53.1583 267.5438 0001123  53.6835 306.4271 15.34396048 74794

1 64193U 25113Z   26262.71278720  .00028292  00000+0  84616-3 0  9997
2 64193  53.1580 265.4658 0001471  79.0213 281.0955 15.34368741 74797

1 64194U 25113AA  26262.51433656  .00014856  00000+0  48935-3 0  9992
2 64194  53.1569 269.1932 0001049  77.3094 282.8025 15.31712395 74725

1 64195U 25113AB  26262.51009799  .00011311  00000+0  37555-3 0  9999
2 64195  53.1572 269.8771 0000965  85.5271 274.5841 15.31712152 74716

1 64196U 25113AC  26262.98509536  .00016134  00000+0  53014-3 0  9991
2 64196  53.1591 267.1588 0002281  89.0532 271.0730 15.31723876 74834

1 64203U 25117A   26262.53693755  .00019726  00000+0  59347-3 0  9997
2 64203  53.1594 217.8536 0000578 120.6396 239.4663 15.34396181 74255

1 64204U 25117B   26262.95034450  .00016419  00000+0  49594-3 0  9994
2 64204  53.1580 214.0439 0002348  64.5941 295.5304 15.34403960 74317

1 64205U 25117C   26263.13943582  .00017725  00000+0  53431-3 0  9997
2 64205  53.1572 213.0840 0002121  94.2739 265.8506 15.34410799 74343

1 64206U 25117D   26262.89993124  .00014315  00000+0  43395-3 0  9997
2 64206  53.1588 214.4376 0001349  91.3120 268.8037 15.34403674 74338

1 64207U 25117E   26262.29532501  .00014857  00000+0  45019-3 0  9996
2 64207  53.1597 219.1889 0000520 332.2778  27.8197 15.34384912 73158

1 64208U 25117F   26262.49494476  .00020315  00000+0  61048-3 0  9993
2 64208  53.1578 218.3022 0000618  76.7028 283.4044 15.34413114 73174

1 64209U 25117G   26262.43821888  .00019991  00000+0  60070-3 0  9991
2 64209  53.1557 218.6615 0002230 116.0062 244.1170 15.34426885 74232

1 64210U 25117H   26263.13999411  .00024008  00000+0  71924-3 0  9994
2 64210  53.1582 215.2170 0001397  90.2070 269.9093 15.34407570 74314

1 64211U 25117J   26262.48386720  .00014783  00000+0  44774-3 0  9997
2 64211  53.1572 216.1035 0001953  82.6467 277.4757 15.34403177 74249

1 64212U 25117K   26262.60417750  .00022569  00000+0  67711-3 0  9997
2 64212  53.1596 217.5581 0000360 127.4626 232.6409 15.34399232 74235

1 64213U 25117L   26262.29476714  .00026806  00000+0  80129-3 0  9994
2 64213  53.1573 217.0561 0000704 114.0305 246.0771 15.34414430 74242

1 64214U 25117M   26262.94985265  .00021078  00000+0  63294-3 0  9993
2 64214  53.1567 212.6165 0000749  76.9424 283.1662 15.34413191 74338

1 64215U 25117N   26263.14364289  .00011507  00000+0  35112-3 0  9998
2 64215  53.1582 213.1118 0001412  90.5862 269.5302 15.34404723 74347

1 64216U 25117P   26261.32460337  .00029063  00000+0  86805-3 0  9999
2 64216  53.1573 223.7887 0001227  96.4740 263.6402 15.34396904 74068

1 64217U 25117Q   26262.95244361  .00015410  00000+0  46622-3 0  9991
2 64217  53.1566 214.0555 0002223 110.8876 249.2365 15.34403664 74312

1 64218U 25117R   26263.13368256  .00014821  00000+0  44893-3 0  9996
2 64218  53.1589 215.1759 0001404  91.8159 268.3005 15.34399674 74316

1 64219U 25117S   26262.60628259  .00022802  00000+0  68426-3 0  9996
2 64219  53.1587 217.5733 0001072  83.1460 276.9665 15.34384435 74263

1 64220U 25117T   26263.16257875  .00021425  00000+0  64327-3 0  9998
2 64220  53.1569 213.2277 0001903  80.1399 279.9818 15.34406500 74342

1 64221U 25117U   26262.43976784  .00015763  00000+0  47651-3 0  9994
2 64221  53.1554 216.5405 0001252  89.3207 270.7939 15.34411258 74262

1 64222U 25117V   26262.48596678  .00031701  00000+0  94577-3 0  9999
2 64222  53.1563 216.1134 0001377  87.3663 272.7498 15.34387662 74241

1 64223U 25117W   26263.15205892  .00026140  00000+0  78181-3 0  9994
2 64223  53.1560 213.1637 0001470  90.1370 269.9801 15.34411260 74344

1 64224U 25117X   26263.13578637  .00016296  00000+0  49214-3 0  9999
2 64224  53.1577 215.1831 0001129 114.6720 245.4401 15.34415088 74340

1 64225U 25117Y   26263.14995338  .00014017  00000+0  42513-3 0  9996
2 64225  53.1556 213.1497 0001193  94.6766 265.4373 15.34406814 74372

1 64226U 25117Z   26263.16468284  .00024500  00000+0  73364-3 0  9990
2 64226  53.1564 213.2397 0001491  88.9967 271.1206 15.34410600 74346

1 64227U 25117AA  26263.12947615  .00021018  00000+0  63123-3 0  9990
2 64227  53.1592 215.1439 0002726  93.2288 266.9026 15.34409362 74315

1 64228U 25117AB  26262.48758969  .00028535  00000+0  85245-3 0  9991
2 64228  53.1568 214.7048 0001622  93.5177 266.6011 15.34399560 74290

1 64229U 25117AC  26261.30932300  .00027147  00000+0  81157-3 0  9991
2 64229  53.1573 221.6337 0001209  93.1741 266.9400 15.34404754 74094

1 64256U 25120A   26262.57693478  .00018593  00000+0  56000-3 0  9999
2 64256  53.1588 290.2577 0001417  65.1652 294.9498 15.34403246 73686

1 64257U 25120B   26262.57320086  .00010082  00000+0  30888-3 0  9993
2 64257  53.1588 293.7798 0000495  55.5230 304.5820 15.34424969 73581

1 64258U 25120C   26263.03919918  .00020736  00000+0  62314-3 0  9990
2 64258  53.1586 288.1622 0001602  92.5761 267.5425 15.34399961 73701

1 64259U 25120D   26262.69879868  .00012388  00000+0  37733-3 0  9992
2 64259  53.1594 289.5899 0000949  79.5379 280.5730 15.34384736 73657

1 64260U 25120E   26262.58534771  .00015278  00000+0  46232-3 0  9998
2 64260  53.1598 290.3045 0001214  85.6495 274.4647 15.34404754 73639

1 64261U 25120F   26262.65259470  .00008307  00000+0  25682-3 0  9998
2 64261  53.1596 290.0227 0002642  33.0451 327.0716 15.34389618 73589

1 64262U 25120G   26262.70557370  .00018049  00000+0  54378-3 0  9993
2 64262  53.1581 293.1851 0000891  96.3183 263.7921 15.34415553 73659

1 64263U 25120H   26263.05680940  .00010240  00000+0  34123-3 0  9994
2 64263  53.1592 292.5322 0001326  84.2384 275.8769 15.31706069 73691

1 64264U 25120J   26263.08750087  .00014511  00000+0  43970-3 0  9993
2 64264  53.1613 287.7524 0001652  89.8420 270.2772 15.34405121 73714

1 64265U 25120K   26262.57109391  .00017528  00000+0  52862-3 0  9994
2 64265  53.1595 293.7687 0001026  85.5508 274.5612 15.34403668 73631

1 64266U 25120L   26263.11111992  .00013783  00000+0  41818-3 0  9994
2 64266  53.1574 291.4504 0002056  83.1966 276.9270 15.34408982 73650

1 64267U 25120M   26262.11677512  .00017758  00000+0  53553-3 0  9994
2 64267  53.1580 292.3546 0001607  78.3811 281.7372 15.34396512 73618

1 64268U 25120N   26263.04550745  .00012622  00000+0  38405-3 0  9990
2 64268  53.1612 288.1955 0001296  94.3394 265.7757 15.34401898 73747

1 64269U 25120P   26262.57482960  .00016123  00000+0  48735-3 0  9998
2 64269  53.1586 290.2410 0000937  95.8604 264.2505 15.34396952 73580

1 64270U 25120Q   26262.80016766  .00014983  00000+0  45369-3 0  9995
2 64270  53.1585 293.0606 0001066  87.2394 272.8730 15.34400222 73664

1 64271U 25120R   26263.08797383  .00013631  00000+0  41370-3 0  9995
2 64271  53.1529 291.3049 0002775  93.5669 266.5651 15.34409233 73661

1 64272U 25120S   26262.57950983  .00014721  00000+0  44587-3 0  9990
2 64272  53.1587 293.8218 0001030 103.9807 256.1310 15.34405717 73530

1 64273U 25120T   26262.36937596  .00020087  00000+0  60393-3 0  9998
2 64273  53.1578 294.6426 0001268  91.4259 268.6888 15.34406138 73600

1 64274U 25120U   26262.56899164  .00014573  00000+0  44154-3 0  9999
2 64274  53.1591 293.7539 0000529  57.3099 302.7954 15.34403691 73530

1 64275U 25120V   26263.05440050  .00012438  00000+0  37863-3 0  9998
2 64275  53.1567 291.8036 0001885  71.3486 288.7722 15.34401065 73648

1 64276U 25120W   26262.64417391  .00013480  00000+0  40935-3 0  9997
2 64276  53.1599 289.9590 0000980  72.7571 287.3538 15.34401830 73697

1 64277U 25120X   26262.79805964  .00018322  00000+0  55194-3 0  9994
2 64277  53.1602 293.0482 0000217  89.8849 270.2178 15.34406916 73601

1 64278U 25120Y   26262.77912859  .00013836  00000+0  41987-3 0  9995
2 64278  53.1597 292.9278 0001200  83.5435 276.5704 15.34401105 73666

1 64279U 25120Z   26262.12518928  .00025091  00000+0  75063-3 0  9992
2 64279  53.1588 292.4047 0001268  95.0966 265.0181 15.34426308 73616

1 64280U 25120AA  26262.79177475  .00012429  00000+0  37854-3 0  9992
2 64280  53.1582 293.0068 0001379  93.2975 266.8185 15.34387803 73669

1 64281U 25120AB  26263.10901484  .00011336  00000+0  34611-3 0  9998
2 64281  53.1631 291.4397 0000564 317.9197  42.1762 15.34401353 73662

1 64282U 25120AC  26263.08385676  .00009727  00000+0  29867-3 0  9993
2 64282  53.1579 291.9883 0001729  73.1823 286.9369 15.34398128 73688

1 64291U 25123A   26261.87567003  .00015249  00000+0  53359-3 0  9996
2 64291  70.0003  65.0739 0003587 272.4514  87.6250 15.29593938 71833

1 64292U 25123B   26262.97570031  .00019510  00000+0  68110-3 0  9990
2 64292  69.9998  62.4864 0003353 272.3423  87.7368 15.29592961 71996

1 64293U 25123C   26262.93676307  .00013794  00000+0  47096-3 0  9998
2 64293  70.0008  62.3499 0002906 264.9287  95.1557 15.30429885 71992

1 64294U 25123D   26262.93399992  .00013759  00000+0  48195-3 0  9993
2 64294  70.0006  62.3381 0003384 275.1292  84.9497 15.29595356 71996

1 64295U 25123E   26262.93515933  .00016112  00000+0  56343-3 0  9999
2 64295  70.0003  62.3356 0003457 275.6477  84.4304 15.29596735 71991

1 64296U 25123F   26262.93244670  .00018740  00000+0  65438-3 0  9991
2 64296  69.9998  62.3361 0002639 271.5525  88.5348 15.29597674 71994

1 64297U 25123G   26263.16582206  .00007712  00000+0  27246-3 0  9990
2 64297  70.0007  61.9411 0003073 270.0391  90.0432 15.29577425 70801

1 64298U 25123H   26262.93331368  .00011029  00000+0  38727-3 0  9998
2 64298  70.0004  62.3357 0004527 262.4093  97.6568 15.29598403 70770

1 64299U 25123J   26262.16626610  .00009012  00000+0  31751-3 0  9990
2 64299  70.0005  64.4791 0003563 272.1387  87.9380 15.29585609 70655

1 64300U 25123K   26262.94313800  .00013090  00000+0  45886-3 0  9998
2 64300  70.0002  62.3735 0003364 272.0638  88.0152 15.29589787 70770

1 64301U 25123L   26262.88364639  .00010281  00000+0  36143-3 0  9993
2 64301  70.0004  62.5708 0004418 286.5346  73.5343 15.29591777 70764

1 64302U 25123M   26262.56943015  .00031044  00000+0  70040-3 0  9994
2 64302  70.0023   0.9052 0001573 264.2416  95.8586 15.43098398 72275

1 64303U 25123N   26263.17072525  .00010072  00000+0  35426-3 0  9999
2 64303  70.0005  61.9553 0003283 271.9099  88.1700 15.29587281 70809

1 64304U 25123P   26263.17481360  .00022429  00000+0  78156-3 0  9997
2 64304  70.0053  61.9710 0003740 269.9218  90.1529 15.29610730 70804

1 64305U 25123Q   26263.16670139 -.00008831  00000+0 -30309-3 0  9992
2 64305  70.0000  61.7835 0003530 270.4100 234.2928 15.29579675  5766

1 64306U 25123R   26262.71879191  .00018731  00000+0  65415-3 0  9996
2 64306  70.0004  63.1909 0003360 267.7112  92.3678 15.29592513 70732

1 64307U 25123S   26262.88351273  .00010038  00000+0  35315-3 0  9999
2 64307  70.0005  62.5615 0003278 268.7069  91.3730 15.29582113 70767

1 64308U 25123T   26262.94480079  .00017502  00000+0  61161-3 0  9995
2 64308  70.0003  62.3722 0003038 272.7635  87.3193 15.29593879 70771

1 64309U 25123U   26263.15888301  .00013609  00000+0  47699-3 0  9994
2 64309  70.0017  61.9155 0003174 270.6924  89.3888 15.29581673 70807

1 64310U 25123V   26263.18193175  .00045242  00000+0  15302-2 0  9990
2 64310  70.0007  62.0033 0003372 278.5735  81.5058 15.30389615 70809

1 64311U 25123W   26263.15426183  .00018867  00000+0  65898-3 0  9995
2 64311  70.0015  61.8963 0003204 271.0726  89.0082 15.29587399 70807

1 64312U 25123X   26263.21184340  .00111205  00000+0  37309-2 0  9994
2 64312  70.0013  61.7049 0003589 270.3832  89.6933 15.30311448 70810

1 64313U 25123Y   26261.86702406  .00015202  00000+0  53220-3 0  9994
2 64313  70.0005  65.4350 0003136 273.6934  86.3882 15.29581180 70609

1 64314U 25123Z   26262.40063376  .00014954  00000+0  52331-3 0  9997
2 64314  70.0032  64.0909 0002389 263.3132  96.7772 15.29599872 70688

1 64315U 25123AA  26262.93818987  .00011836  00000+0  41540-3 0  9998
2 64315  70.0005  62.3521 0003508 272.1501  87.9272 15.29589589 70773

1 64316U 25123AB  26262.79354109  .00016822  00000+0  58774-3 0  9991
2 64316  69.9992  62.6429 0005253 255.5784 104.4809 15.29605301 70753

1 64344U 25126A   26261.99535693  .00016799  00000+0  58735-3 0  9995
2 64344  70.0007 264.8175 0004444 269.3377  90.7289 15.29584616 70901

1 64345U 25126B   26263.00578235  .00016707  00000+0  56927-3 0  9999
2 64345  70.0012 262.3184 0004544 273.3161  86.7494 15.30424795 69845

1 64346U 25126C   26262.97161557  .00011625  00000+0  40809-3 0  9996
2 64346  70.0015 262.6072 0003847 283.8996  76.1751 15.29587526 69833

1 64347U 25126D   26263.01118720  .00008582  00000+0  30256-3 0  9990
2 64347  69.9997 262.3350 0002967 264.2948  95.7889 15.29587751 69848

1 64348U 25126E   26262.95983279  .00015941  00000+0  55760-3 0  9996
2 64348  69.9999 262.5634 0003851 275.9922  84.0814 15.29590439 69837

1 64349U 25126F   26262.75306666  .00014957  00000+0  52348-3 0  9999
2 64349  70.0021 263.0450 0004612 285.3438  74.7227 15.29589129 69807

1 64350U 25126G   26263.00369197  .00008837  00000+0  31159-3 0  9995
2 64350  70.0005 262.3108 0003254 269.8577  90.2225 15.29568979 69840

1 64351U 25126H   26262.34788285  .00004335  00000+0  15518-3 0  9995
2 64351  70.0002 264.0310 0003077 270.3960  89.6863 15.29575318 69742

1 64352U 25126J   26262.94876253  .00021233  00000+0  74069-3 0  9997
2 64352  70.0006 262.5224 0002495 283.7212  76.3686 15.29594128 69831

1 64353U 25126K   26262.40368633  .00015788  00000+0  55244-3 0  9999
2 64353  70.0005 263.8318 0003467 268.9673  91.1105 15.29583522 69753

1 64354U 25126L   26262.98645878  .00012474  00000+0  43752-3 0  9992
2 64354  70.0003 262.2534 0004178 275.1537  84.9161 15.29586185 69844

1 64355U 25126M   26262.96171785  .00013368  00000+0  46874-3 0  9993
2 64355  70.0001 262.5658 0004184 274.9603  85.1094 15.29571144 71032

1 64356U 25126N   26262.74436689  .00014073  00000+0  49293-3 0  9999
2 64356  70.0016 263.0113 0004018 267.6996  92.3719 15.29587395 69802

1 64357U 25126P   26262.27590595  .00019042  00000+0  64768-3 0  9990
2 64357  70.0009 264.1849 0003846 270.4655  89.6080 15.30444682 69730

1 64358U 25126Q   26262.73541838  .00015062  00000+0  52743-3 0  9996
2 64358  69.9998 262.9751 0003081 269.3634  90.7188 15.29576311 69801

1 64359U 25126R   26262.95128481  .00017802  00000+0  62190-3 0  9997
2 64359  70.0014 262.5253 0004476 277.8813  82.1854 15.29594340 69839

1 64360U 25126S   26263.00003471  .00022529  00000+0  76587-3 0  9994
2 64360  70.0006 262.2295 0003606 259.2961 159.1957 15.30414873  5784

1 64361U 25126T   26262.36908454  .00012941  00000+0  45385-3 0  9997
2 64361  70.0011 263.7097 0003288 277.9019  82.1783 15.29580779 69750

1 64362U 25126U   26261.97583947  .00011217  00000+0  39392-3 0  9996
2 64362  70.0045 265.1465 0001782 241.7673 118.3322 15.29592560 69689

1 64363U 25126V   26262.73716037  .00011575  00000+0  40647-3 0  9992
2 64363  70.0002 262.9853 0003399 269.9257  90.1529 15.29581124 69809

1 64364U 25126W   26261.14288815  .00004521  00000+0  16162-3 0  9993
2 64364  70.0008 267.0512 0003449 267.6384  92.4396 15.29577212 69569

1 64365U 25126X   26262.26096240  .00017558  00000+0  61368-3 0  9999
2 64365  70.0010 264.1313 0004361 266.3165  93.7512 15.29583429 69737

1 64366U 25126Y   26261.98696638  .00018913  00000+0  66048-3 0  9991
2 64366  70.0016 264.7793 0003988 272.6089  87.4630 15.29588883 70902

1 64367U 25126Z   26262.96122970  .00014686  00000+0  51415-3 0  9999
2 64367  70.0049 262.1638 0003441 280.4479  79.6309 15.29591305 69843

1 64368U 25126AA  26262.97459005  .00015689  00000+0  54920-3 0  9991
2 64368  70.0005 262.2068 0003343 267.6153  92.4640 15.29572435 69845

1 64369U 25126AB  26262.99760280  .00009340  00000+0  32057-3 0  9998
2 64369  69.9999 262.2884 0003711 269.5337  90.5413 15.30420299 69844

1 64412U 25129A   26263.05499367  .00008213  00000+0  28981-3 0  9992
2 64412  70.0005 302.2992 0002624 271.6434  88.4441 15.29582646 70474

1 64413U 25129B   26263.06136648  .00014747  00000+0  51610-3 0  9998
2 64413  69.9989 301.9303 0005587 277.0673  82.9866 15.29592902 70466

1 64414U 25129C   26262.60777492  .00013171  00000+0  46159-3 0  9998
2 64414  70.0012 303.1497 0003752 276.0638  84.0109 15.29594483 70398

1 64415U 25129D   26262.84793977  .00008694  00000+0  30651-3 0  9995
2 64415  70.0004 302.7917 0003697 271.5199  88.5552 15.29580933 70365

1 64416U 25129E   26262.46199897  .00008227  00000+0  29029-3 0  9994
2 64416  70.0005 303.4518 0003142 273.2278  86.8537 15.29582047 70377

1 64417U 25129F   26262.48964436  .00005047  00000+0  17989-3 0  9995
2 64417  69.9999 303.5455 0003401 268.5112  91.5674 15.29582185 70312

1 64418U 25129G   26263.11109640  .00008689  00000+0  29859-3 0  9999
2 64418  70.0035 302.1007 0003394 274.8664  85.2124 15.30417982 70468

1 64419U 25129H   26262.53208412  .00013166  00000+0  46131-3 0  9990
2 64419  69.9996 303.2916 0003510 263.9932  96.0843 15.29602073 70328

1 64420U 25129J   26262.81578064  .00006889  00000+0  24381-3 0  9993
2 64420  69.9995 302.6753 0003691 268.3436  91.7316 15.29585230 70365

1 64421U 25129K   26262.66670139 -.00021268  00000+0 -73717-3 0  9990
2 64421  69.9999 303.0049 0003434 274.5033  48.6465 15.29593124  5736

1 64422U 25129L   26262.85626791  .00009080  00000+0  31989-3 0  9998
2 64422  70.0004 302.8195 0003439 271.2418  88.8364 15.29583493 70411

1 64423U 25129M   26262.49937754  .00007566  00000+0  26738-3 0  9996
2 64423  70.0005 303.5800 0003514 267.5231  92.5542 15.29580158 70379

1 64424U 25129N   26262.83147785  .00011210  00000+0  39367-3 0  9995
2 64424  70.0032 302.7305 0003648 268.5422  91.5335 15.29590555 70429

1 64425U 25129P   26262.77321591  .00012046  00000+0  42262-3 0  9994
2 64425  70.0006 302.9320 0004145 276.5884  83.4820 15.29591202 70412

1 64426U 25129Q   26263.11154617  .00007395  00000+0  26155-3 0  9991
2 64426  69.9999 302.1013 0004191 270.0553  90.0142 15.29562357 70404

1 64427U 25129R   26262.81902991  .00009056  00000+0  31899-3 0  9991
2 64427  70.0054 302.6826 0004325 266.2999  93.7682 15.29586446 70423

1 64428U 25129S   26262.81197247  .00009615  00000+0  33821-3 0  9990
2 64428  69.9993 302.6653 0007320 274.4217  85.6122 15.29587637 70425

1 64429U 25129T   26263.08654522 -.00018881  00000+0 -63662-3 0  9998
2 64429  69.9994 302.0182 0003331 270.0282  90.0512 15.30451650 70464

1 64430U 25129U   26262.39699658  .00008492  00000+0  29948-3 0  9996
2 64430  70.0005 304.0238 0003336 272.2550  87.8243 15.29584528 70355

1 64431U 25129V   26262.48195516  .00011994  00000+0  41028-3 0  9995
2 64431  69.9994 303.5191 0003981 281.4089  78.6639 15.30419018 70313

1 64432U 25129W   26263.06885318  .00009924  00000+0  34901-3 0  9999
2 64432  70.0000 301.9532 0002526 276.2883  83.8005 15.29600324 70409

1 64433U 25129X   26262.84392762  .00009256  00000+0  32600-3 0  9993
2 64433  70.0006 302.7719 0003933 271.0138  89.0586 15.29582257 70362

1 64434U 25129Y   26261.13150770  .00014453  00000+0  50620-3 0  9993
2 64434  70.0006 307.2270 0002811 261.8889  98.1967 15.29584453 70161

1 64435U 25129Z   26263.16670139 -.00008565  00000+0 -28614-3 0  9992
2 64435  70.0008 301.8855 0003510 270.5202  95.7443 15.30434877  5768

1 64436U 25129AA  26263.05948181  .00013673  00000+0  47879-3 0  9994
2 64436  69.9990 302.3140 0004619 283.2052  76.8608 15.29603252 70391

1 64437U 25129AB  26263.07120784  .00007728  00000+0  27296-3 0  9993
2 64437  70.0007 301.9604 0003554 277.6024  82.4748 15.29583905 70465

1 64438U 25130A   26263.12409963  .00013415  00000+0  40754-3 0  9995
2 64438  53.1570 261.7433 0001587 101.4790 258.6391 15.34394465 70529

1 64439U 25130B   26262.55461873  .00017144  00000+0  51727-3 0  9995
2 64439  53.1581 263.8785 0000567  67.6623 292.4440 15.34405693 70448

1 64440U 25130C   26263.02164116  .00016126  00000+0  48708-3 0  9994
2 64440  53.1580 263.9417 0001015  79.2678 280.8439 15.34419620 70488

1 64441U 25130D   26263.10095146  .00013296  00000+0  40361-3 0  9992
2 64441  53.1568 261.5951 0003768  63.1325 297.0063 15.34424234 70525

1 64442U 25130E   26262.72066571  .00017973  00000+0  54188-3 0  9998
2 64442  53.1584 263.4892 0001492  78.1180 281.9990 15.34393978 70460

1 64443U 25130F   26263.00271405  .00009826  00000+0  30166-3 0  9993
2 64443  53.1579 263.8214 0001531  80.4345 279.6831 15.34391189 70482

1 64444U 25130G   26263.00847552  .00015775  00000+0  47719-3 0  9998
2 64444  53.1538 261.7240 0002502  91.4793 268.6496 15.34387989 70514

1 64445U 25130H   26263.18348326  .00010247  00000+0  31396-3 0  9996
2 64445  53.1569 263.5283 0001342  86.1945 273.9210 15.34404452 70504

1 64446U 25130J   26262.73374919  .00010581  00000+0  32380-3 0  9999
2 64446  53.1589 264.9883 0000522  67.3654 292.7403 15.34405608 70445

1 64447U 25130K   26262.53624572  .00024483  00000+0  73330-3 0  9997
2 64447  53.1585 265.8870 0001539  88.9937 271.1242 15.34403129 70415

1 64448U 25130L   26263.03218786  .00017315  00000+0  52281-3 0  9998
2 64448  53.1564 264.0042 0001166 101.4998 258.6136 15.34376239 70489

1 64449U 25130M   26263.18502551  .00007110  00000+0  22137-3 0  9990
2 64449  53.1580 261.4061 0001373  87.7331 272.3829 15.34398806 70539

1 64450U 25130N   26262.56935070  .00018902  00000+0  56927-3 0  9994
2 64450  53.1570 263.9632 0001903  45.4724 314.6433 15.34392418 71611

1 64451U 25130P   26262.71490528  .00022249  00000+0  66784-3 0  9997
2 64451  53.1591 265.5753 0001024  80.4909 279.6209 15.34392026 70430

1 64452U 25130Q   26263.18550594  .00013299  00000+0  40388-3 0  9997
2 64452  53.1578 262.8288 0001359  83.8071 276.3087 15.34411294 70502

1 64453U 25130R   26263.00636110  .00013719  00000+0  41632-3 0  9998
2 64453  53.1583 261.7155 0001300  88.4782 271.6369 15.34407916 70514

1 64454U 25130S   26263.02702174  .00015751  00000+0  51793-3 0  9992
2 64454  53.1549 266.8078 0002401  93.3936 266.7340 15.31719992 70449

1 64455U 25130T   26263.01477546  .00019259  00000+0  57962-3 0  9995
2 64455  53.1567 261.7644 0001726  97.3777 262.7422 15.34403177 70512

1 64456U 25130U   26263.02796079  .00011810  00000+0  36012-3 0  9990
2 64456  53.1562 263.9741 0001116  84.1094 276.0035 15.34399831 70484

1 64457U 25130V   26262.55671846  .00014223  00000+0  43122-3 0  9993
2 64457  53.1579 263.8804 0000804  80.7674 279.3420 15.34403072 70444

1 64458U 25130W   26262.47530908  .00020032  00000+0  60225-3 0  9996
2 64458  53.1582 266.2124 0001323  97.4710 262.6443 15.34409110 70409

1 64459U 25130X   26263.00215286  .00011377  00000+0  34741-3 0  9992
2 64459  53.1584 261.6854 0001998  85.2073 274.9158 15.34393777 70518

1 64460U 25130Y   26263.03637674  .00017054  00000+0  51476-3 0  9998
2 64460  53.1574 264.0230 0001367  91.5241 268.5918 15.34397002 70485

1 64461U 25130Z   26262.54254969  .00014756  00000+0  44687-3 0  9998
2 64461  53.1583 265.9207 0000833  89.8164 270.2934 15.34407956 70412

1 64462U 25130AA  26262.71475720  .00009437  00000+0  31529-3 0  9999
2 64462  53.1578 268.3437 0000263  80.7813 279.3218 15.31718505 70391

1 64463U 25130AB  26261.76401979  .00008717  00000+0  29229-3 0  9993
2 64463  53.1611 273.1415 0001059  69.5949 290.5166 15.31706835 70243

1 64464U 25130AC  26263.00425774  .00017551  00000+0  52924-3 0  9996
2 64464  53.1575 261.6937 0002025  91.2797 268.8438 15.34406511 70512

1 64465U 25130AD  26263.17240475  .00015427  00000+0  46643-3 0  9999
2 64465  53.1572 261.3181 0001573  85.3368 274.7814 15.34422909 70538

1 64472U 25133A   26263.06907382  .00013073  00000+0  39735-3 0  9994
2 64472  53.1627 291.4597 0001628  74.8350 285.2832 15.34400850 70984

1 64473U 25133B   26262.56060913  .00025120  00000+0  75208-3 0  9990
2 64473  53.1598 293.9732 0001314  81.9354 278.1798 15.34400902 70907

1 64474U 25133C   26262.65940749  .00024354  00000+0  72935-3 0  9997
2 64474  53.1584 293.8778 0001656 344.4829  15.6123 15.34409875 70897

1 64475U 25133D   26263.08543049  .00019760  00000+0  59422-3 0  9999
2 64475  53.1577 288.0059 0001106  80.7915 279.3212 15.34410474 71014

1 64476U 25133E   26262.56013722  .00020173  00000+0  60653-3 0  9990
2 64476  53.1585 290.4156 0001353  84.5588 275.5569 15.34402201 70944

1 64477U 25133F   26262.55382183  .00015319  00000+0  46350-3 0  9994
2 64477  53.1598 290.3774 0001065  85.8850 274.2274 15.34405962 70957

1 64478U 25133G   26262.80642272  .00007347  00000+0  22840-3 0  9991
2 64478  53.1580 292.6622 0001039  87.9421 272.1701 15.34395626 70940

1 64479U 25133H   26262.81226243  .00006956  00000+0  21681-3 0  9996
2 64479  53.1600 289.1446 0000860  93.4752 266.6349 15.34398274 70970

1 64480U 25133J   26262.81904664  .00013039  00000+0  39624-3 0  9994
2 64480  53.1598 292.7423 0000808  39.5698 320.5364 15.34409871 70787

1 64481U 25133K   26263.10694522  .00009936  00000+0  30480-3 0  9999
2 64481  53.1596 291.6918 0001277 100.8427 259.2719 15.34401101 70876

1 64482U 25133L   26263.06486946  .00011018  00000+0  33684-3 0  9997
2 64482  53.1579 291.4292 0001257  87.7906 272.3241 15.34390380 70977

1 64483U 25133M   26262.74549448  .00008961  00000+0  27599-3 0  9990
2 64483  53.1604 292.9886 0000660  41.8324 318.2729 15.34402293 70938

1 64484U 25133N   26262.81694355  .00008798  00000+0  27122-3 0  9997
2 64484  53.1616 292.7234 0001342  83.6307 276.4848 15.34398544 70941

1 64485U 25133P   26263.06275977  .00009443  00000+0  29025-3 0  9993
2 64485  53.1598 291.4128 0001354  69.0958 291.0190 15.34399409 70980

1 64486U 25133Q   26262.81483719  .00014324  00000+0  43411-3 0  9990
2 64486  53.1613 292.7109 0000646  47.5110 312.5947 15.34409388 70949

1 64487U 25133R   26262.58164977  .00012278  00000+0  37393-3 0  9995
2 64487  53.1582 294.0988 0000652  36.0932 324.0114 15.34398835 70899

1 64488U 25133S   26262.66572320  .00011211  00000+0  34247-3 0  9991
2 64488  53.1550 293.9267 0001379  25.9545 334.1527 15.34397882 70809

1 64489U 25133T   26261.81524844  .00019045  00000+0  57347-3 0  9995
2 64489  53.1604 299.2622 0001012  80.3040 279.8077 15.34393325 70749

1 64490U 25133U   26263.05491836  .00006427  00000+0  20144-3 0  9994
2 64490  53.1583 293.4893 0001116 281.7447  78.3430 15.34357095 70936

1 64491U 25133V   26263.08332462  .00010124  00000+0  31039-3 0  9991
2 64491  53.1641 287.9895 0001046  87.5771 272.5351 15.34396217 71004

1 64492U 25133W   26262.55802824  .00023733  00000+0  71084-3 0  9991
2 64492  53.1588 290.3971 0001032  67.2619 292.8493 15.34422031 70958

1 64493U 25133X   26262.55592567  .00012968  00000+0  39432-3 0  9991
2 64493  53.1597 290.3851 0001147  74.8983 285.2146 15.34395496 70956

1 64494U 25133Y   26263.11275524  .00030961  00000+0  10036-2 0  9997
2 64494  53.1573 292.4278 0001026  81.9230 278.1888 15.31756801 70803

1 64495U 25133Z   26262.70083141  .00017460  00000+0  52659-3 0  9991
2 64495  53.1595 289.1380 0000674 116.2980 243.8092 15.34404611 70984

1 64497U 25133AB  26262.81015557  .00018563  00000+0  55912-3 0  9991
2 64497  53.1589 289.1236 0000616  80.8475 279.2597 15.34402590 70998

1 64498U 25133AC  26262.81273366  .00013073  00000+0  39731-3 0  9998
2 64498  53.1604 292.6939 0000832  45.0711 315.0359 15.34403580 70942

1 64594U 25137A   26263.12216926  .00012923  00000+0  39282-3 0  9997
2 64594  53.1569 149.2667 0001273  95.5226 264.5922 15.34410370 70540

1 64595U 25137B   26262.98137817  .00022703  00000+0  68089-3 0  9996
2 64595  53.1570 149.8085 0001327  96.7255 263.3899 15.34405646 70526

1 64596U 25137C   26262.93517953  .00015855  00000+0  47932-3 0  9999
2 64596  53.1586 150.2283 0001356  75.7417 284.3736 15.34404009 70513

1 64597U 25137D   26262.18558011  .00015581  00000+0  47122-3 0  9994
2 64597  53.1586 155.4980 0001258  88.3212 271.7935 15.34407125 70376

1 64598U 25137E   26263.11375392  .00017280  00000+0  52130-3 0  9991
2 64598  53.1573 149.2099 0001468  85.7897 274.3274 15.34404624 70543

1 64599U 25137F   26263.18941122  .00014218  00000+0  43096-3 0  9998
2 64599  53.1559 148.9758 0001489  61.8537 298.2615 15.34412095 70551

1 64600U 25137G   26262.19189223  .00019773  00000+0  59468-3 0  9998
2 64600  53.1557 155.5416 0001048  98.9678 261.1444 15.34405556 70378

1 64601U 25137H   26262.19400907  .00027745  00000+0  82879-3 0  9994
2 64601  53.1568 155.5530 0001371 141.0271 219.0831 15.34417907 70371

1 64602U 25137J   26263.00663286  .00016670  00000+0  50346-3 0  9996
2 64602  53.1582 149.9613 0002068  72.0542 288.0686 15.34397324 70526

1 64603U 25137K   26262.18821997  .00015224  00000+0  47298-3 0  9996
2 64603  53.1566 154.0980 0001089  91.8109 268.3018 15.33568804 70390

1 64604U 25137L   26263.17313733  .00013363  00000+0  40586-3 0  9996
2 64604  53.1584 151.0005 0000998 103.0845 257.0269 15.34404988 70528

1 64605U 25137M   26262.95208970  .00019282  00000+0  63125-3 0  9998
2 64605  53.1582 151.0418 0001589  61.2200 298.8961 15.31712547 70603

1 64606U 25137N   26263.17944955  .00016274  00000+0  49155-3 0  9999
2 64606  53.1610 151.0355 0001985  42.0767 318.0388 15.34412195 70406

1 64607U 25137P   26263.11802882  .00021313  00000+0  63997-3 0  9996
2 64607  53.1580 159.1777 0000531 127.4672 232.6379 15.34408073 70400

1 64608U 25137Q   26263.06965747  .00020360  00000+0  61202-3 0  9999
2 64608  53.1574 149.6460 0001260  95.4637 264.6509 15.34402949 70532

1 64609U 25137R   26263.16635442  .00029185  00000+0  87172-3 0  9995
2 64609  53.1572 149.5369 0001706  41.0645 319.0486 15.34393083 70637

1 64610U 25137S   26262.99610632  .00017317  00000+0  52233-3 0  9995
2 64610  53.1566 149.8980 0001146  83.9693 276.1441 15.34409062 70527

1 64611U 25137T   26262.98558706  .00009827  00000+0  30160-3 0  9990
2 64611  53.1561 149.8319 0001073  91.7177 268.3948 15.34400853 70526

1 64612U 25137U   26262.96931498  .00014190  00000+0  43038-3 0  9999
2 64612  53.1589 151.8571 0001234  83.0482 277.0661 15.34394536 70497

1 64613U 25137V   26262.20607179  .00023935  00000+0  71707-3 0  9994
2 64613  53.1590 153.4977 0001203  89.4616 270.6524 15.34408700 70501

1 64614U 25137W   26262.94780183  .00018816  00000+0  56653-3 0  9998
2 64614  53.1574 150.3034 0001356  94.1475 265.9683 15.34405483 70518

1 64615U 25137X   26262.18977654  .00023116  00000+0  69263-3 0  9996
2 64615  53.1580 155.5238 0000975 103.2015 256.9096 15.34424699 70379

1 64616U 25137Y   26263.18520203  .00015570  00000+0  47092-3 0  9993
2 64616  53.1566 148.9421 0001313  83.2228 276.8924 15.34404768 70651

1 64617U 25137Z   26263.06275881  .00025032  00000+0  74929-3 0  9993
2 64617  53.1574 135.8903 0000929  65.6644 294.4456 15.34409357 70823

1 64618U 25137AA  26263.06334567  .00025110  00000+0  75153-3 0  9998
2 64618  53.1566 149.6015 0001141  90.1288 269.9845 15.34411622 70531

1 64619U 25137AB  26262.94569661  .00015993  00000+0  48321-3 0  9995
2 64619  53.1584 150.2857 0001157  82.7338 277.3796 15.34415843 70519

1 64620U 25137AC  26263.20411940  .00051567  00000+0  15231-2 0  9993
2 64620  53.1562 149.0574 0001286  85.2994 274.8155 15.34477362 70557

1 64664U 25139A   26262.80391698  .00012761  00000+0  38810-3 0  9997
2 64664  53.1591 301.1657 0000872  95.3976 264.7126 15.34405785 70064

1 64665U 25139B   26263.12749176  .00023763  00000+0  71249-3 0  9999
2 64665  53.1594 299.6296 0001416  93.8834 266.2331 15.34386980 70014

1 64666U 25139C   26262.83328567  .00014738  00000+0  44647-3 0  9998
2 64666  53.1600 300.6348 0001098  85.1831 274.9297 15.34398968 70130

1 64667U 25139D   26263.14902127  .00011955  00000+0  36435-3 0  9998
2 64667  53.1595 301.1794 0001105  88.7108 271.4022 15.34402398 70096

1 64668U 25139E   26263.13591038  .00014698  00000+0  44510-3 0  9993
2 64668  53.1586 299.6811 0000294  23.1941 336.9075 15.34411608 70116

1 64669U 25139F   26262.14625014  .00020182  00000+0  60694-3 0  9992
2 64669  53.1585 304.1677 0001452  78.6302 281.4864 15.34395214 69966

1 64670U 25139G   26261.74912010  .00014267  00000+0  43265-3 0  9996
2 64670  53.1594 305.9554 0001094  78.6575 281.4551 15.34395852 69900

1 64671U 25139H   26262.68416288  .00024484  00000+0  73217-3 0  9999
2 64671  53.1601 301.8363 0001473  79.0885 281.0284 15.34453127 70106

1 64672U 25139J   26262.58326531  .00024700  00000+0  73975-3 0  9992
2 64672  53.1599 301.9197 0001478  74.4889 285.6276 15.34399984 70030

1 64673U 25139K   26262.58957577  .00020403  00000+0  61335-3 0  9996
2 64673  53.1590 301.9565 0001050  76.3908 283.7212 15.34399430 70035

1 64674U 25139L   26262.83959543  .00018982  00000+0  57137-3 0  9994
2 64674  53.1591 300.6711 0001448 105.5325 254.5838 15.34407464 69973

1 64675U 25139M   26263.13640324  .00013465  00000+0  40880-3 0  9991
2 64675  53.1571 301.0964 0001569  98.7640 261.3540 15.34409310 70097

1 64676U 25139N   26262.11468623  .00018860  00000+0  56798-3 0  9998
2 64676  53.1594 303.9667 0001290  83.6890 276.4259 15.34396859 69966

1 64677U 25139P   26262.78757886  .00009417  00000+0  28965-3 0  9997
2 64677  53.1575 293.2578 0001235  84.4391 275.6753 15.34383799 70176

1 64678U 25139Q   26263.14271028  .00011329  00000+0  34591-3 0  9995
2 64678  53.1591 301.1355 0001327 344.1219  15.9741 15.34401797 70096

1 64679U 25139R   26262.81233229  .00016634  00000+0  50219-3 0  9999
2 64679  53.1589 301.2101 0001571  84.5090 275.6092 15.34409144 70062

1 64680U 25139S   26260.42536241  .00023420  00000+0  70315-3 0  9996
2 64680  53.1594 311.9100 0001000  80.2857 279.8258 15.34354324 69706

1 64681U 25139T   26262.37312432  .00016584  00000+0  50085-3 0  9992
2 64681  53.1598 302.7333 0001482  90.2336 269.8837 15.34401609 70000

1 64682U 25139U   26262.64257700  .00020128  00000+0  60523-3 0  9996
2 64682  53.1578 293.7634 0000830  76.3826 283.7269 15.34400848 70151

1 64683U 25139V   26262.39838020  .00012331  00000+0  37529-3 0  9996
2 64683  53.1577 302.8938 0000779 101.5128 258.5962 15.34415933 70003

1 64684U 25139W   26263.13170188  .00002043  00000+0  71615-4 0  9998
2 64684  53.1581 299.6476 0001217  97.6147 262.4994 15.34391834 70117

1 64685U 25139X   26262.81654173  .00012805  00000+0  38947-3 0  9991
2 64685  53.1599 301.2340 0001205  79.0581 281.0557 15.34399817 70065

1 64686U 25139Y   26262.14834895  .00019755  00000+0  59427-3 0  9996
2 64686  53.1576 304.1742 0001784  98.0695 262.0510 15.34400549 69968

1 64687U 25139Z   26262.84169997  .00014085  00000+0  42735-3 0  9993
2 64687  53.1599 300.6816 0000843  95.9404 264.1694 15.34390747 70074

1 64688U 25139AA  26262.40468411  .00017043  00000+0  51432-3 0  9990
2 64688  53.1593 302.9279 0001046  81.2143 278.8978 15.34404314 70063

1 64689U 25139AB  26262.66313194  .00014655  00000+0  44447-3 0  9990
2 64689  53.1603 301.6993 0001162  95.9613 264.1522 15.34367994 70041

1 64690U 25139AC  26263.13380928  .00005651  00000+0  17832-3 0  9998
2 64690  53.1583 299.6587 0001405 102.9351 257.1808 15.34388958 70113

1 64696U 25142A   26263.03659977  .00007217  00000+0  25521-3 0  9994
2 64696  70.0018 182.3876 0003302 268.4640  91.6157 15.29585226 68808

1 64697U 25142B   26263.17253985  .00012183  00000+0  42742-3 0  9991
2 64697  70.0019 181.6563 0003342 270.4664  89.6128 15.29591450 68674

1 64698U 25142C   26262.22872934  .00012311  00000+0  43183-3 0  9991
2 64698  70.0004 184.3590 0003695 269.4235  90.6517 15.29591651 68512

1 64699U 25142D   26262.18017277  .00024710  00000+0  86149-3 0  9993
2 64699  70.0037 184.1898 0002308 271.2229  88.8682 15.29571243 68520

1 64700U 25142E   26263.19239794  .00012578  00000+0  44110-3 0  9999
2 64700  70.0017 181.6980 0002530 272.3417  87.7468 15.29592949 68631

1 64701U 25142F   26263.17517926  .00011191  00000+0  39302-3 0  9991
2 64701  70.0004 181.6383 0003124 270.4311  89.6506 15.29591868 68652

1 64702U 25142G   26262.50040120  .00009438  00000+0  33227-3 0  9996
2 64702  69.9997 183.6920 0003217 274.3733  85.7074 15.29586315 68720

1 64703U 25142H   26262.23994109  .00014530  00000+0  50863-3 0  9996
2 64703  70.0007 184.3938 0004116 280.0936  79.9774 15.29595159 68505

1 64704U 25142J   26262.18434909  .00011143  00000+0  39147-3 0  9997
2 64704  70.0009 184.6278 0003220 269.6100  90.4706 15.29581816 68529

1 64705U 25142K   26262.50346667  .00011675  00000+0  40993-3 0  9998
2 64705  70.0045 183.7360 0002914 271.4517  88.6324 15.29580843 68685

1 64706U 25142L   26262.22537642  .00011712  00000+0  41114-3 0  9991
2 64706  70.0004 184.3680 0003175 271.9766  88.1045 15.29587263 68536

1 64707U 25142M   26263.03737567  .00012104  00000+0  42473-3 0  9995
2 64707  69.9998 181.9874 0003189 271.8459  88.2351 15.29587175 68822

1 64708U 25142N   26262.20502109  .00027035  00000+0  94046-3 0  9998
2 64708  70.0019 184.2967 0002276 274.3073  85.7842 15.29619129 68502

1 64709U 25142P   26262.89155517  .00005301  00000+0  18871-3 0  9995
2 64709  70.0012 182.6600 0003529 273.6192  86.4580 15.29579861 68604

1 64710U 25142Q   26262.23914525  .00022298  00000+0  77701-3 0  9998
2 64710  70.0010 184.3796 0003158 262.1485  97.9332 15.29613196 68696

1 64711U 25142R   26263.17698480  .00009877  00000+0  34745-3 0  9991
2 64711  70.0012 181.6672 0003488 266.4753  93.6023 15.29591762 68844

1 64712U 25142S   26263.14958490  .00016507  00000+0  57706-3 0  9999
2 64712  70.0019 181.9519 0002685 268.7712  91.3155 15.29600713 68649

1 64713U 25142T   26262.44676235  .00009129  00000+0  32153-3 0  9997
2 64713  70.0011 183.5074 0003089 276.9308  83.1515 15.29589960 68545

1 64714U 25142U   26263.19131084  .00011857  00000+0  41643-3 0  9994
2 64714  70.0000 181.7192 0002865 268.8977  91.1870 15.29566445 68689

1 64715U 25142V   26263.07426980  .00009803  00000+0  34481-3 0  9994
2 64715  70.0016 182.1149 0001551 276.3127  83.7871 15.29599929 68632

1 64716U 25142W   26261.77203059  .00019194  00000+0  67028-3 0  9997
2 64716  70.0040 185.5948 0002009 276.2842  83.8104 15.29590443 68436

1 64717U 25142X   26263.19824231  .00024719  00000+0  83975-3 0  9995
2 64717  70.0005 181.7471 0003392 269.9906  90.0880 15.30411495 68682

1 64718U 25142Y   26263.14667645  .00011429  00000+0  40123-3 0  9997
2 64718  70.0025 181.9645 0002446 274.2362  85.8534 15.29596465 68838

1 64719U 25142Z   26263.17552014  .00013954  00000+0  48874-3 0  9990
2 64719  70.0010 181.6338 0003409 269.4201  90.6583 15.29593973 68689

1 64720U 25142AA  26263.18669601  .00009936  00000+0  34951-3 0  9990
2 64720  70.0002 181.7055 0003008 272.0484  88.0347 15.29592141 68840

1 64721U 25142AB  26263.06925196  .00011919  00000+0  41814-3 0  9992
2 64721  70.0001 182.0905 0001586 279.5900  80.5096 15.29602534 68635

1 64724U 25144A   26262.95607176  .00014522  00000+0  44001-3 0  9993
2 64724  53.1567 355.9505 0001473  90.3316 269.7856 15.34407099 69506

1 64725U 25144B   26262.55951960  .00026813  00000+0  80155-3 0  9999
2 64725  53.1593 359.8742 0001225  97.5769 262.5373 15.34412281 69388

1 64726U 25144C   26262.53167882  .00011868  00000+0  36181-3 0  9994
2 64726  53.1612 358.2792 0001180  96.0584 264.0553 15.34400737 69423

1 64727U 25144D   26263.00495877  .00014668  00000+0  44441-3 0  9995
2 64727  53.1594 357.6733 0001209  92.3022 267.8119 15.34398665 69479

1 64728U 25144E   26262.77538970  .00024967  00000+0  74723-3 0  9990
2 64728  53.1598 356.9537 0001212  92.5087 267.6054 15.34415878 69466

1 64729U 25144F   26261.77578208  .00015307  00000+0  46312-3 0  9999
2 64729  53.1612   3.5155 0001245  83.0420 277.0724 15.34408452 69286

1 64730U 25144G   26262.89935929  .00014013  00000+0  42514-3 0  9995
2 64730  53.1595 356.3068 0001003  87.6981 272.4136 15.34395235 69486

1 64731U 25144H   26262.28797568  .00021381  00000+0  64217-3 0  9994
2 64731  53.1613 359.5994 0001263  91.1668 268.9479 15.34398186 69388

1 64732U 25144J   26262.88882940  .00006350  00000+0  19890-3 0  9996
2 64732  53.1598 356.2410 0001334  56.9706 303.1425 15.34403679 69487

1 64733U 25144K   26262.58783768  .00022400  00000+0  67195-3 0  9997
2 64733  53.1634 353.6608 0001424  86.9255 273.1911 15.34407901 69490

1 64734U 25144L   26262.54220427  .00019289  00000+0  58049-3 0  9991
2 64734  53.1614 358.3410 0001498  85.9022 274.2152 15.34402882 69407

1 64735U 25144M   26262.76123857  .00023052  00000+0  69098-3 0  9994
2 64735  53.1612 359.0016 0001127 101.6973 258.4157 15.34413977 69389

1 64736U 25144N   26262.77749181  .00025579  00000+0  76520-3 0  9994
2 64736  53.1579 356.9669 0001332  87.4585 272.6570 15.34416928 69465

1 64737U 25144P   26262.75072145  .00014682  00000+0  44489-3 0  9994
2 64737  53.1589 358.9267 0001428  77.7269 282.3894 15.34394418 69433

1 64738U 25144Q   26262.76697459  .00024497  00000+0  73345-3 0  9995
2 64738  53.1604 356.9016 0001236  81.6967 278.4176 15.34414978 69442

1 64739U 25144R   26262.96294662  .00026232  00000+0  78457-3 0  9995
2 64739  53.1569 358.1181 0001221 253.0714 107.0154 15.34408542 69408

1 64740U 25144S   26262.52902540  .00023798  00000+0  71302-3 0  9996
2 64740  53.1608 354.0000 0000978  75.8164 284.2947 15.34409723 69484

1 64741U 25144T   26262.96027728  .00020103  00000+0  60436-3 0  9994
2 64741  53.1589 355.9711 0000595  41.3715 318.7333 15.34408012 69490

1 64742U 25144U   26262.61833948  .00034720  00000+0  10330-2 0  9993
2 64742  53.1586 359.5208 0001323  88.6241 271.4913 15.34429699 69399

1 64743U 25144V   26262.96658582  .00012890  00000+0  39188-3 0  9998
2 64743  53.1629 356.0101 0000120 186.7078 173.3923 15.34406892 69496

1 64744U 25144W   26262.75023295  .00021506  00000+0  64563-3 0  9992
2 64744  53.1595 357.5037 0001192  75.2563 284.8571 15.34408954 69458

1 64745U 25144X   26262.75703433  .00025543  00000+0  76430-3 0  9993
2 64745  53.1585 358.9647 0001074  89.9486 270.1640 15.34410082 69433

1 64746U 25144Y   26262.72280073  .00023467  00000+0  70308-3 0  9992
2 64746  53.1584 345.2665 0001163  97.8134 262.3000 15.34418634 69624

1 64747U 25144Z   26263.15981669  .00010971  00000+0  33541-3 0  9994
2 64747  53.1605 342.9505 0001170  85.7958 274.3178 15.34394130 69694

1 64748U 25144AA  26262.56372793  .00018797  00000+0  56600-3 0  9996
2 64748  53.1596 359.8896 0001253  90.9888 269.1258 15.34403368 69400

1 64749U 25144AB  26262.74651216  .00023672  00000+0  70938-3 0  9995
2 64749  53.1600 358.8956 0001352  77.3736 282.7418 15.34406382 69435

1 64750U 25144AC  26263.21871701  .00012140  00000+0  36980-3 0  9990
2 64750  53.1594 354.7421 0001813  81.3346 278.7862 15.34403918 69536

1 64755U 25147A   26262.94131605  .00016090  00000+0  48621-3 0  9992
2 64755  53.1593  56.1437 0001326  81.5689 278.5464 15.34406198 68595

1 64756U 25147B   26263.14808039  .00012863  00000+0  42557-3 0  9994
2 64756  53.1584  58.1347 0001521  82.0172 278.1001 15.31699889 68498

1 64757U 25147C   26262.89932804  .00028098  00000+0  83933-3 0  9994
2 64757  53.1594  56.5900 0001351  77.2285 282.8869 15.34411157 68474

1 64758U 25147D   26262.80052416  .00015816  00000+0  47817-3 0  9993
2 64758  53.1582  56.6834 0001294  82.6998 277.4152 15.34404031 68531

1 64759U 25147E   26263.05274486  .00010511  00000+0  32183-3 0  9992
2 64759  53.1599  56.1210 0001041  97.8216 262.2904 15.34395669 68515

1 64760U 25147F   26262.40347765  .00021660  00000+0  65003-3 0  9997
2 64760  53.1568  59.1824 0000244 307.7777  52.3203 15.34414585 68504

1 64761U 25147G   26262.97918667  .00017339  00000+0  52274-3 0  9999
2 64761  53.1587  56.3766 0001124  96.8356 263.2774 15.34423032 68555

1 64762U 25147H   26263.00855810  .00028066  00000+0  83762-3 0  9990
2 64762  53.1598  55.8501 0001630  59.4103 300.7060 15.34439535 68567

1 64763U 25147J   26263.16406431  .00031415  00000+0  93570-3 0  9999
2 64763  53.1584  55.3994 0001170  72.0486 288.0644 15.34444126 68588

1 64764U 25147K   26263.13251558  .00021059  00000+0  63283-3 0  9996
2 64764  53.1576  55.1998 0001135  88.9388 271.1744 15.34390660 68622

1 64765U 25147L   26263.14934691  .00017275  00000+0  52152-3 0  9992
2 64765  53.1597  55.3012 0000511 102.4475 257.6585 15.34381471 68588

1 64766U 25147M   26263.16455352  .00022157  00000+0  66471-3 0  9991
2 64766  53.1614  58.9464 0001516  81.5673 278.5501 15.34412450 68539

1 64767U 25147N   26263.15565800  .00009800  00000+0  30079-3 0  9996
2 64767  53.1619  55.3413 0000784  86.8864 273.2228 15.34400846 68530

1 64768U 25147P   26262.84300463  .00025474  00000+0  76199-3 0  9992
2 64768  53.1593  48.4261 0000945  82.7558 277.3552 15.34421642 68655

1 64769U 25147Q   26263.14302895  .00020710  00000+0  62209-3 0  9993
2 64769  53.1594  55.2663 0000751 248.6107 111.4815 15.34414322 68586

1 64770U 25147R   26263.12410152  .00020116  00000+0  60484-3 0  9992
2 64770  53.1583  55.1480 0001731  82.8926 277.2274 15.34403210 68515

1 64771U 25147S   26262.16388813  .00007862  00000+0  24363-3 0  9993
2 64771  53.1585  59.8195 0000726  70.9833 289.1248 15.34392849 68361

1 64772U 25147T   26263.14724544  .00019601  00000+0  58954-3 0  9995
2 64772  53.1580  55.2889 0001422  86.1934 273.9232 15.34409708 68583

1 64773U 25147U   26263.13462009  .00024156  00000+0  72338-3 0  9993
2 64773  53.1590  55.2108 0001488  78.5653 281.5516 15.34416530 68585

1 64774U 25147V   26262.78004577  .00022216  00000+0  66639-3 0  9998
2 64774  53.1615  60.8076 0001003  62.0310 298.0794 15.34414113 68408

1 64775U 25147W   26261.98531566  .00016467  00000+0  49717-3 0  9992
2 64775  53.1593  60.8361 0000917  83.5623 276.5484 15.34415848 68402

1 64776U 25147X   26261.99794047  .00016412  00000+0  49582-3 0  9999
2 64776  53.1580  60.9141 0001356  47.1912 312.9204 15.34398422 68336

1 64777U 25147Y   26263.13041059  .00019442  00000+0  58513-3 0  9996
2 64777  53.1595  55.1826 0001227  80.0346 280.0795 15.34395696 68524

1 64778U 25147Z   26263.20587537  .00016837  00000+0  50775-3 0  9998
2 64778  53.1599  34.7495 0003024  75.6966 284.4372 15.34434971 68900

1 64779U 25147AA  26262.97287375  .00018750  00000+0  56461-3 0  9993
2 64779  53.1596  56.3336 0001380 142.3923 217.7176 15.34403902 68507

1 64780U 25147AB  26262.41181175  .00015199  00000+0  45988-3 0  9991
2 64780  53.1583  58.5175 0001048  93.9618 266.1504 15.34411223 68477

1 64781U 25147AC  26262.73118145  .00022871  00000+0  68608-3 0  9993
2 64781  53.1582  56.9551 0001013  78.5116 281.6001 15.34394733 68459

1 64782U 25147AD  26263.16199123  .00022412  00000+0  67294-3 0  9998
2 64782  53.1590  55.3757 0000832  93.8139 266.2959 15.34377995 68624

1 64790U 25150A   26262.65414581  .00002415  00000+0  21008-3 0  9996
2 64790  70.0025   5.2942 0003527 274.7428  85.3328 14.98336685 65570

1 64791U 25150B   26261.25619694  .00003662  00000+0  31447-3 0  9997
2 64791  70.0023   8.8367 0003238 269.7117  90.3671 14.98337665 65360

1 64792U 25150C   26263.01715970  .00003050  00000+0  26323-3 0  9996
2 64792  70.0019   4.4297 0003326 268.6868  91.3910 14.98336367 65623

1 64793U 25150D   26262.23691874  .00003665  00000+0  31471-3 0  9998
2 64793  70.0024   6.6344 0003283 269.9543  90.1239 14.98336625 65508

1 64794U 25150E   26262.30351395  .00003044  00000+0  26275-3 0  9995
2 64794  70.0024   6.4731 0003183 269.3961  90.6834 14.98336224 65516

1 64795U 25150F   26262.04480816  .00004596  00000+0  39280-3 0  9991
2 64795  70.0029   6.7728 0003219 273.2281  86.8510 14.98325283 65487

1 64796U 25150G   26263.02132168  .00004550  00000+0  38863-3 0  9991
2 64796  70.0019   4.5602 0003722 279.9153  80.1586 14.98354357 66513

1 64797U 25150H   26261.99890374  .00002653  00000+0  22999-3 0  9991
2 64797  70.0022   7.0150 0003669 269.8679  90.2060 14.98336850 66309

1 64798U 25150J   26262.68737611  .00003171  00000+0  27338-3 0  9991
2 64798  70.0027   5.4069 0003329 269.0338  91.0440 14.98337147 66461

1 64799U 25150K   26262.24524007  .00003041  00000+0  26246-3 0  9990
2 64799  70.0028   6.2709 0003497 270.4637  89.6121 14.98337247 65512

1 64800U 25150L   26262.99612793  .00000722  00000+0  68320-4 0  9998
2 64800  70.0023   4.4771 0003548 268.2132  91.8621 14.98333444 65628

1 64801U 25150M   26263.00865207  .00002645  00000+0  22937-3 0  9991
2 64801  70.0030   4.5187 0003168 271.2232  88.8564 14.98337023 65621

1 64802U 25150N   26263.03369799  .00002444  00000+0  21254-3 0  9998
2 64802  70.0028   4.6001 0003537 268.3623  91.7130 14.98335737 65628

1 64803U 25150P   26262.70006337  .00002921  00000+0  25242-3 0  9999
2 64803  70.0030   5.4419 0003495 269.8506  90.2253 14.98336499 65573

1 64804U 25150Q   26262.53732236  .00002881  00000+0  24912-3 0  9993
2 64804  70.0027   5.6791 0003240 271.4889  88.5899 14.98338193 65553

1 64805U 25150R   26263.02535543  .00004202  00000+0  35976-3 0  9992
2 64805  70.0027   4.5755 0003160 269.4088  90.6709 14.98329146 65621

1 64806U 25150S   26262.57470007  .00002309  00000+0  20119-3 0  9994
2 64806  70.0024   5.4088 0003250 268.6961  91.3826 14.98335213 65562

1 64807U 25150T   26262.94607307  .00003865  00000+0  33139-3 0  9995
2 64807  70.0019   4.7035 0003730 270.6966  89.3765 14.98343835 65616

1 64808U 25150U   26263.01699993  .00002733  00000+0  23668-3 0  9996
2 64808  70.0025   4.5470 0003871 268.1852  91.8864 14.98336430 65629

1 64809U 25150V   26263.00447750  .00002019  00000+0  17697-3 0  9990
2 64809  70.0023   4.5074 0003304 269.1959  90.8821 14.98335884 65622

1 64810U 25150W   26260.71794316  .00004528  00000+0  38709-3 0  9994
2 64810  70.0016  10.1729 0003499 269.6005  90.4753 14.98321136 65285

1 64811U 25150X   26262.98362948  .00004585  00000+0  39173-3 0  9997
2 64811  70.0025   4.4265 0003204 265.6576  94.4217 14.98334152 65629

1 64812U 25150Y   26262.55818321 -.00002788  00000+0 -22598-3 0  9990
2 64812  70.0028   5.7055 0003293 269.4830  90.5952 14.98324501 65559

1 64813U 25150Z   26262.57489022 -.00002783  00000+0 -22546-3 0  9993
2 64813  70.0026   5.8068 0003472 264.0965  95.9798 14.98340401 65556

1 64814U 25150AA  26261.72369771  .00004878  00000+0  41627-3 0  9994
2 64814  70.0020   7.6519 0003805 270.5872  89.4851 14.98331670 65423

1 64815U 25150AB  26262.54149712  .00003898  00000+0  33425-3 0  9995
2 64815  70.0032   5.6926 0003234 270.3301  89.7487 14.98338835 65550

1 64842U 25152A   26263.02912499  .00010160  00000+0  31666-3 0  9996
2 64842  97.2836 113.6185 0001653  87.8502 272.2930 15.33439685 64755

1 64843U 25152B   26263.00193177  .00011383  00000+0  35431-3 0  9991
2 64843  97.2838 113.5119 0001442  76.2965 283.8438 15.33452340 64748

1 64844U 25152C   26262.03126335  .00012429  00000+0  38666-3 0  9991
2 64844  97.2845 112.5290 0002266  96.2128 263.9373 15.33444216 64597

1 64845U 25152D   26262.86597324  .00015194  00000+0  47167-3 0  9991
2 64845  97.2847 113.3855 0001754 104.6524 255.4914 15.33468041 64725

1 64846U 25152E   26262.83607923  .00013441  00000+0  41767-3 0  9999
2 64846  97.2842 113.4184 0001914  89.9413 270.2049 15.33463809 64728

1 64847U 25152F   26262.83063772  .00012337  00000+0  38374-3 0  9991
2 64847  97.2838 113.4335 0002193  86.5281 273.6213 15.33451956 64728

1 64848U 25152G   26262.00407068  .00018248  00000+0  56595-3 0  9993
2 64848  97.2858 112.5686 0002791 101.6995 258.4561 15.33455270 64590

1 64849U 25152H   26262.04211749  .00018051  00000+0  55939-3 0  9990
2 64849  97.2832 112.6880 0002055  90.5860 269.5618 15.33485509 64606

1 64850U 25152J   26263.04543559  .00014361  00000+0  44630-3 0  9996
2 64850  97.2846 113.5992 0001651  91.2222 268.9209 15.33445657 64753

1 64851U 25152K   26262.32219867  .00015528  00000+0  48210-3 0  9993
2 64851  97.2831 112.8966 0004164  79.9537 280.2176 15.33453147 64646

1 64852U 25152L   26262.36297360  .00011861  00000+0  36908-3 0  9999
2 64852  97.2835 112.9972 0001817  87.4326 272.7125 15.33450847 64656

1 64853U 25152M   26262.46629349  .00006636  00000+0  20769-3 0  9999
2 64853  97.2852 113.0080 0002155  86.3496 273.7993 15.33445624 64662

1 64854U 25152N   26263.02368214  .00007759  00000+0  24238-3 0  9996
2 64854  97.2854 113.6350 0001999  82.7371 277.4099 15.33450431 64758

1 64855U 25152P   26263.01280631  .00011766  00000+0  36612-3 0  9994
2 64855  97.2835 113.4942 0001643  79.5763 280.5665 15.33452647 64742

1 64856U 25152Q   26263.03455763  .00015687  00000+0  48704-3 0  9998
2 64856  97.2830 113.6254 0001321  92.7735 267.3659 15.33455881 64755

1 64857U 25152R   26262.36569505  .00013149  00000+0  40895-3 0  9998
2 64857  97.2826 112.9986 0002051  83.5351 276.6125 15.33441375 64651

1 64858U 25152S   26262.86054128  .00015456  00000+0  47990-3 0  9990
2 64858  97.2827 113.3860 0001944  82.9903 277.1561 15.33456564 64729

1 64859U 25152T   26262.86869905  .00012954  00000+0  40273-3 0  9995
2 64859  97.2856 113.3878 0001981  91.3076 268.8393 15.33455622 64721

1 64860U 25152U   26263.00465313  .00018425  00000+0  57140-3 0  9999
2 64860  97.2857 113.5128 0001679  66.0928 294.0491 15.33458787 64740

1 64861U 25152V   26261.31073257  .00014189  00000+0  44117-3 0  9997
2 64861  97.2847 111.8480 0001536  76.7012 283.4402 15.33432810 64480

1 64862U 25152W   26263.04271450  .00017608  00000+0  54629-3 0  9993
2 64862  97.2845 113.6132 0001694  98.0011 262.1424 15.33454367 64753

1 64863U 25152X   26262.00680109  .00013293  00000+0  41334-3 0  9999
2 64863  97.2858 112.5720 0002633  98.5883 261.5658 15.33443092 64592

1 64864U 25152Y   26262.86326544  .00020649  00000+0  63991-3 0  9990
2 64864  97.2851 113.3920 0002776  85.1704 274.9855 15.33455392 64727

1 64865U 25152Z   26262.84151120  .00014746  00000+0  45807-3 0  9992
2 64865  97.2855 113.4187 0002193  90.5505 269.5989 15.33451659 64720

1 64904U 25157A   26262.11579826  .00003846  00000+0  12497-3 0  9996
2 64904  53.1587 164.0047 0001341  71.5153 288.5996 15.34386212 65774

1 64905U 25157B   26263.14955517  .00016852  00000+0  50864-3 0  9997
2 64905  53.1566 159.0783 0001299  80.9892 279.1258 15.34408403 65953

1 64906U 25157C   26262.27552189  .00015120  00000+0  45758-3 0  9992
2 64906  53.1566 163.5777 0000932 102.4947 257.6160 15.34410286 65754

1 64907U 25157D   26263.08815422  .00016068  00000+0  48557-3 0  9997
2 64907  53.1573 157.9905 0001093  93.5251 266.5877 15.34407219 65958

1 64908U 25157E   26262.46482158  .00020065  00000+0  65645-3 0  9994
2 64908  53.1589 164.0431 0000990  77.3624 282.7488 15.31708443 65811

1 64909U 25157F   26263.18953061  .00012344  00000+0  37584-3 0  9993
2 64909  53.1590 159.3236 0001194  84.6625 275.4513 15.34402737 65899

1 64910U 25157G   26263.15923705  .00011758  00000+0  38980-3 0  9993
2 64910  53.1576 160.5575 0001352  88.9447 271.1709 15.31720765 65925

1 64911U 25157H   26263.12650117  .00019847  00000+0  59694-3 0  9997
2 64911  53.1576 159.6465 0001157  78.6129 281.5003 15.34401877 65935

1 64912U 25157J   26262.24396528  .00020648  00000+0  62018-3 0  9998
2 64912  53.1598 163.3790 0001436  95.3153 264.8014 15.34419115 65802

1 64913U 25157K   26262.98215800  .00015013  00000+0  49444-3 0  9991
2 64913  53.1605 161.5859 0001311  60.4051 299.7081 15.31709688 65849

1 64914U 25157L   26263.17901368  .00023848  00000+0  71420-3 0  9999
2 64914  53.1583 159.2606 0002357  95.1436 264.9836 15.34421515 65892

1 64915U 25157M   26263.15376319  .00017750  00000+0  53504-3 0  9998
2 64915  53.1584 159.0997 0001305  91.1713 268.9439 15.34411736 65944

1 64916U 25157N   26262.99461934  .00013668  00000+0  41484-3 0  9996
2 64916  53.1587 152.4352 0001390  87.3336 272.7825 15.34405939 66022

1 64917U 25157P   26263.08475159  .00012157  00000+0  40274-3 0  9990
2 64917  53.1578 161.5034 0002388  70.1829 289.9430 15.31710368 65850

1 64918U 25157Q   26263.14534352  .00015911  00000+0  48090-3 0  9994
2 64918  53.1571 159.0552 0000612 111.1233 248.9835 15.34408860 65942

1 64919U 25157R   26262.22932285  .00020056  00000+0  60291-3 0  9993
2 64919  53.1567 163.9855 0001262  90.6841 269.4306 15.34411239 65794

1 64920U 25157S   26263.10756295  .00017321  00000+0  52246-3 0  9990
2 64920  53.1581 159.5259 0001505  93.0859 267.0316 15.34408320 65935

1 64921U 25157T   26263.01297015  .00027506  00000+0  82208-3 0  9998
2 64921  53.1573 159.6460 0001531  86.1736 273.9441 15.34405368 65921

1 64922U 25157U   26263.20005094  .00037494  00000+0  11146-2 0  9993
2 64922  53.1542 159.3886 0001084  81.2085 278.9040 15.34420211 65893

1 64923U 25157V   26262.44779504  .00013455  00000+0  40868-3 0  9998
2 64923  53.1593 162.5137 0000818  98.4398 261.6697 15.34395968 65837

1 64924U 25157W   26262.25040242  .00015845  00000+0  52099-3 0  9992
2 64924  53.1587 164.8337 0001720  83.3629 276.7568 15.31717252 65735

1 64925U 25157X   26262.44990127  .00021599  00000+0  64894-3 0  9999
2 64925  53.1588 162.5281 0002430  87.9223 272.2058 15.34379901 65833

1 64926U 25157Y   26262.94958082  .00016883  00000+0  55430-3 0  9995
2 64926  53.1579 162.0858 0000789  92.6849 267.4243 15.31715552 65836

1 64927U 25157Z   26262.44568371  .00006809  00000+0  21247-3 0  9995
2 64927  53.1599 162.4897 0001141 102.5539 257.5591 15.34397996 65552

1 64928U 25157AA  26262.93740749  .00023518  00000+0  70490-3 0  9991
2 64928  53.1579 160.5915 0001555  71.4849 288.6322 15.34403847 65907

1 64929U 25157AB  26263.13701940  .00014965  00000+0  45313-3 0  9997
2 64929  53.1558 159.7084 0001154 100.0120 260.1013 15.34402187 65939

1 64930U 25157AC  26263.10798521  .00016262  00000+0  53433-3 0  9991
2 64930  53.1581 160.9333 0000682 126.8280 233.2784 15.31718615 65801

1 64931U 25157AD  26263.17479509  .00013322  00000+0  40448-3 0  9997
2 64931  53.1589 159.2406 0001431  52.8501 307.2632 15.34418431 65944

1 64932U 25158A   26263.03122634  .00015822  00000+0  49134-3 0  9996
2 64932  97.2845 121.3229 0001441  75.3694 284.7708 15.33446808 64621

1 64933U 25158B   26262.36509635  .00011359  00000+0  35353-3 0  9991
2 64933  97.2849 120.6996 0001598  90.6217 269.5209 15.33453366 64537

1 64934U 25158C   26263.08561316  .00011241  00000+0  34977-3 0  9997
2 64934  97.2839 121.4119 0001879  86.8185 273.3273 15.33465757 64649

1 64935U 25158D   26262.89256053  .00020222  00000+0  62673-3 0  9998
2 64935  97.2847 121.2176 0002564  82.9783 277.1751 15.33457468 64613

1 64936U 25158E   26262.85177341  .00009878  00000+0  30792-3 0  9998
2 64936  97.2850 121.1195 0001663  91.7837 268.3596 15.33440737 64604

1 64937U 25158F   26263.03938731  .00010635  00000+0  33126-3 0  9995
2 64937  97.2851 121.3210 0001795  83.9615 276.1832 15.33446041 64636

1 64938U 25158G   26262.83002267  .00008686  00000+0  27104-3 0  9991
2 64938  97.2849 121.1435 0002234 103.5115 256.6377 15.33445331 64609

1 64939U 25158H   26262.42217560  .00014658  00000+0  45554-3 0  9996
2 64939  97.2847 120.7882 0001468 103.3741 256.7665 15.33441219 64387

1 64940U 25158J   26263.06113431  .00011412  00000+0  35515-3 0  9992
2 64940  97.2852 121.3494 0001373  89.9634 270.1766 15.33456122 64635

1 64941U 25158K   26263.04480821 -.00004230  00000+0 -12884-3 0  9997
2 64941  97.2843 121.3152 0000701 248.8231 111.2937 15.33429117 64572

1 64942U 25158L   26263.03665616  .00013551  00000+0  42107-3 0  9999
2 64942  97.2844 121.3189 0000363  70.7926 289.3356 15.33463538 64635

1 64943U 25158M   26262.39770479  .00020159  00000+0  62487-3 0  9997
2 64943  97.2859 120.6687 0000802 102.6643 257.4689 15.33456278 64533

1 64944U 25158N   26261.11434843  .00009820  00000+0  30607-3 0  9990
2 64944  97.2851 119.4981 0001204 128.0627 232.0725 15.33447838 64341

1 64945U 25158P   26262.03336556  .00020113  00000+0  62340-3 0  9992
2 64945  97.2843 120.3948 0001352  58.4426 301.6949 15.33458075 64485

1 64946U 25158Q   26262.86265504  .00020025  00000+0  62075-3 0  9995
2 64946  97.2852 121.1029 0002224  91.3152 268.8346 15.33454787 64601

1 64947U 25158R   26261.17416897  .00007377  00000+0  23061-3 0  9999
2 64947  97.2845 119.4241 0001963  97.0927 263.0539 15.33442868 64341

1 64948U 25158S   26262.86810024  .00022486  00000+0  69621-3 0  9997
2 64948  97.2855 121.1013 0001300 103.6686 256.4702 15.33470110 64609

1 64949U 25158T   26261.13610155  .00010166  00000+0  31681-3 0  9997
2 64949  97.2843 119.4672 0001461 110.1085 250.0315 15.33444312 64348

1 64950U 25158U   26262.85721202  .00016331  00000+0  50704-3 0  9992
2 64950  97.2857 121.1151 0001954  89.9543 270.1924 15.33447535 64592

1 64951U 25158V   26262.87352707  .00010774  00000+0  33538-3 0  9996
2 64951  97.2848 121.2421 0003534  94.9561 265.2085 15.33459649 64611

1 64952U 25158W   26262.88440148  .00017758  00000+0  55087-3 0  9997
2 64952  97.2851 121.2153 0002561  89.3101 270.8435 15.33455326 64614

1 64953U 25158X   26263.03394319  .00022270  00000+0  69002-3 0  9991
2 64953  97.2854 121.3333 0001392 104.3016 255.8382 15.33449166 64634

1 64954U 25158Y   26262.84636057  .00010628  00000+0  33115-3 0  9998
2 64954  97.2846 121.1251 0002283  90.2535 269.8969 15.33436273 64600

1 64955U 25158Z   26262.85993197  .00019475  00000+0  60353-3 0  9994
2 64955  97.2844 121.1125 0002279  91.5654 268.5850 15.33469334 64609

1 65015U 25161A   26262.96908809  .00138627  00000+0  89119-3 0  9996
2 65015  53.1576  77.9948 0000859 112.5273 247.5838 15.75304728 22781

1 65016U 25161B   26263.12451073  .00016650  00000+0  50278-3 0  9997
2 65016  53.1574 109.3052 0001204  87.6483 272.4658 15.34402604 65237

1 65017U 25161C   26262.97950970  .00015499  00000+0  46886-3 0  9990
2 65017  53.1582 109.8184 0001083  86.6296 273.4830 15.34403408 65218

1 65018U 25161D   26262.99844747  .00010978  00000+0  33539-3 0  9995
2 65018  53.1572 109.9425 0001122  88.9872 271.1259 15.34417937 65106

1 65019U 25161E   26262.95645638  .00006736  00000+0  21041-3 0  9992
2 65019  53.1576 110.3887 0001995  78.5138 281.6088 15.34384241 65205

1 65020U 25161F   26263.13655859  .00012598  00000+0  38334-3 0  9997
2 65020  53.1559 107.2532 0001063  99.4716 260.6407 15.34401290 65262

1 65021U 25161G   26262.11810768  .00015117  00000+0  45763-3 0  9991
2 65021  53.1585 114.4006 0001347  98.1872 261.9284 15.34401213 64959

1 65022U 25161H   26262.99635304 -.00011927  00000+0 -34287-3 0  9995
2 65022  53.1572 109.9278 0001265  84.2557 275.8590 15.34356789 65098

1 65023U 25161J   26262.98161204  .00017339  00000+0  52302-3 0  9997
2 65023  53.1589 109.8336 0000584 137.7797 222.3251 15.34404809 65092

1 65024U 25161K   26263.06933749  .00027024  00000+0  80747-3 0  9995
2 65024  53.1556 107.5429 0001522  77.8290 282.2883 15.34423332 65133

1 65025U 25161L   26262.92431916  .00010136  00000+0  31069-3 0  9998
2 65025  53.1579 108.0598 0001279  88.7708 271.3441 15.34401628 65140

1 65026U 25161M   26263.00054988  .00026297  00000+0  78644-3 0  9994
2 65026  53.1564 109.9504 0000892  86.1741 273.9363 15.34411125 65112

1 65027U 25161N   26262.99213395  .00022644  00000+0  67901-3 0  9997
2 65027  53.1567 109.8949 0001116  95.0037 265.1093 15.34412253 65100

1 65028U 25161P   26262.94956473  .00015904  00000+0  48074-3 0  9995
2 65028  53.1585 108.2176 0001120  73.8661 286.2465 15.34406934 65126

1 65029U 25161Q   26262.99366578  .00018006  00000+0  54263-3 0  9995
2 65029  53.1557 107.7821 0001569  87.2703 272.8479 15.34407443 65133

1 65030U 25161R   26262.22312669  .00024341  00000+0  72878-3 0  9996
2 65030  53.1566 113.6329 0001071  96.8867 263.2258 15.34417792 64988

1 65031U 25161S   26262.84091101  .00010587  00000+0  32396-3 0  9998
2 65031  53.1589 111.0877 0001405  77.3624 282.7536 15.34408000 63975

1 65032U 25161T   26262.92489229  .00019828  00000+0  59623-3 0  9999
2 65032  53.1571 110.1917 0000855  87.8726 272.2374 15.34410465 65096

1 65034U 25161V   26262.92279058  .00012535  00000+0  38145-3 0  9992
2 65034  53.1586 110.1748 0001162  93.2386 266.8749 15.34404519 63996

1 65035U 25161W   26262.99997235  .00015112  00000+0  45750-3 0  9998
2 65035  53.1565 107.8193 0001003  88.9264 271.1854 15.34399004 64035

1 65036U 25161X   26262.93751580  .00011467  00000+0  34995-3 0  9992
2 65036  53.1582 110.2693 0001357 107.1608 252.9544 15.34404697 63998

1 65037U 25161Y   26262.96907951  .00016779  00000+0  50655-3 0  9993
2 65037  53.1581 110.4643 0001593  49.9747 310.1395 15.34403176 63996

1 65038U 25161Z   26262.94325458  .00012554  00000+0  38189-3 0  9993
2 65038  53.1582 108.1739 0001280  90.4711 269.6438 15.34413401 64026

1 65039U 25161AA  26262.97740189  .00022324  00000+0  66936-3 0  9996
2 65039  53.1591 109.8015 0000315  24.5699 335.5319 15.34424409 64002

1 65040U 25161AB  26262.98582538  .00019413  00000+0  58407-3 0  9990
2 65040  53.1579 109.8520 0001792  89.5245 270.5963 15.34406272 64000

1 65041U 25161AC  26262.86128741  .00014949  00000+0  45274-3 0  9997
2 65041  53.1574 108.3756 0000541  95.8666 264.2398 15.34395092 64019

1 65042U 25161AD  26263.07563110  .00014094  00000+0  42740-3 0  9991
2 65042  53.1575 107.5781 0001691  72.5262 287.5925 15.34407113 64046

1 65056U 25165A   26263.00003471  .00031764  00000+0  98269-3 0  9992
2 65056  97.2853 334.2066 0001594  81.5684  57.1336 15.33424806  5559

1 65057U 25165B   26262.43656304  .00011437  00000+0  35602-3 0  9995
2 65057  97.2848 333.6889 0001171 105.9700 254.1672 15.33447216 63962

1 65058U 25165C   26263.14893237  .00017722  00000+0  54987-3 0  9993
2 65058  97.2841 334.4018 0001575  98.4294 261.7127 15.33451373 64072

1 65059U 25165D   26263.16670139  .00042693  00000+0  13174-2 0  9997
2 65059  97.2854 334.3437 0001465  85.7406 177.3843 15.33443130  5785

1 65060U 25165E   26263.16670139  .00053443  00000+0  16457-2 0  9991
2 65060  97.2852 334.4061 0001582  79.7105 333.3961 15.33452328  5737

1 65061U 25165F   26263.16670139  .00059521  00000+0  18312-2 0  9997
2 65061  97.2848 334.3942 0001676  80.3355 302.7364 15.33449987  5788

1 65062U 25165G   26262.44744049  .00017350  00000+0  53878-3 0  9991
2 65062  97.2855 333.6759 0000406 350.6296   9.4939 15.33428737 63965

1 65063U 25165H   26263.16670139  .00057194  00000+0  17635-2 0  9990
2 65063  97.2848 334.4035 0001554  91.6124 306.6148 15.33391326  5739

1 65064U 25165J   26263.00003471  .00024568  00000+0  76117-3 0  9993
2 65064  97.2853 334.2641 0001748  85.4947 188.2010 15.33430912  5700

1 65065U 25165K   26263.17883997  .00010878  00000+0  33872-3 0  9991
2 65065  97.2859 334.3626 0001309 101.3890 258.7500 15.33450303 64077

1 65066U 25165L   26263.16670139  .02317380  00000+0  72010-1 0  9998
2 65066  97.2851 334.2916 0001438  90.3863  42.3733 15.30121194  5734

1 65067U 25165M   26263.15164993  .00013750  00000+0  42740-3 0  9995
2 65067  97.2844 334.3990 0001422  88.5975 271.5430 15.33450040 64076

1 65068U 25165N   26263.00003471  .00027304  00000+0  84522-3 0  9997
2 65068  97.2859 334.1706 0001194  84.8074 323.8611 15.33437560  5801

1 65069U 25165P   26263.16670139  .00043262  00000+0  13359-2 0  9996
2 65069  97.2857 334.3302 0001689  83.7890 149.3970 15.33417170  5777

1 65070U 25165Q   26262.45014410  .00023710  00000+0  73364-3 0  9992
2 65070  97.2863 333.6713 0000676 115.2090 244.9223 15.33480207 63961

1 65071U 25165R   26262.92052441  .00015655  00000+0  48587-3 0  9999
2 65071  97.2854 334.1035 0001767 266.7923  93.3118 15.33469785 64030

1 65072U 25165S   26263.16670139  .00054276  00000+0  16730-2 0  9993
2 65072  97.2854 334.3256 0002235  80.8161 137.3686 15.33414339  5183

1 65073U 25165T   26263.16670139  .00053318  00000+0  16431-2 0  9998
2 65073  97.2849 334.3727 0001600  90.7398 232.4275 15.33428102  5788

1 65074U 25165U   26262.98035757  .00006102  00000+0  19119-3 0  9995
2 65074  97.2856 334.1757 0001523  87.1390 273.0027 15.33443791 64045

1 65078U 25167A   26262.45177068  .00017459  00000+0  52631-3 0  9998
2 65078  53.1555 202.5891 0000976  77.3297 282.7814 15.34420042 63204

1 65079U 25167B   26263.15086737  .00015118  00000+0  45752-3 0  9995
2 65079  53.1578 197.0085 0001283 100.4637 259.6510 15.34409920 63344

1 65080U 25167C   26262.56675034  .00015621  00000+0  47259-3 0  9998
2 65080  53.1591 199.7603 0001300  83.5923 276.5228 15.34394087 64471

1 65081U 25167D   26262.54425616  .00016770  00000+0  50631-3 0  9990
2 65081  53.1583 202.4540 0001337  93.0732 267.0423 15.34402665 64462

1 65082U 25167E   26262.30783357  .00014892  00000+0  45105-3 0  9997
2 65082  53.1577 199.5903 0001227  76.1932 283.9207 15.34396925 63239

1 65083U 25167F   26262.55678683  .00014920  00000+0  45169-3 0  9992
2 65083  53.1596 201.8246 0000771 105.6830 254.4258 15.34408973 63221

1 65084U 25167G   26263.08734529  .00018676  00000+0  56258-3 0  9997
2 65084  53.1573 195.8397 0000412  27.9663 332.1361 15.34394373 63348

1 65086U 25167J   26263.12253127  .00026077  00000+0  77968-3 0  9999
2 65086  53.1585 203.1666 0001997  92.8785 267.2446 15.34421808 63256

1 65087U 25167K   26262.44794891  .00008926  00000+0  29879-3 0  9993
2 65087  53.1587 206.7758 0001499  73.7229 286.3938 15.31727407 63145

1 65088U 25167L   26262.14339195  .00020863  00000+0  62660-3 0  9992
2 65088  53.1587 207.7200 0001884  91.6909 268.4309 15.34414548 63102

1 65089U 25167M   26262.54051692  .00024308  00000+0  72865-3 0  9996
2 65089  53.1578 205.9332 0001222  78.8407 281.2733 15.34381886 63163

1 65090U 25167N   26262.56377239  .00014226  00000+0  46914-3 0  9992
2 65090  53.1586 206.0746 0001064  91.2503 268.8620 15.31712137 63165

1 65091U 25167P   26263.09155187  .00026835  00000+0  80164-3 0  9992
2 65091  53.1572 195.8649 0001215  99.0071 261.1070 15.34434425 63352

1 65092U 25167Q   26262.49385949  .00011922  00000+0  39516-3 0  9993
2 65092  53.1583 206.3480 0001848  86.5515 273.5698 15.31713629 63156

1 65093U 25167R   26262.88561969  .00014458  00000+0  43802-3 0  9995
2 65093  53.1576 196.7112 0001679  85.6043 274.5152 15.34415184 63324

1 65094U 25167S   26263.09996709  .00020305  00000+0  61015-3 0  9998
2 65094  53.1574 195.9186 0000568  82.2533 277.8534 15.34415305 63345

1 65095U 25167T   26262.31623252  .00011492  00000+0  35070-3 0  9992
2 65095  53.1573 199.5583 0001385  94.4924 265.6236 15.34402519 63238

1 65096U 25167U   26262.24899226  .00022938  00000+0  68753-3 0  9992
2 65096  53.1575 199.8475 0001119 102.7473 257.3654 15.34418419 63228

1 65097U 25167V   26263.09365715  .00028581  00000+0  85363-3 0  9994
2 65097  53.1579 195.8772 0000590  75.3245 284.7823 15.34406567 63350

1 65098U 25167W   26263.08628769  .00014407  00000+0  43670-3 0  9992
2 65098  53.1578 199.3885 0001549 103.6486 256.4689 15.34401276 63304

1 65099U 25167X   26262.49375309  .00026149  00000+0  78190-3 0  9997
2 65099  53.1588 202.0908 0001158 107.5616 252.5513 15.34418467 63211

1 65100U 25167Y   26263.09891372  .00026748  00000+0  79979-3 0  9991
2 65100  53.1581 199.4725 0000508  67.6189 292.4867 15.34406556 63303

1 65101U 25167Z   26263.11995345  .00029137  00000+0  86986-3 0  9991
2 65101  53.1569 199.6017 0001408  88.3140 271.8024 15.34409410 63301

1 65102U 25167AA  26263.16720547  .00019037  00000+0  57312-3 0  9996
2 65102  53.1603 195.6220 0001494  89.3584 270.7590 15.34400990 63356

1 65103U 25167AB  26263.12625694  .00007765  00000+0  24062-3 0  9991
2 65103  53.1577 199.6404 0001510  94.0319 266.0856 15.34413135 63306

1 65104U 25167AC  26262.49692539  .00011351  00000+0  34681-3 0  9997
2 65104  53.1577 198.5480 0001244  81.7460 278.3684 15.34378563 63257

1 65105U 25167AD  26262.30360342  .00016001  00000+0  48347-3 0  9993
2 65105  53.1575 199.4756 0001272  80.2068 279.9079 15.34413670 63233

1 65174U 25175A   26262.94589957  .00011527  00000+0  35882-3 0  9991
2 65174  97.2846 131.8689 0001986  90.9984 269.1486 15.33444916 62015

1 65175U 25175B   26262.90239571  .00011707  00000+0  36419-3 0  9999
2 65175  97.2855 131.9255 0003597  97.4534 262.7117 15.33458818 62059

1 65176U 25175C   26263.19876405  .00009544  00000+0  29749-3 0  9999
2 65176  97.2847 132.1362 0002404  84.7301 275.4216 15.33453047 62083

1 65177U 25175D   26262.90783302  .00014250  00000+0  44276-3 0  9993
2 65177  97.2841 131.9187 0002355  98.0869 262.0641 15.33451925 62045

1 65178U 25175E   26262.37220882  .00012770  00000+0  39737-3 0  9995
2 65178  97.2841 131.4219 0002269  92.8641 267.2862 15.33431136 61965

1 65179U 25175F   26261.88006578  .00010955  00000+0  34116-3 0  9994
2 65179  97.2841 130.8678 0002034  94.0937 266.0538 15.33443426 61883

1 65180U 25175G   26261.14865914  .00011557  00000+0  35973-3 0  9993
2 65180  97.2844 130.1783 0001743 109.6582 250.4849 15.33447500 61770

1 65181U 25175H   26262.88609904  .00010658  00000+0  33188-3 0  9998
2 65181  97.2845 131.9459 0002433 105.9045 254.2466 15.33452903 62019

1 65182U 25175J   26263.10903968  .00013678  00000+0  42519-3 0  9995
2 65182  97.2826 132.1047 0001568  81.7477 278.3943 15.33447097 62074

1 65183U 25175K   26262.88878051  .00027791  00000+0  85903-3 0  9999
2 65183  97.2841 131.9419 0000602  77.9291 282.2019 15.33481121 62019

1 65184U 25175L   26262.35587958  .00013330  00000+0  41433-3 0  9999
2 65184  97.2855 131.2953 0000872  75.0656 285.0683 15.33458697 61956

1 65185U 25175M   26262.94046295  .00019630  00000+0  60832-3 0  9992
2 65185  97.2821 131.8764 0001971 106.8189 253.3270 15.33469284 62046

1 65186U 25175N   26263.08728457  .00011111  00000+0  34598-3 0  9992
2 65186  97.2841 132.1351 0001601  91.3791 268.7635 15.33446504 62070

1 65187U 25175P   26262.08670309  .00013135  00000+0  40838-3 0  9996
2 65187  97.2830 131.0511 0001751  95.4584 264.6858 15.33450941 61910

1 65188U 25175Q   26261.86102894  .00015407  00000+0  47841-3 0  9996
2 65188  97.2840 130.8937 0001524  71.6615 288.4793 15.33455808 61852

1 65189U 25175R   26262.07854364  .00012993  00000+0  40394-3 0  9990
2 65189  97.2830 131.0631 0001230  64.7484 295.3886 15.33457908 61917

1 65190U 25175S   26263.16670139 -.00002542  00000+0 -76397-4 0  9993
2 65190  97.2849 132.1288 0002047  93.5589 134.6844 15.33455621  5818

1 65191U 25175T   26262.37763438  .00012935  00000+0  40240-3 0  9993
2 65191  97.2844 131.4143 0002014  93.8991 266.2483 15.33437383 61964

1 65192U 25175U   26262.39395143  .00017221  00000+0  53453-3 0  9993
2 65192  97.2840 131.4001 0002493  82.0192 278.1334 15.33443559 61934

1 65193U 25175V   26262.92142821  .00016564  00000+0  51405-3 0  9990
2 65193  97.2856 131.9064 0002611  92.7924 267.3617 15.33455812 62018

1 65194U 25175W   26263.12807091  .00011860  00000+0  36906-3 0  9994
2 65194  97.2848 132.0878 0001699  89.8381 270.3057 15.33449984 62042

1 65195U 25175X   26262.88336594  .00011439  00000+0  35614-3 0  9999
2 65195  97.2851 131.8096 0002083  90.7524 269.3957 15.33441226 62031

1 65196U 25175Y   26263.11446741  .00018589  00000+0  57630-3 0  9998
2 65196  97.2801 132.1029 0000407 138.9443 221.1831 15.33468362 62071

1 65197U 25175Z   26262.89695784  .00010540  00000+0  32829-3 0  9998
2 65197  97.2836 131.9391 0002651  94.3045 265.8501 15.33448573 62043

1 65198U 25176A   26262.77677159  .00019915  00000+0  59878-3 0  9991
2 65198  53.1583 332.7996 0001760 103.0775 257.0424 15.34411177 62817

1 65199U 25176B   26263.20223647  .00016371  00000+0  49465-3 0  9994
2 65199  53.1601 324.8111 0000988 106.0953 254.0158 15.34396621 62897

1 65200U 25176C   26263.18759652  .00013433  00000+0  40798-3 0  9990
2 65200  53.1602 325.4328 0001229  85.7058 274.4085 15.34400322 62952

1 65201U 25176D   26262.17478818  .00021262  00000+0  63838-3 0  9990
2 65201  53.1606 329.7726 0001548  91.7069 268.4111 15.34411602 62809

1 65202U 25176E   26262.89338897  .00012846  00000+0  39067-3 0  9997
2 65202  53.1633 326.4388 0001181  94.1345 265.9793 15.34400495 62913

1 65203U 25176F   26263.21485795  .00008990  00000+0  27688-3 0  9996
2 65203  53.1607 324.8919 0001601  96.3784 263.7401 15.34399793 62960

1 65204U 25176G   26263.20014113  .00007490  00000+0  23263-3 0  9997
2 65204  53.1578 324.7892 0000882 323.0469  37.0473 15.34392143 62960

1 65205U 25176H   26262.91232149  .00021196  00000+0  63640-3 0  9998
2 65205  53.1613 326.5540 0000374  72.2322 287.8722 15.34414403 62919

1 65206U 25176J   26262.19162032  .00000477  00000+0  25264-4 0  9992
2 65206  53.1605 329.8716 0001452 119.9355 240.1792 15.34394447 62795

1 65207U 25176K   26262.79257249  .00008838  00000+0  27242-3 0  9990
2 65207  53.1595 327.2279 0001007  89.1485 270.9633 15.34397760 62895

1 65208U 25176L   26262.88707448  .00014150  00000+0  42934-3 0  9991
2 65208  53.1599 326.3998 0001088  87.6339 272.4788 15.34384302 62917

1 65209U 25176M   26262.45006646  .00016518  00000+0  49873-3 0  9996
2 65209  53.1603 328.6429 0001144 103.8787 256.2343 15.34412529 62841

1 65210U 25176N   26263.18128561  .00002573  00000+0  87266-4 0  9995
2 65210  53.1617 325.3901 0001018  80.9630 279.1488 15.34394261 62957

1 65211U 25176P   26263.19017301  .00013961  00000+0  42365-3 0  9999
2 65211  53.1598 326.8636 0001099  90.7474 269.3655 15.34394032 62932

1 65212U 25176Q   26261.46671225  .00015213  00000+0  46035-3 0  9999
2 65212  53.1606 333.1773 0001254  58.8100 301.3025 15.34407919 62690

1 65213U 25176R   26263.18548631  .00013346  00000+0  40521-3 0  9994
2 65213  53.1503 325.4058 0001878  83.9489 276.1728 15.34416156 62959

1 65214U 25176S   26263.17918028  .00016613  00000+0  50152-3 0  9996
2 65214  53.1576 325.3754 0002147  93.2890 266.8359 15.34412297 62893

1 65215U 25176T   26262.71326662  .00020830  00000+0  62563-3 0  9998
2 65215  53.1607 329.5723 0001304  80.0541 280.0609 15.34414096 62853

1 65216U 25176U   26262.77363698  .00006662  00000+0  20816-3 0  9997
2 65216  53.1608 327.1116 0001872  39.4063 320.7076 15.34394115 62895

1 65217U 25176V   26263.20644061  .00008219  00000+0  25406-3 0  9993
2 65217  53.1659 324.8383 0000778  87.9766 272.1326 15.34404367 62961

1 65218U 25176W   26262.46057940  .00020540  00000+0  61713-3 0  9997
2 65218  53.1607 328.7131 0001667  85.9593 274.1600 15.34412995 62843

1 65219U 25176X   26263.19602015 -.00004120  00000+0 -11094-3 0  9993
2 65219  53.1580 325.4755 0001569 113.9114 246.2053 15.34381408 62950

1 65220U 25176Y   26262.88497073  .00013404  00000+0  40706-3 0  9991
2 65220  53.1580 326.3820 0001342  80.3238 279.7916 15.34405220 62912

1 65221U 25176Z   26262.89549160  .00013210  00000+0  40137-3 0  9991
2 65221  53.1598 326.4464 0001311  82.1955 277.9197 15.34403507 62916

1 65222U 25176AA  26262.80309500  .00004786  00000+0  15269-3 0  9991
2 65222  53.1600 327.2911 0001873  44.2686 315.8466 15.34400047 62894

1 65223U 25176AB  26262.80099261  .00014390  00000+0  43619-3 0  9994
2 65223  53.1601 327.2753 0001767  40.5941 319.5193 15.34402033 62890

1 65224U 25176AC  26262.45426881  .00016941  00000+0  51134-3 0  9993
2 65224  53.1613 328.6684 0001290  84.7139 275.4011 15.34402295 62846

1 65225U 25176AD  26263.17497340  .00015087  00000+0  45673-3 0  9993
2 65225  53.1701 325.3563 0001361  55.1732 304.9398 15.34402550 62890

1 65235U 25179A   26262.05960273  .00018303  00000+0  56763-3 0  9999
2 65235  97.2858 301.4281 0000994  93.9038 266.2319 15.33459477 61155

1 65236U 25179B   26262.33965596  .00011594  00000+0  36090-3 0  9990
2 65236  97.2842 301.6585 0001184  89.9355 270.2024 15.33445199 61184

1 65237U 25179C   26262.35053178  .00016018  00000+0  49727-3 0  9994
2 65237  97.2837 301.6419 0002142  93.1366 267.0122 15.33453869 61286

1 65238U 25179D   26263.08465352  .00017252  00000+0  53516-3 0  9999
2 65238  97.2839 302.3339 0001641  93.6006 266.5424 15.33464469 60979

1 65239U 25179E   26262.76924940  .00013489  00000+0  41941-3 0  9994
2 65239  97.2834 302.1390 0002034 301.4049  58.6995 15.33443853 61208

1 65240U 25179F   26262.84810131  .00017231  00000+0  53466-3 0  9995
2 65240  97.2861 302.1892 0000570 130.6340 229.4952 15.33456739 61372

1 65241U 25179G   26261.84208089  .00019246  00000+0  59679-3 0  9998
2 65241  97.2864 301.1140 0000492 130.3953 229.7332 15.33453519 61054

1 65242U 25179H   26262.05688255  .00012011  00000+0  37368-3 0  9994
2 65242  97.2843 301.4333 0001139  92.0860 268.0513 15.33452697 61243

1 65243U 25179J   26263.18525623  .00007485  00000+0  23393-3 0  9991
2 65243  97.2839 302.4951 0001399 116.5770 243.5616 15.33446002 61421

1 65244U 25179K   26262.91063492  .00017510  00000+0  54320-3 0  9997
2 65244  97.2861 302.2629 0000533 207.5821 152.5394 15.33459733 61285

1 65245U 25179L   26263.06290042  .00022329  00000+0  69123-3 0  9999
2 65245  97.2845 302.3581 0001008 110.7306 249.4044 15.33476682 61210

1 65246U 25179M   26262.83722308  .00016331  00000+0  50687-3 0  9990
2 65246  97.2842 302.2298 0001059 115.6214 244.5139 15.33457786 61226

1 65247U 25179N   26262.89432397  .00010518  00000+0  32766-3 0  9992
2 65247  97.2841 302.2748 0001050 102.2769 257.8591 15.33444885 61263

1 65248U 25179P   26262.35868630  .00010507  00000+0  32732-3 0  9998
2 65248  97.2839 301.6346 0001103 105.4898 254.6467 15.33445874 61148

1 65249U 25179Q   26263.04930315  .00011332  00000+0  35265-3 0  9997
2 65249  97.2837 302.3811 0001109  96.7650 263.3719 15.33458307 61249

1 65250U 25179R   26262.36139485  .00008112  00000+0  25343-3 0  9990
2 65250  97.2834 301.6350 0000587 230.8850 129.2340 15.33430205 61124

1 65251U 25179S   26262.39403417  .00006061  00000+0  18991-3 0  9995
2 65251  97.2864 301.7436 0003425 102.8160 257.3466 15.33443454 61313

1 65252U 25179T   26262.86985361  .00006802  00000+0  21278-3 0  9996
2 65252  97.2868 302.1642 0000813  90.1917 269.9419 15.33450766 61220

1 65253U 25179U   26262.35596723  .00010404  00000+0  32420-3 0  9995
2 65253  97.2844 301.6343 0000980 106.5141 253.6209 15.33440963 61138

1 65254U 25179V   26262.37500061  .00007060  00000+0  22086-3 0  9999
2 65254  97.2843 301.7562 0001196 109.0898 251.0475 15.33437505 61134

1 65255U 25179W   26263.05202656  .00014857  00000+0  46152-3 0  9997
2 65255  97.2841 302.3712 0001158  83.3222 276.8152 15.33450598 61235

1 65256U 25179X   26263.07105824  .00020686  00000+0  64114-3 0  9994
2 65256  97.2851 302.3521 0000592  85.1283 275.0027 15.33453924 60971

1 65257U 25179Y   26263.06018054  .00010498  00000+0  32698-3 0  9994
2 65257  97.2849 302.3666 0001218  91.4867 268.6515 15.33450773 61355

1 65258U 25179Z   26262.82636392  .00011101  00000+0  34564-3 0  9995
2 65258  97.2841 302.0702 0001032  91.1377 268.9984 15.33448148 61203

1 65273U 25184A   26262.44384059  .00012712  00000+0  39533-3 0  9996
2 65273  97.2857 310.4419 0001626  97.1962 262.9466 15.33452051 60565

1 65274U 25184B   26262.40850402  .00014338  00000+0  44560-3 0  9995
2 65274  97.2811 310.3367 0001878  94.9688 265.1770 15.33443663 60557

1 65275U 25184C   26261.28011778  .00019740  00000+0  61180-3 0  9995
2 65275  97.2843 309.2689 0000686 101.6490 258.4830 15.33465366 60387

1 65276U 25184D   26262.94956647  .00018266  00000+0  56656-3 0  9997
2 65276  97.2846 310.9792 0000682  96.0782 264.0538 15.33455742 60646

1 65277U 25184E   26263.06920073  .00016860  00000+0  52325-3 0  9993
2 65277  97.2838 310.9745 0001445  84.3221 275.8186 15.33454505 60658

1 65278U 25184F   26263.09367372  .00011807  00000+0  36741-3 0  9994
2 65278  97.2841 311.0848 0001249 103.9701 256.1681 15.33451282 60664

1 65279U 25184G   26262.85714373  .00011452  00000+0  35644-3 0  9992
2 65279  97.2845 310.8007 0001607  71.8340 288.3078 15.33451274 60627

1 65280U 25184H   26263.07191766  .00015312  00000+0  47552-3 0  9994
2 65280  97.2838 310.9717 0000970 105.8957 254.2392 15.33454331 60655

1 65281U 25184J   26263.08551752  .00016944  00000+0  52580-3 0  9990
2 65281  97.2841 311.1012 0001097 116.3925 243.7430 15.33456842 60660

1 65282U 25184K   26262.92509916  .00010146  00000+0  31621-3 0  9999
2 65282  97.2845 310.8623 0000887 108.1883 251.9457 15.33442228 60581

1 65283U 25184L   26262.35955137  .00015643  00000+0  48593-3 0  9990
2 65283  97.2821 310.3976 0000428  92.1421 267.9871 15.33440204 60559

1 65284U 25184M   26262.07949918  .00015401  00000+0  47824-3 0  9998
2 65284  97.2844 310.0254 0001190  96.7104 263.4275 15.33455602 60508

1 65285U 25184N   26263.08823406  .00011662  00000+0  36295-3 0  9999
2 65285  97.2864 311.0957 0001052 105.8387 254.2972 15.33449773 60665

1 65286U 25184P   26261.89189051  .00013013  00000+0  40473-3 0  9993
2 65286  97.2831 309.8208 0000876  88.1508 271.9835 15.33443569 60420

1 65287U 25184Q   26262.90333890  .00015120  00000+0  46957-3 0  9993
2 65287  97.2855 310.8889 0000595  84.7898 275.3413 15.33456625 60579

1 65288U 25184R   26262.72389146  .00010919  00000+0  34003-3 0  9999
2 65288  97.2842 310.6779 0000946  91.8669 268.2682 15.33448684 60606

1 65289U 25184S   26263.10998781  .00010886  00000+0  33906-3 0  9998
2 65289  97.2847 311.0680 0000074 241.1666 118.9569 15.33443420 60661

1 65290U 25184T   26262.38674082  .00013334  00000+0  41459-3 0  9997
2 65290  97.2826 310.3709 0001216  92.6397 267.4985 15.33447002 60553

1 65291U 25184U   26262.08493650  .00021288  00000+0  65952-3 0  9996
2 65291  97.2864 310.0156 0001399  93.7458 266.3945 15.33462418 60508

1 65292U 25184V   26262.95228786  .00014714  00000+0  45694-3 0  9996
2 65292  97.2836 310.9739 0001838 103.0358 257.1090 15.33463457 60598

1 65293U 25184W   26262.38402137  .00017169  00000+0  53275-3 0  9999
2 65293  97.2824 310.3706 0000907 100.8965 259.2379 15.33454840 60554

1 65294U 25184X   26262.85168676  .00014073  00000+0  43701-3 0  9993
2 65294  97.2849 310.8036 0000268  99.0369 261.0904 15.33475381 60626

1 65295U 25184Y   26262.43841759  .00018304  00000+0  56843-3 0  9990
2 65295  97.2837 310.4458 0001520  92.8458 267.2959 15.33415891 60561

1 65296U 25184Z   26262.09581079  .00014568  00000+0  45249-3 0  9995
2 65296  97.2863 310.1461 0001926  88.2468 271.8995 15.33459784 60517

1 65323U 25189A   26262.83155996  .00014048  00000+0  46321-3 0  9993
2 65323  53.1594  23.3373 0000708  75.2982 284.8098 15.31726539 60857

1 65324U 25189B   26262.82256557  .00014628  00000+0  48197-3 0  9995
2 65324  53.1604  23.2969 0001471  63.0116 297.1035 15.31717350 60806

1 65325U 25189C   26262.81654899  .00020249  00000+0  60853-3 0  9995
2 65325  53.1603  22.5539 0001949  36.8992 323.2144 15.34414803 60869

1 65326U 25189D   26263.16670139  .00051215  00000+0  15199-2 0  9999
2 65326  53.1586  21.0984 0000777  89.0152 313.4128 15.34331101  5876

1 65327U 25189E   26262.98679604  .00027095  00000+0  80993-3 0  9999
2 65327  53.1618  22.1989 0002191 354.7065   5.3914 15.34408436 60885

1 65328U 25189F   26263.03665059  .00004285  00000+0  14975-3 0  9999
2 65328  53.1592  22.5036 0000975  99.3763 260.7348 15.31707015 60823

1 65329U 25189G   26262.82706340  .00022745  00000+0  68188-3 0  9991
2 65329  53.1583  22.6139 0001150  96.2153 263.8981 15.34417213 60866

1 65330U 25189H   26263.06031921  .00022102  00000+0  72134-3 0  9999
2 65330  53.1620  22.6474 0000692  55.7658 304.3409 15.31723180 60880

1 65331U 25189J   26262.69641528  .00037674  00000+0  12184-2 0  9996
2 65331  53.1590  23.9274 0001480 134.5934 225.5188 15.31734102 60770

1 65332U 25189K   26263.02763929  .00023810  00000+0  77567-3 0  9999
2 65332  53.1575  22.4316 0001072 307.8086  52.2819 15.31738024 59686

1 65333U 25189L   26262.97173453 -.00001808  00000+0 -46512-4 0  9992
2 65333  53.1595  22.8030 0001370  61.6603 298.4537 15.31699982 60870

1 65334U 25189M   26262.99974265  .00008261  00000+0  27748-3 0  9992
2 65334  53.1606  22.9832 0002449  27.0881 333.0248 15.31724907 60878

1 65335U 25189N   26262.59809077  .00016610  00000+0  50138-3 0  9993
2 65335  53.1590  24.0214 0001236  90.9529 269.1615 15.34416282 60828

1 65336U 25189P   26263.03930590  .00011248  00000+0  34345-3 0  9993
2 65336  53.1599  21.8090 0001335  78.1949 281.9203 15.34408491 60894

1 65337U 25189Q   26262.33790327  .00016656  00000+0  54704-3 0  9997
2 65337  53.1620  25.9583 0001361  95.2617 264.8540 15.31714508 60714

1 65338U 25189R   26262.38914299  .00010853  00000+0  36070-3 0  9998
2 65338  53.1608  25.5661 0001227  91.0619 269.0523 15.31724798 60788

1 65339U 25189S   26263.04632010 -.00002634  00000+0 -73127-4 0  9996
2 65339  53.1623  22.5591 0001094  78.9899 281.1225 15.31710068 60892

1 65340U 25189T   26262.94339772  .00014917  00000+0  49087-3 0  9997
2 65340  53.1596  22.6242 0000814  92.6400 267.4695 15.31739874 60824

1 65341U 25189U   26262.95102427  .00004017  00000+0  12988-3 0  9994
2 65341  53.1592  21.9612 0001285  69.4580 290.6560 15.34421102 60833

1 65342U 25189V   26262.62181130  .00016617  00000+0  54573-3 0  9992
2 65342  53.1595  24.1760 0001254  90.1114 270.0031 15.31717992 60732

1 65343U 25189W   26263.03299531  .00010277  00000+0  31487-3 0  9999
2 65343  53.1592  21.7608 0001035  93.6182 266.4939 15.34401498 60903

1 65344U 25189X   26262.79980416  .00025866  00000+0  77376-3 0  9998
2 65344  53.1613  23.1567 0000989  90.6732 269.4384 15.34410961 60860

1 65345U 25189Y   26263.05098751  .00011491  00000+0  38138-3 0  9993
2 65345  53.1572  22.5847 0001715  88.7104 271.4094 15.31709490 60897

1 65346U 25189Z   26262.36269742  .00006049  00000+0  19000-3 0  9997
2 65346  53.1593  24.6940 0001041  78.8658 281.2462 15.34401298 60801

1 65347U 25189AA  26262.97606686  .00013705  00000+0  45231-3 0  9999
2 65347  53.1581  22.8310 0001068  90.1121 270.0002 15.31719080 60872

1 65348U 25189AB  26262.90063083  .00010125  00000+0  31090-3 0  9992
2 65348  53.1584  22.3626 0001214  92.1084 268.0057 15.34348971 60871

1 65349U 25189AC  26263.03197860  .00016096  00000+0  52892-3 0  9995
2 65349  53.1560  22.4638 0000583 352.4720   7.6272 15.31724966 60849

1 65350U 25189AD  26262.82225411  .00017480  00000+0  57396-3 0  9999
2 65350  53.1596  23.2887 0001499  36.1942 323.9161 15.31687325 60808

1 65351U 25190A   26263.21600384  .00008006  00000+0  24777-3 0  9993
2 65351  53.1605 340.7084 0001288  90.0297 270.0853 15.34408615 59594

1 65352U 25190B   26262.94760083  .00008198  00000+0  25356-3 0  9992
2 65352  53.1600 343.9859 0001118  86.9639 273.1491 15.34391364 59528

1 65353U 25190C   26262.93296236  .00004040  00000+0  13067-3 0  9994
2 65353  53.1596 344.5986 0001031  79.9101 280.2017 15.34390573 59514

1 65354U 25190D   26262.79582235  .00009721  00000+0  29858-3 0  9992
2 65354  53.1602 343.0406 0003044  25.6240 334.4913 15.34387224 59057

1 65355U 25190E   26262.92244197  .00022005  00000+0  66032-3 0  9995
2 65355  53.1583 344.5322 0001238  44.3652 315.7449 15.34408722 59511

1 65356U 25190F   26262.71441172  .00019900  00000+0  59850-3 0  9995
2 65356  53.1582 345.3695 0001260  76.0494 284.0649 15.34402355 59015

1 65357U 25190G   26262.74753117  .00012684  00000+0  38638-3 0  9997
2 65357  53.1600 343.4478 0000888  21.9126 338.1915 15.34360969 59045

1 65358U 25190H   26263.21025219  .00022855  00000+0  68564-3 0  9998
2 65358  53.1576 342.7804 0001523  66.4764 293.6399 15.34393388 59561

1 65359U 25190J   26263.21866662  .00013546  00000+0  41123-3 0  9993
2 65359  53.1582 342.8276 0001608  87.8947 272.2240 15.34405837 59096

1 65360U 25190K   26261.73050066  .00019881  00000+0  59781-3 0  9990
2 65360  53.1585 347.7647 0001243  86.8129 273.3016 15.34409502 58896

1 65361U 25190L   26263.21655828  .00006234  00000+0  19553-3 0  9994
2 65361  53.1572 342.8144 0001750  83.9045 276.2157 15.34393779 59098

1 65362U 25190M   26263.21810397  .00004209  00000+0  13567-3 0  9998
2 65362  53.1595 340.6914 0001357  94.8109 265.3048 15.34393564 59595

1 65363U 25190N   26263.19714598  .00001977  00000+0  69642-4 0  9997
2 65363  53.1610 341.2743 0001258  95.6472 264.4674 15.34394851 59587

1 65364U 25190P   26262.71861492  .00018797  00000+0  56579-3 0  9993
2 65364  53.1575 345.3962 0001701  61.5382 298.5792 15.34415337 59909

1 65365U 25190Q   26262.51269033  .00016797  00000+0  50709-3 0  9992
2 65365  53.1600 346.2413 0001514  86.1292 273.9884 15.34402657 58982

1 65366U 25190R   26263.19925633  .00024105  00000+0  72191-3 0  9994
2 65366  53.1592 341.2869 0001052  99.7320 260.3802 15.34415092 59115

1 65367U 25190S   26261.88813162  .00011075  00000+0  33855-3 0  9998
2 65367  53.1594 347.3253 0001839  38.7602 321.3532 15.34389169 59383

1 65368U 25190T   26262.79371501  .00024133  00000+0  72257-3 0  9994
2 65368  53.1579 343.0252 0002422  35.2353 324.8810 15.34422051 59524

1 65369U 25190U   26263.20977703  .00014814  00000+0  44859-3 0  9990
2 65369  53.1576 341.3506 0003012  93.9966 266.1381 15.34407185 59580

1 65370U 25190V   26262.71230445  .00016017  00000+0  48404-3 0  9999
2 65370  53.1602 345.3580 0001546  49.6639 310.4499 15.34407624 59012

1 65371U 25190W   26261.40327605  .00025349  00000+0  75862-3 0  9996
2 65371  53.1588 351.4062 0001132  79.6715 280.4415 15.34409045 59280

1 65372U 25190X   26263.20604274  .00009948  00000+0  30527-3 0  9993
2 65372  53.1594 342.7450 0002010  89.8835 270.2398 15.34390654 59567

1 65373U 25190Y   26261.86287102  .00012222  00000+0  37215-3 0  9991
2 65373  53.1592 347.1579 0001210  71.2546 288.8587 15.34409360 58864

1 65374U 25190Z   26262.93506183  .00004486  00000+0  14382-3 0  9997
2 65374  53.1589 344.6077 0000800  79.5592 280.5501 15.34397868 58990

1 65375U 25190AA  26263.20191880  .00011110  00000+0  33948-3 0  9994
2 65375  53.1613 343.4255 0001279 102.9190 257.1956 15.34398606 59558

1 65376U 25190AB  26262.83149908  .00006072  00000+0  19071-3 0  9999
2 65376  53.1618 342.5373 0001272  71.7005 288.4136 15.34398430 59952

1 65377U 25190AC  26262.26055828  .00008583  00000+0  26484-3 0  9999
2 65377  53.1585 347.5065 0001299  78.8844 281.2304 15.34401130 59418

1 65378U 25190AD  26262.80900159  .00004395  00000+0  14116-3 0  9992
2 65378  53.1593 345.2381 0001666  78.0435 282.0755 15.34396567 59494

1 65379U 25191A   26263.14481008  .00007964  00000+0  24871-3 0  9993
2 65379  97.2848 129.1643 0002006  90.3803 269.7669 15.33450841 59583

1 65380U 25191B   26262.43516988  .00009960  00000+0  31049-3 0  9995
2 65380  97.2844 128.4525 0001967  85.2708 274.8759 15.33436796 59483

1 65381U 25191C   26262.89467766  .00011043  00000+0  34384-3 0  9995
2 65381  97.2862 128.9014 0003305  97.3687 262.7931 15.33444752 59546

1 65382U 25191D   26262.87019559  .00010421  00000+0  32457-3 0  9995
2 65382  97.2838 128.9276 0002608  89.2880 270.8661 15.33451823 59547

1 65383U 25191E   26262.37534087  .00013507  00000+0  41984-3 0  9992
2 65383  97.2839 128.3781 0001612  89.5478 270.5950 15.33452949 59463

1 65384U 25191F   26262.38893850  .00012139  00000+0  37762-3 0  9999
2 65384  97.2850 128.5067 0002738  87.2303 272.9253 15.33451272 59479

1 65385U 25191G   26262.87834919  .00010385  00000+0  32349-3 0  9992
2 65385  97.2811 128.9164 0002623  97.0929 263.0612 15.33450217 59541

1 65386U 25191H   26263.06052470  .00020370  00000+0  63143-3 0  9990
2 65386  97.2822 129.1318 0002745  84.8786 275.2770 15.33450677 59571

1 65387U 25191J   26261.87505102  .00011603  00000+0  36111-3 0  9997
2 65387  97.2860 127.9825 0002426  83.4512 276.7007 15.33450489 59391

1 65388U 25191K   26262.86747731  .00015510  00000+0  48175-3 0  9998
2 65388  97.2847 128.9385 0001953  91.0618 269.0849 15.33444242 59541

1 65389U 25191L   26262.87563292  .00015833  00000+0  49154-3 0  9994
2 65389  97.2849 128.9195 0002935  88.4124 271.7455 15.33454599 59545

1 65390U 25191M   26262.42426415  .00012312  00000+0  38275-3 0  9993
2 65390  97.2855 128.4633 0001599  98.6654 261.4770 15.33471382 59479

1 65391U 25191N   26262.43243353  .00011706  00000+0  36467-3 0  9990
2 65391  97.2847 128.4561 0001745  92.1722 267.9720 15.33416076 59474

1 65392U 25191P   26262.90281935  .00011052  00000+0  34396-3 0  9994
2 65392  97.2838 128.8885 0002955  91.4685 268.6896 15.33460007 59545

1 65393U 25191Q   26262.40252990  .00016630  00000+0  51605-3 0  9998
2 65393  97.2850 128.4907 0001983  97.7809 262.3659 15.33459324 58028

1 65394U 25191R   26263.10130841  .00014240  00000+0  44248-3 0  9997
2 65394  97.2843 129.0760 0001849  67.6533 292.4905 15.33450574 59573

1 65395U 25191S   26262.91371090  .00012222  00000+0  38025-3 0  9993
2 65395  97.2841 129.0174 0000555 185.0912 175.0325 15.33449430 59560

1 65396U 25191T   26263.10404485  .00016472  00000+0  51150-3 0  9996
2 65396  97.2832 129.0704 0001404  88.5614 271.5789 15.33440754 59577

1 65397U 25191U   26261.11101835  .00012994  00000+0  40404-3 0  9994
2 65397  97.2850 127.1899 0001556  96.9120 263.2300 15.33450098 59271

1 65398U 25191V   26262.06809719  .00014002  00000+0  43524-3 0  9994
2 65398  97.2843 128.1795 0001600  94.5374 265.6051 15.33443262 59426

1 65399U 25191W   26262.05177920  .00012293  00000+0  38236-3 0  9990
2 65399  97.2846 128.0526 0001158  33.7395 326.3921 15.33455503 59418

1 65400U 25191X   26262.62541895  .00022248  00000+0  69083-3 0  9997
2 65400  97.2825 128.6574 0002900  87.8229 272.3346 15.33377508 59508

1 65401U 25191Y   26262.07354082  .00014596  00000+0  45329-3 0  9991
2 65401  97.2844 128.1736 0001960  89.3582 270.7885 15.33463453 59436

1 65402U 25191Z   26262.07897380  .00011698  00000+0  36389-3 0  9991
2 65402  97.2843 128.1715 0001763  94.2822 265.8623 15.33463895 59420

1 65404U 25192A   26262.72492479  .00014690  00000+0  44508-3 0  9993
2 65404  53.1587  57.3631 0001315  88.2175 271.8979 15.34398178 59002

1 65405U 25192B   26262.99184119  .00011232  00000+0  37314-3 0  9998
2 65405  53.1614  48.3574 0001322  55.9969 304.1158 15.31702043 59163

1 65406U 25192C   26263.13507740  .00032912  00000+0  98042-3 0  9998
2 65406  53.1598  47.1210 0001094  87.7304 272.3824 15.34416890 59184

1 65407U 25192D   26262.62661312  .00023202  00000+0  69560-3 0  9993
2 65407  53.1590  49.6335 0001572  62.8199 297.2964 15.34404984 59114

1 65408U 25192E   26262.70437092  .00011830  00000+0  36060-3 0  9992
2 65408  53.1596  49.4073 0002081  97.2652 262.8587 15.34409069 59118

1 65409U 25192F   26262.84300613  .00012111  00000+0  40117-3 0  9997
2 65409  53.1581  48.8506 0001110 109.4589 250.6533 15.31716827 59132

1 65410U 25192G   26263.10868417  .00012616  00000+0  41750-3 0  9994
2 65410  53.1586  47.6642 0001495  87.5485 272.5687 15.31708883 59174

1 65411U 25192H   26262.70250427  .00021296  00000+0  69595-3 0  9997
2 65411  53.1593  49.3951 0001148  86.3447 273.7686 15.31704516 59110

1 65412U 25192J   26263.09867206  .00021003  00000+0  68628-3 0  9992
2 65412  53.1556  47.5981 0000648  65.0141 295.0927 15.31717763 59159

1 65413U 25192K   26263.13298766  .00016005  00000+0  48363-3 0  9997
2 65413  53.1596  47.1032 0001176  86.2398 273.8739 15.34411364 59182

1 65415U 25192M   26262.88504209  .00017722  00000+0  53417-3 0  9995
2 65415  53.1606  48.3981 0000772 176.2312 183.8696 15.34413608 59140

1 65416U 25192N   26263.13644191  .00008227  00000+0  27648-3 0  9997
2 65416  53.1609  48.5419 0001449  95.5891 264.5276 15.31712754 59163

1 65417U 25192P   26263.13086700  .00010373  00000+0  31767-3 0  9996
2 65417  53.1607  47.0867 0001189  94.0416 266.0723 15.34404919 59181

1 65418U 25192Q   26262.76319790  .00023543  00000+0  70575-3 0  9996
2 65418  53.1605  49.0650 0001545  96.1797 263.9382 15.34398762 59122

1 65419U 25192R   26263.07068049  .00025763  00000+0  83952-3 0  9999
2 65419  53.1609  47.4348 0000848  94.2194 265.8904 15.31683352 59173

1 65420U 25192S   26263.11333676  .00022454  00000+0  73253-3 0  9994
2 65420  53.1595  47.6974 0000959 251.5299 108.5598 15.31727095 59178

1 65421U 25192T   26263.11801157  .00017664  00000+0  57973-3 0  9997
2 65421  53.1581  47.7186 0001080  82.3198 277.7926 15.31694165 59168

1 65422U 25192U   26262.75058715  .00023593  00000+0  70755-3 0  9992
2 65422  53.1603  48.9804 0001656  54.1508 305.9649 15.34383912 59125

1 65423U 25192V   26263.12700962  .00012836  00000+0  42460-3 0  9993
2 65423  53.1605  47.7748 0001229  83.8779 276.2362 15.31706940 59171

1 65424U 25192W   26263.10835060  .00012147  00000+0  40225-3 0  9992
2 65424  53.1581  47.6565 0001229  73.5022 286.6115 15.31724409 59179

1 65425U 25192X   26262.95493726  .00014620  00000+0  48159-3 0  9996
2 65425  53.1586  48.8306 0001620  52.1803 307.9345 15.31725229 59146

1 65426U 25192Y   26263.01051881  .00022062  00000+0  72034-3 0  9995
2 65426  53.1605  48.4675 0001272  89.8910 270.2237 15.31711276 59142

1 65427U 25192Z   26262.68894362  .00013730  00000+0  45323-3 0  9990
2 65427  53.1600  50.0153 0000946  65.3757 294.7343 15.31710979 59107

1 65428U 25192AA  26262.95649597  .00018086  00000+0  54488-3 0  9990
2 65428  53.1592  48.1298 0001279  76.1645 283.9500 15.34413585 59158

1 65429U 25192AB  26263.07415024  .00018151  00000+0  54659-3 0  9994
2 65429  53.1590  47.4443 0001687  61.7354 298.3819 15.34426142 59179

1 65430U 25192AC  26262.92656811  .00022293  00000+0  66859-3 0  9997
2 65430  53.1596  46.5272 0001087  89.4236 270.6891 15.34417239 59177

1 65431U 25192AD  26262.87663653  .00021716  00000+0  65177-3 0  9995
2 65431  53.1606  48.3422 0002016  62.1364 297.9843 15.34410826 59141

1 65434U 25194A   26262.38053243  .00014381  00000+0  44697-3 0  9998
2 65434  97.2840 111.9836 0002613  77.0205 283.1330 15.33440853 58892

1 65435U 25194B   26262.86722427  .00015054  00000+0  46763-3 0  9993
2 65435  97.2849 112.5631 0002275  88.9669 271.1834 15.33448314 58976

1 65436U 25194C   26262.37705972  .00003510  00000+0  21633-3 0  9999
2 65436  97.2853 112.2056 0002099  82.4285 277.7184 15.10564049 58819

1 65437U 25194D   26263.16629632  .00043957  00000+0  13560-2 0  9994
2 65437  97.2842 112.7688 0001449 164.9917 195.1369 15.33445285 59016

1 65438U 25194E   26261.11620360  .00005746  00000+0  18020-3 0  9998
2 65438  97.2845 110.8072 0001657  87.1419 273.0013 15.33441547 58704

1 65439U 25194F   26262.33975180  .00016899  00000+0  52455-3 0  9998
2 65439  97.2839 112.0548 0002395  83.4582 276.6933 15.33446588 58890

1 65440U 25194G   26262.86450198  .00013322  00000+0  41412-3 0  9994
2 65440  97.2851 112.5668 0002088  88.6329 271.5153 15.33454718 58970

1 65441U 25194H   26263.00589529  .00017096  00000+0  53050-3 0  9996
2 65441  97.2856 112.6769 0002325  80.9716 279.1790 15.33454227 58996

1 65442U 25194J   26263.00047558  .00011211  00000+0  34916-3 0  9991
2 65442  97.2843 112.6880 0001939  94.6473 265.4991 15.33437413 58998

1 65443U 25194K   26263.02492900  .00019934  00000+0  61797-3 0  9996
2 65443  97.2837 112.6540 0002586  83.5157 276.6380 15.33451556 58990

1 65444U 25194L   26261.84219317  .00016670  00000+0  51782-3 0  9991
2 65444  97.2859 111.5048 0001526  93.7686 266.3732 15.33428267 58810

1 65445U 25194M   26263.02221523  .00010097  00000+0  31457-3 0  9990
2 65445  97.2820 112.6593 0004456  83.5755 276.5995 15.33446006 58999

1 65446U 25194N   26262.01074515  .00012107  00000+0  37662-3 0  9994
2 65446  97.2845 111.5884 0001404  99.8877 260.2524 15.33456195 58834

1 65447U 25194P   26263.01951135  .00021716  00000+0  67309-3 0  9995
2 65447  97.2833 112.6646 0002859  93.3217 266.8353 15.33440647 58996

1 65448U 25194Q   26263.04669383  .00016750  00000+0  51994-3 0  9995
2 65448  97.2848 112.6259 0001771  51.6975 308.4427 15.33447657 58996

1 65449U 25194R   26263.03852039  .00016469  00000+0  51126-3 0  9991
2 65449  97.2848 112.6410 0001706  91.9853 268.1585 15.33450271 58999

1 65450U 25194S   26263.04123363  .00011889  00000+0  36987-3 0  9994
2 65450  97.2837 112.6340 0001061  96.0698 264.0665 15.33456261 58997

1 65451U 25194T   26262.03519963  .00019685  00000+0  60978-3 0  9997
2 65451  97.2838 111.7028 0000740 269.5896  90.5262 15.33481681 58845

1 65452U 25194U   26263.01130882  .00005033  00000+0  15803-3 0  9995
2 65452  97.2847 112.6710 0001345  19.0167 341.1126 15.33463019 58990

1 65453U 25194V   26263.16670139 -.00048688  00000+0 -32551-2 0  9999
2 65453  97.2856 113.1792 0001760  78.8426 124.6954 15.07197417  5777

1 65454U 25194W   26263.16670139  .00018972  00000+0  83375-3 0  9992
2 65454  97.2826 112.8063 0002153  57.1240  34.6326 15.21945630  5770

1 65455U 25194X   26262.83459435  .00011841  00000+0  36838-3 0  9990
2 65455  97.2851 112.4555 0002022  80.6461 279.5010 15.33456665 58969

1 65456U 25194Y   26262.83187520  .00017769  00000+0  55120-3 0  9994
2 65456  97.2858 112.4646 0002251  91.9626 268.1875 15.33456256 58969

1 65457U 25194Z   26263.00317238  .00012347  00000+0  38407-3 0  9992
2 65457  97.2854 112.6829 0001888  95.0497 265.0961 15.33452387 58993

1 65458U 25195A   26262.97499950  .00012833  00000+0  42437-3 0  9999
2 65458  53.1580  74.0475 0001672  72.1350 287.9834 15.31716556 59761

1 65459U 25195B   26263.17991144  .00023880  00000+0  71529-3 0  9993
2 65459  53.1586  71.0635 0000995 255.6992 104.3900 15.34415174 59828

1 65460U 25195C   26263.17570823  .00005459  00000+0  17259-3 0  9994
2 65460  53.1584  71.0368 0000844  95.2635 264.8464 15.34399278 59829

1 65461U 25195D   26262.21971272  .00021468  00000+0  64459-3 0  9994
2 65461  53.1588  75.7379 0000457  78.7926 281.3128 15.34404531 59679

1 65462U 25195E   26263.18201453  .00019218  00000+0  57817-3 0  9999
2 65462  53.1593  71.0766 0001010 249.8678 110.2216 15.34415966 59825

1 65463U 25195F   26262.99366343  .00011943  00000+0  39587-3 0  9999
2 65463  53.1588  74.1556 0001254  94.3036 265.8109 15.31712034 59766

1 65464U 25195G   26262.89107550  .00024354  00000+0  79349-3 0  9992
2 65464  53.1588  74.2362 0000853  91.7081 268.4018 15.31720259 59753

1 65465U 25195H   26263.01397194  .00023127  00000+0  69331-3 0  9990
2 65465  53.1581  72.1606 0001719  74.1398 285.9794 15.34408842 59796

1 65466U 25195J   26262.93410669  .00011048  00000+0  33789-3 0  9991
2 65466  53.1595  72.3709 0001404  98.9082 261.2079 15.34374790 59789

1 65467U 25195K   26262.90094612  .00019058  00000+0  62373-3 0  9995
2 65467  53.1585  75.7096 0001220  85.9836 274.1305 15.31730528 59736

1 65468U 25195L   26261.98223417  .00013714  00000+0  45260-3 0  9999
2 65468  53.1581  78.5102 0000988 105.3357 254.7754 15.31719563 59612

1 65469U 25195M   26263.17781562  .00007080  00000+0  22050-3 0  9994
2 65469  53.1587  71.0466 0001326  75.8704 284.2446 15.34398422 59823

1 65470U 25195N   26263.17541382  .00012098  00000+0  40077-3 0  9994
2 65470  53.1582  73.1564 0000876  55.8206 304.2879 15.31717097 59795

1 65471U 25195P   26262.94672084 -.00015466  00000+0 -44814-3 0  9990
2 65471  53.1589  72.4467 0000804  84.3474 275.7621 15.34359032 59782

1 65472U 25195Q   26262.77858567  .00019823  00000+0  59617-3 0  9990
2 65472  53.1585  72.8265 0001711  87.3361 272.7838 15.34405706 59748

1 65473U 25195R   26263.03491845  .00004501  00000+0  14426-3 0  9999
2 65473  53.1579  71.5793 0000743  94.4247 265.6840 15.34400561 59782

1 65474U 25195S   26263.03610086  .00011906  00000+0  39464-3 0  9996
2 65474  53.1590  75.1300 0000932  82.0404 278.0703 15.31714211 59736

1 65475U 25195T   26262.50962424  .00014119  00000+0  42821-3 0  9994
2 65475  53.1580  73.9855 0001715  69.8100 290.3087 15.34401301 59708

1 65476U 25195U   26262.95166045  .00019177  00000+0  62786-3 0  9990
2 65476  53.1606  73.8969 0001607  57.7575 302.3582 15.31714108 59742

1 65477U 25195V   26262.94251855  .00020971  00000+0  62996-3 0  9991
2 65477  53.1595  72.4232 0000267  54.2368 305.8660 15.34405353 59760

1 65478U 25195W   26262.91908102  .00011632  00000+0  38583-3 0  9992
2 65478  53.1581  74.4028 0002163  38.2479 321.8675 15.31714169 59739

1 65479U 25195X   26263.18475689  .00015062  00000+0  49562-3 0  9992
2 65479  53.1589  73.2145 0000811 100.1865 259.9228 15.31733500 59770

1 65480U 25195Y   26263.17150095  .00025933  00000+0  77624-3 0  9992
2 65480  53.1587  70.9826 0001624  76.6914 283.4269 15.34390549 59801

1 65481U 25195Z   26262.20709868  .00013768  00000+0  41765-3 0  9994
2 65481  53.1607  75.6499 0000933  90.6354 269.4755 15.34416716 59651

1 65482U 25195AA  26262.90674644  .00016250  00000+0  49080-3 0  9992
2 65482  53.1576  72.1733 0001036  80.8880 279.2240 15.34415091 59765

1 65483U 25195AB  26263.00344344  .00018322  00000+0  55209-3 0  9998
2 65483  53.1584  72.0633 0001023  87.2228 272.8892 15.34399144 59779

1 65484U 25195AC  26263.03282863  .00015117  00000+0  45788-3 0  9999
2 65484  53.1580  71.5419 0001333 103.8708 256.2442 15.34382956 59785

1 65485U 25195AD  26262.80256907  .00011708  00000+0  38820-3 0  9995
2 65485  53.1603  75.0738 0001016 208.7510 151.3436 15.31721174 59716

1 65492U 25198A   26262.02014053  .00011332  00000+0  34598-3 0  9995
2 65492  53.1583  88.4743 0001276  95.3586 264.7562 15.34403751 58287

1 65493U 25198B   26262.91942330  .00011626  00000+0  35471-3 0  9999
2 65493  53.1579  84.1419 0001384  48.2899 311.8222 15.34399036 58423

1 65494U 25198C   26263.01822137  .00016828  00000+0  50792-3 0  9996
2 65494  53.1592  84.0341 0001504  87.1300 272.9874 15.34408304 58435

1 65495U 25198D   26262.23715639  .00023056  00000+0  69082-3 0  9991
2 65495  53.1582  89.8229 0000303  98.8321 261.2715 15.34427266 58287

1 65496U 25198E   26262.91158948  .00000759  00000+0  33643-4 0  9991
2 65496  53.1588  86.2062 0001566  81.2215 278.8965 15.34369077 58398

1 65497U 25198F   26262.94677516  .00017436  00000+0  52586-3 0  9998
2 65497  53.1572  84.3045 0001559  90.1200 269.9982 15.34406455 58423

1 65498U 25198G   26263.04606049  .00023294  00000+0  69810-3 0  9991
2 65498  53.1586  85.6272 0001374  90.4918 269.6242 15.34413503 58416

1 65499U 25198H   26262.91368417  .00016116  00000+0  48701-3 0  9992
2 65499  53.1583  86.2218 0001040  92.7059 267.4062 15.34404323 58395

1 65500U 25198J   26262.90528549  .00018950  00000+0  57090-3 0  9997
2 65500  53.1586  86.1684 0000908 113.9177 246.1921 15.34381676 58399

1 65501U 25198K   26263.05810587  .00003818  00000+0  12411-3 0  9996
2 65501  53.1588  83.5751 0001442  70.0017 290.1141 15.34393744 58446

1 65502U 25198L   26263.09597925  .00009413  00000+0  28936-3 0  9995
2 65502  53.1602  83.8101 0001199  94.9361 265.1779 15.34402351 58446

1 65503U 25198M   26263.05028912  .00015941  00000+0  48180-3 0  9993
2 65503  53.1577  85.6534 0000982  76.3753 283.7359 15.34408423 58419

1 65504U 25198N   26263.03507611  .00025885  00000+0  77514-3 0  9991
2 65504  53.1596  84.1374 0001084  87.4533 272.6594 15.34377618 58431

1 65505U 25198P   26263.06652756  .00015456  00000+0  46779-3 0  9998
2 65505  53.1568  83.6244 0001296 110.6479 249.4662 15.34388993 58441

1 65506U 25198Q   26262.23448236  .00014324  00000+0  43410-3 0  9995
2 65506  53.1604  87.6770 0000205  78.4429 281.6596 15.34410164 58312

1 65507U 25198R   26263.05238051  .00024337  00000+0  72938-3 0  9991
2 65507  53.1584  85.6653 0001253  94.1185 265.9961 15.34386951 58414

1 65508U 25198S   26262.84595897  .00014893  00000+0  45107-3 0  9996
2 65508  53.1595  85.0954 0001247  83.0258 277.0886 15.34397444 58404

1 65509U 25198T   26262.89425404  .00019925  00000+0  59926-3 0  9993
2 65509  53.1588  84.6853 0000980 209.2682 150.8266 15.34401415 58411

1 65510U 25198U   26262.99927382  .00040294  00000+0  11951-2 0  9996
2 65510  53.1582  83.9141 0003141  91.8325 268.3037 15.34455192 58434

1 65511U 25198V   26263.05180546  .00015772  00000+0  47709-3 0  9992
2 65511  53.1569  83.5344 0000959  82.2103 277.9008 15.34390788 58436

1 65512U 25198W   26262.89215275  .00022417  00000+0  67237-3 0  9994
2 65512  53.1597  84.6678 0000443 166.7635 193.3380 15.34411690 58414

1 65513U 25198X   26263.02874080  .00010736  00000+0  32840-3 0  9999
2 65513  53.1602  84.0970 0001339  70.7149 289.3998 15.34403199 58438

1 65514U 25198Y   26263.03764672  .00015682  00000+0  47431-3 0  9993
2 65514  53.1595  85.5693 0001175  82.4217 277.6919 15.34398596 58417

1 65515U 25198Z   26262.95997333  .00015037  00000+0  45525-3 0  9992
2 65515  53.1575  86.5054 0001502  87.8143 272.3031 15.34402244 58399

1 65516U 25198AA  26262.99354965  .00017413  00000+0  52516-3 0  9993
2 65516  53.1581  86.0045 0001201  91.0055 269.1085 15.34407391 58400

1 65517U 25198AB  26262.92994561  .00015619  00000+0  47237-3 0  9999
2 65517  53.1580  84.1922 0002041  68.0316 292.0903 15.34404006 58426

1 65518U 25198AC  26263.04346627  .00012167  00000+0  37060-3 0  9996
2 65518  53.1597  84.1839 0001034 102.0430 258.0688 15.34404801 58435

1 65519U 25198AD  26263.16742322  .00011674  00000+0  35610-3 0  9993
2 65519  53.1598  83.5335 0000875 136.3437 223.7635 15.34399757 58456

1 65520U 25200A   26262.17844686  .00015302  00000+0  47524-3 0  9994
2 65520  97.2868 328.6510 0000160  89.8912 270.2349 15.33452075 58431

1 65521U 25200B   26263.13824508  .00015636  00000+0  48549-3 0  9991
2 65521  97.2832 329.4967 0001741  99.0993 261.0447 15.33455362 58581

1 65522U 25200C   26262.98869912  .00016646  00000+0  51665-3 0  9997
2 65522  97.2846 329.3962 0000874  90.5704 269.5639 15.33454147 58567

1 65523U 25200D   26262.18116519  .00015230  00000+0  47288-3 0  9992
2 65523  97.2853 328.6484 0001016 104.6428 255.4928 15.33462027 58444

1 65524U 25200E   26261.92558154  .00015381  00000+0  47754-3 0  9994
2 65524  97.2848 328.3866 0000968  89.1544 270.9809 15.33461224 58405

1 65525U 25200F   26262.18388448  .00014494  00000+0  45043-3 0  9994
2 65525  97.2842 328.6485 0001555  93.5722 266.5699 15.33444247 58448

1 65526U 25200G   26263.13552347  .00012965  00000+0  40300-3 0  9994
2 65526  97.2847 329.5000 0001831 111.0229 249.1209 15.33462869 58592

1 65527U 25200H   26262.93431656  .00012605  00000+0  39195-3 0  9992
2 65527  97.2874 329.3138 0000070 179.9177 180.2066 15.33459587 58546

1 65528U 25200J   26262.99141459  .00022133  00000+0  68634-3 0  9995
2 65528  97.2851 329.3937 0001748  89.6545 270.4898 15.33423815 58559

1 65529U 25200K   26263.14911616  .00020380  00000+0  63155-3 0  9999
2 65529  97.2862 329.4822 0000835 111.9880 248.1452 15.33462907 58589

1 65530U 25200L   26263.13280543  .00016743  00000+0  51960-3 0  9997
2 65530  97.2828 329.5037 0001785 100.7826 259.3617 15.33455779 58589

1 65531U 25200M   26263.14367854  .00012471  00000+0  38782-3 0  9991
2 65531  97.2852 329.4893 0000612  83.7992 276.3320 15.33457389 58587

1 65532U 25200N   26262.90984722  .00021406  00000+0  66317-3 0  9997
2 65532  97.2861 329.3493 0000686 106.2615 253.8703 15.33461890 58551

1 65533U 25200P   26262.45850020  .00015532  00000+0  48229-3 0  9996
2 65533  97.2861 328.8884 0000557  71.5730 288.5573 15.33455242 58485

1 65534U 25200Q   26263.17902588  .00019709  00000+0  61087-3 0  9991
2 65534  97.2864 329.5928 0000337  84.3523 275.7758 15.33463788 58593

1 65535U 25200R   26262.45034400  .00014951  00000+0  46450-3 0  9992
2 65535  97.2842 328.9018 0001049 100.4485 259.6877 15.33446240 58486

1 65536U 25200S   26263.15183655  .00011507  00000+0  35809-3 0  9998
2 65536  97.2846 329.6255 0001316  97.2797 262.8596 15.33455008 58596

1 65537U 25200T   26263.15455545  .00008911  00000+0  27801-3 0  9997
2 65537  97.2858 329.6224 0001042 109.0976 251.0379 15.33446962 58502

1 65538U 25200U   26262.46393879  .00015231  00000+0  47332-3 0  9996
2 65538  97.2884 328.8807 0000762  81.9166 278.2164 15.33435033 58484

1 65539U 25200V   26262.12950645  .00015451  00000+0  47980-3 0  9993
2 65539  97.2831 328.5732 0001373  91.4871 268.6529 15.33454455 58431

1 65540U 25200W   26263.14096150  .00020912  00000+0  64797-3 0  9993
2 65540  97.2878 329.4940 0000379 110.5634 249.5650 15.33461407 58506

1 65541U 25200X   26263.14639997  .00019511  00000+0  60490-3 0  9995
2 65541  97.2851 329.4892 0000921 104.3952 255.7393 15.33456683 58582

1 65542U 25200Y   26262.99413828  .00017357  00000+0  53837-3 0  9994
2 65542  97.2846 329.3850 0001159  89.6335 270.5041 15.33466769 58563

1 65543U 25200Z   26262.99686125  .00016705  00000+0  51837-3 0  9991
2 65543  97.2844 329.3806 0002054  92.5854 267.5624 15.33458869 58562

1 65592U 25207A   26263.12903704  .00012379  00000+0  38500-3 0  9998
2 65592  97.2849 325.6982 0001617  89.7895 270.3533 15.33454531 57520

1 65593U 25207B   26263.16670139  .00038307  00000+0  11833-2 0  9994
2 65593  97.2847 325.7302 0002013  87.7630  90.1643 15.33433652  5784

1 65594U 25207C   26263.16670139  .00534219  00000+0  15565-1 0  9993
2 65594  97.2851 325.6353 0001532  80.2720 232.8248 15.33125074  5779

1 65595U 25207D   26263.16670139  .05038954  00000+0  15338+0 0  9990
2 65595  97.2862 325.7106 0002237 118.3015  32.7425 15.29693827  5733

1 65596U 25207E   26263.16670139  .00033817  00000+0  10461-2 0  9994
2 65596  97.2850 325.6638 0001624  82.2822 305.5700 15.33415331  5772

1 65597U 25207F   26263.16670139  .02381936  00000+0  73034-1 0  9999
2 65597  97.2853 325.6556 0001558  84.2277 277.2848 15.30466512  5735

1 65598U 25207G   26263.16670139  .00037648  00000+0  11628-2 0  9998
2 65598  97.2850 325.7679 0001910  75.8738 192.0485 15.33441542  5684

1 65599U 25207H   26263.16670139  .02488779  00000+0  86519-1 0  9996
2 65599  97.2857 325.6613 0001769  85.7123 277.7222 15.26155056  5784

1 65600U 25207J   26263.16670139  .00027675  00000+0  85669-3 0  9998
2 65600  97.2847 325.6953 0001956  88.9340  13.9916 15.33433910  5738

1 65601U 25207K   26263.16670139  .00028454  00000+0  88066-3 0  9999
2 65601  97.2846 325.7465 0001857  84.0833 138.8421 15.33434031  5778

1 65602U 25207L   26263.16670139  .00026645  00000+0  82504-3 0  9991
2 65602  97.2852 325.7714 0001704  87.0275 195.9082 15.33433288  5632

1 65603U 25207M   26263.16670139  .00040247  00000+0  12425-2 0  9990
2 65603  97.2850 325.7559 0001738  91.7564 146.0655 15.33440538  5682

1 65604U 25207N   26263.16670139  .02449499  00000+0  76503-1 0  9991
2 65604  97.2851 325.6312 0001631  89.1425 214.0804 15.29766821  5783

1 65605U 25207P   26263.16670139  .00037127  00000+0  11471-2 0  9995
2 65605  97.2851 325.7607 0001987  84.9191 168.0169 15.33433816  5781

1 65606U 25207Q   26263.16670139  .02552708  00000+0  85327-1 0  9995
2 65606  97.2853 325.7019 0001333  87.6699  14.3523 15.27370741  5630

1 65607U 25207R   26263.16670139  .02477206  00000+0  79387-1 0  9994
2 65607  97.2854 325.7168 0001413  85.4853  55.6189 15.28878042  5683

1 65608U 25207S   26263.16670139  .00049856  00000+0  15354-2 0  9994
2 65608  97.2847 325.7357 0001453  77.4515 115.4113 15.33467305  5680

1 65609U 25207T   26263.16670139  .00087414  00000+0  26890-2 0  9994
2 65609  97.2851 325.6745 0002012  72.0541   1.0401 15.33323087  5732

1 65610U 25207U   26263.16670139  .00039173  00000+0  12096-2 0  9998
2 65610  97.2849 325.7210 0001521  82.0009  80.8361 15.33440886  5774

1 65611U 25207V   26263.16670139  .00024204  00000+0  74996-3 0  9996
2 65611  97.2849 325.6772 0001578  90.3894 327.5406 15.33431944  5735

1 65612U 25207W   26263.16670139  .02995207  00000+0  86465-1 0  9991
2 65612  97.2852 325.6948 0002031  73.6535  45.4568 15.31566662  5634

1 65613U 25207X   26263.16670139  .02450086  00000+0  73980-1 0  9991
2 65613  97.2852 325.6758 0001719  95.3911 310.1181 15.30871462  5780

1 65614U 25207Y   26263.16670139  .00601601  00000+0  17644-1 0  9996
2 65614  97.2852 325.6409 0001474  83.6386 244.5163 15.33012589  5777

1 65615U 25207Z   26263.16670139  .00037048  00000+0  11452-2 0  9997
2 65615  97.2849 325.6557 0001546  94.8357 278.0145 15.33417712  5724

1 65622U 25210A   26262.88978573  .00017014  00000+0  51354-3 0  9997
2 65622  53.1597 124.3659 0001099  69.9596 290.1524 15.34400104 57474

1 65623U 25210B   26263.04473753  .00015445  00000+0  46712-3 0  9995
2 65623  53.1590 119.6487 0001066  89.1874 270.9251 15.34412290 57552

1 65624U 25210C   26262.97702846  .00011599  00000+0  35380-3 0  9990
2 65624  53.1586 118.5062 0001572  83.1388 276.9793 15.34409096 57480

1 65625U 25210D   26263.03843176  .00012559  00000+0  38219-3 0  9992
2 65625  53.1553 119.6088 0002005  86.7041 273.4191 15.34400821 57472

1 65626U 25210E   26262.99643938  .00018945  00000+0  57049-3 0  9998
2 65626  53.1580 120.0593 0001277  97.1003 263.0145 15.34396272 57540

1 65627U 25210F   26263.08098002  .00013655  00000+0  41445-3 0  9992
2 65627  53.1596 123.4154 0001524 121.2874 238.8278 15.34407332 57501

1 65628U 25210G   26263.06999017  .00020557  00000+0  61777-3 0  9996
2 65628  53.1588 119.8039 0001254 100.0436 260.0708 15.34405094 57556

1 65629U 25210H   26263.09314171  .00013888  00000+0  42140-3 0  9994
2 65629  53.1565 119.9478 0001050  93.1725 266.9398 15.34400123 57555

1 65630U 25210J   26263.01326727  .00021882  00000+0  65671-3 0  9995
2 65630  53.1581 120.1619 0001018 128.4352 231.6742 15.34408205 57548

1 65631U 25210K   26262.98591977  .00016427  00000+0  49637-3 0  9995
2 65631  53.1568 119.9905 0001150  87.7838 272.3297 15.34391744 57536

1 65632U 25210L   26263.04530503  .00015546  00000+0  47027-3 0  9994
2 65632  53.1581 123.9068 0001350  90.6492 269.4665 15.34400572 57499

1 65633U 25210M   26262.99224191  .00017197  00000+0  51920-3 0  9992
2 65633  53.1595 120.0279 0001504  99.5962 260.5211 15.34382829 57547

1 65634U 25210N   26262.99167818  .00007429  00000+0  25080-3 0  9990
2 65634  53.1573 123.5686 0001086  86.0888 274.0237 15.31714432 57495

1 65635U 25210P   26263.02219080  .00029207  00000+0  87204-3 0  9999
2 65635  53.1607 123.7563 0003396  82.3416 277.7972 15.34402973 57495

1 65636U 25210Q   26262.89982845  .00012783  00000+0  38876-3 0  9992
2 65636  53.1588 120.8742 0001089  90.1058 270.0070 15.34404595 57528

1 65637U 25210R   26263.13301916  .00015262  00000+0  46188-3 0  9995
2 65637  53.1584 119.4843 0000928  91.6326 268.4783 15.34401329 57564

1 65638U 25210S   26263.12881343  .00028786  00000+0  85992-3 0  9993
2 65638  53.1578 119.4642 0001037  60.4953 299.6152 15.34397000 57563

1 65639U 25210T   26262.99012483  .00015980  00000+0  48307-3 0  9990
2 65639  53.1601 120.0160 0001483  90.3561 269.7611 15.34400809 57544

1 65640U 25210U   26262.88931667  .00022686  00000+0  67993-3 0  9997
2 65640  53.1576 120.8059 0001029  91.6361 268.4759 15.34428077 57524

1 65641U 25210V   26262.98380318  .00021502  00000+0  64544-3 0  9995
2 65641  53.1585 119.9729 0001576 204.2443 155.8485 15.34412488 57544

1 65642U 25210W   26263.04263501  .00003858  00000+0  12538-3 0  9998
2 65642  53.1576 119.6292 0001441  88.9061 271.2107 15.34371568 57559

1 65643U 25210X   26263.04053301  .00009302  00000+0  28605-3 0  9996
2 65643  53.1567 119.6175 0001766  92.4508 267.6697 15.34406793 57558

1 65644U 25210Y   26262.87984794  .00006696  00000+0  22727-3 0  9998
2 65644  53.1583 124.2894 0001249  87.1367 272.9777 15.31711073 57473

1 65645U 25210Z   26263.03057685  .00014686  00000+0  44475-3 0  9990
2 65645  53.1574 123.8103 0000996 115.9849 244.1256 15.34412565 57497

1 65646U 25210AA  26263.09991764  .00013830  00000+0  41963-3 0  9991
2 65646  53.1602 123.5332 0001007  89.6997 270.4121 15.34403990 57503

1 65647U 25210AB  26263.04005778  .00016223  00000+0  49019-3 0  9997
2 65647  53.1568 118.1885 0001347  89.9254 270.1903 15.34403583 57574

1 65648U 25210AC  26263.07630058  .00025974  00000+0  77729-3 0  9998
2 65648  53.1578 119.8324 0001331 109.1602 250.9544 15.34397237 57550

1 65649U 25210AD  26263.00743214  .00023149  00000+0  69401-3 0  9991
2 65649  53.1592 123.6652 0001620  70.3689 289.7489 15.34406488 57499

1 65652U 25211A   26263.05622227  .00017891  00000+0  55500-3 0  9993
2 65652  97.2838 303.2640 0001402  99.0402 261.0999 15.33455876 56455

1 65653U 25211B   26263.04806292  .00010075  00000+0  31394-3 0  9991
2 65653  97.2855 303.2769 0000390 267.4710  92.6488 15.33450036 56459

1 65654U 25211C   26263.06981735  .00016733  00000+0  51946-3 0  9992
2 65654  97.2844 303.2493 0001071  89.6982 270.4383 15.33446200 56452

1 65655U 25211D   26263.05350065  .00017228  00000+0  53460-3 0  9991
2 65655  97.2852 303.2751 0001048  99.4551 260.6810 15.33454894 56458

1 65656U 25211E   26261.91153657  .00008999  00000+0  28074-3 0  9991
2 65656  97.2833 302.2165 0001554  96.8885 263.2534 15.33444280 56280

1 65657U 25211F   26263.06437787  .00018071  00000+0  56054-3 0  9990
2 65657  97.2846 303.2579 0000833 111.8705 248.2626 15.33456609 56455

1 65658U 25211G   26262.35744836  .00014899  00000+0  46283-3 0  9995
2 65658  97.2850 302.5353 0000734 277.0273  83.0886 15.33451603 56348

1 65659U 25211H   26262.34384421  .00012227  00000+0  38027-3 0  9995
2 65659  97.2833 302.5534 0001049  95.1010 265.0352 15.33459881 56345

1 65660U 25211J   26262.06379777  .00016765  00000+0  52025-3 0  9999
2 65660  97.2860 302.3224 0001577  93.2983 266.8440 15.33458541 56300

1 65661U 25211K   26262.84142062  .00016989  00000+0  52727-3 0  9998
2 65661  97.2842 303.0986 0000295 261.6196  98.5013 15.33452402 56426

1 65662U 25211L   26262.10187447  .00011848  00000+0  36852-3 0  9994
2 65662  97.2838 302.4211 0001074 104.8253 255.3109 15.33464966 56319

1 65663U 25211M   26263.09428862  .00010435  00000+0  32507-3 0  9997
2 65663  97.2854 303.3691 0000748  95.7720 264.3608 15.33449441 56465

1 65664U 25211N   26262.06107900  .00012162  00000+0  37835-3 0  9999
2 65664  97.2818 302.3252 0001207 108.7618 251.3756 15.33453410 56304

1 65665U 25211P   26263.05894014  .00012135  00000+0  37740-3 0  9994
2 65665  97.2833 303.2665 0001949  73.5291 286.6166 15.33462257 56450

1 65666U 25211Q   26262.56136863  .00017851  00000+0  55396-3 0  9998
2 65666  97.2837 302.8684 0000819  87.8857 272.2480 15.33445105 56387

1 65667U 25211R   26262.94745970  .00015838  00000+0  49170-3 0  9992
2 65667  97.2842 303.1127 0001126  96.9539 263.1831 15.33457683 56439

1 65668U 25211S   26262.83053667  .00017719  00000+0  54978-3 0  9998
2 65668  97.2840 303.1158 0001128 257.1334 102.9783 15.33452078 56426

1 65669U 25211T   26263.04534652  .00015295  00000+0  47502-3 0  9993
2 65669  97.2838 303.2849 0001304  84.9741 275.1651 15.33452697 56442

1 65670U 25211U   26263.08885000  .00010091  00000+0  31443-3 0  9991
2 65670  97.2822 303.3773 0001512  94.0420 266.0996 15.33448825 56462

1 65671U 25211V   26262.35472665  .00014409  00000+0  44782-3 0  9997
2 65671  97.2802 302.5399 0000409  47.2284 312.8994 15.33442299 56342

1 65672U 25211W   26263.05078426  .00010483  00000+0  32656-3 0  9998
2 65672  97.2844 303.2784 0001611 102.8921 257.2501 15.33447700 56457

1 65673U 25211X   26262.37919677  .00015646  00000+0  48586-3 0  9990
2 65673  97.2847 302.6612 0001273 105.8830 254.2553 15.33451362 56352

1 65674U 25211Y   26262.34928890  .00011213  00000+0  34910-3 0  9997
2 65674  97.2832 302.5550 0000330 110.3336 249.7942 15.33447881 56343

1 65675U 25211Z   26262.96921804  .00009095  00000+0  28373-3 0  9995
2 65675  97.2847 303.2351 0000898 106.8822 253.2519 15.33442322 56442

1 65676U 25212A   26262.99225867  .00016812  00000+0  55209-3 0  9999
2 65676  53.1598 162.3492 0001254  63.6855 296.4275 15.31712037 56955

1 65677U 25212B   26263.19373890  .00009817  00000+0  30123-3 0  9998
2 65677  53.1568 159.3437 0001034  69.4612 290.6501 15.34408534 57078

1 65678U 25212C   26263.19732840  .00029464  00000+0  95606-3 0  9990
2 65678  53.1580 161.4961 0000254  80.0976 280.0054 15.31747718 57044

1 65679U 25212D   26262.97518693  .00021021  00000+0  63152-3 0  9996
2 65679  53.1588 160.1140 0001658  93.3192 266.8000 15.34400870 56987

1 65680U 25212E   26262.45624575  .00011838  00000+0  39257-3 0  9992
2 65680  53.1602 164.6833 0000164 137.0599 223.0415 15.31704350 56928

1 65681U 25212F   26262.70412438  .00017985  00000+0  54198-3 0  9994
2 65681  53.1573 161.2627 0001221  83.8542 276.2600 15.34408948 57004

1 65682U 25212G   26263.08605120  .00020071  00000+0  60321-3 0  9994
2 65682  53.1576 157.9612 0001412  81.0492 279.0670 15.34418224 57028

1 65683U 25212H   26263.13134144  .00032374  00000+0  10491-2 0  9995
2 65683  53.1573 161.0820 0001065  93.1417 266.9707 15.31740835 56981

1 65684U 25212J   26262.28394228  .00008690  00000+0  26807-3 0  9995
2 65684  53.1565 163.6213 0001141 107.0575 253.0552 15.34396019 56879

1 65685U 25212K   26263.08652016  .00024918  00000+0  74592-3 0  9992
2 65685  53.1589 159.3854 0001275  82.8666 277.2481 15.34410829 57009

1 65686U 25212L   26262.95196373  .00020781  00000+0  62434-3 0  9993
2 65686  53.1576 149.9785 0001601  98.3761 261.7423 15.34406906 57123

1 65687U 25212M   26262.99615793  .00020303  00000+0  66387-3 0  9991
2 65687  53.1597 161.6590 0001252  95.9300 264.1844 15.31716901 56967

1 65688U 25212N   26263.15465744  .00009991  00000+0  33309-3 0  9998
2 65688  53.1583 161.2196 0000990 190.2068 169.8914 15.31717509 57032

1 65689U 25212P   26263.12018774  .00024974  00000+0  74761-3 0  9998
2 65689  53.1591 159.5994 0001244  52.0152 308.0963 15.34408210 57052

1 65690U 25212Q   26263.00885095  .00014608  00000+0  44260-3 0  9999
2 65690  53.1568 160.3220 0001241 292.9998  67.0874 15.34403002 56988

1 65691U 25212R   26263.00083016  .00015325  00000+0  46382-3 0  9997
2 65691  53.1567 151.6946 0001086  91.3671 268.7455 15.34397219 57159

1 65692U 25212S   26262.20407194  .00015297  00000+0  46281-3 0  9992
2 65692  53.1573 163.8274 0001514  99.4844 260.6330 15.34409845 56907

1 65693U 25212T   26263.19833959  .00020905  00000+0  62793-3 0  9992
2 65693  53.1578 150.7952 0001362  91.2145 268.9014 15.34409288 57188

1 65694U 25212U   26262.19145137  .00015730  00000+0  47554-3 0  9994
2 65694  53.1583 163.7532 0001358  64.9429 295.1715 15.34411482 56920

1 65695U 25212V   26263.12743539  .00027901  00000+0  90618-3 0  9991
2 65695  53.1590 161.7684 0001871  38.0436 322.0697 15.31746492 57036

1 65696U 25212W   26261.99406733  .00014475  00000+0  47711-3 0  9995
2 65696  53.1587 166.0663 0001148  94.3255 265.7877 15.31714217 56862

1 65697U 25212X   26262.95367252  .00009571  00000+0  29396-3 0  9995
2 65697  53.1568 158.5541 0001085  96.7234 263.3892 15.34406763 57056

1 65698U 25212Y   26262.23556045  .00025434  00000+0  76099-3 0  9995
2 65698  53.1597 163.3126 0003453  80.4617 279.6776 15.34411512 56922

1 65699U 25212Z   26263.18334183  .00014593  00000+0  48082-3 0  9993
2 65699  53.1590 161.4020 0000912  91.5173 268.5933 15.31718401 56987

1 65700U 25212AA  26262.95998988  .00007284  00000+0  22656-3 0  9997
2 65700  53.1584 158.5929 0001561  80.5254 279.5925 15.34394355 57005

1 65701U 25212AB  26263.17692397  .00016419  00000+0  49613-3 0  9990
2 65701  53.1586 159.2342 0000380  95.9623 264.1423 15.34392009 57066

1 65702U 25212AC  26263.11342225  .00013667  00000+0  45118-3 0  9995
2 65702  53.1592 161.6741 0001561  88.3215 271.7965 15.31713845 57022

1 65703U 25212AD  26263.18724138  .00015892  00000+0  52252-3 0  9999
2 65703  53.1595 160.7148 0001269  84.8678 275.2468 15.31715368 57047

1 65734U 25216A   26262.93675727  .00014138  00000+0  42868-3 0  9992
2 65734  53.1589 148.5172 0001318  73.9811 286.1337 15.34406726 56333

1 65735U 25216B   26262.98716397  .00015716  00000+0  47503-3 0  9991
2 65735  53.1584 148.1149 0000650  53.2873 306.8189 15.34417148 56296

1 65736U 25216C   26263.06072109  .00013092  00000+0  39799-3 0  9991
2 65736  53.1585 147.8639 0001460  79.9088 280.2080 15.34394707 56336

1 65737U 25216D   26262.97032971  .00014475  00000+0  43884-3 0  9990
2 65737  53.1564 148.0107 0000321  26.6395 333.4624 15.34390719 56325

1 65738U 25216E   26263.07544311  .00014070  00000+0  42677-3 0  9999
2 65738  53.1579 147.9579 0001415  94.4464 265.6700 15.34399370 56387

1 65739U 25216F   26262.95148544  .00022363  00000+0  67048-3 0  9997
2 65739  53.1576 148.6017 0001017  96.5711 263.5408 15.34425550 56287

1 65740U 25216G   26262.94938433  .00009627  00000+0  29567-3 0  9994
2 65740  53.1589 148.5887 0001340  92.0276 268.0880 15.34400949 56361

1 65741U 25216H   26262.98506083  .00021524  00000+0  64633-3 0  9994
2 65741  53.1568 148.1089 0001214  88.3606 271.7536 15.34399551 56325

1 65742U 25216J   26263.16363550  .00028516  00000+0  85212-3 0  9990
2 65742  53.1569 147.0851 0001163  61.9974 298.1146 15.34391540 55262

1 65743U 25216K   26262.93465127  .00017071  00000+0  51526-3 0  9993
2 65743  53.1579 148.4958 0001098 101.5942 258.5183 15.34397031 56364

1 65744U 25216L   26262.18449157  .00019307  00000+0  58034-3 0  9991
2 65744  53.1562 151.6372 0001091 101.7192 258.3933 15.34439962 56254

1 65745U 25216M   26262.95358911  .00019916  00000+0  59901-3 0  9994
2 65745  53.1580 148.6166 0001038  68.1833 291.9280 15.34399698 56283

1 65746U 25216N   26263.12164125  .00016202  00000+0  48953-3 0  9997
2 65746  53.1560 147.5314 0000776 101.8834 258.2256 15.34404595 56337

1 65747U 25216P   26263.10481201  .00027088  00000+0  80971-3 0  9993
2 65747  53.1568 147.4249 0001328  71.7741 288.3406 15.34408911 56346

1 65748U 25216Q   26263.15101359  .00022381  00000+0  67142-3 0  9998
2 65748  53.1576 147.0083 0001365  51.6994 308.4132 15.34406414 55273

1 65749U 25216R   26263.17836455  .00019384  00000+0  58321-3 0  9991
2 65749  53.1558 147.1764 0001733  42.8265 317.2872 15.34407437 56325

1 65750U 25216S   26262.24331301  .00019278  00000+0  57993-3 0  9996
2 65750  53.1571 151.2961 0001003  80.8264 279.2852 15.34415831 56184

1 65751U 25216T   26263.11112250  .00013800  00000+0  41864-3 0  9999
2 65751  53.1585 147.4614 0001220  70.3906 289.7229 15.34412990 56345

1 65752U 25216U   26263.06280847  .00022534  00000+0  67573-3 0  9991
2 65752  53.1579 147.8760 0002251 220.7478 139.3357 15.34414910 56307

1 65753U 25216V   26263.20361422  .00018618  00000+0  56073-3 0  9998
2 65753  53.1590 147.3326 0001418  84.4601 275.6564 15.34403970 56321

1 65754U 25216W   26262.42618834  .00014229  00000+0  43144-3 0  9993
2 65754  53.1582 151.0112 0001534  57.0265 303.0885 15.34402113 56194

1 65755U 25216X   26263.18888110  .00013759  00000+0  41744-3 0  9995
2 65755  53.1570 147.2361 0001348  92.7475 267.3682 15.34412071 56356

1 65756U 25216Y   26263.06913144  .00009247  00000+0  28446-3 0  9990
2 65756  53.1594 147.9050 0001656  96.5936 263.5255 15.34401729 56331

1 65757U 25216Z   26263.09218654  .00016044  00000+0  48495-3 0  9997
2 65757  53.1582 147.3517 0000550  73.6057 286.5006 15.34399636 56346

1 65758U 25216AA  26263.11953875  .00016531  00000+0  49915-3 0  9991
2 65758  53.1576 147.5127 0001759  84.4703 275.6500 15.34410079 56308

1 65759U 25216AB  26262.18239039  .00023394  00000+0  70106-3 0  9998
2 65759  53.1559 151.6195 0001238  95.0842 265.0301 15.34412511 56164

1 65760U 25216AC  26262.95770626  .00016800  00000+0  50718-3 0  9998
2 65760  53.1574 147.9282 0000799  82.8457 277.2636 15.34404140 56317

1 65761U 25216AD  26262.39252127  .00006325  00000+0  19823-3 0  9991
2 65761  53.1554 150.7981 0001038 115.1560 244.9551 15.34388229 56288

1 65791U 25218A   26263.06510237  .00018055  00000+0  55995-3 0  9993
2 65791  97.2839 120.3926 0003065  77.2306 282.9279 15.33458106 54262

1 65792U 25218B   26261.85515363  .00010913  00000+0  33980-3 0  9999
2 65792  97.2864 119.2825 0001731  96.9242 263.2197 15.33450010 54088

1 65793U 25218C   26263.03790722  .00015459  00000+0  48010-3 0  9996
2 65793  97.2837 120.4336 0001462  89.9615 270.1795 15.33449954 54263

1 65794U 25218D   26263.08412508  .00011067  00000+0  34483-3 0  9995
2 65794  97.2854 120.5158 0001112  89.2925 270.8445 15.33426725 54276

1 65795U 25218E   26262.88292691  .00016800  00000+0  52134-3 0  9995
2 65795  97.2842 120.3313 0002445  89.3977 270.7546 15.33456398 54240

1 65796U 25218F   26263.04334150  .00019699  00000+0  61077-3 0  9997
2 65796  97.2813 120.4256 0001541  89.7888 270.3531 15.33452154 54265

1 65797U 25218G   26263.02703281  .00015474  00000+0  48051-3 0  9995
2 65797  97.2861 120.4480 0002308  74.5247 285.6251 15.33453053 54268

1 65798U 25218H   26262.88564512  .00019451  00000+0  60306-3 0  9997
2 65798  97.2850 120.3290 0002571  89.3234 270.8303 15.33454376 54248

1 65799U 25218J   26262.42070026  .00012024  00000+0  37405-3 0  9993
2 65799  97.2838 119.7403 0001951  94.3404 265.8062 15.33454665 54167

1 65800U 25218K   26263.11675596  .00013578  00000+0  42204-3 0  9994
2 65800  97.2848 120.4734 0002214  87.4169 272.7328 15.33452695 54276

1 65801U 25218L   26262.88020750  .00011334  00000+0  35273-3 0  9990
2 65801  97.2841 120.1931 0002273  95.8975 264.2527 15.33456083 54237

1 65802U 25218M   26263.03247024  .00010337  00000+0  32205-3 0  9998
2 65802  97.2832 120.4384 0002163  85.8043 274.3447 15.33444520 54265

1 65803U 25218N   26262.87477242  .00011225  00000+0  34948-3 0  9990
2 65803  97.2842 120.1946 0001674  91.1394 269.0041 15.33446795 54237

1 65804U 25218P   26263.06236812  .00019977  00000+0  61986-3 0  9993
2 65804  97.2847 120.3995 0001643  97.4139 262.7290 15.33425693 54264

1 65805U 25218Q   26262.32281743  .00011612  00000+0  36145-3 0  9992
2 65805  97.2847 119.7191 0001984  89.8143 270.3327 15.33445899 54157

1 65806U 25218R   26261.91496899  .00010814  00000+0  33675-3 0  9995
2 65806  97.2854 119.3556 0002217  92.9244 267.2253 15.33450957 54091

1 65807U 25218S   26261.87962874  .00015625  00000+0  48534-3 0  9997
2 65807  97.2847 119.2520 0002043  82.4512 277.6963 15.33442011 54076

1 65808U 25218T   26263.03518365  .00017575  00000+0  54523-3 0  9991
2 65808  97.2854 120.4332 0000654  78.6180 281.5137 15.33458819 54265

1 65809U 25218U   26263.04606275  .00019221  00000+0  59608-3 0  9990
2 65809  97.2820 120.4217 0001958  88.6140 271.5327 15.33448911 54268

1 65810U 25218V   26262.86117193  .00006494  00000+0  20326-3 0  9990
2 65810  97.2844 120.2163 0002966  96.0588 264.0993 15.33450790 54234

1 65811U 25218W   26262.08082209  .00022994  00000+0  71184-3 0  9995
2 65811  97.2844 119.4411 0000311  53.2662 306.8609 15.33470156 54115

1 65812U 25218X   26262.04276338  .00010253  00000+0  31953-3 0  9995
2 65812  97.2849 119.4926 0001639  90.6759 269.4672 15.33440819 54115

1 65813U 25218Y   26263.04878449  .00010255  00000+0  31960-3 0  9998
2 65813  97.2847 120.4230 0001637  81.0929 279.0499 15.33438860 54268

1 65814U 25218Z   26262.41526165  .00011736  00000+0  36519-3 0  9994
2 65814  97.2834 119.7551 0002176 102.3051 257.8435 15.33452372 54161

1 65823U 25221A   26262.56988502  .00023617  00000+0  70792-3 0  9993
2 65823  53.1571 265.9309 0000978  70.2381 289.8727 15.34400310 55797

1 65824U 25221B   26263.01321035  .00004489  00000+0  14394-3 0  9999
2 65824  53.1584 263.7219 0001334  85.1706 274.9449 15.34395622 55864

1 65825U 25221C   26263.03158589  .00012502  00000+0  38045-3 0  9998
2 65825  53.1540 261.7033 0001781  87.9234 272.1973 15.34407445 55893

1 65826U 25221D   26262.97907904  .00011349  00000+0  34633-3 0  9991
2 65826  53.1584 262.0880 0002449  81.4160 278.7120 15.34416169 55883

1 65827U 25221E   26262.49998000  .00019855  00000+0  59723-3 0  9993
2 65827  53.1554 264.0740 0000820  79.6345 280.4750 15.34398888 55812

1 65828U 25221F   26262.72694808  .00010813  00000+0  33070-3 0  9991
2 65828  53.1597 263.3560 0001357  90.1155 270.0004 15.34398533 55842

1 65829U 25221G   26263.07367977  .00013034  00000+0  43090-3 0  9996
2 65829  53.1599 266.9724 0000789  54.9654 305.1421 15.31711586 55786

1 65830U 25221H   26261.73995045  .00015772  00000+0  47690-3 0  9993
2 65830  53.1565 269.9916 0001537  82.2833 277.8345 15.34402400 55620

1 65831U 25221J   26263.01686126  .00012896  00000+0  39207-3 0  9993
2 65831  53.1583 261.6095 0003624 102.6097 257.5311 15.34405467 55899

1 65832U 25221K   26263.00011818  .00031410  00000+0  93709-3 0  9993
2 65832  53.1592 262.2179 0001397  83.0248 277.0914 15.34392860 55882

1 65833U 25221L   26262.99801263  .00018193  00000+0  54820-3 0  9996
2 65833  53.1579 262.2033 0001608  88.2747 271.8440 15.34404812 55880

1 65834U 25221M   26262.72120067  .00002264  00000+0  78086-4 0  9997
2 65834  53.1566 265.4497 0001348  91.7483 268.3674 15.34411544 54466

1 65835U 25221N   26263.01952392  .00020353  00000+0  61180-3 0  9990
2 65835  53.1662 263.7624 0000391 337.6963  22.4023 15.34404035 54519

1 65836U 25221P   26263.00900532  .00020462  00000+0  61505-3 0  9991
2 65836  53.1573 263.6893 0001263  83.6250 276.4897 15.34401218 54514

1 65837U 25221Q   26262.72276117  .00018715  00000+0  56371-3 0  9998
2 65837  53.1589 263.3273 0001426  89.6873 270.4293 15.34395991 54490

1 65838U 25221R   26263.00689854  .00014637  00000+0  44339-3 0  9997
2 65838  53.1596 263.6773 0001358 104.2776 255.8377 15.34405966 54514

1 65839U 25221S   26262.47482081  .00023434  00000+0  70240-3 0  9996
2 65839  53.1581 264.6245 0001292  64.9073 295.2064 15.34406279 54455

1 65840U 25221T   26263.14922696  .00003968  00000+0  12863-3 0  9991
2 65840  53.1572 261.0114 0001588  93.7511 266.3673 15.34371616 54561

1 65842U 25221V   26262.71432255  .00004961  00000+0  15788-3 0  9995
2 65842  53.1600 263.2750 0001334  69.1305 290.9840 15.34400482 54497

1 65843U 25221W   26263.02948740  .00012357  00000+0  37638-3 0  9998
2 65843  53.1569 261.6868 0001272  97.4640 262.6507 15.34389597 54546

1 65844U 25221X   26263.02737932  .00021738  00000+0  65239-3 0  9999
2 65844  53.1578 261.6736 0001538  82.6088 277.5089 15.34411773 54540

1 65845U 25221Y   26263.02316435  .00014430  00000+0  43737-3 0  9991
2 65845  53.1568 261.6435 0001553  97.7219 262.3960 15.34401862 54544

1 65846U 25221Z   26262.99169971  .00018955  00000+0  57073-3 0  9992
2 65846  53.1589 262.1604 0001339  89.3963 270.7193 15.34399106 54534

1 65847U 25221AA  26263.03425211  .00014972  00000+0  45327-3 0  9995
2 65847  53.1563 263.8465 0001522  98.0697 262.0479 15.34406713 55866

1 65848U 25221AB  26262.51681197  .00012132  00000+0  36965-3 0  9999
2 65848  53.1579 264.1728 0001340  90.3617 269.7539 15.34398227 55811

1 65849U 25221AC  26263.01531786  .00017142  00000+0  51733-3 0  9990
2 65849  53.1614 263.7280 0001125  77.5228 282.5901 15.34399456 55862

1 65850U 25221AD  26262.72329233  .00026263  00000+0  78461-3 0  9992
2 65850  53.1578 265.4595 0000850  70.0841 290.0254 15.34443397 55818

1 65854U 25223A   26262.96004020  .00012232  00000+0  37246-3 0  9995
2 65854  53.1595 107.9612 0001412  95.1699 264.9465 15.34408826 54007

1 65855U 25223B   26262.16425922  .00009525  00000+0  29281-3 0  9997
2 65855  53.1593 113.6505 0000981  94.3630 265.7485 15.34386344 53850

1 65856U 25223C   26263.08610795  .00012286  00000+0  37428-3 0  9994
2 65856  53.1575 107.3262 0001588  98.9555 261.1627 15.34390631 54023

1 65857U 25223D   26262.98108719  .00018504  00000+0  55748-3 0  9995
2 65857  53.1582 108.0886 0001045  96.6169 263.4952 15.34397945 54005

1 65858U 25223E   26262.95011101  .00025975  00000+0  77733-3 0  9999
2 65858  53.1580 110.0242 0001313  70.3658 289.7486 15.34396700 53979

1 65859U 25223F   26263.18280997  .00016925  00000+0  51101-3 0  9993
2 65859  53.1572 107.2184 0001477  73.8738 286.2427 15.34394448 54034

1 65860U 25223G   26262.98319041  .00015588  00000+0  47145-3 0  9992
2 65860  53.1602 108.1029 0000597  62.1275 297.9788 15.34404884 54009

1 65861U 25223H   26262.96215108  .00015484  00000+0  46855-3 0  9992
2 65861  53.1571 107.9689 0001340 104.9475 255.1676 15.34392577 54005

1 65862U 25223J   26263.01264779  .00012618  00000+0  38381-3 0  9999
2 65862  53.1578 108.2883 0001073  67.8232 292.2884 15.34410771 54004

1 65863U 25223K   26262.31920494 -.00002070  00000+0 -50155-4 0  9992
2 65863  53.1582 111.0695 0001244  90.2014 269.9131 15.34399528 53901

1 65864U 25223L   26262.94798741  .00023059  00000+0  69108-3 0  9995
2 65864  53.1568 110.0096 0001571 209.7387 150.3527 15.34419625 53973

1 65865U 25223M   26262.96635671  .00012994  00000+0  39498-3 0  9995
2 65865  53.1582 107.9934 0001153  98.4877 261.6256 15.34405198 54009

1 65866U 25223N   26263.10715037  .00013492  00000+0  40969-3 0  9997
2 65866  53.1584 107.4500 0001020  93.2219 266.8901 15.34401384 54021

1 65867U 25223P   26262.22729681  .00022032  00000+0  66127-3 0  9994
2 65867  53.1577 113.3288 0001756  79.2505 280.8695 15.34400375 53867

1 65868U 25223Q   26262.05655911  .00022154  00000+0  66476-3 0  9992
2 65868  53.1581 112.2720 0001123 102.2294 257.8834 15.34405646 53867

1 65869U 25223R   26262.98529595  .00012893  00000+0  39203-3 0  9990
2 65869  53.1590 108.1174 0000931  50.1357 309.9728 15.34402795 54002

1 65870U 25223S   26262.97532458  .00027407  00000+0  81792-3 0  9990
2 65870  53.1584 110.1787 0000876 271.4398  88.6504 15.34454480 53988

1 65871U 25223T   26262.95221595  .00004524  00000+0  14504-3 0  9998
2 65871  53.1569 110.0368 0000718  94.4041 265.7043 15.34379877 53970

1 65872U 25223U   26262.87654845  .00009516  00000+0  29236-3 0  9992
2 65872  53.1576 110.2729 0000794  83.7952 276.3141 15.34406526 53966

1 65873U 25223V   26262.95373905  .00020540  00000+0  61706-3 0  9995
2 65873  53.1582 107.9181 0001017  95.4944 264.6174 15.34416341 54007

1 65874U 25223W   26262.99582701  .00014390  00000+0  43633-3 0  9991
2 65874  53.1576 108.1786 0001228 206.2389 153.8551 15.34391975 54007

1 65875U 25223X   26262.06076490  .00016396  00000+0  49522-3 0  9994
2 65875  53.1581 112.2963 0001089  88.8073 271.3054 15.34406479 53869

1 65876U 25223Y   26262.95172016  .00022035  00000+0  66119-3 0  9992
2 65876  53.1574 108.6105 0001574  63.8919 296.2246 15.34408760 53998

1 65877U 25223Z   26262.95431759  .00012108  00000+0  36898-3 0  9996
2 65877  53.1578 110.0418 0001244  87.3140 272.8004 15.34393169 53974

1 65878U 25223AA  26262.05234987  .00020027  00000+0  60200-3 0  9995
2 65878  53.1575 112.2434 0001104  87.1429 272.9700 15.34414389 53867

1 65879U 25223AB  26263.04413041  .00027507  00000+0  82142-3 0  9995
2 65879  53.1576 107.7643 0001491  79.6570 280.4600 15.34432475 54019

1 65880U 25223AC  26263.03990912  .00000175  00000+0  16344-4 0  9997
2 65880  53.1591 107.7382 0002344  25.1570 334.9546 15.34377458 54015

1 65881U 25223AD  26262.30657980  .00017713  00000+0  53402-3 0  9993
2 65881  53.1589 110.9862 0000248  65.1789 294.9240 15.34405667 53906

1 65882U 25224A   26263.04947876  .00019375  00000+0  58305-3 0  9996
2 65882  53.1582 184.1796 0001442  92.4349 267.6819 15.34401861 54644

1 65883U 25224B   26263.16712414  .00022543  00000+0  67611-3 0  9999
2 65883  53.1583 183.4883 0001454  91.2532 268.8637 15.34409378 54663

1 65884U 25224C   26263.07940970  .00020260  00000+0  60894-3 0  9990
2 65884  53.1593 187.9096 0001859  91.3307 268.7909 15.34410345 54599

1 65885U 25224D   26263.16081699  .00017003  00000+0  51312-3 0  9991
2 65885  53.1589 183.4499 0002155  91.0898 269.0351 15.34405862 54611

1 65886U 25224E   26263.15660322  .00025768  00000+0  77075-3 0  9998
2 65886  53.1591 183.4237 0001349  74.6406 285.4746 15.34417191 54619

1 65887U 25224F   26263.08305515  .00014632  00000+0  44317-3 0  9992
2 65887  53.1583 183.6716 0003085  79.5724 280.5626 15.34412428 54689

1 65888U 25224G   26263.19074418  .00021419  00000+0  64311-3 0  9997
2 65888  53.1589 187.1841 0001471 103.6234 256.4933 15.34407324 54611

1 65889U 25224H   26263.16970293  .00014872  00000+0  45074-3 0  9991
2 65889  53.1599 187.0413 0001124  87.9724 272.1408 15.34377777 54643

1 65890U 25224J   26262.46160830  .00001181  00000+0  46084-4 0  9995
2 65890  53.1584 190.4531 0001158  65.5485 294.5639 15.34392134 54559

1 65891U 25224K   26263.05837075  .00023846  00000+0  71454-3 0  9994
2 65891  53.1588 187.7697 0001687  81.1372 278.9822 15.34404085 54641

1 65892U 25224L   26262.52208308  .00008939  00000+0  27537-3 0  9996
2 65892  53.1595 186.5734 0001218  91.7377 268.3765 15.34400705 54544

1 65893U 25224M   26262.46793408  .00026698  00000+0  79830-3 0  9995
2 65893  53.1593 190.4833 0000690  84.4633 275.6448 15.34407189 54557

1 65894U 25224N   26262.29145611  .00017301  00000+0  52151-3 0  9992
2 65894  53.1583 191.5134 0000286 215.8577 144.2407 15.34429164 54521

1 65895U 25224P   26262.52628491  .00012583  00000+0  38278-3 0  9992
2 65895  53.1596 186.5898 0000582  99.5250 260.5818 15.34411602 54617

1 65896U 25224Q   26263.05387999  .00015882  00000+0  52224-3 0  9999
2 65896  53.1600 187.0297 0001593  97.2796 262.8386 15.31713911 54650

1 65897U 25224R   26263.16502301  .00016041  00000+0  48487-3 0  9992
2 65897  53.1599 183.4653 0001284  69.7284 290.3857 15.34401221 54668

1 65898U 25224S   26262.51997587  .00010604  00000+0  32445-3 0  9991
2 65898  53.1595 186.5495 0001381  86.6592 273.4569 15.34409343 54611

1 65899U 25224T   26262.50313657  .00023117  00000+0  69328-3 0  9994
2 65899  53.1586 186.4438 0000343 189.2909 170.8087 15.34396392 54600

1 65900U 25224U   26263.08515632  .00017135  00000+0  51710-3 0  9997
2 65900  53.1569 183.6785 0001608 116.9833 243.1334 15.34400697 54698

1 65901U 25224V   26263.06678345  .00015435  00000+0  46697-3 0  9996
2 65901  53.1597 187.8216 0000642  91.5302 268.5774 15.34403342 54623

1 65902U 25224W   26263.17180890  .00027034  00000+0  80844-3 0  9992
2 65902  53.1584 187.0498 0001224  89.4548 270.6594 15.34397340 54667

1 65903U 25224X   26263.18232887  .00018834  00000+0  56711-3 0  9992
2 65903  53.1591 187.1181 0001974  91.1360 268.9869 15.34401354 54644

1 65904U 25224Y   26263.15869284  .00021345  00000+0  64077-3 0  9992
2 65904  53.1591 183.4243 0001841 212.5047 147.5843 15.34415064 54666

1 65905U 25224Z   26262.50992956  .00023437  00000+0  70260-3 0  9999
2 65905  53.1571 190.0310 0000977  86.7018 273.4096 15.34400466 54515

1 65906U 25224AA  26262.51787154  .00015792  00000+0  47774-3 0  9992
2 65906  53.1589 186.5317 0000948  89.3191 270.7920 15.34387072 54592

1 65907U 25224AB  26263.16291615  .00025901  00000+0  77484-3 0  9991
2 65907  53.1582 183.4487 0001149  97.8349 262.2784 15.34409376 54690

1 65908U 25224AC  26263.04527066  .00015915  00000+0  48083-3 0  9998
2 65908  53.1585 184.1348 0002429 101.1585 258.9691 15.34420037 54686

1 65909U 25224AD  26262.50571367  .00014058  00000+0  42641-3 0  9993
2 65909  53.1587 190.0050 0000336 133.4313 226.6718 15.34399345 54518

1 65910U 25225A   26262.48847985  .00020619  00000+0  61951-3 0  9990
2 65910  53.1605 342.3806 0001470  87.4911 272.6260 15.34409668 54124

1 65911U 25225B   26262.21741680  .00012912  00000+0  39250-3 0  9991
2 65911  53.1603 343.5350 0001462  99.4464 260.6704 15.34408735 54086

1 65912U 25225C   26262.92549142  .00017141  00000+0  51761-3 0  9999
2 65912  53.1592 340.1329 0001230  98.5372 261.5770 15.34379328 54194

1 65913U 25225D   26263.21759854  .00013162  00000+0  39984-3 0  9998
2 65913  53.1601 339.1085 0001370  70.0696 290.0454 15.34412146 54239

1 65914U 25225E   26263.21548752  .00021996  00000+0  65973-3 0  9993
2 65914  53.1607 339.0920 0001056  88.9500 271.1623 15.34423183 54237

1 65915U 25225F   26262.77685391  .00044524  00000+0  13238-2 0  9993
2 65915  53.1593 342.7734 0002686  49.7413 310.3824 15.34333607 54144

1 65916U 25225G   26262.25949383  .00018665  00000+0  56215-3 0  9991
2 65916  53.1594 343.7942 0001137  88.4346 271.6787 15.34401520 54083

1 65917U 25225H   26262.83308201 -.00000487  00000+0 -32959-5 0  9990
2 65917  53.1602 340.9735 0001195  68.7425 291.3705 15.34376296 54176

1 65918U 25225J   26262.95342566  .00018360  00000+0  55312-3 0  9999
2 65918  53.1601 342.4314 0001786  79.1413 280.9791 15.34403886 54169

1 65919U 25225K   26262.51162185  .00011202  00000+0  34217-3 0  9998
2 65919  53.1585 342.5217 0001021  87.5810 272.5310 15.34400392 54129

1 65920U 25225L   26262.48427090  .00016780  00000+0  50651-3 0  9991
2 65920  53.1606 342.3542 0001035  45.7642 314.3445 15.34408812 54127

1 65921U 25225M   26262.69861725  .00017004  00000+0  51317-3 0  9992
2 65921  53.1608 341.5583 0001408  51.0434 309.0694 15.34405920 54156

1 65922U 25225N   26263.17761897  .00021824  00000+0  65526-3 0  9998
2 65922  53.1578 338.8605 0001416  98.9414 261.1748 15.34394966 54238

1 65923U 25225P   26262.92128331  .00015411  00000+0  46613-3 0  9992
2 65923  53.1605 340.1045 0001130  94.7397 265.3735 15.34411634 54190

1 65924U 25225Q   26263.18393366  .00019221  00000+0  57866-3 0  9999
2 65924  53.1599 338.8975 0001201  72.1520 287.9613 15.34393830 54233

1 65925U 25225R   26262.81204190  .00049635  00000+0  14701-2 0  9997
2 65925  53.1592 340.8392 0001673  82.8129 277.3063 15.34408202 54174

1 65926U 25225S   26261.23618257  .00022801  00000+0  68380-3 0  9995
2 65926  53.1604 348.0709 0000972  75.4754 284.6357 15.34404769 53938

1 65927U 25225T   26262.91917862  .00013755  00000+0  41742-3 0  9997
2 65927  53.1591 340.0909 0001249  83.2642 276.8502 15.34404313 54198

1 65928U 25225U   26263.21128275  .00019220  00000+0  57843-3 0  9996
2 65928  53.1591 339.0654 0001692 100.2449 259.8744 15.34403671 54231

1 65929U 25225V   26262.71802973  .00023362  00000+0  70006-3 0  9993
2 65929  53.1572 343.0968 0001007  90.3145 269.7973 15.34415208 54138

1 65930U 25225W   26262.80153454  .00025756  00000+0  76960-3 0  9992
2 65930  53.1607 340.7782 0001257  49.6114 310.4998 15.34448891 54176

1 65931U 25225X   26261.88600409  .00019281  00000+0  58029-3 0  9999
2 65931  53.1597 347.1477 0001615  58.8450 301.2710 15.34400617 54006

1 65932U 25225Y   26262.94078375  .00040898  00000+0  12130-2 0  9999
2 65932  53.1582 342.3500 0001366  90.2211 269.8948 15.34451058 54167

1 65933U 25225Z   26263.18814100  .00011400  00000+0  34785-3 0  9999
2 65933  53.1611 338.9251 0002437  87.7838 272.3444 15.34414047 54236

1 65934U 25225AA  26262.25998184  .00015146  00000+0  45851-3 0  9999
2 65934  53.1586 345.2151 0001396  93.4489 266.6673 15.34399499 53172

1 65935U 25225AB  26263.19866326  .00011708  00000+0  35698-3 0  9994
2 65935  53.1594 338.9874 0001875  87.4744 272.6474 15.34412944 53348

1 65936U 25225AC  26263.20707851  .00014883  00000+0  45078-3 0  9994
2 65936  53.1602 339.0391 0001432  86.2913 273.8253 15.34398399 53344

1 65937U 25225AD  26262.77005509  .00015816  00000+0  47788-3 0  9994
2 65937  53.1597 341.2878 0001407  11.5592 348.5442 15.34423691 53275

1 66005U 25232A   26263.04323954  .00010104  00000+0  30974-3 0  9991
2 66005  53.1580 277.4988 0001721  81.9930 278.1268 15.34404335 53236

1 66006U 25232B   26263.06638394  .00012933  00000+0  39320-3 0  9997
2 66006  53.1467 277.6322 0002466  92.2193 267.9091 15.34403671 53230

1 66007U 25232C   26263.03117829  .00011759  00000+0  35890-3 0  9993
2 66007  53.1573 279.5479 0001556  90.8545 269.2635 15.34375363 53209

1 66008U 25232D   26263.06848869  .00011905  00000+0  36293-3 0  9993
2 66008  53.1575 277.6491 0001674  95.4297 264.6896 15.34397921 53225

1 66009U 25232E   26262.77483851  .00017140  00000+0  51716-3 0  9991
2 66009  53.1603 280.7932 0000461  74.5859 285.5195 15.34406008 53151

1 66010U 25232F   26262.66085857  .00015612  00000+0  47230-3 0  9993
2 66010  53.1586 279.3727 0001227  44.0821 316.0279 15.34395252 53174

1 66011U 25232G   26262.60889361  .00016161  00000+0  48847-3 0  9995
2 66011  53.1589 281.8873 0001593  51.0927 309.0217 15.34395633 53143

1 66012U 25232H   26262.71180835  .00012698  00000+0  38628-3 0  9995
2 66012  53.1596 281.1073 0000869  88.3559 271.7543 15.34402587 53162

1 66013U 25232J   26263.01598002  .00012769  00000+0  38841-3 0  9995
2 66013  53.1585 278.0332 0001060  95.3543 264.7581 15.34399822 53238

1 66014U 25232K   26262.03739420  .00010708  00000+0  32762-3 0  9995
2 66014  53.1587 284.7196 0001325  87.1921 272.9233 15.34397707 53051

1 66015U 25232L   26262.67977569  .00007573  00000+0  23507-3 0  9997
2 66015  53.1548 279.4839 0001810  57.9034 302.2144 15.34396026 53177

1 66016U 25232M   26263.03491228  .00015066  00000+0  45607-3 0  9993
2 66016  53.1590 278.1482 0001563  87.5370 272.5812 15.34405145 53233

1 66017U 25232N   26261.04298018  .00023765  00000+0  71249-3 0  9991
2 66017  53.1581 287.0509 0001836  47.9017 312.2141 15.34390375 52935

1 66018U 25232P   26263.02649594 -.00003137  00000+0 -81704-4 0  9992
2 66018  53.1581 278.0953 0001828  78.5505 281.5702 15.34407558 53239

1 66019U 25232Q   26263.03070662  .00010145  00000+0  31099-3 0  9994
2 66019  53.1602 278.1247 0001761  63.0913 297.0269 15.34400574 53230

1 66020U 25232R   26263.19090676  .00008322  00000+0  25715-3 0  9992
2 66020  53.1580 279.1205 0001198  86.4854 273.6286 15.34400253 53210

1 66021U 25232S   26262.05624369  .00016927  00000+0  51101-3 0  9997
2 66021  53.1584 284.1285 0001652  83.1977 276.9213 15.34398576 53067

1 66022U 25232T   26263.02705712  .00012528  00000+0  38125-3 0  9992
2 66022  53.1603 280.2271 0001343  84.3316 275.7840 15.34402694 53205

1 66023U 25232U   26262.06255557  .00017965  00000+0  54147-3 0  9995
2 66023  53.1583 284.1666 0002248  72.1473 287.9775 15.34404103 53061

1 66024U 25232V   26263.04744957  .00013049  00000+0  39680-3 0  9996
2 66024  53.1592 277.5169 0001700  96.5653 263.5543 15.34389489 53240

1 66025U 25232W   26262.75178704  .00011868  00000+0  36189-3 0  9993
2 66025  53.1590 281.3510 0001126  89.1897 270.9234 15.34393914 53160

1 66026U 25232X   26262.74701412  .00013927  00000+0  42243-3 0  9997
2 66026  53.1579 279.1913 0000658  54.8320 305.2744 15.34407843 53186

1 66027U 25232Y   26263.02018500  .00015179  00000+0  45949-3 0  9996
2 66027  53.1578 278.0478 0001193  88.6445 271.4694 15.34398336 53238

1 66028U 25232Z   26263.02438784  .00011974  00000+0  36469-3 0  9993
2 66028  53.1590 278.0754 0003298  81.0191 279.1185 15.34421960 53233

1 66029U 25232AA  26261.34768660  .00008990  00000+0  27693-3 0  9999
2 66029  53.1597 286.0979 0000848  89.3253 270.7847 15.34394341 52971

1 66030U 25232AB  26262.03473138  .00013251  00000+0  40254-3 0  9995
2 66030  53.1576 282.5643 0002482  53.8103 306.3129 15.34407571 53087

1 66031U 25232AC  26263.04536362  .00015144  00000+0  45838-3 0  9993
2 66031  53.1568 277.4898 0001731  84.3920 275.7280 15.34404189 53243

1 66032U 25232AD  26262.33305569  .00020203  00000+0  60731-3 0  9999
2 66032  53.1586 280.8659 0000758  55.4014 304.7060 15.34407839 53130

1 66058U 25235A   26263.04217619  .00029737  00000+0  88785-3 0  9997
2 66058  53.1593  55.6774 0001417  59.9097 300.2046 15.34396841 52779

1 66059U 25235B   26263.16881389  .00019563  00000+0  58829-3 0  9994
2 66059  53.1588  59.3448 0000697  38.8057 321.2996 15.34416869 52730

1 66060U 25235C   26261.94854130  .00019827  00000+0  59616-3 0  9992
2 66060  53.1594  66.6645 0000738  97.4134 262.6952 15.34412451 52522

1 66061U 25235D   26263.00754558  .00016882  00000+0  50948-3 0  9992
2 66061  53.1599  61.8853 0000931  67.7217 292.3884 15.34410218 52683

1 66062U 25235E   26263.13936323  .00015912  00000+0  48095-3 0  9992
2 66062  53.1580  59.1613 0000714 105.2892 254.8190 15.34407877 52730

1 66063U 25235F   26262.88148720  .00016032  00000+0  48460-3 0  9990
2 66063  53.1564  62.5259 0001551  84.7222 275.3958 15.34400565 52664

1 66064U 25235G   26262.96345315  .00018062  00000+0  54432-3 0  9990
2 66064  53.1604  62.3289 0001326  76.4808 283.6343 15.34405765 52677

1 66065U 25235H   26263.14833729  .00025588  00000+0  76497-3 0  9999
2 66065  53.1588  61.3504 0000168 236.3468 123.7518 15.34436607 52701

1 66066U 25235J   26263.13992186  .00025709  00000+0  76933-3 0  9992
2 66066  53.1592  61.2952 0000339 275.8171  84.2793 15.34402821 52709

1 66067U 25235K   26263.13093617  .00023366  00000+0  70050-3 0  9995
2 66067  53.1588  59.1070 0001443  84.7036 275.4131 15.34400796 52705

1 66068U 25235L   26263.14147036  .00014243  00000+0  43208-3 0  9991
2 66068  53.1587  59.1709 0001377  95.3458 264.7702 15.34384268 52706

1 66069U 25235M   26262.01155225  .00025309  00000+0  75719-3 0  9993
2 66069  53.1592  66.3286 0001996 148.5609 211.5513 15.34418981 52530

1 66070U 25235N   26262.71133029  .00021402  00000+0  64216-3 0  9990
2 66070  53.1610  63.5915 0000795  63.6690 296.4395 15.34429393 52634

1 66071U 25235P   26262.73227882  .00015115  00000+0  45771-3 0  9993
2 66071  53.1609  63.0142 0000234  27.7471 332.3544 15.34390443 52646

1 66072U 25235Q   26263.14568381  .00017632  00000+0  53210-3 0  9995
2 66072  53.1584  59.1991 0001550  88.3233 271.7947 15.34378671 52730

1 66073U 25235R   26261.98853070  .00013156  00000+0  39995-3 0  9999
2 66073  53.1602  66.9066 0000841  79.8845 280.2253 15.34388661 52529

1 66074U 25235S   26263.00334050  .00014990  00000+0  45398-3 0  9998
2 66074  53.1584  61.8632 0000817 115.6260 244.4827 15.34394165 52687

1 66075U 25235T   26263.14354583  .00003378  00000+0  11103-3 0  9992
2 66075  53.1559  59.1801 0001183 263.0806  97.0062 15.34409572 52737

1 66076U 25235U   26263.15254637  .00008823  00000+0  27199-3 0  9995
2 66076  53.1599  61.3709 0000931  85.4699 274.6410 15.34395344 52708

1 66077U 25235V   26263.15828164  .00018960  00000+0  57078-3 0  9990
2 66077  53.1606  59.2751 0000275  41.1948 318.9076 15.34404663 52736

1 66078U 25235W   26263.16039270  .00009184  00000+0  28251-3 0  9993
2 66078  53.1591  59.2860 0000911  59.6872 300.4221 15.34410909 52736

1 66079U 25235X   26262.01788645  .00025049  00000+0  74973-3 0  9994
2 66079  53.1589  66.3708 0001039 113.0354 247.0758 15.34411548 52535

1 66080U 25235Y   26262.99856755  .00006751  00000+0  21098-3 0  9990
2 66080  53.1560  59.6944 0001117  56.3971 303.7138 15.34367589 52711

1 66081U 25235Z   26262.71089343  .00016638  00000+0  54648-3 0  9994
2 66081  53.1604  62.1677 0000887  62.9347 297.1745 15.31713929 52659

1 66082U 25235AA  26262.72488558  .00016565  00000+0  54373-3 0  9991
2 66082  53.1593  62.2513 0001497  92.5322 267.5851 15.31737823 52655

1 66083U 25235AB  26263.15465318  .00016023  00000+0  48396-3 0  9996
2 66083  53.1611  61.3778 0001270  74.0981 286.0161 15.34424120 52673

1 66084U 25235AC  26263.14623463  .00017589  00000+0  53030-3 0  9992
2 66084  53.1626  61.3235 0000904  68.8168 291.2931 15.34410398 52708

1 66085U 25235AD  26262.80162204  .00023060  00000+0  69150-3 0  9997
2 66085  53.1604  62.7319 0001322  96.8267 263.2886 15.34401738 52626

1 66086U 25236A   26263.05011601  .00004519  00000+0  14490-3 0  9996
2 66086  53.1590 279.5643 0001027  82.0044 278.1075 15.34376443 52721

1 66087U 25236B   26263.02859035  .00014071  00000+0  42674-3 0  9994
2 66087  53.1544 278.0087 0002196  67.5360 292.5875 15.34405140 52684

1 66088U 25236C   26263.04589128  .00014692  00000+0  44510-3 0  9990
2 66088  53.1609 279.5332 0001271  90.6780 269.4368 15.34400828 52668

1 66089U 25236D   26263.05430817  .00016990  00000+0  51266-3 0  9991
2 66089  53.1485 279.5820 0002773  94.9188 265.2131 15.34410224 52720

1 66090U 25236E   26262.66772426  .00020781  00000+0  62451-3 0  9995
2 66090  53.1582 281.4367 0000927  88.9504 271.1605 15.34397748 52662

1 66091U 25236F   26262.75808133  .00012497  00000+0  38035-3 0  9997
2 66091  53.1605 281.2847 0000463  78.8221 281.2834 15.34400603 52671

1 66092U 25236G   26263.05374995  .00019635  00000+0  59071-3 0  9990
2 66092  53.1540 277.4525 0002359  88.9279 271.1993 15.34400797 52758

1 66093U 25236H   26262.06464579  .00011332  00000+0  34600-3 0  9996
2 66093  53.1581 284.0766 0001915  72.7512 287.3700 15.34400950 52579

1 66094U 25236J   26263.06693125  .00022916  00000+0  68713-3 0  9991
2 66094  53.1579 279.6624 0000881  21.4400 338.6639 15.34406972 52726

1 66095U 25236K   26263.02073319  .00011327  00000+0  34587-3 0  9991
2 66095  53.1590 280.0839 0001536  87.1140 273.0038 15.34398920 52719

1 66096U 25236L   26263.05219073  .00023315  00000+0  69759-3 0  9993
2 66096  53.1593 279.5708 0001040  84.2671 275.8450 15.34464885 52721

1 66097U 25236M   26262.55215547  .00012070  00000+0  36779-3 0  9992
2 66097  53.1587 282.1357 0001099  84.5255 275.5873 15.34399944 52640

1 66098U 25236N   26262.53899036  .00015638  00000+0  47285-3 0  9999
2 66098  53.1552 279.9270 0000863  72.1379 287.9718 15.34409582 52666

1 66099U 25236P   26262.55003409  .00016257  00000+0  49079-3 0  9994
2 66099  53.1579 282.1221 0001409  92.1902 267.9262 15.34429247 52649

1 66100U 25236Q   26262.68818015  .00011668  00000+0  35593-3 0  9995
2 66100  53.1593 279.4340 0001019  39.1183 320.9894 15.34400523 52634

1 66101U 25236R   26262.64198077  .00006402  00000+0  20054-3 0  9997
2 66101  53.1593 279.8603 0001961  54.6850 305.4336 15.34387537 52627

1 66102U 25236S   26263.05796384  .00013455  00000+0  40852-3 0  9993
2 66102  53.1590 277.4786 0000637  68.4874 291.6196 15.34407611 52692

1 66103U 25236T   26263.01807044  .00016360  00000+0  49420-3 0  9994
2 66103  53.1555 277.9387 0002408  61.8258 298.2987 15.34403946 52741

1 66104U 25236U   26263.06426675  .00013124  00000+0  39884-3 0  9995
2 66104  53.1640 277.5169 0001994 106.5494 253.5728 15.34403854 52755

1 66105U 25236V   26262.51804251  .00019326  00000+0  58225-3 0  9995
2 66105  53.1592 280.5070 0001184  74.8953 285.2181 15.34366921 52607

1 66106U 25236W   26263.05585297  .00003159  00000+0  10464-3 0  9992
2 66106  53.1568 277.4643 0002282  96.0212 264.1050 15.34387059 52758

1 66107U 25236X   26262.09774856  .00010999  00000+0  33615-3 0  9990
2 66107  53.1595 282.1463 0001381  86.6078 273.5082 15.34403085 52607

1 66108U 25236Y   26263.03700422  .00016329  00000+0  49323-3 0  9990
2 66108  53.1576 278.0560 0001585  85.8511 274.2672 15.34408819 52689

1 66109U 25236Z   26262.76173054  .00022323  00000+0  67032-3 0  9993
2 66109  53.1594 279.1808 0001420  94.6364 265.4801 15.34377622 52705

1 66110U 25236AA  26263.02494234  .00017317  00000+0  52236-3 0  9998
2 66110  53.1581 280.1106 0001939  85.3588 274.7636 15.34405521 52716

1 66111U 25236AB  26263.04380051  .00009438  00000+0  29012-3 0  9993
2 66111  53.1571 279.5199 0001409  79.1022 281.0139 15.34397762 52666

1 66112U 25236AC  26263.04799561  .00014474  00000+0  43852-3 0  9998
2 66112  53.1595 279.5404 0006261 117.8302 242.3336 15.34400239 52724

1 66113U 25236AD  26262.33991559  .00022947  00000+0  68786-3 0  9998
2 66113  53.1582 282.9468 0002000  93.4120 266.7112 15.34415523 52615

1 66114U 25237A   26262.45866557  .00013442  00000+0  40818-3 0  9998
2 66114  53.1589 216.3132 0001732  86.3098 273.8103 15.34406740 52326

1 66115U 25237B   26263.15888848  .00020849  00000+0  62649-3 0  9999
2 66115  53.1588 214.9921 0001215  83.9742 276.1399 15.34399766 52390

1 66116U 25237C   26262.53431909  .00011629  00000+0  35464-3 0  9994
2 66116  53.1599 216.0719 0000725 155.1733 204.9305 15.34411206 52332

1 66117U 25237D   26262.26802627  .00014893  00000+0  45095-3 0  9991
2 66117  53.1579 219.3824 0001418  89.5510 270.5655 15.34405606 52263

1 66118U 25237E   26262.58318440  .00016823  00000+0  50804-3 0  9991
2 66118  53.1570 217.7967 0000967  94.7530 265.3583 15.34391302 52307

1 66119U 25237F   26262.43771344  .00029134  00000+0  86971-3 0  9995
2 66119  53.1579 216.8892 0001335  87.1509 272.9646 15.34412307 52310

1 66120U 25237G   26262.45024758  .00013463  00000+0  40871-3 0  9996
2 66120  53.1569 216.2615 0001473  89.4804 270.6367 15.34412547 52326

1 66121U 25237H   26262.45922625  .00019901  00000+0  59849-3 0  9995
2 66121  53.1574 218.4415 0001537  93.2857 266.8321 15.34404394 52291

1 66122U 25237J   26262.46974339  .00020992  00000+0  63080-3 0  9990
2 66122  53.1579 218.5048 0001711 102.3090 257.8104 15.34393112 52299

1 66123U 25237K   26263.12686017  .00016126  00000+0  48718-3 0  9993
2 66123  53.1592 213.3682 0001325  84.6320 275.4834 15.34413877 52423

1 66124U 25237L   26262.53642564  .00015250  00000+0  46163-3 0  9996
2 66124  53.1573 216.0835 0001441  57.1882 302.9260 15.34395650 52337

1 66125U 25237M   26262.53220371  .00012244  00000+0  37307-3 0  9995
2 66125  53.1590 216.0558 0000559 114.3341 245.7720 15.34387615 52331

1 66126U 25237N   26262.58472757  .00018582  00000+0  56000-3 0  9990
2 66126  53.1574 215.6731 0001379  91.6886 268.4275 15.34385072 52336

1 66127U 25237P   26262.90042495  .00013539  00000+0  41061-3 0  9997
2 66127  53.1592 216.2134 0001599 114.3644 245.7525 15.34439912 52362

1 66128U 25237Q   26263.11689257 -.00000886  00000+0 -15072-4 0  9992
2 66128  53.1598 215.4321 0001936  64.3558 295.7644 15.34389317 52394

1 66129U 25237R   26263.17361649  .00013634  00000+0  41392-3 0  9997
2 66129  53.1577 215.0812 0001207  80.1662 279.9477 15.34399459 52404

1 66130U 25237S   26262.89624296  .00014865  00000+0  45026-3 0  9992
2 66130  53.1561 216.1972 0001043  73.5972 286.5145 15.34396759 52367

1 66131U 25237T   26262.58262152  .00021560  00000+0  64737-3 0  9998
2 66131  53.1585 215.6625 0000640  96.7275 263.3800 15.34401395 52340

1 66132U 25237U   26262.54272419  .00026059  00000+0  77913-3 0  9990
2 66132  53.1582 216.1226 0001634 239.7384 120.3457 15.34423122 52246

1 66133U 25237V   26262.58682794  .00014163  00000+0  42956-3 0  9998
2 66133  53.1579 215.6882 0000572 111.3215 248.7848 15.34396183 52349

1 66134U 25237W   26263.12475398  .00018540  00000+0  55835-3 0  9993
2 66134  53.1589 213.3564 0002092  77.3646 282.7590 15.34407335 52424

1 66135U 25237X   26263.16521457  .00016456  00000+0  49708-3 0  9992
2 66135  53.1578 215.0242 0001444 100.3753 259.7412 15.34402196 52361

1 66136U 25237Y   26262.46287337  .00017386  00000+0  52439-3 0  9999
2 66136  53.1598 216.3299 0001494  84.6021 275.5153 15.34407297 52328

1 66137U 25237Z   26262.52590006  .00021071  00000+0  63307-3 0  9999
2 66137  53.1597 216.0118 0000464 141.6443 218.4593 15.34396312 52333

1 66138U 25237AA  26263.16730316  .00017194  00000+0  51880-3 0  9995
2 66138  53.1569 215.0342 0001414  84.8786 275.2378 15.34402434 52408

1 66139U 25237AB  26263.15841304  .00005370  00000+0  16999-3 0  9990
2 66139  53.1556 213.5619 0001384  88.9863 271.1299 15.34392399 52429

1 66140U 25237AC  26263.18147132  .00011551  00000+0  35234-3 0  9994
2 66140  53.1579 212.9952 0001401  90.1721 269.9442 15.34410623 52434

1 66141U 25237AD  26262.60997365  .00009696  00000+0  29780-3 0  9998
2 66141  53.1572 215.8285 0001097  72.5466 287.5657 15.34393355 52346

1 66146U 25240A   26262.45672628  .00019326  00000+0  58101-3 0  9992
2 66146  53.1579 238.6373 0001487  84.0944 276.0228 15.34433955 51764

1 66147U 25240B   26263.20528704  .00008991  00000+0  27696-3 0  9993
2 66147  53.1576 236.9020 0001570  86.7531 273.3651 15.34393589 51854

1 66148U 25240C   26262.45253579  .00012125  00000+0  36944-3 0  9995
2 66148  53.1591 238.5964 0001407 106.0596 254.0561 15.34395986 51717

1 66149U 25240D   26263.20318215  .00019755  00000+0  59381-3 0  9995
2 66149  53.1545 236.8859 0001989 100.7444 259.3782 15.34424278 51809

1 66150U 25240E   26262.93001666  .00017266  00000+0  52093-3 0  9993
2 66150  53.1585 238.0290 0001449  72.2127 287.9033 15.34401763 51765

1 66151U 25240F   26262.63740804  .00009131  00000+0  28099-3 0  9996
2 66151  53.1566 237.6242 0001881 259.1092 100.9699 15.34405316 51742

1 66152U 25240G   26262.44622598  .00018213  00000+0  54886-3 0  9999
2 66152  53.1576 238.5711 0001669  93.0131 267.1063 15.34399726 51713

1 66153U 25240H   26263.19007328  .00014689  00000+0  44499-3 0  9993
2 66153  53.1588 235.3886 0001856  79.5425 280.5786 15.34402330 51827

1 66154U 25240J   26262.96367713  .00008217  00000+0  25403-3 0  9999
2 66154  53.1555 238.2363 0001353  93.7081 266.4077 15.34404125 51811

1 66155U 25240K   26262.49031457  .00013260  00000+0  40279-3 0  9993
2 66155  53.1562 238.1275 0001141  91.5805 268.5328 15.34406412 51729

1 66156U 25240L   26263.19897245  .00012130  00000+0  36954-3 0  9997
2 66156  53.1578 236.8602 0001767  90.8686 269.2519 15.34402355 51798

1 66157U 25240M   26262.59542695  .00010905  00000+0  33332-3 0  9992
2 66157  53.1588 238.0703 0000773 108.8994 251.2093 15.34408648 51737

1 66158U 25240N   26262.97209490  .00015244  00000+0  46139-3 0  9998
2 66158  53.1571 238.2918 0001811  97.2565 262.8643 15.34400280 51765

1 66159U 25240P   26263.20268900  .00007608  00000+0  23600-3 0  9990
2 66159  53.1582 235.4586 0000735  92.0958 268.0128 15.34407867 51822

1 66160U 25240Q   26262.93213764  .00014970  00000+0  45379-3 0  9996
2 66160  53.1595 238.0401 0001535  77.6511 282.4663 15.34365974 51765

1 66161U 25240R   26262.51405645  .00013032  00000+0  39624-3 0  9996
2 66161  53.1564 240.4084 0001780  81.3068 278.8136 15.34393337 51697

1 66162U 25240S   26263.20949275  .00017130  00000+0  51677-3 0  9991
2 66162  53.1571 236.9123 0002609  95.4400 264.6901 15.34411130 51805

1 66163U 25240T   26262.44411582  .00012638  00000+0  38445-3 0  9998
2 66163  53.1579 238.5412 0001662  84.4833 275.6359 15.34407821 51710

1 66164U 25240U   26262.65635376  .00007039  00000+0  21937-3 0  9998
2 66164  53.1599 237.7324 0001576  90.9384 269.1799 15.34387795 51749

1 66165U 25240V   26262.58491070  .00021497  00000+0  64565-3 0  9990
2 66165  53.1579 237.9988 0001419 107.0713 253.0445 15.34395034 51732

1 66166U 25240W   26262.95678934  .00014113  00000+0  42802-3 0  9995
2 66166  53.1580 236.0477 0001879  72.0688 288.0520 15.34401625 51792

1 66167U 25240X   26262.91479810  .00017148  00000+0  51738-3 0  9993
2 66167  53.1593 236.4995 0000809  43.2146 316.8920 15.34405849 51782

1 66168U 25240Y   26263.19686634  .00016278  00000+0  49176-3 0  9995
2 66168  53.1572 236.8333 0001565  91.0961 269.0221 15.34407029 51804

1 66169U 25240Z   26263.21159661  .00012083  00000+0  36813-3 0  9998
2 66169  53.1595 236.9273 0001129  89.4947 270.6185 15.34402039 51808

1 66170U 25240AA  26262.91900596  .00013164  00000+0  40015-3 0  9997
2 66170  53.1583 236.5268 0001375  87.0343 273.0816 15.34393600 51782

1 66171U 25240AB  26262.63321248  .00013818  00000+0  41934-3 0  9995
2 66171  53.1575 237.5860 0001112  83.6017 276.5112 15.34401265 51742

1 66172U 25240AC  26263.18643550  .00009591  00000+0  29462-3 0  9995
2 66172  53.1572 237.4804 0001339  88.5192 271.5964 15.34401918 51796

1 66173U 25240AD  26262.64584321  .00016618  00000+0  50199-3 0  9995
2 66173  53.1569 237.6672 0002790  85.2290 274.9031 15.34391828 51748

1 66178U 25243B   26262.87461595  .00021743  00000+0  65263-3 0  9998
2 66178  53.1576  60.4964 0000668  57.3203 302.7864 15.34407439 50427

1 66179U 25243C   26262.98594647  .00010209  00000+0  31275-3 0  9997
2 66179  53.1581  59.7697 0000592 111.7481 248.3585 15.34412791 50441

1 66180U 25243D   26262.96710218  .00014296  00000+0  43335-3 0  9991
2 66180  53.1579  60.3610 0001004  91.2761 268.8357 15.34405997 50438

1 66181U 25243E   26263.14988186  .00026576  00000+0  79392-3 0  9990
2 66181  53.1589  59.3690 0000220 226.6847 133.4137 15.34439092 50463

1 66182U 25243F   26262.87671906  .00016508  00000+0  49845-3 0  9993
2 66182  53.1574  60.5118 0001298  87.3843 272.7308 15.34411365 50427

1 66183U 25243G   26262.98805546  .00018460  00000+0  55563-3 0  9998
2 66183  53.1585  59.7847 0000327  91.4432 268.6608 15.34427728 50440

1 66184U 25243H   26262.79685646  .00025098  00000+0  75122-3 0  9993
2 66184  53.1567  60.7259 0000872  86.8209 273.2893 15.34410354 50417

1 66185U 25243J   26262.40814612  .00010191  00000+0  31238-3 0  9997
2 66185  53.1576  62.5678 0000849  90.5251 269.5848 15.34395462 50359

1 66186U 25243K   26262.76538802  .00022250  00000+0  66767-3 0  9995
2 66186  53.1597  61.2419 0001758  64.8700 295.2485 15.34400913 50402

1 66187U 25243L   26262.98394772  .00016077  00000+0  48562-3 0  9999
2 66187  53.1584  60.4707 0000788  97.1967 262.9125 15.34420810 50439

1 66188U 25243M   26263.14777837  .00010987  00000+0  33577-3 0  9990
2 66188  53.1595  59.3576 0000056 152.2837 207.8168 15.34403268 50466

1 66189U 25243N   26263.16931059  .00015892  00000+0  48049-3 0  9991
2 66189  53.1606  60.9144 0000922  92.5371 267.5737 15.34398256 50443

1 66190U 25243P   26263.17513875  .00020392  00000+0  61320-3 0  9994
2 66190  53.1584  59.5329 0001184  82.6838 277.4299 15.34390108 50461

1 66191U 25243Q   26261.97954259  .00027134  00000+0  81102-3 0  9997
2 66191  53.1588  64.8651 0001127  89.4648 270.6484 15.34411185 50284

1 66192U 25243R   26263.13305730  .00021551  00000+0  64704-3 0  9998
2 66192  53.1578  59.2686 0001012  90.3222 269.7897 15.34404264 50469

1 66193U 25243S   26262.92139098  .00020802  00000+0  62493-3 0  9998
2 66193  53.1613  62.2112 0000527  52.9626 307.1425 15.34407654 50404

1 66194U 25243T   26262.78083065  .00013568  00000+0  44787-3 0  9992
2 66194  53.1613  62.0444 0001101  72.8724 287.2398 15.31722200 50399

1 66195U 25243U   26262.79473540  .00023392  00000+0  70044-3 0  9996
2 66195  53.1569  60.7070 0000733  36.7160 323.3893 15.34438836 50410

1 66196U 25243V   26262.98231639  .00017675  00000+0  53291-3 0  9991
2 66196  53.1613  61.8795 0001054  89.9284 270.1840 15.34407123 50417

1 66197U 25243W   26262.97131079  .00018510  00000+0  55756-3 0  9995
2 66197  53.1584  60.3894 0001113  86.7204 273.3926 15.34402687 50434

1 66198U 25243X   26263.17141410  .00020246  00000+0  60870-3 0  9991
2 66198  53.1612  60.9241 0001321  89.6389 270.4765 15.34400694 50442

1 66199U 25243Y   26262.99914933  .00014343  00000+0  43502-3 0  9993
2 66199  53.1605  61.9761 0000739  91.0025 269.1062 15.34385927 50412

1 66200U 25243Z   26263.17351468  .00016242  00000+0  49062-3 0  9992
2 66200  53.1614  60.9364 0000338  91.2845 268.8196 15.34410171 50447

1 66201U 25243AA  26262.14699739  .00014299  00000+0  47144-3 0  9994
2 66201  53.1586  65.1901 0001037  73.0282 287.0833 15.31714022 50293

1 66202U 25243AB  26262.80584808  .00018191  00000+0  54816-3 0  9997
2 66202  53.1602  62.9060 0001360  97.3367 262.7790 15.34403503 50380

1 66203U 25243AC  26263.17562523  .00022662  00000+0  67984-3 0  9997
2 66203  53.1614  60.9487 0001302  81.2998 278.8152 15.34399300 50449

1 66204U 25243AD  26262.76327764  .00014938  00000+0  45241-3 0  9997
2 66204  53.1611  61.2191 0000985  96.2450 263.8665 15.34396444 50403

1 66206U 25244A   26262.75575879  .00015509  00000+0  46904-3 0  9993
2 66206  53.1579  44.8293 0000950 125.4601 234.6491 15.34410199 51423

1 66207U 25244B   26263.11719557  .00006509  00000+0  20361-3 0  9997
2 66207  53.1595  43.4766 0001138  99.3108 260.8023 15.34398048 51477

1 66208U 25244C   26262.72007588  .00025235  00000+0  75533-3 0  9996
2 66208  53.1594  45.3153 0001158  92.2473 267.8662 15.34406718 51411

1 66209U 25244D   26263.03102750  .00020904  00000+0  62802-3 0  9992
2 66209  53.1566  43.7024 0001179  34.0635 326.0443 15.34402739 51466

1 66210U 25244E   26261.97622702  .00004640  00000+0  14842-3 0  9999
2 66210  53.1591  48.4974 0001467  66.2711 293.8445 15.34394361 51301

1 66211U 25244F   26262.97220025  .00012631  00000+0  38453-3 0  9996
2 66211  53.1602  44.0433 0001715  63.1675 296.9503 15.34383782 51447

1 66212U 25244G   26263.11987677  .00016803  00000+0  50710-3 0  9992
2 66212  53.1603  45.6775 0000581 266.9966  93.0970 15.34414109 51443

1 66213U 25244H   26262.87559678  .00009279  00000+0  28541-3 0  9997
2 66213  53.1588  44.8633 0000986  84.1379 275.9736 15.34400004 51436

1 66214U 25244J   26262.68277894  .00017454  00000+0  52625-3 0  9998
2 66214  53.1602  47.2099 0001222  98.8723 261.2418 15.34414858 51387

1 66215U 25244K   26263.00797529  .00012151  00000+0  37025-3 0  9994
2 66215  53.1593  44.2642 0001492  65.1224 294.9934 15.34392826 51454

1 66216U 25244L   26262.75843329  .00011501  00000+0  35096-3 0  9990
2 66216  53.1582  46.9739 0000825  85.0330 275.0766 15.34402769 51391

1 66217U 25244M   26262.69119584  .00025108  00000+0  75112-3 0  9994
2 66217  53.1589  47.2637 0003028  99.5505 260.5840 15.34424247 51377

1 66218U 25244N   26263.09194613 -.00003340  00000+0 -87760-4 0  9995
2 66218  53.1596  43.3682 0001222  90.4159 269.6983 15.34397593 51474

1 66219U 25244P   26262.90917235  .00016012  00000+0  48398-3 0  9999
2 66219  53.1591  44.3600 0001693  45.8814 314.2328 15.34402165 51444

1 66220U 25244Q   26262.76419295  .00011323  00000+0  34610-3 0  9990
2 66220  53.1582  44.8758 0001036  95.8647 264.2474 15.34367297 51425

1 66221U 25244R   26262.76264000  .00016724  00000+0  50494-3 0  9991
2 66221  53.1592  46.9980 0000816  92.8942 267.2154 15.34403302 51399

1 66222U 25244S   26263.01056363  .00008730  00000+0  26921-3 0  9998
2 66222  53.1594  45.6995 0001165  74.1210 285.9921 15.34401013 51434

1 66223U 25244T   26262.75212058  .00016563  00000+0  50010-3 0  9993
2 66223  53.1594  46.9268 0001181  87.5062 272.6076 15.34408944 51392

1 66224U 25244U   26261.97891054  .00018941  00000+0  57010-3 0  9995
2 66224  53.1606  50.6343 0002213  20.9293 339.1799 15.34411140 51277

1 66225U 25244V   26263.12409110  .00008000  00000+0  24773-3 0  9998
2 66225  53.1609  45.6945 0001049  89.9691 270.1432 15.34390715 51447

1 66226U 25244W   26262.96380032  .00017289  00000+0  52135-3 0  9993
2 66226  53.1583  43.9855 0000672  76.5726 283.5352 15.34417140 51454

1 66227U 25244X   26262.97641110  .00025046  00000+0  74877-3 0  9999
2 66227  53.1604  44.0673 0001326  50.2569 309.8550 15.34448904 51454

1 66228U 25244Y   26263.08564231  .00014499  00000+0  43935-3 0  9992
2 66228  53.1573  43.3217 0000949  61.7118 298.3981 15.34403945 51471

1 66229U 25244Z   26263.09826007  .00047901  00000+0  14190-2 0  9990
2 66229  53.1581  43.4031 0001319  92.0771 268.0382 15.34417876 51477

1 66230U 25244AA  26263.09463513  .00028483  00000+0  84985-3 0  9995
2 66230  53.1584  45.5056 0001156  33.7761 326.3315 15.34440070 51445

1 66231U 25244AB  26262.67600269  .00024114  00000+0  72269-3 0  9999
2 66231  53.1592  45.7425 0001021 102.8732 257.2384 15.34393107 51406

1 66232U 25244AC  26262.94963035  .00018125  00000+0  54648-3 0  9999
2 66232  53.1590  46.0244 0000782 108.1631 251.9457 15.34387361 51427

1 66233U 25244AD  26263.09252681  .00017413  00000+0  52513-3 0  9993
2 66233  53.1571  45.4929 0000572  93.5223 266.5845 15.34409006 51447

1 66234U 25245A   26262.88791192  .00024863  00000+0  80930-3 0  9997
2 66234  53.1588 100.1346 0000906  94.3368 265.7737 15.31739802 51019

1 66235U 25245B   26262.94392094  .00021433  00000+0  70003-3 0  9993
2 66235  53.1584 100.4815 0001027  66.4620 293.6489 15.31719322 50968

1 66236U 25245C   26263.10549962  .00018269  00000+0  55113-3 0  9999
2 66236  53.1570  99.3522 0000859  57.1076 303.0009 15.34363500 50880

1 66237U 25245D   26262.98317243  .00016397  00000+0  49526-3 0  9991
2 66237  53.1587  96.4661 0001701  68.9322 291.1863 15.34406290 51073

1 66238U 25245E   26262.98527441  .00016671  00000+0  50332-3 0  9997
2 66238  53.1581  96.4780 0001000  98.1044 262.0072 15.34407399 51078

1 66239U 25245F   26263.07908699  .00018260  00000+0  59852-3 0  9999
2 66239  53.1585  99.8993 0000989  91.7458 268.3657 15.31712892 50878

1 66240U 25245G   26263.03195222  .00015347  00000+0  46449-3 0  9998
2 66240  53.1581  99.6066 0001048  82.2597 277.8525 15.34395823 51033

1 66241U 25245H   26262.92271779  .00005619  00000+0  17730-3 0  9990
2 66241  53.1584 100.3445 0001116  93.7952 266.3178 15.34400970 50964

1 66242U 25245J   26262.97733299  .00016182  00000+0  48886-3 0  9999
2 66242  53.1568  99.9723 0000741 110.7534 249.3548 15.34411083 51025

1 66243U 25245K   26262.94165622  .00012881  00000+0  39167-3 0  9990
2 66243  53.1598 100.4654 0001675  50.9926 309.1225 15.34403220 51006

1 66244U 25245L   26262.90588551  .00018388  00000+0  55399-3 0  9990
2 66244  53.1583 100.2374 0000858 118.2698 241.8391 15.34401660 50803

1 66245U 25245M   26262.99205573  .00017891  00000+0  53919-3 0  9994
2 66245  53.1579 100.0656 0000711 180.5633 179.5369 15.34411492 50973

1 66246U 25245N   26262.98583235  .00012299  00000+0  40716-3 0  9996
2 66246  53.1572 100.0235 0001118  83.9017 276.2111 15.31722187 50810

1 66247U 25245P   26263.05575052  .00013613  00000+0  44940-3 0  9998
2 66247  53.1577  99.7497 0001555  88.4154 271.7026 15.31716678 51035

1 66248U 25245Q   26262.25407698  .00007238  00000+0  24471-3 0  9993
2 66248  53.1572 103.2780 0001145  88.1708 271.9424 15.31709620 50856

1 66249U 25245R   26262.94889720 -.00016474  00000+0 -52027-3 0  9992
2 66249  53.1595 100.5010 0001216  92.4981 267.6160 15.31699790 50796

1 66250U 25245S   26262.05366027  .00012172  00000+0  40318-3 0  9995
2 66250  53.1574 104.1605 0001177  93.7331 266.3805 15.31714606 50789

1 66251U 25245T   26262.83199506  .00017308  00000+0  56785-3 0  9999
2 66251  53.1584 100.4853 0001015  89.8966 270.2152 15.31719299 50788

1 66252U 25245U   26263.12443512  .00021425  00000+0  64426-3 0  9998
2 66252  53.1597  99.4637 0001758  84.9270 275.1933 15.34358689 50997

1 66253U 25245V   26263.04640031  .00012121  00000+0  40157-3 0  9993
2 66253  53.1565  99.6846 0001749 136.3347 223.7793 15.31711375 50821

1 66254U 25245W   26262.86933976  .00014698  00000+0  48427-3 0  9995
2 66254  53.1588 100.7160 0001422  88.5055 271.6109 15.31713661 51006

1 66255U 25245X   26262.94375608  .00017812  00000+0  53686-3 0  9991
2 66255  53.1596 100.4712 0000653  62.6773 297.4296 15.34411830 51011

1 66256U 25245Y   26262.96471601  .00016001  00000+0  48383-3 0  9991
2 66256  53.1593  99.8923 0001272  81.4347 278.6800 15.34390845 51023

1 66257U 25245Z   26262.93533169  .00014956  00000+0  45270-3 0  9996
2 66257  53.1600 100.4176 0001036 204.4845 155.6109 15.34413818 51011

1 66258U 25245AA  26262.84284354  .00035615  00000+0  10584-2 0  9990
2 66258  53.1585 100.5542 0002943 104.4267 255.7062 15.34452278 51009

1 66259U 25245AB  26262.87401661  .00016040  00000+0  52731-3 0  9998
2 66259  53.1595 100.7446 0001482  56.8091 303.3052 15.31713475 51003

1 66260U 25245AC  26262.97649934  .00011714  00000+0  38849-3 0  9995
2 66260  53.1570  99.9613 0001233  53.9961 306.1155 15.31712741 51023

1 66261U 25245AD  26262.95782595  .00012725  00000+0  42092-3 0  9993
2 66261  53.1589  99.8452 0000614  99.7032 260.4039 15.31714138 51028

1 66262U 25245AE  26262.92991588  .00015509  00000+0  51011-3 0  9999
2 66262  53.1581 100.3770 0000839  66.3854 293.7235 15.31723210 50963

1 66265U 25247A   26262.89685221  .00037996  00000+0  11296-2 0  9998
2 66265  53.1574   4.6966 0001171  73.7469 286.3662 15.34410159 50831

1 66266U 25247B   26262.31328824  .00030107  00000+0  89724-3 0  9998
2 66266  53.1598   9.5771 0001453 119.3339 240.7809 15.34448356 50716

1 66267U 25247C   26262.63838359  .00023078  00000+0  69192-3 0  9999
2 66267  53.1599   5.8795 0001226  90.6885 269.4258 15.34406071 50790

1 66268U 25247D   26262.64939722  .00023425  00000+0  70204-3 0  9999
2 66268  53.1609   7.4119 0001160  90.7210 269.3926 15.34410107 50775

1 66269U 25247E   26262.98300140  .00016390  00000+0  49497-3 0  9996
2 66269  53.1567   4.4757 0001602  61.9144 298.2020 15.34411496 50847

1 66270U 25247F   26262.77707998  .00021487  00000+0  64502-3 0  9994
2 66270  53.1590   5.3689 0001115  81.6380 278.4749 15.34412009 50860

1 66271U 25247G   26262.78808694  .00017638  00000+0  53182-3 0  9996
2 66271  53.1585   6.8532 0001237  81.5081 278.6062 15.34406036 50841

1 66272U 25247H   26262.82327832  .00026258  00000+0  78514-3 0  9996
2 66272  53.1600   4.9451 0000844  68.2823 291.8269 15.34416434 50870

1 66273U 25247J   26262.90314226  .00017813  00000+0  53694-3 0  9998
2 66273  53.1597   4.7315 0001255  82.1518 277.9627 15.34408862 50886

1 66274U 25247K   26262.58005824  .00024865  00000+0  74467-3 0  9990
2 66274  53.1596   7.6883 0001125  79.5820 280.5310 15.34396951 50761

1 66275U 25247L   26262.92677602  .00012741  00000+0  38750-3 0  9993
2 66275  53.1575   6.3016 0002236  28.6850 331.4275 15.34407041 50810

1 66276U 25247M   26263.01084661  .00004820  00000+0  15375-3 0  9999
2 66276  53.1607   6.1083 0001208  86.3172 273.7969 15.34392386 50874

1 66277U 25247N   26262.97879817  .00014493  00000+0  43913-3 0  9995
2 66277  53.1567   4.4888 0001097  91.1239 268.9889 15.34407378 50895

1 66278U 25247P   26262.95145731  .00018049  00000+0  54426-3 0  9997
2 66278  53.1610   4.3210 0001918  84.2091 275.9130 15.34386460 50899

1 66279U 25247Q   26262.90363130  .00023575  00000+0  70629-3 0  9991
2 66279  53.1603   6.1497 0001424  57.6898 302.4242 15.34417033 50813

1 66280U 25247R   26262.76234832  .00014616  00000+0  44266-3 0  9997
2 66280  53.1605   5.2736 0001017  83.6093 276.5026 15.34413731 50819

1 66281U 25247S   26262.98138823  .00003728  00000+0  12140-3 0  9993
2 66281  53.1590   5.9198 0001973  87.3210 272.8019 15.34410043 50820

1 66282U 25247T   26262.78176818  .00021416  00000+0  64284-3 0  9998
2 66282  53.1607   6.8135 0000989  93.8450 266.2666 15.34416020 50797

1 66283U 25247U   26262.79018599  .00021212  00000+0  63680-3 0  9994
2 66283  53.1582   6.8641 0001099  81.8555 278.2572 15.34417770 50790

1 66284U 25247V   26262.99822065  .00014656  00000+0  44389-3 0  9997
2 66284  53.1595   6.0240 0001386  66.7437 293.3711 15.34411531 50828

1 66285U 25247W   26262.28804318  .00015266  00000+0  46198-3 0  9999
2 66285  53.1617   9.4161 0001079 100.5463 259.5662 15.34403002 50719

1 66286U 25247X   26262.95829854  .00019095  00000+0  57351-3 0  9993
2 66286  53.1615   6.4874 0001006  68.6328 291.4782 15.34472356 50817

1 66287U 25247Y   26262.78549453  .00018141  00000+0  54652-3 0  9991
2 66287  53.1586   5.4147 0001207  81.3744 278.7396 15.34413023 50819

1 66288U 25247Z   26262.32533805  .00021919  00000+0  65810-3 0  9991
2 66288  53.1600   7.5197 0001165  91.8028 268.3108 15.34392768 50749

1 66289U 25247AA  26262.77497248  .00021616  00000+0  64869-3 0  9998
2 66289  53.1593   5.3469 0001090  90.8626 269.2501 15.34416943 50816

1 66290U 25247AB  26263.09644832  .00010781  00000+0  32986-3 0  9995
2 66290  53.1601   3.7999 0001746  65.1110 295.0074 15.34389585 50913

1 66291U 25247AC  26262.89052174  .00003535  00000+0  11574-3 0  9994
2 66291  53.1625   4.6485 0001185  78.7686 281.3449 15.34388795 50876

1 66292U 25247AD  26262.76445702  .00026775  00000+0  80047-3 0  9996
2 66292  53.1609   5.2782 0001590  90.0639 270.0545 15.34411421 50809

1 66348U 25254A   26262.98799694  .00014149  00000+0  42933-3 0  9996
2 66348  53.1593  47.8343 0001865  30.2646 329.8464 15.34383320 49916

1 66349U 25254B   26263.14137863  .00025794  00000+0  83871-3 0  9994
2 66349  53.1601  48.0715 0001180  96.1675 263.9461 15.31753215 48764

1 66350U 25254C   26263.12737903  .00013554  00000+0  44754-3 0  9993
2 66350  53.1600  47.9854 0001396  94.8197 265.2964 15.31715534 48765

1 66351U 25254D   26263.09937074  .00014872  00000+0  48986-3 0  9996
2 66351  53.1572  47.8116 0000839  89.0825 271.0273 15.31711156 48763

1 66352U 25254E   26263.11196112  .00015734  00000+0  47567-3 0  9992
2 66352  53.1579  47.1790 0001327  84.2687 275.8467 15.34410100 48774

1 66353U 25254F   26263.12668478  .00009319  00000+0  28669-3 0  9997
2 66353  53.1610  47.2686 0001148  93.9517 266.1617 15.34390997 48777

1 66354U 25254G   26262.11325999  .00017456  00000+0  54048-3 0  9995
2 66354  53.1585  52.3264 0001397  42.9574 317.1537 15.33570549 48614

1 66355U 25254H   26262.95442002  .00016879  00000+0  50952-3 0  9991
2 66355  53.1560  48.3294 0000717 126.8631 233.2437 15.34403552 48748

1 66356U 25254J   26263.11618152  .00011527  00000+0  35188-3 0  9991
2 66356  53.1589  47.2066 0001251  77.6475 282.4668 15.34390566 48773

1 66357U 25254K   26262.93337815  .00021481  00000+0  64475-3 0  9996
2 66357  53.1593  48.1969 0001346 103.1451 256.9702 15.34415295 48744

1 66358U 25254L   26263.12270525  .00020612  00000+0  67365-3 0  9999
2 66358  53.1623  47.9570 0000548  99.3089 260.7975 15.31723716 48764

1 66359U 25254M   26262.89430734  .00022962  00000+0  74942-3 0  9992
2 66359  53.1590  48.6617 0002586  37.6307 322.4875 15.31698668 49864

1 66360U 25254N   26263.11404639  .00023906  00000+0  71639-3 0  9994
2 66360  53.1596  47.1879 0000739  97.5255 262.5831 15.34400099 48778

1 66361U 25254P   26262.96420066  .00010413  00000+0  34678-3 0  9990
2 66361  53.1601  48.3861 0000710  86.1740 273.9343 15.31705651 48742

1 66362U 25254Q   26262.40808366  .00018715  00000+0  56372-3 0  9991
2 66362  53.1597  50.6076 0001091  63.1438 296.9676 15.34395592 48660

1 66363U 25254R   26262.76742905  .00016692  00000+0  50400-3 0  9995
2 66363  53.1587  49.3061 0001091  81.9380 278.1746 15.34404026 48712

1 66364U 25254S   26262.89560084  .00022119  00000+0  66361-3 0  9990
2 66364  53.1599  48.6716 0001527  40.4081 319.7034 15.34410942 48735

1 66365U 25254T   26263.13204203  .00012726  00000+0  42119-3 0  9995
2 66365  53.1614  48.0118 0001171  83.6537 276.4598 15.31696113 48764

1 66366U 25254U   26262.87570874  .00014212  00000+0  46860-3 0  9995
2 66366  53.1596  49.2566 0001315  78.8597 281.2552 15.31717715 48728

1 66367U 25254V   26262.14332960  .00022233  00000+0  66753-3 0  9993
2 66367  53.1617  51.7962 0000754  81.1762 278.9326 15.34384781 48625

1 66368U 25254W   26262.37394665  .00013911  00000+0  42211-3 0  9995
2 66368  53.1577  48.9295 0001315  66.6439 293.4702 15.34398931 48689

1 66369U 25254X   26262.67437417  .00017680  00000+0  53291-3 0  9999
2 66369  53.1612  47.2517 0001411  92.5448 267.5716 15.34414709 48739

1 66370U 25254Y   26261.89905524  .00026699  00000+0  79798-3 0  9993
2 66370  53.1589  50.9438 0000974  97.3472 262.7642 15.34420901 48613

1 66371U 25254Z   26263.06309182  .00023645  00000+0  70900-3 0  9997
2 66371  53.1596  45.4133 0001943  39.3393 320.7751 15.34387385 48791

1 66372U 25254AA  26262.67858391  .00017019  00000+0  51370-3 0  9993
2 66372  53.1600  47.2748 0000933  83.0943 277.0166 15.34399267 48735

1 66373U 25254AB  26263.10726894  .00002135  00000+0  74305-4 0  9992
2 66373  53.1600  45.6874 0001064  98.7698 261.3425 15.34394214 48791

1 66374U 25254AC  26261.90479181  .00032193  00000+0  95937-3 0  9993
2 66374  53.1585  48.8501 0001104  68.8646 291.2474 15.34415256 48642

1 66375U 25254AD  26263.00217977  .00019610  00000+0  58992-3 0  9999
2 66375  53.1613  45.7399 0001017 100.3170 259.7947 15.34403745 48782

1 66380U 25257A   26262.39168187  .00017169  00000+0  51797-3 0  9990
2 66380  53.1597  32.7985 0000530  66.3158 293.7900 15.34408392 49390

1 66381U 25257B   26263.08558808  .00019470  00000+0  58555-3 0  9997
2 66381  53.1618  31.4372 0000627  89.7797 270.3278 15.34417014 49532

1 66382U 25257C   26262.72843928  .00019445  00000+0  58486-3 0  9993
2 66382  53.1591  33.4723 0000945  87.8667 272.2444 15.34415846 49473

1 66383U 25257D   26262.90645731  .00027846  00000+0  83203-3 0  9995
2 66383  53.1593  30.3216 0001432  78.7382 281.3781 15.34407760 49532

1 66384U 25257E   26262.95742647  .00012452  00000+0  37911-3 0  9997
2 66384  53.1602  32.0564 0001008  65.4101 294.7007 15.34394978 49513

1 66385U 25257F   26262.71525381  .00012066  00000+0  36754-3 0  9991
2 66385  53.1584  31.2614 0001035  88.0724 272.0397 15.34411689 49501

1 66386U 25257G   26263.05622093  .00015579  00000+0  47106-3 0  9993
2 66386  53.1575  31.9585 0000549  77.6695 282.4369 15.34412429 49525

1 66387U 25257H   26262.96529937  .00018575  00000+0  55949-3 0  9999
2 66387  53.1589  29.9758 0001576  67.4213 292.6956 15.34401707 49548

1 66388U 25257J   26261.37529686  .00009973  00000+0  30589-3 0  9990
2 66388  53.1605  39.9537 0001335 104.4929 255.6222 15.34401822 49254

1 66389U 25257K   26262.91963603  .00019726  00000+0  59318-3 0  9991
2 66389  53.1590  32.5291 0000654  67.3692 292.7379 15.34412078 49509

1 66390U 25257L   26262.35857560  .00014861  00000+0  44997-3 0  9997
2 66390  53.1595  34.6967 0001725 125.5431 234.5733 15.34408918 49525

1 66391U 25257M   26262.93483836  .00018175  00000+0  54752-3 0  9995
2 66391  53.1603  36.1650 0000825  91.0256 269.0842 15.34412681 49553

1 66392U 25257N   26263.01414139  .00003697  00000+0  12053-3 0  9997
2 66392  53.1584  31.6959 0001441 137.2676 222.8439 15.34394657 49526

1 66393U 25257P   26262.85029745  .00017710  00000+0  53398-3 0  9992
2 66393  53.1597  32.8061 0001189  76.7389 283.3746 15.34404294 49493

1 66394U 25257Q   26263.06196896  .00004107  00000+0  13260-3 0  9999
2 66394  53.1613  29.8641 0000640  77.5858 282.5216 15.34403010 49559

1 66395U 25257R   26263.08138086  .00027295  00000+0  81554-3 0  9993
2 66395  53.1623  31.4056 0000439  62.4695 297.6353 15.34418492 49456

1 66396U 25257S   26262.84341521  .00019996  00000+0  60096-3 0  9994
2 66396  53.1591  30.6348 0000638  12.6228 347.4791 15.34420987 49526

1 66397U 25257T   26263.07296655  .00000981  00000+0  40164-4 0  9997
2 66397  53.1600  31.3503 0001155 100.8843 259.2289 15.34409435 49535

1 66398U 25257U   26263.08511696  .00016981  00000+0  51297-3 0  9999
2 66398  53.1606  30.0105 0000975  99.1529 260.9584 15.34375388 49554

1 66399U 25257V   26262.36231207  .00019781  00000+0  59493-3 0  9994
2 66399  53.1599  33.3218 0001169  52.0511 308.0597 15.34405179 49439

1 66400U 25257W   26262.93589311  .00016576  00000+0  50003-3 0  9999
2 66400  53.1611  30.4968 0000845  90.9699 269.1401 15.34438016 49533

1 66401U 25257X   26262.34759469  .00016148  00000+0  48770-3 0  9991
2 66401  53.1605  33.2265 0001017  61.8619 298.2487 15.34421773 49448

1 66403U 25257Z   26263.18803911  .00006611  00000+0  20667-3 0  9997
2 66403  53.1590  29.2260 0001066  82.1426 277.9698 15.34393923 49576

1 66404U 25257AA  26262.66274219  .00016680  00000+0  50368-3 0  9991
2 66404  53.1594  31.6364 0001224  99.7673 260.3468 15.34401127 49495

1 66405U 25257AB  26263.07670044  .00010706  00000+0  32760-3 0  9993
2 66405  53.1612  29.9527 0000832 110.8591 249.2501 15.34392881 49485

1 66406U 25257AC  26262.72156641  .00007427  00000+0  23073-3 0  9990
2 66406  53.1589  31.2863 0001420  89.3779 270.7386 15.34397854 49441

1 66407U 25257AD  26262.91486828  .00009843  00000+0  30219-3 0  9999
2 66407  53.1578  30.3637 0000935  64.5512 295.5588 15.34387369 49538

1 66408U 25257AE  26262.65853255  .00018214  00000+0  54879-3 0  9993
2 66408  53.1588  31.6033 0000785  84.8683 275.2410 15.34404935 49494

1 66617U 25271A   26262.78192611  .00025866  00000+0  77402-3 0  9995
2 66617  53.1565 316.9404 0000815  22.6924 337.4114 15.34400606 47305

1 66618U 25271B   26262.44783619  .00014307  00000+0  43344-3 0  9999
2 66618  53.1578 318.4015 0001031  85.6157 274.4963 15.34421963 47258

1 66619U 25271C   26262.44362624  .00022200  00000+0  66593-3 0  9991
2 66619  53.1585 318.3868 0002606  99.9290 260.2007 15.34412741 47253

1 66620U 25271D   26262.50456353  .00027202  00000+0  81243-3 0  9999
2 66620  53.1590 318.0580 0001007 122.2450 237.8651 15.34433850 47261

1 66621U 25271E   26262.87020653  .00012997  00000+0  39510-3 0  9995
2 66621  53.1593 316.7714 0000116  47.9222 312.1790 15.34401332 47316

1 66622U 25271F   26262.44993658  .00015519  00000+0  46930-3 0  9990
2 66622  53.1591 318.4272 0001967  99.8754 260.2470 15.34412512 47257

1 66623U 25271G   26262.64277605  .00020671  00000+0  62064-3 0  9991
2 66623  53.1584 313.9492 0001160  98.9534 261.1600 15.34429604 47339

1 66624U 25271H   26262.76720534  .00018164  00000+0  54726-3 0  9999
2 66624  53.1582 316.8460 0002367  42.4209 317.6976 15.34409203 47301

1 66625U 25271J   26262.43263210  .00024954  00000+0  74673-3 0  9994
2 66625  53.1590 314.7656 0001514  94.6237 265.4939 15.34421037 47294

1 66626U 25271K   26262.44573099  .00019212  00000+0  57822-3 0  9993
2 66626  53.1592 318.4015 0001032  85.2855 274.8266 15.34403129 47259

1 66627U 25271L   26263.18747650  .00007311  00000+0  22725-3 0  9993
2 66627  53.1598 315.2068 0001398  88.7503 271.3660 15.34407934 47328

1 66628U 25271M   26263.17437778  .00008554  00000+0  26407-3 0  9991
2 66628  53.1598 311.5718 0001435  90.2408 269.8759 15.34393790 47419

1 66630U 25271P   26262.76462210  .00004130  00000+0  13334-3 0  9998
2 66630  53.1597 313.2778 0001180  35.9722 324.1360 15.34390066 47357

1 66631U 25271Q   26262.69106829  .00015525  00000+0  46941-3 0  9992
2 66631  53.1588 313.5308 0000899  73.8245 286.2856 15.34416839 47330

1 66632U 25271R   26263.16806454  .00013559  00000+0  41163-3 0  9993
2 66632  53.1587 311.5352 0001761 102.0810 258.0389 15.34406059 47363

1 66633U 25271S   26262.45367138  .00006228  00000+0  19531-3 0  9995
2 66633  53.1587 314.8920 0001443 137.7213 222.3902 15.34399295 47302

1 66634U 25271T   26262.18050960  .00022599  00000+0  67743-3 0  9995
2 66634  53.1589 316.0355 0002963  79.0797 281.0539 15.34423165 47216

1 66635U 25271U   26263.17906021  .00014922  00000+0  45187-3 0  9993
2 66635  53.1598 315.1539 0001052  88.2698 271.8425 15.34402262 47363

1 66636U 25271V   26263.15381391  .00003674  00000+0  11984-3 0  9999
2 66636  53.1590 314.9986 0001823  87.8354 272.2857 15.34393909 47360

1 66637U 25271W   26263.17227081  .00016049  00000+0  48484-3 0  9992
2 66637  53.1487 311.5501 0004150 119.5862 240.5555 15.34412899 47414

1 66638U 25271X   26262.45204492  .00016557  00000+0  50013-3 0  9999
2 66638  53.1575 318.4344 0000764  57.0245 303.0831 15.34395293 47254

1 66639U 25271Y   26258.63427735  .00044009  00000+0  13040-2 0  9993
2 66639  53.1590 336.5563 0001037  76.6613 283.4506 15.34447936 46662

1 66640U 25271Z   26262.71468670  .00017025  00000+0  51362-3 0  9990
2 66640  53.1601 317.2290 0000893  91.5976 268.5129 15.34414766 47297

1 66641U 25271AA  26262.72100407  .00017423  00000+0  52501-3 0  9991
2 66641  53.1577 317.2682 0001102  82.6809 277.4319 15.34434927 47296

1 66642U 25271AB  26262.79035921  .00018273  00000+0  55051-3 0  9994
2 66642  53.1577 316.9882 0001567  83.2742 276.8439 15.34407272 47269

1 66643U 25271AC  26262.70369400  .00024524  00000+0  73441-3 0  9997
2 66643  53.1585 313.6092 0000710  93.2165 266.8919 15.34407578 47345

1 66644U 25271AD  26262.80087131  .00014747  00000+0  44666-3 0  9990
2 66644  53.1585 317.0526 0001829  91.3447 268.7765 15.34405124 47301

1 66821U 25280A   26262.51030685  .00001669  00000+0  14766-3 0  9994
2 66821  70.0004 205.9554 0003172 268.6254  91.4541 14.98327744 45105

1 66822U 25280B   26262.27660918  .00003024  00000+0  26108-3 0  9996
2 66822  70.0007 206.3419 0003250 266.2723  93.8065 14.98337737 45072

1 66823U 25280C   26262.59372596  .00003560  00000+0  30605-3 0  9996
2 66823  70.0006 205.4404 0002912 269.3205  90.7620 14.98323935 45123

1 66824U 25280D   26262.22654780  .00003426  00000+0  29477-3 0  9991
2 66824  70.0003 206.5708 0003007 266.8704  93.2111 14.98332082 45061

1 66825U 25280E   26262.56869668  .00002180  00000+0  19039-3 0  9991
2 66825  70.0010 205.7566 0003035 268.8177  91.2634 14.98333690 45109

1 66826U 25280F   26262.58537070  .00002715  00000+0  23520-3 0  9997
2 66826  70.0009 205.4123 0002903 270.0698  90.0129 14.98344049 45128

1 66827U 25280G   26262.28496986  .00003894  00000+0  33399-3 0  9999
2 66827  70.0014 206.3709 0002703 268.5069  91.5780 14.98323724 45077

1 66828U 25280H   26263.09861772  .00003756  00000+0  32236-3 0  9995
2 66828  69.9999 204.3938 0003293 263.3837  96.6947 14.98340035 45198

1 66829U 25280J   26262.26827750  .00003924  00000+0  33638-3 0  9996
2 66829  70.0004 206.3113 0002920 269.5097  90.5728 14.98342671 45073

1 66830U 25280K   26262.57287570  .00003748  00000+0  32172-3 0  9998
2 66830  70.0002 205.7730 0002357 270.3267  89.7622 14.98328134 45110

1 66831U 25280L   26263.12359661  .00005874  00000+0  49916-3 0  9998
2 66831  69.9998 204.0799 0003312 285.2635  74.8158 14.98366856 45207

1 66832U 25280M   26262.28913081  .00003331  00000+0  28680-3 0  9998
2 66832  70.0010 206.3845 0003280 268.0791  91.9993 14.98338059 45075

1 66833U 25280N   26262.27243295  .00003895  00000+0  33397-3 0  9997
2 66833  70.0008 206.3272 0003198 268.9322  91.1471 14.98340981 45074

1 66834U 25280P   26263.11527139  .00001191  00000+0  10758-3 0  9997
2 66834  70.0008 204.0526 0003326 263.3542  96.7239 14.98337676 45203

1 66835U 25280Q   26262.54782439  .00001951  00000+0  17126-3 0  9990
2 66835  70.0009 205.6819 0002835 272.5479  87.5356 14.98335169 45115

1 66836U 25280R   26262.26410586  .00006725  00000+0  57071-3 0  9998
2 66836  69.9992 206.2965 0003607 255.0751 105.0008 14.98341184 45079

1 66837U 25280S   26262.24341233  .00001971  00000+0  17288-3 0  9993
2 66837  70.0009 206.6265 0002960 270.0689  90.0131 14.98333557 45061

1 66838U 25280T   26263.12795808  .00004130  00000+0  35367-3 0  9991
2 66838  70.0012 204.0935 0002772 271.1412  88.9430 14.98339917 45209

1 66839U 25280U   26262.27677216  .00003936  00000+0  33735-3 0  9999
2 66839  70.0004 206.3406 0003244 267.0441  93.0347 14.98340972 45072

1 66840U 25280V   26263.09461448  .00006667  00000+0  56596-3 0  9994
2 66840  69.9995 204.3811 0003377 266.9321  93.1452 14.98330850 45195

1 66841U 25280W   26263.10294080  .00003070  00000+0  26495-3 0  9993
2 66841  70.0006 204.4090 0003094 269.0657  91.0147 14.98336077 45199

1 66842U 25280X   26263.18637797  .00005844  00000+0  49705-3 0  9998
2 66842  70.0026 203.8943 0002221 266.5259  93.5646 14.98339957 45217

1 66843U 25280Y   26262.26845294  .00008636  00000+0  73057-3 0  9999
2 66843  70.0017 206.3080 0002345 275.4946  84.5946 14.98334469 45077

1 66844U 25280Z   26263.08624770  .00002775  00000+0  24024-3 0  9993
2 66844  70.0012 204.3474 0002810 256.9373 103.1472 14.98332483 45169

1 66845U 25280AA  26262.25590737  .00001818  00000+0  16019-3 0  9999
2 66845  70.0002 206.2650 0003126 253.1923 106.8893 14.98319666 45072

1 66846U 25280AB  26262.56469764  .00003729  00000+0  32009-3 0  9999
2 66846  70.0005 205.7413 0003095 264.6362  95.4444 14.98338529 45126

1 66847U 25280AC  26262.57303706  .00003102  00000+0  26763-3 0  9999
2 66847  70.0018 205.7691 0002738 273.3067  86.7779 14.98332617 45116

1 66878U 25283A   26263.09051010  .00036380  00000+0  10824-2 0  9996
2 66878  53.1591 199.3643 0001319  84.4447 275.6705 15.34406901 45634

1 66879U 25283B   26262.22488038  .00017565  00000+0  52986-3 0  9995
2 66879  53.1583 203.9123 0001651  86.1635 273.9556 15.34395118 45494

1 66880U 25283C   26263.11153160  .00014307  00000+0  43377-3 0  9996
2 66880  53.1585 199.4962 0001298  88.9736 271.1415 15.34399685 45630

1 66881U 25283D   26263.08838641  .00018238  00000+0  54954-3 0  9997
2 66881  53.1581 199.3493 0001289  87.8746 272.2404 15.34402686 45630

1 66882U 25283E   26263.09624332  .00022552  00000+0  67628-3 0  9995
2 66882  53.1572 197.2749 0002444  97.6293 262.4987 15.34413794 45664

1 66883U 25283F   26262.45331386  .00022984  00000+0  68903-3 0  9995
2 66883  53.1576 200.3735 0001068  71.3596 288.7522 15.34411195 45586

1 66884U 25283G   26262.55000459  .00028515  00000+0  85133-3 0  9991
2 66884  53.1592 200.2620 0002484  80.0036 280.1247 15.34419009 45577

1 66885U 25283H   26262.21168512  .00018720  00000+0  56344-3 0  9999
2 66885  53.1581 201.7053 0001265  96.4161 263.6985 15.34419614 45520

1 66886U 25283J   26263.11517624  .00015940  00000+0  48183-3 0  9995
2 66886  53.1585 197.3912 0001141  85.2442 274.8691 15.34403979 45660

1 66887U 25283K   26262.54788791  .00020242  00000+0  60847-3 0  9999
2 66887  53.1601 200.2510 0000213  36.6505 323.4512 15.34407257 45573

1 66888U 25283L   26262.88619470  .00021311  00000+0  63995-3 0  9999
2 66888  53.1594 198.8050 0002394  82.9532 277.1743 15.34404278 45629

1 66889U 25283M   26262.52685517  .00022571  00000+0  67673-3 0  9992
2 66889  53.1585 200.1172 0000424  83.2503 276.8548 15.34419197 45575

1 66890U 25283N   26262.53949631  .00019356  00000+0  58248-3 0  9990
2 66890  53.1577 200.1962 0001375 102.7484 257.3673 15.34401645 45578

1 66891U 25283P   26263.07949638  .00019617  00000+0  59000-3 0  9995
2 66891  53.1588 197.8760 0002390  86.4243 273.7033 15.34409979 45657

1 66892U 25283Q   26263.08418230  .00017689  00000+0  53318-3 0  9999
2 66892  53.1586 199.3205 0001205  93.8356 266.2784 15.34415027 45637

1 66893U 25283R   26262.46438577  .00015329  00000+0  46378-3 0  9994
2 66893  53.1562 202.5601 0002069 120.9302 239.1904 15.34407081 45534

1 66894U 25283S   26263.10521840  .00019538  00000+0  58786-3 0  9995
2 66894  53.1585 199.4525 0001276  91.9900 268.1249 15.34401248 45622

1 66895U 25283T   26262.32933890  .00018000  00000+0  54250-3 0  9996
2 66895  53.1569 201.0177 0001143  90.1260 269.9874 15.34404486 45542

1 66896U 25283U   26262.49585022  .00002210  00000+0  76499-4 0  9991
2 66896  53.1583 202.0461 0001371  92.5665 267.5494 15.34406484 45546

1 66897U 25283V   26262.55630524  .00018806  00000+0  56646-3 0  9996
2 66897  53.1593 200.2990 0000868  68.8347 291.2748 15.34392546 45569

1 66898U 25283W   26262.31250314  .00020871  00000+0  62672-3 0  9997
2 66898  53.1557 200.9104 0002151  97.5268 262.5979 15.34419594 45540

1 66899U 25283X   26262.44908739  .00013864  00000+0  42065-3 0  9991
2 66899  53.1582 200.3338 0001478 113.5055 246.6103 15.34403200 45567

1 66900U 25283Y   26263.18662391  .00023592  00000+0  70689-3 0  9999
2 66900  53.1574 197.1252 0001364  98.5973 261.5184 15.34413205 45677

1 66901U 25283Z   26262.31671285  .00024258  00000+0  72642-3 0  9997
2 66901  53.1575 200.9370 0000951  90.3666 269.7445 15.34415416 45545

1 66902U 25283AA  26263.11938435  .00013081  00000+0  39750-3 0  9995
2 66902  53.1572 197.4134 0002162  93.2682 266.8568 15.34407524 45665

1 66903U 25283AB  26263.19714652  .00025226  00000+0  75502-3 0  9996
2 66903  53.1570 197.1876 0001140  91.9382 268.1751 15.34408829 45670

1 66904U 25283AC  26262.31048764  .00028414  00000+0  84827-3 0  9996
2 66904  53.1576 201.6035 0001417 101.0144 259.1019 15.34424021 45535

1 66905U 25283AD  26262.53583021  .00021788  00000+0  65411-3 0  9996
2 66905  53.1588 202.2968 0001081  78.6344 281.4780 15.34399896 45544

1 66925U 25286A   26262.25668747  .00017636  00000+0  53205-3 0  9994
2 66925  53.1571 175.7431 0000995  83.1055 277.0061 15.34388600 45106

1 66926U 25286B   26263.15386424  .00020076  00000+0  60353-3 0  9998
2 66926  53.1583 171.3956 0001533  54.4907 305.6238 15.34409330 45243

1 66927U 25286C   26263.18743637  .00024973  00000+0  74758-3 0  9999
2 66927  53.1595 170.8870 0001298  97.8365 262.2784 15.34408651 45253

1 66928U 25286D   26263.04884743  .00021534  00000+0  64660-3 0  9990
2 66928  53.1565 172.1575 0002365  90.7857 269.3416 15.34400391 45222

1 66929U 25286E   26263.12650169  .00024709  00000+0  73916-3 0  9994
2 66929  53.1567 171.2182 0001387 209.0995 150.9930 15.34436645 45249

1 66930U 25286F   26262.25879035  .00015493  00000+0  46859-3 0  9990
2 66930  53.1587 175.7568 0001461  92.6813 267.4356 15.34408993 45092

1 66931U 25286G   26263.14123396  .00022753  00000+0  68151-3 0  9998
2 66931  53.1587 171.3141 0000595 172.8372 187.2639 15.34446421 45248

1 66932U 25286H   26262.23354453  .00020963  00000+0  62960-3 0  9991
2 66932  53.1578 175.5987 0001606 117.0007 243.1160 15.34411182 45105

1 66933U 25286J   26263.16228036  .00020719  00000+0  62252-3 0  9995
2 66933  53.1573 171.4431 0001159  88.0909 272.0226 15.34406233 45241

1 66934U 25286K   26262.25458007  .00021846  00000+0  65523-3 0  9994
2 66934  53.1578 175.7246 0001574 135.9244 224.1885 15.34427178 45108

1 66935U 25286L   26263.12861833  .00020073  00000+0  60363-3 0  9995
2 66935  53.1590 171.2294 0001470  86.3737 273.7433 15.34400455 45241

1 66936U 25286M   26262.94162000  .00011921  00000+0  36326-3 0  9999
2 66936  53.1589 172.1981 0001734 110.6456 249.4732 15.34411784 45200

1 66937U 25286N   26263.02148041  .00019266  00000+0  58030-3 0  9995
2 66937  53.1579 171.9857 0002198  87.2011 272.9243 15.34376823 45224

1 66938U 25286P   26263.14334067  .00012420  00000+0  37808-3 0  9999
2 66938  53.1601 171.3241 0001163  68.2567 291.8559 15.34402836 45244

1 66939U 25286Q   26263.13492573  .00013854  00000+0  42027-3 0  9997
2 66939  53.1609 171.2747 0001421  53.5045 306.6088 15.34410278 45249

1 66940U 25286R   26262.23566672  .00019612  00000+0  59036-3 0  9997
2 66940  53.1589 175.6132 0001222  95.2165 264.8977 15.34384049 45102

1 66941U 25286S   26263.18112389  .00026544  00000+0  79361-3 0  9990
2 66941  53.1578 170.8425 0001224  89.8831 270.2311 15.34414115 45251

1 66942U 25286T   26263.16017382  .00014397  00000+0  43629-3 0  9997
2 66942  53.1595 171.4283 0001169  89.7789 270.3347 15.34409312 45173

1 66943U 25286U   26262.28604994  .00014925  00000+0  45179-3 0  9990
2 66943  53.1584 175.2152 0001065  85.8113 274.3012 15.34414077 45045

1 66944U 25286V   26263.18954161  .00025004  00000+0  74834-3 0  9995
2 66944  53.1572 170.8993 0001860  77.9978 282.1233 15.34414946 45251

1 66945U 25286W   26263.15806941  .00025639  00000+0  76719-3 0  9993
2 66945  53.1581 171.4156 0001145  98.2389 261.8743 15.34407254 45241

1 66946U 25286X   26262.23774758  .00014303  00000+0  43354-3 0  9997
2 66946  53.1570 175.6212 0001821 120.8373 239.2809 15.34408011 45104

1 66947U 25286Y   26263.03411001  .00008138  00000+0  25171-3 0  9992
2 66947  53.1571 172.0608 0001005  90.2853 269.8265 15.34400593 45228

1 66948U 25286Z   26262.46051405  .00020936  00000+0  62908-3 0  9996
2 66948  53.1576 174.8792 0001624  83.6526 276.4662 15.34397541 45120

1 66949U 25286AA  26263.12019564  .00025899  00000+0  77474-3 0  9998
2 66949  53.1583 171.1773 0001252  97.1715 262.9430 15.34411026 45246

1 66950U 25286AB  26263.05295872  .00020582  00000+0  61852-3 0  9997
2 66950  53.1593 171.4661 0001674  88.4645 271.6549 15.34405489 45234

1 66951U 25286AC  26262.24405093  .00019169  00000+0  57652-3 0  9998
2 66951  53.1589 175.6573 0001502 109.2744 250.8422 15.34427140 45103

1 66952U 25286AD  26263.00886706  .00015258  00000+0  46184-3 0  9991
2 66952  53.1585 171.9050 0001010  54.0558 306.0538 15.34396030 45221

1 67003U 25293A   26262.56591291 -.00000390  00000+0 -24888-4 0  9990
2 67003  70.0018 325.8282 0003597 270.9881  89.0866 14.98331441 43926

1 67004U 25293B   26262.59928380  .00001969  00000+0  17274-3 0  9998
2 67004  70.0012 325.5405 0003669 270.2773  89.7966 14.98335842 43925

1 67005U 25293C   26263.15004340  .00004200  00000+0  35934-3 0  9997
2 67005  70.0019 324.2554 0003553 266.1349  93.9403 14.98352285 44013

1 67006U 25293D   26262.82461858  .00002909  00000+0  25142-3 0  9996
2 67006  70.0020 325.1237 0003351 273.6769  86.4007 14.98344064 43965

1 67007U 25293E   26263.18342892  .00003124  00000+0  26947-3 0  9997
2 67007  70.0018 323.9678 0003357 269.3381  90.7394 14.98338657 44022

1 67008U 25293F   26263.14168281  .00011090  00000+0  93448-3 0  9993
2 67008  69.9937 324.2218 0005804 275.7522  84.2975 14.98376201 44010

1 67009U 25293G   26262.92472987 -.00003304  00000+0 -26925-3 0  9997
2 67009  70.0038 324.6705 0003494 285.1803  74.8969 14.98324119 43985

1 67010U 25293H   26263.17090491  .00001465  00000+0  13051-3 0  9993
2 67010  70.0015 323.9245 0003463 270.5526  89.5236 14.98334290 44026

1 67011U 25293J   26263.17507818  .00001544  00000+0  13715-3 0  9995
2 67011  70.0017 323.9376 0003757 269.1661  90.9067 14.98333424 44020

1 67012U 25293K   26262.89554201  .00001858  00000+0  16344-3 0  9991
2 67012  70.0013 324.9694 0003794 269.6379  90.4345 14.98335337 43975

1 67013U 25293L   26262.88718933  .00001928  00000+0  16931-3 0  9995
2 67013  70.0026 324.9394 0004429 271.2951  88.7701 14.98339536 43979

1 67014U 25293M   26263.14588409  .00000904  00000+0  83536-4 0  9998
2 67014  70.0014 324.2365 0003642 268.6919  91.3823 14.98335980 44018

1 67015U 25293N   26263.12919794  .00003436  00000+0  29561-3 0  9992
2 67015  70.0012 324.1789 0003809 271.9056  88.1667 14.98326952 44019

1 67016U 25293P   26263.13751882  .00008089  00000+0  68436-3 0  9999
2 67016  70.0012 324.2066 0003878 269.0736  90.9979 14.98361805 44011

1 67017U 25293Q   26263.18760069  .00001757  00000+0  15501-3 0  9992
2 67017  70.0013 323.9816 0003526 271.5342  88.5413 14.98335888 44022

1 67018U 25293R   26263.17925245  .00001512  00000+0  13443-3 0  9993
2 67018  70.0020 323.9515 0003376 270.4999  89.5773 14.98333945 44028

1 67019U 25293S   26262.56607900 -.00001351  00000+0 -10543-3 0  9992
2 67019  70.0027 325.8264 0003453 272.5554  87.5209 14.98327771 43924

1 67020U 25293T   26263.13352647  .00001480  00000+0  13181-3 0  9995
2 67020  70.0004 324.1926 0004027 269.7406  90.3291 14.98335260 44005

1 67021U 25293U   26262.54938399  .00002446  00000+0  21270-3 0  9995
2 67021  70.0025 325.7655 0003693 266.1781  93.8956 14.98337387 43928

1 67022U 25293V   26263.18359075  .00000788  00000+0  73786-4 0  9992
2 67022  70.0020 323.9666 0004022 268.6060  91.4638 14.98336980 44021

1 67023U 25293W   26262.42423197  .00002932  00000+0  25345-3 0  9996
2 67023  70.0034 326.1327 0002876 273.7788  86.3042 14.98326046 43905

1 67024U 25293X   26263.14185192  .00011244  00000+0  94745-3 0  9993
2 67024  70.0017 324.2208 0003487 268.5949  91.4811 14.98376589 44015

1 67025U 25293Y   26262.92490050  .00002364  00000+0  20583-3 0  9993
2 67025  70.0011 324.6687 0003603 269.5163  90.5583 14.98335056 43989

1 67026U 25293Z   26262.43670904  .00001640  00000+0  14523-3 0  9991
2 67026  70.0020 325.7719 0003811 268.5099  91.5624 14.98332744 43906

1 67027U 25293AA  26263.17524271  .00001291  00000+0  11594-3 0  9996
2 67027  70.0017 323.9375 0003502 269.5695  90.5063 14.98333853 44023

1 67028U 25293AB  26263.15439757  .00001357  00000+0  12149-3 0  9999
2 67028  70.0011 324.2635 0003526 270.3008  89.7747 14.98335215 44017

1 67029U 25293AC  26262.89571001  .00004518  00000+0  38600-3 0  9991
2 67029  70.0090 324.9667 0003431 282.2454  77.8320 14.98352058 43972

1 67075U 25298A   26263.21605652  .00002913  00000+0  25177-3 0  9996
2 67075  70.0006 244.0631 0003651 271.3122  88.7618 14.98335234 42357

1 67076U 25298B   26262.94066800  .00003240  00000+0  27924-3 0  9998
2 67076  69.9997 244.7057 0003499 273.5728  86.5031 14.98326992 42311

1 67077U 25298C   26262.96571194  .00002867  00000+0  24797-3 0  9997
2 67077  69.9993 244.7949 0003904 268.0151  92.0561 14.98335649 42317

1 67078U 25298D   26262.69032647  .00003395  00000+0  29215-3 0  9990
2 67078  69.9996 245.4369 0003634 265.6966  94.3778 14.98335711 42272

1 67079U 25298E   26262.37736669  .00002963  00000+0  25598-3 0  9991
2 67079  69.9989 245.9599 0003876 266.1816  93.8900 14.98337055 42233

1 67080U 25298F   26262.90711522  .00002652  00000+0  22999-3 0  9990
2 67080  69.9988 244.5902 0003728 265.0527  95.0206 14.98329668 42313

1 67081U 25298G   26262.91545943  .00001029  00000+0  94013-4 0  9998
2 67081  69.9985 244.6199 0003211 269.4175  90.6616 14.98337846 42317

1 67082U 25298H   26262.65676350  .00004064  00000+0  34808-3 0  9994
2 67082  69.9992 245.3220 0004033 267.3725  92.6972 14.98338299 42275

1 67083U 25298J   26262.94885176  .00002930  00000+0  25320-3 0  9994
2 67083  69.9998 244.7288 0003771 269.7551  90.3176 14.98333834 42305

1 67084U 25298K   26262.69433483  .00000374  00000+0  39153-4 0  9997
2 67084  69.9991 245.4468 0003665 273.9193  86.1547 14.98328498 42279

1 67085U 25298L   26263.19919218  .00000788  00000+0  73847-4 0  9996
2 67085  70.0003 244.0068 0003660 268.1868  91.8872 14.98340574 42350

1 67086U 25298M   26263.22006672  .00002711  00000+0  23490-3 0  9998
2 67086  69.9999 244.0712 0003379 271.2656  88.8116 14.98334349 42355

1 67087U 25298N   26261.12563537  .00002987  00000+0  25797-3 0  9991
2 67087  69.9991 249.2206 0003848 268.0437  92.0281 14.98330809 42048

1 67088U 25298P   26262.96554719  .00002933  00000+0  25346-3 0  9998
2 67088  69.9992 244.7878 0003812 267.7939  92.2783 14.98336161 42315

1 67089U 25298Q   26262.36904185  .00000135  00000+0  19103-4 0  9996
2 67089  69.9998 246.3225 0003550 266.7782  93.2971 14.98331706 42220

1 67090U 25298R   26262.66945474  .00002080  00000+0  18205-3 0  9999
2 67090  70.0000 245.3612 0003497 273.0356  87.0403 14.98335802 42273

1 67091U 25298S   26263.16670139  .00070975  00000+0  85164-3 0  9995
2 67091  69.9813 210.3317 0008211 193.3451 264.7927 15.60516047  5463

1 67092U 25298T   26262.68615367 -.00001263  00000+0 -98030-4 0  9997
2 67092  70.0002 245.4212 0004162 268.6775  91.3907 14.98323752 42277

1 67093U 25298U   26262.91962926  .00003718  00000+0  31913-3 0  9991
2 67093  70.0005 244.6359 0003793 264.9703  95.1023 14.98337404 42318

1 67094U 25298V   26262.71098591  .00010522  00000+0  88741-3 0  9990
2 67094  69.9998 245.1120 0003845 265.4352  94.6368 14.98367170 42288

1 67095U 25298W   26262.33149638  .00003240  00000+0  27914-3 0  9992
2 67095  69.9990 246.1875 0003755 265.7759  94.2971 14.98338962 42220

1 67096U 25298X   26263.21171852  .00002911  00000+0  25154-3 0  9992
2 67096  69.9995 244.0387 0004042 267.6449  92.4247 14.98341488 42355

1 67097U 25298Y   26262.69015879  .00002695  00000+0  23353-3 0  9998
2 67097  69.9999 245.4319 0003759 270.2491  89.8237 14.98334865 42272

1 67098U 25298Z   26263.19502966  .00003897  00000+0  33422-3 0  9996
2 67098  69.9994 243.9907 0003932 276.3240  83.7472 14.98324016 42356

1 67099U 25298AA  26262.38154297  .00003298  00000+0  28391-3 0  9991
2 67099  69.9991 245.9755 0003911 264.5171  95.5542 14.98346036 42238

1 67100U 25298AB  26263.20334896  .00005175  00000+0  44082-3 0  9992
2 67100  69.9978 244.0068 0005462 270.4963  89.5571 14.98356965 42351

1 67101U 25298AC  26262.96153843  .00002059  00000+0  18031-3 0  9999
2 67101  69.9994 244.7772 0003674 269.4579  90.6159 14.98333700 42316

1 67192U 25304A   26262.82151276 -.00002456  00000+0 -19811-3 0  9990
2 67192  70.0015  44.9926 0003120 270.8533  89.2268 14.98322965 42930

1 67193U 25304B   26262.68366094  .00003149  00000+0  27155-3 0  9999
2 67193  70.0021  45.3113 0002933 266.3772  93.7052 14.98336926 42941

1 67194U 25304C   26262.77129003  .00002399  00000+0  20872-3 0  9992
2 67194  70.0016  45.2130 0002640 275.0509  85.0349 14.98338578 42953

1 67195U 25304D   26262.65463093  .00002284  00000+0  19913-3 0  9997
2 67195  70.0015  45.6040 0002786 270.6599  89.4241 14.98336300 42936

1 67196U 25304E   26262.78381261  .00001686  00000+0  14904-3 0  9998
2 67196  70.0012  45.2563 0003168 266.5026  93.5771 14.98337362 42959

1 67197U 25304F   26262.66696536  .00003507  00000+0  30157-3 0  9992
2 67197  70.0016  45.2462 0002926 270.6888  89.3936 14.98331741 42945

1 67198U 25304G   26262.76294316  .00000831  00000+0  77434-4 0  9991
2 67198  70.0018  45.1859 0003088 265.1190  94.9616 14.98332185 42920

1 67199U 25304H   26263.10527623  .00005704  00000+0  48536-3 0  9995
2 67199  70.0009  44.3659 0003178 256.4794 103.6011 14.98337047 42999

1 67200U 25304J   26262.67965221  .00003471  00000+0  29848-3 0  9993
2 67200  70.0017  45.2985 0002636 269.8668  90.2189 14.98337798 42944

1 67201U 25304K   26263.11344878  .00002082  00000+0  18217-3 0  9998
2 67201  70.0021  44.4008 0002871 268.0955  91.9875 14.98341041 43002

1 67202U 25304L   26262.36656443  .00003623  00000+0  31122-3 0  9991
2 67202  70.0018  46.2091 0002838 267.1831  92.9004 14.98339733 42893

1 67203U 25304M   26263.09258486  .00003137  00000+0  27051-3 0  9994
2 67203  70.0017  44.3205 0002834 270.3377  89.7457 14.98341302 43001

1 67204U 25304N   26263.14263564  .00003444  00000+0  29627-3 0  9996
2 67204  70.0028  44.1018 0002587 266.8755  93.2108 14.98334498 43011

1 67205U 25304P   26262.39575112  .00000869  00000+0  80580-4 0  9992
2 67205  70.0017  45.9037 0002721 266.1136  93.9712 14.98339243 42870

1 67206U 25304Q   26262.77980211  .00002166  00000+0  18922-3 0  9997
2 67206  70.0016  45.2366 0003578 270.0844  89.9905 14.98335601 42928

1 67207U 25304R   26262.76311185  .00003424  00000+0  29454-3 0  9995
2 67207  70.0018  45.1792 0003091 269.0390  91.0415 14.98337057 42957

1 67208U 25304S   26263.10926382  .00001999  00000+0  17528-3 0  9990
2 67208  70.0017  44.3854 0002998 269.4805  90.6011 14.98335185 43001

1 67209U 25304T   26262.78798768  .00001482  00000+0  13193-3 0  9990
2 67209  70.0012  45.2680 0003173 261.2380  98.8419 14.98333334 42957

1 67210U 25304U   26262.82136312  .00003479  00000+0  29920-3 0  9991
2 67210  70.0020  44.9877 0002728 272.6322  87.4525 14.98329276 42962

1 67211U 25304V   26262.41244655  .00002733  00000+0  23669-3 0  9993
2 67211  70.0019  45.9673 0002708 270.2506  89.8343 14.98336018 42902

1 67212U 25304W   26263.13845843  .00002616  00000+0  22695-3 0  9998
2 67212  70.0019  44.0829 0002861 268.9508  91.1323 14.98335277 43015

1 67213U 25304X   26262.79212363  .00009950  00000+0  83983-3 0  9990
2 67213  70.0016  44.8761 0002971 270.7874  89.2945 14.98360925 42964

1 67214U 25304Y   26262.38341702  .00003142  00000+0  27094-3 0  9994
2 67214  70.0013  46.2588 0003108 272.8222  87.2582 14.98338332 42892

1 67215U 25304Z   26263.10942977  .00001736  00000+0  15319-3 0  9991
2 67215  70.0018  44.3791 0002652 271.1030  88.9826 14.98335070 43004

1 67216U 25304AA  26262.76729834  .00004015  00000+0  34396-3 0  9997
2 67216  70.0013  45.1917 0002860 272.1762  87.9069 14.98341668 42954

1 67217U 25304AB  26262.82569381  .00003605  00000+0  30969-3 0  9990
2 67217  70.0015  44.9941 0003227 270.6413  89.4376 14.98337816 42953

1 67218U 25304AC  26262.75058583 -.00000428  00000+0 -28043-4 0  9993
2 67218  70.0014  45.1322 0003178 271.8646  88.2149 14.98321730 42925

1 67532U 26014A   26262.47576827  .00005269  00000+0  16542-3 0  9992
2 67532  97.2846 147.8926 0001779  94.7401 265.4045 15.33443803 38480

1 67533U 26014B   26261.92653408  .00012104  00000+0  37655-3 0  9997
2 67533  97.2854 147.2598 0001938  92.4094 267.7371 15.33451488 38394

1 67534U 26014C   26262.43770039  .00013613  00000+0  42304-3 0  9998
2 67534  97.2870 147.7912 0001359  94.1470 265.9928 15.33459787 38479

1 67535U 26014D   26262.41866829  .00017828  00000+0  55307-3 0  9999
2 67535  97.2849 147.8164 0001483  95.4622 264.6790 15.33455398 38474

1 67536U 26014E   26262.96246495  .00013057  00000+0  40583-3 0  9991
2 67536  97.2858 148.3000 0002159  92.0398 268.1092 15.33462394 38551

1 67537U 26014F   26262.10598352  .00015109  00000+0  46914-3 0  9994
2 67537  97.2856 147.4728 0000824 107.9287 252.2045 15.33462088 38425

1 67538U 26014G   26261.11084828  .00021713  00000+0  67291-3 0  9992
2 67538  97.2852 146.5300 0002119  83.3890 276.7594 15.33446249 38278

1 67539U 26014H   26261.12443201  .00017718  00000+0  54926-3 0  9999
2 67539  97.2816 146.5166 0003172  77.5041 282.6557 15.33474867 38274

1 67540U 26014J   26262.94614791  .00012760  00000+0  39683-3 0  9991
2 67540  97.2833 148.3210 0001861  95.2144 264.9312 15.33449584 38550

1 67541U 26014K   26261.93470866  .00021044  00000+0  65236-3 0  9991
2 67541  97.2838 147.4029 0001182  77.4322 282.7053 15.33444681 38407

1 67542U 26014L   26262.91896121  .00015640  00000+0  48587-3 0  9992
2 67542  97.2861 148.3657 0001221  63.3054 296.8313 15.33438238 38542

1 67543U 26014M   26261.12172194  .00024959  00000+0  77262-3 0  9997
2 67543  97.2851 146.5190 0001318  58.5875 301.5497 15.33455203 38276

1 67544U 26014N   26262.50023876  .00015756  00000+0  48940-3 0  9999
2 67544  97.2848 147.8595 0001802  92.8640 267.2809 15.33441950 38487

1 67545U 26014P   26262.14677653  .00010806  00000+0  33648-3 0  9998
2 67545  97.2833 147.5752 0002715  75.1745 284.9799 15.33451097 38430

1 67546U 26014Q   26262.96518015  .00012770  00000+0  39710-3 0  9993
2 67546  97.2845 148.2982 0001806  92.8376 267.3074 15.33453472 38556

1 67547U 26014R   26262.92439719  .00019388  00000+0  60115-3 0  9998
2 67547  97.2858 148.3550 0001923  95.7692 264.3770 15.33452968 38555

1 67548U 26014S   26262.92167627  .00019182  00000+0  59480-3 0  9990
2 67548  97.2844 148.3593 0001785  89.8859 270.2589 15.33454669 38557

1 67549U 26014T   26262.44586410  .00011810  00000+0  36735-3 0  9991
2 67549  97.2850 147.7798 0001680  91.4539 268.6897 15.33463433 38410

1 67550U 26014U   26262.45945743  .00015061  00000+0  46798-3 0  9994
2 67550  97.2856 147.9132 0001994  85.4207 274.7263 15.33439279 38488

1 67551U 26014V   26261.92925629  .00017743  00000+0  55033-3 0  9998
2 67551  97.2873 147.2555 0002198  85.6242 274.5252 15.33459844 38383

1 67552U 26014W   26262.60084569  .00012307  00000+0  38257-3 0  9994
2 67552  97.2856 148.0288 0001530  48.7906 311.3468 15.33472889 38498

1 67553U 26014X   26262.93527364  .00017173  00000+0  53291-3 0  9997
2 67553  97.2857 148.3409 0002056  93.8218 266.3260 15.33452208 38547

1 67554U 26014Y   26262.88318237  .00012754  00000+0  39639-3 0  9999
2 67554  97.2843 151.1562 0001301  27.5923 332.5388 15.33469880 38725

1 67555U 26014Z   26262.94344463  .00029577  00000+0  91384-3 0  9993
2 67555  97.2838 148.3287 0001982  93.6763 266.4707 15.33481121 38545

1 67560U 26014AA  26262.45401505  .00013468  00000+0  41872-3 0  9995
2 67560  97.2860 147.9211 0001615  93.7000 266.4427 15.33447600 38471

1 67561U 26016A   26262.44551817  .00017249  00000+0  53462-3 0  9998
2 67561  97.2834 321.0412 0002545  92.4469 267.7066 15.33488679 36550

1 67562U 26016B   26262.38842045  .00014095  00000+0  43801-3 0  9990
2 67562  97.2853 321.1184 0000814  90.1482 269.9854 15.33453400 36559

1 67563U 26016C   26262.40745614  .00011054  00000+0  34423-3 0  9990
2 67563  97.2865 321.0921 0000726  89.2857 270.8469 15.33443686 36556

1 67564U 26016D   26262.41289330  .00020558  00000+0  63727-3 0  9998
2 67564  97.2871 321.0851 0001157  99.1299 261.0074 15.33451371 36559

1 67565U 26016E   26262.43192301  .00019793  00000+0  61336-3 0  9995
2 67565  97.2867 321.0630 0000928 107.4660 252.6684 15.33469233 36559

1 67566U 26016F   26262.89143178  .00007583  00000+0  23697-3 0  9996
2 67566  97.2858 321.5074 0001070  94.9395 265.1970 15.33447529 36620

1 67567U 26016G   26261.94522996  .00017542  00000+0  54443-3 0  9990
2 67567  97.2863 320.6527 0000512 133.6825 226.4460 15.33446045 36489

1 67568U 26016H   26262.91318078  .00010200  00000+0  31777-3 0  9992
2 67568  97.2855 321.6330 0000730 100.2626 259.8699 15.33453800 36633

1 67569U 26016J   26261.59868047  .00020628  00000+0  63958-3 0  9993
2 67569  97.2849 321.2705 0000781 103.6490 256.4840 15.33443238 36490

1 67570U 26016K   26262.39929486  .00013036  00000+0  40532-3 0  9997
2 67570  97.2851 321.1063 0000622  92.4740 267.6574 15.33452958 36552

1 67571U 26016L   26262.43736090  .00009197  00000+0  28683-3 0  9996
2 67571  97.2870 321.0534 0000758  89.6588 270.4742 15.33449066 36559

1 67572U 26016M   26262.88327133  .00020195  00000+0  62599-3 0  9995
2 67572  97.2862 321.5207 0000554 128.5031 231.6262 15.33455367 36628

1 67573U 26016N   26262.88598403  .00015768  00000+0  48929-3 0  9997
2 67573  97.2856 321.5137 0001305 282.7024  77.4073 15.33473882 36622

1 67574U 26016P   26262.39657855  .00010725  00000+0  33402-3 0  9999
2 67574  97.2851 321.1105 0000798  82.9388 277.1946 15.33449142 36559

1 67575U 26016Q   26262.41561081  .00014255  00000+0  44283-3 0  9999
2 67575  97.2808 321.0829 0002325 103.5708 256.5794 15.33459368 36551

1 67576U 26016R   26262.92677997  .00012311  00000+0  38297-3 0  9999
2 67576  97.2848 321.6148 0001304  99.9391 260.1999 15.33450375 36634

1 67577U 26016S   26262.94037303  .00021086  00000+0  65337-3 0  9997
2 67577  97.2860 321.5951 0000772  97.2643 262.8687 15.33458938 36635

1 67578U 26016T   26261.13769428  .00015100  00000+0  46936-3 0  9992
2 67578  97.2855 319.7627 0000476 147.0961 213.0311 15.33427895 36356

1 67579U 26016U   26262.42104939  .00010910  00000+0  33978-3 0  9992
2 67579  97.2860 321.0766 0000925 115.0031 245.1308 15.33444370 36556

1 67580U 26016V   26262.38571550  .00020312  00000+0  62936-3 0  9999
2 67580  97.2853 321.1262 0000792 115.5935 244.5390 15.33467837 36559

1 67581U 26016W   26262.41017358  .00011147  00000+0  34702-3 0  9991
2 67581  97.2860 321.0924 0001545  91.8655 268.2765 15.33451260 36556

1 67582U 26016X   26262.88054883  .00011304  00000+0  35183-3 0  9996
2 67582  97.2865 321.5234 0000347 221.3215 138.8001 15.33454823 36623

1 67583U 26016Y   26262.44823859  .00023173  00000+0  71750-3 0  9993
2 67583  97.2865 321.1925 0001621  92.0987 268.0441 15.33462641 36566

1 67584U 26016Z   26262.39385892  .00010123  00000+0  31544-3 0  9996
2 67584  97.2866 321.1137 0000567  93.4714 266.6593 15.33448186 36553

1 67585U 26016AA  26262.89686557  .00011771  00000+0  36622-3 0  9996
2 67585  97.2866 321.5029 0000210 107.9255 252.2010 15.33459381 36626

1 67589U 26018A   26262.89395355  .00018510  00000+0  57379-3 0  9995
2 67589  97.2861 326.2984 0001157 273.6531  86.4580 15.33471658 37098

1 67590U 26018B   26262.48342077  .00020289  00000+0  62932-3 0  9992
2 67590  97.2853 325.9405 0000703 105.8994 254.2326 15.33433626 37030

1 67591U 26018C   26262.45076965  .00020390  00000+0  63215-3 0  9998
2 67591  97.2868 325.8344 0000673  69.8489 290.2826 15.33447556 37023

1 67592U 26018D   26261.43387217  .00014757  00000+0  45853-3 0  9999
2 67592  97.2845 324.9196 0000286  98.3723 261.7553 15.33445087 36871

1 67593U 26018E   26262.40726779  .00019362  00000+0  60042-3 0  9992
2 67593  97.2890 325.8928 0001257 107.4748 252.6632 15.33450295 37025

1 67594U 26018F   26262.11905436  .00013217  00000+0  41093-3 0  9998
2 67594  97.2858 325.5183 0000434  86.9909 273.1383 15.33450937 36973

1 67595U 26018G   26262.42357882  .00017987  00000+0  55795-3 0  9991
2 67595  97.2875 325.8687 0000948 105.9766 254.1581 15.33456946 37020

1 67596U 26018H   26262.17073328  .00019135  00000+0  59341-3 0  9992
2 67596  97.2864 325.5997 0001314  68.7252 291.4131 15.33451335 36980

1 67597U 26018J   26262.12993323  .00014330  00000+0  44527-3 0  9996
2 67597  97.2847 325.6571 0001445 102.1837 257.9567 15.33450039 36988

1 67598U 26018K   26262.42630042  .00019849  00000+0  61559-3 0  9990
2 67598  97.2872 325.8640 0001040  91.3985 268.7377 15.33442800 37022

1 67599U 26018L   26262.40998439  .00013558  00000+0  42146-3 0  9998
2 67599  97.2857 325.8876 0000521 105.6802 254.4498 15.33450230 37074

1 67600U 26018M   26262.16799554  .00019165  00000+0  59422-3 0  9996
2 67600  97.2858 325.6014 0001357 112.9196 247.2190 15.33458564 36981

1 67601U 26018N   26262.91842988  .00014940  00000+0  46403-3 0  9991
2 67601  97.2851 326.4229 0000390 156.3795 203.7466 15.33456679 37108

1 67602U 26018P   26261.99670107  .00016571  00000+0  51444-3 0  9994
2 67602  97.2859 325.5341 0000473 108.2125 251.9169 15.33448199 36963

1 67603U 26018Q   26262.33929071  .00016301  00000+0  50601-3 0  9996
2 67603  97.2851 325.8332 0000392  79.1971 280.9315 15.33454240 37010

1 67604U 26018R   26262.48611799  .00014145  00000+0  43959-3 0  9990
2 67604  97.2871 325.9372 0001217 104.0838 256.0540 15.33448330 37034

1 67605U 26018S   26262.43989181  .00012338  00000+0  38376-3 0  9998
2 67605  97.2858 325.8493 0000623  87.8824 272.2490 15.33454467 37027

1 67606U 26018T   26262.93746366  .00011879  00000+0  36963-3 0  9999
2 67606  97.2869 326.3954 0000604  94.2939 265.8373 15.33452019 37104

1 67607U 26018U   26262.40182778  .00015690  00000+0  48751-3 0  9996
2 67607  97.2852 325.9009 0000618  50.8282 309.3016 15.33432245 37025

1 67608U 26018V   26262.44260886  .00019045  00000+0  59067-3 0  9998
2 67608  97.2871 325.8465 0000216 249.8706 110.2513 15.33449900 37024

1 67609U 26018W   26261.15925682  .00024522  00000+0  75940-3 0  9992
2 67609  97.2845 324.6808 0001269 111.8521 248.2857 15.33446678 36836

1 67610U 26018X   26262.92449275  .00011927  00000+0  37104-3 0  9994
2 67610  97.2856 333.1240 0000211 214.7757 145.3472 15.33456892 37543

1 67611U 26018Y   26262.44804760  .00011778  00000+0  36646-3 0  9990
2 67611  97.2854 325.8371 0000728  94.2876 265.8450 15.33454895 37029

1 67612U 26018Z   26262.45892720  .00015782  00000+0  49012-3 0  9995
2 67612  97.2889 325.9767 0000183 312.1552  47.9675 15.33447649 37089

1 67613U 26018AA  26262.95649717  .00015327  00000+0  47616-3 0  9990
2 67613  97.2867 326.3708 0000535  91.7427 268.3877 15.33442003 37103

1 67648U 26022A   26262.33482907  .00034000  00000+0  10473-2 0  9990
2 67648  97.2829 293.8382 0003943 106.2549 253.9128 15.33542840 35240

1 67649U 26022B   26262.33359110  .00013253  00000+0  41221-3 0  9993
2 67649  97.2856 294.9060 0000847 102.4709 257.6629 15.33437454 35311

1 67650U 26022C   26262.88950192  .00015911  00000+0  49375-3 0  9993
2 67650  97.2859 294.4626 0000878 104.4097 255.7244 15.33469906 35336

1 67651U 26022D   26262.84057312  .00025749  00000+0  79692-3 0  9997
2 67651  97.2854 294.3751 0000595  86.1150 274.0161 15.33455966 35324

1 67652U 26022E   26262.02486994  .00008874  00000+0  27681-3 0  9991
2 67652  97.2857 293.6442 0001211  74.0085 286.1291 15.33451014 35201

1 67653U 26022F   26262.84872531  .00007022  00000+0  21967-3 0  9993
2 67653  97.2824 294.3641 0002370  99.7792 260.3719 15.33436408 35323

1 67654U 26022G   26262.04934316  .00013532  00000+0  42073-3 0  9990
2 67654  97.2860 293.6147 0001217  89.1153 271.0229 15.33444560 35200

1 67655U 26022H   26262.81608158  .00017129  00000+0  53134-3 0  9994
2 67655  97.2842 294.4092 0000858 235.0726 125.0436 15.33467206 35320

1 67656U 26022J   26261.88618920  .00001673  00000+0  54092-4 0  9991
2 67656  97.2839 293.5327 0000768 130.0860 230.0451 15.33465972 35187

1 67657U 26022K   26261.08138537  .00016701  00000+0  51868-3 0  9990
2 67657  97.2841 292.6358 0001310 108.0684 252.0701 15.33433234 35052

1 67658U 26022L   26262.70461241  .00012481  00000+0  38821-3 0  9997
2 67658  97.2852 294.2535 0000676  89.2049 270.9271 15.33451508 35302

1 67659U 26022M   26262.89221961  .00013425  00000+0  41731-3 0  9994
2 67659  97.2849 294.4581 0001119 111.3548 248.7814 15.33454836 35332

1 67660U 26022N   26261.05691771  .00016613  00000+0  51586-3 0  9994
2 67660  97.2847 292.6681 0001692  88.7755 271.3681 15.33439191 35056

1 67661U 26022P   26261.89707316  .00014419  00000+0  44798-3 0  9999
2 67661  97.2861 293.5167 0000889 152.0706 208.0585 15.33453079 35185

1 67662U 26022Q   26262.66384440  .00021795  00000+0  67492-3 0  9996
2 67662  97.2858 294.3112 0000175 125.3123 234.8137 15.33471345 35305

1 67663U 26022R   26262.34570397  .00016579  00000+0  51477-3 0  9990
2 67663  97.2841 293.9778 0001516  98.5099 261.6316 15.33442346 35254

1 67664U 26022S   26262.85415439  .00011299  00000+0  35178-3 0  9996
2 67664  97.2860 294.3567 0000855 107.6439 252.4898 15.33447203 35320

1 67665U 26022T   26262.32939192  .00012177  00000+0  37894-3 0  9999
2 67665  97.2822 293.8461 0001175 132.1575 227.9768 15.33442192 35242

1 67666U 26022U   26262.84599547  .00023719  00000+0  73405-3 0  9995
2 67666  97.2856 294.3707 0000190 147.7783 212.3471 15.33473902 35329

1 67667U 26022V   26262.83783741  .00021852  00000+0  67665-3 0  9993
2 67667  97.2860 294.3804 0000320 102.3687 257.7592 15.33473257 35328

1 67668U 26022W   26262.37289879  .00017275  00000+0  53617-3 0  9992
2 67668  97.2887 293.9422 0001145  84.8790 275.2584 15.33446148 35251

1 67669U 26022X   26262.82152473  .00018642  00000+0  57813-3 0  9993
2 67669  97.2853 294.4040 0000761 109.8677 250.2648 15.33456938 35322

1 67670U 26022Y   26262.81336119  .00017007  00000+0  52756-3 0  9990
2 67670  97.2848 294.4124 0001196 256.6566 103.4544 15.33467574 35324

1 67671U 26022Z   26262.34027068  .00014263  00000+0  44318-3 0  9995
2 67671  97.2839 293.9854 0001721  91.0931 269.0509 15.33453008 35259

1 67672U 26022AA  26262.80521721  .00021108  00000+0  65404-3 0  9997
2 67672  97.2849 294.4246 0001863  98.5948 261.5506 15.33457815 35321

1 67693U 26025A   26262.61294506  .00017467  00000+0  54216-3 0  9992
2 67693  97.2871  12.5818 0001782  90.6197 269.5250 15.33441028 35730

1 67694U 26025B   26262.53409269  .00019375  00000+0  60068-3 0  9990
2 67694  97.2847  12.3838 0000883  89.3005 270.8339 15.33458540 35727

1 67695U 26025C   26261.92504672  .00028122  00000+0  86968-3 0  9994
2 67695  97.2844  11.8343 0001091 109.0191 251.1170 15.33462563 35622

1 67696U 26025D   26262.55856618  .00020234  00000+0  62725-3 0  9996
2 67696  97.2851  12.5053 0000816  90.1269 270.0068 15.33452969 35723

1 67697U 26025E   26262.24044628  .00023154  00000+0  71697-3 0  9995
2 67697  97.2856  12.1722 0001379  93.1341 267.0059 15.33460272 35673

1 67698U 26025F   26262.56128435  .00015996  00000+0  49661-3 0  9991
2 67698  97.2871  12.5024 0000936 273.7084  86.4051 15.33454180 35720

1 67699U 26025G   26262.52866085 -.00016395  00000+0 -50623-3 0  9994
2 67699  97.2851  12.3920 0001762 327.3946  32.7187 15.33468033 35729

1 67700U 26025H   26262.24860073  .00016737  00000+0  51944-3 0  9992
2 67700  97.2845  12.1598 0000913  95.9347 264.2000 15.33454603 35672

1 67701U 26025J   26262.26491813  .00025294  00000+0  78311-3 0  9992
2 67701  97.2892  12.1380 0002335 106.7320 253.4179 15.33446671 35680

1 67702U 26025K   26262.55040790  .00011555  00000+0  35974-3 0  9992
2 67702  97.2843  12.5107 0000891  52.0376 308.0947 15.33439780 35725

1 67703U 26025L   26262.30298049  .00016480  00000+0  51159-3 0  9993
2 67703  97.2852  12.2402 0001106 256.5479 103.5641 15.33451108 35688

1 67704U 26025M   26262.27035480  .00014213  00000+0  44174-3 0  9999
2 67704  97.2846  12.1331 0000235 316.3813  43.7411 15.33444730 35673

1 67705U 26025N   26262.26220183  .00022889  00000+0  70938-3 0  9990
2 67705  97.2842  12.1395 0001106  82.7007 277.4361 15.33435625 35670

1 67706U 26025P   26262.58031481  .00012524  00000+0  38967-3 0  9998
2 67706  97.2841  12.4741 0001464  78.3808 281.7599 15.33441124 35723

1 67707U 26025Q   26262.54225110  .00026262  00000+0  81269-3 0  9996
2 67707  97.2861  12.5277 0000575  91.5144 268.6165 15.33456624 35727

1 67708U 26025R   26262.55312799  .00023053  00000+0  71410-3 0  9990
2 67708  97.2847  12.5137 0001005  95.8969 264.2388 15.33450864 35738

1 67709U 26025S   26262.61022546  .00015218  00000+0  47298-3 0  9997
2 67709  97.2850  12.5899 0001310  94.4051 265.7342 15.33430293 35734

1 67710U 26025T   26262.56944053  .00019314  00000+0  59897-3 0  9998
2 67710  97.2843  12.4924 0000824  89.8115 270.3222 15.33449901 35739

1 67711U 26025U   26262.53952965  .00016514  00000+0  51264-3 0  9996
2 67711  97.2859  12.5333 0001542 105.7238 254.4175 15.33450485 35733

1 67712U 26025V   26262.58575287  .00016322  00000+0  50673-3 0  9990
2 67712  97.2842  12.4681 0001052  83.3203 276.8160 15.33450747 35722

1 67713U 26025W   26262.92958658  .00015789  00000+0  49032-3 0  9999
2 67713  97.2843  12.0036 0001106  96.5424 263.5945 15.33447664 35723

1 67714U 26025X   26262.58303416  .00015084  00000+0  46848-3 0  9998
2 67714  97.2848  12.4718 0000441 105.7500 254.3792 15.33455239 35724

1 67715U 26025Y   26262.24588284  .00017390  00000+0  53959-3 0  9993
2 67715  97.2823  12.1666 0001300  77.2337 282.9051 15.33454450 35676

1 67716U 26025Z   26262.27578966  .00018749  00000+0  58145-3 0  9994
2 67716  97.2876  12.1285 0001396 111.5894 248.5497 15.33455737 35678

1 67717U 26025AA  26262.55584327  .00017685  00000+0  54869-3 0  9991
2 67717  97.2883  12.5147 0000491  93.0269 267.1030 15.33453413 35728

1 67721U 26026A   26262.37693337  .00026049  00000+0  80573-3 0  9994
2 67721  97.2832 314.1490 0000638  83.4818 276.6497 15.33472586 33806

1 67722U 26026B   26262.37419660  .00015039  00000+0  46708-3 0  9999
2 67722  97.2847 314.1537 0000794 106.6261 253.5069 15.33455209 33800

1 67723U 26026C   26262.89352253  .00017572  00000+0  54531-3 0  9998
2 67723  97.2859 314.6712 0001132  86.2675 273.8697 15.33447491 33887

1 67724U 26026D   26262.89080279  .00010239  00000+0  31898-3 0  9999
2 67724  97.2858 314.6764 0000753  95.4773 264.6556 15.33452966 33888

1 67725U 26026E   26262.10502261  .00017119  00000+0  53134-3 0  9995
2 67725  97.2850 313.9076 0000190   5.9035 354.2210 15.33448657 33763

1 67726U 26026F   26262.36332346  .00023555  00000+0  72895-3 0  9995
2 67726  97.2846 314.1668 0001105  95.3286 264.8083 15.33476972 33807

1 67727U 26026G   26262.94789971  .00009682  00000+0  30178-3 0  9993
2 67727  97.2856 314.7504 0000679 107.7481 252.3836 15.33450977 33898

1 67728U 26026H   26262.94518110  .00008692  00000+0  27120-3 0  9992
2 67728  97.2858 314.7552 0000683 104.0202 256.1117 15.33451069 33897

1 67729U 26026J   26262.87449103  .00019963  00000+0  61891-3 0  9996
2 67729  97.2857 314.6988 0001208  97.2886 262.8494 15.33452151 33888

1 67730U 26026K   26261.11531615  .00013179  00000+0  40995-3 0  9999
2 67730  97.2843 312.9581 0001497 107.5285 252.6121 15.33434688 33613

1 67731U 26026L   26261.95819450  .00012645  00000+0  39334-3 0  9990
2 67731  97.2849 313.8019 0001225 165.1944 194.9335 15.33444591 33740

1 67732U 26026M   26262.08598772  .00006242  00000+0  19554-3 0  9995
2 67732  97.2844 313.9337 0000799 110.2039 249.9289 15.33442376 33761

1 67733U 26026N   26262.86633150  .00015396  00000+0  47815-3 0  9993
2 67733  97.2871 314.7042 0000728 101.9656 258.1669 15.33450797 33881

1 67734U 26026P   26262.40682723  .00016245  00000+0  50442-3 0  9998
2 67734  97.2868 314.2600 0000603 263.2518  96.8656 15.33446478 33811

1 67735U 26026Q   26262.14036794  .00011209  00000+0  34900-3 0  9997
2 67735  97.2868 314.0150 0000282 151.8370 208.2888 15.33446604 33773

1 67736U 26026R   26262.92614755  .00011362  00000+0  35367-3 0  9991
2 67736  97.2895 314.7835 0000179 128.4349 231.6910 15.33450546 33891

1 67737U 26026S   26262.39866859  .00013694  00000+0  42562-3 0  9992
2 67737  97.2857 314.2736 0000572 272.1654  87.9523 15.33452634 33812

1 67738U 26026T   26262.39594916  .00012715  00000+0  39539-3 0  9998
2 67738  97.2869 314.2779 0000405  74.8524 285.2763 15.33454221 33814

1 67739U 26026U   26261.92285431  .00015740  00000+0  48888-3 0  9994
2 67739  97.2872 313.8484 0001079  71.0731 289.0629 15.33444131 33748

1 67740U 26026V   26262.39323364  .00010512  00000+0  32748-3 0  9996
2 67740  97.2865 314.2837 0000583  56.6610 303.4689 15.33446902 33816

1 67741U 26026W   26262.44759874  .00015681  00000+0  48666-3 0  9990
2 67741  97.2859 314.3600 0000847  96.7102 263.4237 15.33470484 33820

1 67742U 26026X   26262.39051273  .00011079  00000+0  34486-3 0  9995
2 67742  97.2829 314.2908 0000586 206.8100 153.3113 15.33457393 33813

1 67743U 26026Y   26262.38507423  .00010376  00000+0  32324-3 0  9996
2 67743  97.2837 314.2925 0000889 114.7780 245.3555 15.33448743 33810

1 67744U 26026Z   26262.84458212  .00010699  00000+0  33328-3 0  9992
2 67744  97.2855 314.7386 0001086  95.9856 264.1511 15.33443590 33884

1 67797U 26032A   26262.93704331  .00022053  00000+0  68275-3 0  9999
2 67797  97.2858  89.4224 0002385  73.1240 287.0264 15.33475164 34736

1 67798U 26032B   26262.78749732  .00014291  00000+0  44394-3 0  9998
2 67798  97.2882  89.1681 0000735 115.3364 244.7955 15.33461708 34704

1 67799U 26032C   26262.93431999  .00013474  00000+0  41879-3 0  9996
2 67799  97.2865  89.2745 0001338  73.0449 287.0940 15.33455874 34725

1 67800U 26032D   26262.79293154  .00013188  00000+0  40986-3 0  9992
2 67800  97.2850  89.1579 0002184  86.8881 273.2611 15.33463689 34701

1 67801U 26032E   26262.27905049  .00013831  00000+0  42996-3 0  9997
2 67801  97.2854  88.6348 0001619  88.6158 271.5270 15.33444219 34624

1 67802U 26032F   26261.99356567  .00016992  00000+0  52725-3 0  9993
2 67802  97.2843  88.4116 0004021  91.2473 268.9230 15.33452220 34586

1 67803U 26032G   26262.27361152  .00017791  00000+0  55204-3 0  9995
2 67803  97.2852  88.6428 0001620  83.6156 276.5271 15.33448658 34625

1 67804U 26032H   26261.95005509  .00011034  00000+0  34354-3 0  9998
2 67804  97.2855  88.3143 0001325  60.5251 299.6124 15.33450093 34575

1 67805U 26032J   26262.82557967  .00020003  00000+0  62075-3 0  9993
2 67805  97.2859  89.2699 0002389 104.9173 255.2335 15.33418826 34719

1 67806U 26032K   26261.80323392  .00017284  00000+0  53630-3 0  9998
2 67806  97.2873  88.2106 0002216  87.3299 272.8197 15.33453356 34550

1 67807U 26032L   26262.77933832  .00012521  00000+0  38920-3 0  9996
2 67807  97.2855  89.1775 0002738  99.6626 260.4926 15.33467674 34700

1 67808U 26032M   26262.95879009  .00012977  00000+0  40371-3 0  9990
2 67808  97.2843  89.3942 0001600  93.2355 266.9071 15.33437062 34735

1 67809U 26032N   26262.79021382  .00018360  00000+0  56930-3 0  9996
2 67809  97.2859  89.1638 0000705  84.6177 275.5146 15.33465192 34705

1 67810U 26032P   26262.76574540  .00013390  00000+0  41630-3 0  9993
2 67810  97.2836  89.1985 0001839  89.7107 270.4347 15.33448684 34709

1 67811U 26032Q   26262.94791066  .00038245  00000+0  11796-2 0  9993
2 67811  97.2853  89.4099 0001938  82.0107 278.1356 15.33482927 34730

1 67812U 26032R   26262.94520049  .00016073  00000+0  49902-3 0  9991
2 67812  97.2865  89.4100 0002084  87.6993 272.4488 15.33451337 34738

1 67813U 26032S   26262.75487133  .00015011  00000+0  46635-3 0  9998
2 67813  97.2860  89.2105 0001805  92.0743 268.0706 15.33445190 34701

1 67814U 26032T   26261.93645835  .00021773  00000+0  67439-3 0  9990
2 67814  97.2877  88.3335 0001375  83.7859 276.3541 15.33464664 34573

1 67815U 26032U   26262.77118443  .00012355  00000+0  38428-3 0  9996
2 67815  97.2871  89.1901 0001503  46.9396 313.1972 15.33454427 34705

1 67816U 26032V   26262.74670983  .00015167  00000+0  47102-3 0  9999
2 67816  97.2853  89.2220 0001792  94.8252 265.3196 15.33455581 34702

1 67817U 26032W   26262.95335566  .00008671  00000+0  27064-3 0  9995
2 67817  97.2855  89.4022 0001596  85.4909 274.6516 15.33441995 34729

1 67818U 26032X   26262.93975719  .00017010  00000+0  52786-3 0  9990
2 67818  97.2855  89.4154 0001314  54.8590 305.2776 15.33455590 34736

1 67819U 26032Y   26262.77390146  .00014339  00000+0  44561-3 0  9991
2 67819  97.2858  89.1871 0001724  89.6780 270.4661 15.33446550 34704

1 67820U 26032Z   26262.76846542  .00015813  00000+0  49103-3 0  9993
2 67820  97.2855  89.1923 0001647  77.4365 282.7062 15.33449807 34708

1 67850U 26034A   26262.80338273  .00024283  00000+0  72710-3 0  9991
2 67850  53.1598  20.6207 0001194  78.1426 281.9710 15.34416763 33788

1 67851U 26034B   26262.81600294  .00021284  00000+0  63889-3 0  9993
2 67851  53.1595  20.7054 0001141 111.6186 248.4938 15.34418355 33784

1 67852U 26034C   26262.90007803  .00015176  00000+0  45949-3 0  9991
2 67852  53.1581  20.5250 0000360  99.0347 261.0696 15.34390919 33794

1 67853U 26034D   26262.93575726  .00016366  00000+0  49424-3 0  9993
2 67853  53.1577  20.0014 0001951  81.8898 278.2326 15.34413121 33803

1 67854U 26034E   26262.79294686  .00017446  00000+0  52604-3 0  9995
2 67854  53.1613  21.2454 0001524 102.7210 257.3963 15.34413234 33768

1 67855U 26034F   26262.79863988  .00016460  00000+0  54062-3 0  9998
2 67855  53.1604  21.2772 0001142  78.9856 281.1274 15.31722239 33774

1 67856U 26034G   26262.93381191  .00008359  00000+0  28062-3 0  9995
2 67856  53.1606  20.7153 0001142  79.5902 280.5228 15.31723270 33793

1 67857U 26034H   26262.92880282  .00005585  00000+0  19153-3 0  9999
2 67857  53.1620  20.6654 0001433  62.8121 297.3027 15.31710805 33799

1 67858U 26034J   26262.88908179  .00021394  00000+0  64227-3 0  9999
2 67858  53.1579  16.8890 0001166  82.1520 277.9615 15.34411331 33841

1 67859U 26034K   26262.81220687  .00015070  00000+0  49598-3 0  9992
2 67859  53.1590  20.6467 0001024  66.2001 293.9107 15.31726417 33786

1 67860U 26034L   26262.93996559  .00022516  00000+0  67535-3 0  9999
2 67860  53.1598  20.0313 0000960  75.5800 284.5309 15.34407740 33832

1 67861U 26034M   26262.95259216  .00013127  00000+0  39904-3 0  9991
2 67861  53.1602  20.1104 0001433  70.4130 289.7027 15.34394462 33801

1 67862U 26034N   26262.32016677  .00009712  00000+0  29885-3 0  9997
2 67862  53.1605  23.2740 0001275 103.0103 257.1042 15.34330757 33704

1 67863U 26034P   26262.33489662  .00022945  00000+0  68778-3 0  9994
2 67863  53.1623  23.3684 0001537  80.5074 279.6102 15.34415952 33707

1 67864U 26034Q   26262.67731517  .00024655  00000+0  73813-3 0  9997
2 67864  53.1598  21.2344 0001137  85.7691 274.3441 15.34412901 33762

1 67865U 26034R   26262.82652519  .00020439  00000+0  61429-3 0  9995
2 67865  53.1591  20.7429 0001102  64.0808 296.0308 15.34405473 33776

1 67866U 26034S   26262.90428395  .00017472  00000+0  52682-3 0  9992
2 67866  53.1616  20.5185 0001252  90.9996 269.1150 15.34413631 33797

1 67867U 26034T   26262.91690748  .00014810  00000+0  44852-3 0  9990
2 67867  53.1578  20.5968 0001203  90.7424 269.3717 15.34404517 33798

1 67868U 26034U   26262.81810753  .00017135  00000+0  51699-3 0  9990
2 67868  53.1610  20.6947 0001235  91.7411 268.3733 15.34406492 33786

1 67869U 26034V   26262.82815368  .00024973  00000+0  74753-3 0  9993
2 67869  53.1591  17.2049 0001186  85.0491 275.0647 15.34410462 33825

1 67870U 26034W   26262.90217754  .00027003  00000+0  80691-3 0  9994
2 67870  53.1586  20.5078 0001288  90.6787 269.4363 15.34421092 33792

1 67871U 26034X   26262.91480316  .00017461  00000+0  52660-3 0  9994
2 67871  53.1582  20.5798 0001130  92.9779 267.1353 15.34406603 33795

1 67872U 26034Y   26262.91946638  .00014221  00000+0  46889-3 0  9996
2 67872  53.1608  20.6066 0001024  94.9556 265.1562 15.31717869 33797

1 67873U 26034Z   26262.37010004  .00014688  00000+0  44503-3 0  9994
2 67873  53.1588  19.3203 0001168  91.8266 268.2870 15.34396030 33765

1 67874U 26034AA  26262.82183691  .00020118  00000+0  60457-3 0  9999
2 67874  53.1584  17.1606 0001224  81.8271 278.2870 15.34419511 33832

1 67875U 26034AB  26262.82154535  .00013076  00000+0  43218-3 0  9996
2 67875  53.1597  20.7031 0000787  53.9893 306.1182 15.31716287 33780

1 67876U 26034AC  26262.82862592  .00019174  00000+0  57670-3 0  9998
2 67876  53.1591  20.7558 0000864  71.0161 289.0936 15.34425492 33788

1 67877U 26034AD  26262.91270050  .00015462  00000+0  46766-3 0  9991
2 67877  53.1587  20.5859 0001075  76.2577 283.8545 15.34410414 33796

1 67878U 26034AE  26262.81388718  .00010716  00000+0  32809-3 0  9992
2 67878  53.1589  20.6587 0000656  85.3585 274.7492 15.34375662 33786

1 67879U 26035A   26262.03704841  .00015208  00000+0  47223-3 0  9994
2 67879  97.2842 193.8277 0001704  98.5479 261.5957 15.33459130 33614

1 67880U 26035B   26260.79449581 -.00010589  00000+0 -32638-3 0  9997
2 67880  97.2847 192.6114 0002788  90.5493 269.6070 15.33414791 33427

1 67881U 26035C   26262.25184609  .00016812  00000+0  52177-3 0  9991
2 67881  97.2834 194.1487 0001159 104.4383 255.6988 15.33454685 33652

1 67882U 26035D   26262.27087212  .00019752  00000+0  61235-3 0  9997
2 67882  97.2845 194.1235 0000459  87.9712 272.1584 15.33456201 33651

1 67883U 26035E   26262.59987741  .00032163  00000+0  99395-3 0  9998
2 67883  97.2834 194.4414 0002201  89.7625 270.3870 15.33455756 33700

1 67884U 26035F   26262.03160844  .00025361  00000+0  78445-3 0  9990
2 67884  97.2859 193.8341 0002201 108.5061 251.6421 15.33476875 33613

1 67885U 26035G   26262.54277726  .00009860  00000+0  30738-3 0  9994
2 67885  97.2844 194.3646 0002216  88.5328 271.6168 15.33439469 33697

1 67886U 26035H   26262.09414715  .00014831  00000+0  46062-3 0  9997
2 67886  97.2851 193.9040 0001846  98.7094 261.4358 15.33458871 33629

1 67887U 26035J   26262.06423546  .00020418  00000+0  63245-3 0  9997
2 67887  97.2853 193.9426 0001958  92.5851 267.5616 15.33474581 33627

1 67888U 26035K   26262.06695723  .00015833  00000+0  49150-3 0  9990
2 67888  97.2826 193.9408 0002152  97.6887 262.4600 15.33458251 33623

1 67889U 26035L   26262.07239363  .00027144  00000+0  84022-3 0  9991
2 67889  97.2850 193.9345 0003026  99.8422 260.3162 15.33436989 33625

1 67890U 26035M   26262.54550050  .00014648  00000+0  45532-3 0  9992
2 67890  97.2845 194.3619 0001971  88.3970 271.7499 15.33433664 33691

1 67891U 26035N   26262.23405491  .00021881  00000+0  67778-3 0  9990
2 67891  97.2846 193.1065 0001464 116.0821 244.0572 15.33461450 33583

1 67892U 26035P   26260.79991964  .00012799  00000+0  39824-3 0  9994
2 67892  97.2834 192.7574 0002312 103.2448 256.9052 15.33433135 33435

1 67893U 26035Q   26262.56996743  .00010332  00000+0  32197-3 0  9999
2 67893  97.2842 194.4809 0001524  93.1993 266.9424 15.33439999 33709

1 67894U 26035R   26262.28720305  .00013736  00000+0  42684-3 0  9991
2 67894  97.2843 194.1000 0003664  90.5026 269.6636 15.33453531 33653

1 67895U 26035S   26260.77544762  .00021881  00000+0  67828-3 0  9992
2 67895  97.2842 192.6364 0001890 102.4287 257.7168 15.33437111 33429

1 67896U 26035T   26262.05337867  .00023690  00000+0  73336-3 0  9993
2 67896  97.2839 193.9611 0001818  87.3813 272.7638 15.33464391 33622

1 67897U 26035U   26262.25456469  .00007865  00000+0  24569-3 0  9996
2 67897  97.2851 194.1462 0001266  85.4507 274.6880 15.33445910 33659

1 67898U 26035V   26262.59173341  .00027540  00000+0  85129-3 0  9990
2 67898  97.2793 194.4470 0003326  97.8219 262.3401 15.33478242 33706

1 67899U 26035W   26262.56453037  .00022483  00000+0  69658-3 0  9991
2 67899  97.2843 194.4900 0001668  89.6821 270.4613 15.33448400 33704

1 67900U 26035X   26262.56724977  .00015749  00000+0  48901-3 0  9993
2 67900  97.2855 194.4858 0002433  93.3178 266.8343 15.33450671 33702

1 67901U 26035Y   26262.58356278  .00020152  00000+0  62437-3 0  9995
2 67901  97.2875 194.4581 0001405  81.3868 278.7534 15.33469781 33705

1 67902U 26035Z   26262.57268752  .00021727  00000+0  67340-3 0  9991
2 67902  97.2855 194.4800 0001678  92.9174 267.2260 15.33443914 33707

1 67903U 26035AA  26262.27903447  .00014496  00000+0  45024-3 0  9996
2 67903  97.2855 194.1136 0001324  98.7710 261.3683 15.33462155 33651

1 67961U 26038A   26262.61672340  .00018702  00000+0  57997-3 0  9992
2 67961  97.2854 270.9023 0001022 101.3905 258.7453 15.33457005 32959

1 67962U 26038B   26262.61400837  .00013597  00000+0  42274-3 0  9992
2 67962  97.2851 270.9052 0001300  95.9374 264.2017 15.33444328 32958

1 67963U 26038C   26262.60856873  .00011867  00000+0  36926-3 0  9992
2 67963  97.2846 270.9120 0001358  94.7717 265.3681 15.33450255 32955

1 67964U 26038D   26262.93756849  .00018614  00000+0  57716-3 0  9998
2 67964  97.2853 271.2297 0001755  91.6745 268.4699 15.33461456 33006

1 67965U 26038E   26262.60585827  .00019950  00000+0  61850-3 0  9997
2 67965  97.2845 270.9178 0002519  74.2369 285.9151 15.33450741 32955

1 67966U 26038F   26262.60312200  .00005727  00000+0  17965-3 0  9996
2 67966  97.2847 270.9222 0001223  98.2134 261.9248 15.33431061 32950

1 67967U 26038G   26262.92668939  .00012460  00000+0  38757-3 0  9999
2 67967  97.2853 271.2427 0003252 119.6515 240.5052 15.33447083 33008

1 67968U 26038H   26262.01040210  .00022884  00000+0  70880-3 0  9990
2 67968  97.2865 270.3498 0002495  87.0933 273.0596 15.33452935 32869

1 67969U 26038J   26262.33123478  .00012246  00000+0  38096-3 0  9998
2 67969  97.2844 270.6778 0002105 102.6652 257.4827 15.33449424 32919

1 67970U 26038K   26262.79074047  .00013634  00000+0  42384-3 0  9994
2 67970  97.2845 271.1248 0001608  92.2062 267.9365 15.33448100 32986

1 67971U 26038L   26262.91580364  .00014485  00000+0  44971-3 0  9992
2 67971  97.2845 271.2607 0002371  87.0483 273.1032 15.33473957 33006

1 67972U 26038M   26262.97835291  .00012704  00000+0  39515-3 0  9991
2 67972  97.2851 271.3306 0001685  93.4600 266.6835 15.33445212 33012

1 67973U 26038N   26262.05934077  .00014483  00000+0  45001-3 0  9996
2 67973  97.2849 270.4354 0001673  97.5310 262.6123 15.33448530 32878

1 67974U 26038P   26262.97564169  .00014577  00000+0  45292-3 0  9995
2 67974  97.2848 271.3327 0001790  98.7026 261.4420 15.33449010 33013

1 67975U 26038Q   26262.96203762  .00026057  00000+0  80579-3 0  9997
2 67975  97.2851 271.3509 0003232  83.9644 276.1967 15.33475163 33012

1 67976U 26038R   26262.97019272  .00021130  00000+0  65434-3 0  9990
2 67976  97.2856 271.3400 0001408 101.5253 258.6148 15.33477373 33015

1 67977U 26038S   26262.96475520  .00014752  00000+0  45822-3 0  9993
2 67977  97.2850 271.3475 0001848  92.9804 267.1651 15.33455676 33011

1 67978U 26038T   26262.76082775  .00019130  00000+0  59312-3 0  9992
2 67978  97.2849 271.1657 0000180 136.6780 223.4477 15.33458832 32980

1 67979U 26038U   26262.96747386  .00010149  00000+0  31615-3 0  9998
2 67979  97.2855 271.3443 0001661  89.4166 270.7267 15.33455021 33015

1 67980U 26038V   26262.95931870  .00014989  00000+0  46562-3 0  9995
2 67980  97.2865 271.3541 0001853  90.6740 269.4715 15.33449879 33019

1 67981U 26038W   26262.75812240  .00024151  00000+0  74725-3 0  9997
2 67981  97.2850 271.1698 0001412 103.2752 256.8648 15.33477221 32982

1 67982U 26038X   26262.62488449  .00011612  00000+0  36142-3 0  9993
2 67982  97.2843 271.0418 0001316  82.6970 277.4422 15.33448864 32967

1 67983U 26038Y   26260.98806572  .00019327  00000+0  59942-3 0  9996
2 67983  97.2851 269.4405 0001853 278.2622  81.8411 15.33445532 32714

1 67984U 26038Z   26262.75267129  .00020663  00000+0  64029-3 0  9990
2 67984  97.2854 271.1763 0000134 174.0931 186.0314 15.33461012 32982

1 67985U 26038AA  26262.94176063  .00009575  00000+0  29848-3 0  9997
2 67985  97.2835 272.1417 0001725 114.5085 245.6338 15.33451844 33065

1 68015U 26040A   26263.11527602  .00017978  00000+0  55783-3 0  9997
2 68015  97.2862 210.3817 0002628  89.2805 270.8739 15.33444227 31250

1 68016U 26040B   26263.10981352  .00023023  00000+0  71297-3 0  9999
2 68016  97.2846 210.3865 0002139 283.4536  76.6468 15.33458829 31256

1 68017U 26040C   26263.10709536  .00015409  00000+0  47858-3 0  9997
2 68017  97.2865 210.3921 0001850  96.3494 263.7959 15.33448992 31258

1 68018U 26040D   26263.11253434  .00014866  00000+0  46181-3 0  9994
2 68018  97.2861 210.3855 0001837  93.2552 266.8901 15.33449312 31255

1 68019U 26040E   26262.57961573  .00017162  00000+0  53282-3 0  9996
2 68019  97.2850 209.8843 0001879  90.6760 269.4698 15.33438260 31175

1 68020U 26040F   26263.10437490  .00018756  00000+0  58157-3 0  9990
2 68020  97.2869 210.3961 0002157  92.8544 267.2946 15.33458813 31256

1 68021U 26040G   26263.09350169  .00025362  00000+0  78486-3 0  9994
2 68021  97.2855 210.4098 0002064  96.7415 263.4063 15.33461555 31289

1 68022U 26040H   26263.09893784  .00014262  00000+0  44320-3 0  9997
2 68022  97.2853 210.4004 0001702  96.4374 263.7063 15.33447898 31258

1 68023U 26040J   26262.63943471  .00015157  00000+0  47079-3 0  9994
2 68023  97.2880 209.9532 0002169  92.3035 267.8456 15.33450006 31183

1 68024U 26040K   26261.32888361  .00021352  00000+0  66158-3 0  9999
2 68024  97.2915 208.6709 0001633  76.1249 284.0176 15.33456745 30980

1 68025U 26040L   26263.08534282  .00019038  00000+0  59037-3 0  9991
2 68025  97.2842 210.4188 0001703  95.5252 264.6185 15.33453393 31250

1 68026U 26040M   26261.71770416  .00020343  00000+0  63040-3 0  9991
2 68026  97.2823 209.0683 0002822  69.4393 290.7152 15.33459632 31046

1 68027U 26040N   26262.59591543  .00016261  00000+0  50472-3 0  9990
2 68027  97.2854 210.0178 0001002  90.5260 269.6098 15.33458320 31181

1 68028U 26040P   26262.57330517  .00166105  00000+0  26262-2 0  9993
2 68028  97.2797 210.1417 0006691 102.6396 257.5605 15.52855421 31194

1 68029U 26040Q   26261.58175958  .00028393  00000+0  87849-3 0  9995
2 68029  97.2850 208.9428 0002754  83.4636 276.6920 15.33442987 31023

1 68030U 26040R   26262.10105342  .00036375  00000+0  11219-2 0  9992
2 68030  97.2835 209.4622 0001211 108.4998 251.6377 15.33493698 31109

1 68031U 26040S   26262.88141705  .00020116  00000+0  62346-3 0  9995
2 68031  97.2843 210.2354 0001793 103.8067 256.3375 15.33458912 31225

1 68032U 26040T   26262.66390243  .00026489  00000+0  81926-3 0  9999
2 68032  97.2846 210.0768 0001403 112.8908 247.2483 15.33471685 31195

1 68033U 26040U   26262.09563957  .00020253  00000+0  62762-3 0  9991
2 68033  97.2890 209.4712 0003266  98.1826 261.9787 15.33459587 31108

1 68034U 26040V   26263.12884632  .00017744  00000+0  55044-3 0  9999
2 68034  97.2846 210.5119 0002089  97.4214 262.7266 15.33455916 31269

1 68035U 26040W   26262.86240522  .00022609  00000+0  70037-3 0  9999
2 68035  97.2852 210.2693 0000475  35.3986 324.7289 15.33454017 32351

1 68036U 26040X   26263.13156242  .00012406  00000+0  38604-3 0  9994
2 68036  97.2856 210.5070 0001289  79.2013 280.9375 15.33440299 31265

1 68037U 26040Y   26262.66934038  .00026601  00000+0  82266-3 0  9994
2 68037  97.2849 210.0693 0001262 102.9934 257.1450 15.33473282 31191

1 68038U 26040Z   26263.13427999  .00018279  00000+0  56681-3 0  9995
2 68038  97.2858 210.5078 0001903  89.1514 270.9947 15.33462755 31261

1 68039U 26040AA  26263.13700270  .00021895  00000+0  67810-3 0  9996
2 68039  97.2846 210.4979 0002610  73.5151 286.6378 15.33463853 31260

1 68040U 26041A   26262.48764887  .00018490  00000+0  55695-3 0  9995
2 68040  53.1595 224.4586 0001274  98.4497 261.6650 15.34404498 31130

1 68041U 26041B   26262.53594910  .00017125  00000+0  51691-3 0  9996
2 68041  53.1580 224.0302 0001311 151.0722 209.0354 15.34393878 31143

1 68042U 26041C   26262.61848167  .00005584  00000+0  17630-3 0  9993
2 68042  53.1578 225.9824 0001492  93.3050 266.8123 15.34395742 31127

1 68043U 26041D   26263.18997544  .00016485  00000+0  49786-3 0  9990
2 68043  53.1609 223.1385 0001789  75.0403 285.0797 15.34406711 31212

1 68044U 26041E   26263.12638541  .00011912  00000+0  36305-3 0  9997
2 68044  53.1574 221.3379 0001306  93.7057 266.4095 15.34406397 31230

1 68045U 26041F   26262.62635716  .00023149  00000+0  69430-3 0  9993
2 68045  53.1588 223.8998 0001353  87.7015 272.4143 15.34393513 31156

1 68046U 26041G   26262.91680720  .00017991  00000+0  54213-3 0  9992
2 68046  53.1560 224.2848 0001454  96.9801 263.1367 15.34411368 31179

1 68047U 26041H   26262.90207975  .00026953  00000+0  80612-3 0  9999
2 68047  53.1575 224.1856 0001468  80.1780 279.9388 15.34394188 31178

1 68048U 26041J   26263.17058302  .00016253  00000+0  49113-3 0  9991
2 68048  53.1567 221.6025 0001220  89.2665 270.8477 15.34399899 31238

1 68049U 26041K   26262.47923330  .00011884  00000+0  36231-3 0  9998
2 68049  53.1576 224.4080 0001482 100.4413 259.6756 15.34400310 31133

1 68050U 26041L   26262.44355683  .00021610  00000+0  64876-3 0  9991
2 68050  53.1577 224.8718 0001707 109.5525 250.5662 15.34405136 31128

1 68051U 26041M   26263.19628657  .00012889  00000+0  39182-3 0  9999
2 68051  53.1579 223.1741 0001587  82.7669 277.3514 15.34409497 31213

1 68052U 26041N   26263.17104163  .00022337  00000+0  67006-3 0  9994
2 68052  53.1576 223.0273 0000789  76.1960 283.9130 15.34409579 31212

1 68053U 26041P   26262.61216476  .00016575  00000+0  50068-3 0  9991
2 68053  53.1603 225.9255 0000886 109.8908 250.2190 15.34394641 31125

1 68054U 26041Q   26262.44144680  .00018974  00000+0  57108-3 0  9997
2 68054  53.1577 224.8898 0001028 109.6207 250.4907 15.34410154 31122

1 68055U 26041R   26262.92312080  .00017420  00000+0  52543-3 0  9995
2 68055  53.1577 224.3226 0001308 100.8642 259.2508 15.34404779 31175

1 68056U 26041S   26263.15584144  .00017471  00000+0  52709-3 0  9994
2 68056  53.1605 221.5072 0001226  53.9839 306.1277 15.34394767 31238

1 68057U 26041T   26262.62212539  .00026986  00000+0  80707-3 0  9992
2 68057  53.1599 223.8649 0000633 106.9374 253.1698 15.34394630 31158

1 68058U 26041U   26262.44192202  .00019156  00000+0  57651-3 0  9990
2 68058  53.1594 226.3081 0000586  82.4056 277.7014 15.34405563 31101

1 68059U 26041V   26262.51289627  .00015825  00000+0  47840-3 0  9995
2 68059  53.1560 224.6021 0002049  98.6005 261.5229 15.34407340 31136

1 68060U 26041W   26262.54857620  .00021748  00000+0  65289-3 0  9992
2 68060  53.1578 224.1205 0000926  91.4078 268.7031 15.34401642 31149

1 68061U 26041X   26263.17888376 -.00003769  00000+0 -10050-3 0  9996
2 68061  53.1555 220.9360 0000677  44.6387 315.4670 15.34396745 31244

1 68062U 26041Y   26262.63054084  .00015393  00000+0  46577-3 0  9995
2 68062  53.1591 223.9266 0000612  88.4750 271.6323 15.34400448 31156

1 68063U 26041Z   26262.45197007  .00016623  00000+0  50198-3 0  9990
2 68063  53.1563 224.9422 0001218  90.6106 269.5036 15.34401845 31120

1 68064U 26041AA  26263.17468581  .00012954  00000+0  39383-3 0  9995
2 68064  53.1604 220.9166 0001218  94.1828 265.9313 15.34403423 31243

1 68065U 26041AB  26262.61637316  .00015385  00000+0  46537-3 0  9998
2 68065  53.1591 225.9474 0001007  92.6714 267.4404 15.34410390 31125

1 68066U 26041AC  26263.18310780  .00015056  00000+0  45603-3 0  9993
2 68066  53.1560 220.9683 0001120 100.8698 259.2431 15.34387498 31242

1 68067U 26041AD  26262.63264397  .00012783  00000+0  38881-3 0  9999
2 68067  53.1591 223.9435 0001104  78.0969 282.0158 15.34400513 31158

1 68068U 26041AE  26262.51336770  .00024387  00000+0  73081-3 0  9996
2 68068  53.1580 226.0153 0001473 116.6465 243.4689 15.34388647 31116

1 68069U 26042A   26263.09429388  .00013421  00000+0  40753-3 0  9997
2 68069  53.1556 351.8861 0002088  78.6738 281.4499 15.34408957 32126

1 68070U 26042B   26262.80582196  .00012936  00000+0  39311-3 0  9992
2 68070  53.1597 350.7541 0001292  88.2082 271.9069 15.34417605 32117

1 68071U 26042C   26262.62572137  .00037966  00000+0  11271-2 0  9991
2 68071  53.1603 353.9400 0000948  76.6831 283.4277 15.34457840 32052

1 68072U 26042D   26262.98286564  .00020365  00000+0  61205-3 0  9995
2 68072  53.1620 351.8932 0000973  93.7953 266.3161 15.34409667 32115

1 68073U 26042E   26262.53743093  .00018724  00000+0  56355-3 0  9998
2 68073  53.1604 354.0917 0001565  95.4064 264.7117 15.34419934 32049

1 68074U 26042F   26262.76019527  .00019346  00000+0  58202-3 0  9996
2 68074  53.1604 353.3713 0001654  54.8961 305.2196 15.34411004 32071

1 68075U 26042G   26262.76649824  .00017928  00000+0  54005-3 0  9997
2 68075  53.1608 353.4026 0001405  63.5517 296.5630 15.34424387 32075

1 68076U 26042H   26262.81691297  .00013015  00000+0  39547-3 0  9992
2 68076  53.1586 353.0040 0001015  49.3484 310.7607 15.34415285 32086

1 68077U 26042J   26262.51382102  .00015169  00000+0  45906-3 0  9990
2 68077  53.1592 352.5165 0002975  92.2267 267.9076 15.34406926 32061

1 68078U 26042K   26262.60046442  .00022473  00000+0  67392-3 0  9994
2 68078  53.1619 353.7747 0000607 335.8507  24.2467 15.34416379 32054

1 68079U 26042L   26262.74548870  .00043851  00000+0  13015-2 0  9997
2 68079  53.1573 353.2574 0001352  93.2965 266.8192 15.34397344 32079

1 68080U 26042M   26262.76593368  .00016252  00000+0  49117-3 0  9991
2 68080  53.1615 351.2281 0000948  19.3150 340.7888 15.34394248 32104

1 68081U 26042N   26262.26169313  .00025139  00000+0  75230-3 0  9995
2 68081  53.1611 353.7878 0000891  10.7107 349.3914 15.34415392 32024

1 68082U 26042P   26260.58545227 -.00003926  00000+0 -10518-3 0  9991
2 68082  53.1539   3.2290 0001494  79.9441 280.1730 15.34380375 31745

1 68083U 26042Q   26263.21825270  .00014630  00000+0  44322-3 0  9996
2 68083  53.1600 351.2457 0002064  85.5297 274.5942 15.34405300 32145

1 68084U 26042R   26262.59625779  .00016940  00000+0  51140-3 0  9991
2 68084  53.1617 353.7519 0001354  84.1607 275.9550 15.34397505 32058

1 68085U 26042S   26262.96556132  .00024427  00000+0  73229-3 0  9990
2 68085  53.1598 350.3486 0001359  98.8647 261.2509 15.34375422 32139

1 68086U 26042T   26262.51802444  .00025950  00000+0  77581-3 0  9999
2 68086  53.1611 352.5231 0002011  95.1208 265.0024 15.34428218 32065

1 68087U 26042U   26262.26005869  .00019969  00000+0  60043-3 0  9996
2 68087  53.1604 355.1918 0001870  97.7339 262.3876 15.34406895 32000

1 68088U 26042V   26262.81902038  .00012937  00000+0  39335-3 0  9990
2 68088  53.1591 353.0180 0000948  65.5861 294.5241 15.34400438 32080

1 68089U 26042W   26262.77281620  .00016214  00000+0  48981-3 0  9992
2 68089  53.1605 353.4372 0001277  84.5485 275.5663 15.34410636 32070

1 68090U 26042X   26262.26426906  .00011891  00000+0  36241-3 0  9998
2 68090  53.1614 355.2345 0000937  68.5181 291.5922 15.34408236 32001

1 68091U 26042Y   26262.58152986  .00027507  00000+0  82177-3 0  9998
2 68091  53.1613 353.6577 0000998  57.2860 302.8239 15.34418518 32052

1 68092U 26042Z   26262.61309878  .00038610  00000+0  11470-2 0  9991
2 68092  53.1596 353.8589 0001427  90.6969 269.4197 15.34426949 32044

1 68093U 26042AA  26262.80639494  .00013208  00000+0  40132-3 0  9997
2 68093  53.1599 352.9285 0001318  68.8097 291.3046 15.34402561 32073

1 68094U 26042AB  26262.97444951  .00014626  00000+0  44309-3 0  9993
2 68094  53.1608 351.8384 0001239  76.6782 283.4359 15.34405382 32100

1 68095U 26042AC  26262.79376674  .00028362  00000+0  84688-3 0  9996
2 68095  53.1610 352.8465 0001137  70.6950 289.4175 15.34418423 32071

1 68096U 26042AD  26262.76440444  .00018309  00000+0  55167-3 0  9991
2 68096  53.1612 353.3735 0000798  74.7246 285.3845 15.34401210 32069

1 68097U 26042AE  26262.29372308  .00004598  00000+0  14715-3 0  9992
2 68097  53.1599 355.4217 0001286  93.1951 266.9199 15.34400047 31998

1 68101U 26044A   26262.13686371  .00023738  00000+0  73454-3 0  9993
2 68101  97.2828 221.0287 0002962  91.4322 268.7260 15.33474681 31227

1 68102U 26044B   26262.32990609  .00016747  00000+0  51986-3 0  9995
2 68102  97.2871 221.2239 0001220 106.2538 253.8839 15.33449045 31251

1 68103U 26044C   26263.11025272  .00016134  00000+0  50080-3 0  9993
2 68103  97.2853 221.9984 0001620  73.6313 286.5108 15.33457252 31372

1 68104U 26044D   26262.90904751  .00018144  00000+0  56287-3 0  9996
2 68104  97.2836 221.8144 0001779 104.2128 255.9312 15.33451513 31349

1 68105U 26044E   26263.16735049  .00020386  00000+0  63174-3 0  9992
2 68105  97.2847 222.0748 0002486  91.6881 268.4647 15.33460546 31386

1 68106U 26044F   26262.31632139  .00014334  00000+0  44546-3 0  9993
2 68106  97.2846 221.2429 0001800  86.5448 273.6000 15.33444590 31252

1 68107U 26044G   26262.65074756  .00017832  00000+0  55335-3 0  9990
2 68107  97.2850 221.5535 0001848  91.2553 268.8901 15.33444765 31307

1 68108U 26044H   26262.70512589  .00009266  00000+0  28898-3 0  9994
2 68108  97.2852 221.6325 0001566  95.5600 264.5822 15.33446003 31318

1 68109U 26044J   26262.63443290  .00010929  00000+0  34035-3 0  9997
2 68109  97.2853 221.5756 0001645  97.4387 262.7043 15.33445245 31309

1 68110U 26044K   26263.15919193  .00017147  00000+0  53202-3 0  9993
2 68110  97.2858 222.0871 0001899  93.9366 266.2094 15.33458583 31381

1 68111U 26044L   26262.69697267  .00020955  00000+0  64919-3 0  9995
2 68111  97.2834 221.6433 0002319  89.6129 270.5380 15.33463395 31318

1 68112U 26044M   26262.30271575  .00015256  00000+0  47375-3 0  9999
2 68112  97.2845 221.2617 0001362  93.7619 266.3779 15.33457055 31252

1 68113U 26044N   26262.36253260  .00015802  00000+0  49058-3 0  9994
2 68113  97.2842 221.3342 0001083  98.7229 261.4137 15.33457363 31265

1 68114U 26044P   26263.14831881  .00003152  00000+0  99937-4 0  9990
2 68114  97.2853 222.1016 0001994  90.3957 269.7514 15.33439296 31380

1 68115U 26044Q   26263.14288088  .00019766  00000+0  61246-3 0  9995
2 68115  97.2836 222.1073 0003535 100.1818 259.9824 15.33466117 31381

1 68116U 26044R   26262.61811895  .00018499  00000+0  57391-3 0  9993
2 68116  97.2845 221.5970 0001864  89.4150 270.7306 15.33444969 31301

1 68117U 26044S   26263.13742220  .00019242  00000+0  59609-3 0  9998
2 68117  97.2861 222.1166 0001214  96.7807 263.3574 15.33484661 31389

1 68118U 26044T   26262.61267785  .00014045  00000+0  43655-3 0  9999
2 68118  97.2850 221.6055 0001097 104.2438 255.8927 15.33445648 31305

1 68119U 26044U   26263.19725896  .00025856  00000+0  79994-3 0  9993
2 68119  97.2859 222.1878 0002281  91.4052 268.7452 15.33464486 31395

1 68120U 26044V   26263.19453838  .00012825  00000+0  39895-3 0  9997
2 68120  97.2848 222.1919 0002021  90.3208 269.8266 15.33440284 31399

1 68121U 26044W   26263.12657987  .00031946  00000+0  98828-3 0  9998
2 68121  97.2886 222.1313 0003188  90.7552 269.4056 15.33422349 31385

1 68122U 26044X   26263.18910551  .00021436  00000+0  66421-3 0  9991
2 68122  97.2857 222.1983 0001857  92.1376 268.0079 15.33453686 31397

1 68123U 26044Y   26262.66162336  .00024464  00000+0  75737-3 0  9998
2 68123  97.2839 221.6918 0001928  97.6149 262.5313 15.33455388 31310

1 68124U 26044Z   26263.18051928  .00022556  00000+0  69850-3 0  9990
2 68124  97.2853 225.1093 0002317  92.6020 267.5488 15.33462141 31588

1 68125U 26044AA  26262.66434399  .00016329  00000+0  50675-3 0  9996
2 68125  97.2843 221.6881 0002681  87.6648 272.4902 15.33459518 31319

1 68142U 26049A   26263.16670139 -.00043808  00000+0 -13612-2 0  9993
2 68142  97.2846 283.0809 0000529  36.6608  85.0238 15.33476398  5868

1 68143U 26049B   26261.04016435  .00022068  00000+0  68396-3 0  9995
2 68143  97.2832 281.0225 0002602  95.1743 264.9797 15.33439352 29120

1 68144U 26049C   26262.78574556  .00022695  00000+0  70341-3 0  9990
2 68144  97.2848 282.7848 0001129  99.7120 260.4250 15.33434507 29390

1 68145U 26049D   26262.27457580  .00014603  00000+0  45363-3 0  9998
2 68145  97.2829 282.2509 0002383 117.4290 242.7196 15.33454656 29319

1 68146U 26049E   26263.16367943  .00015641  00000+0  48577-3 0  9994
2 68146  97.2846 283.1893 0001588  94.1682 265.9743 15.33447074 29453

1 68147U 26049F   26263.00325174  .00014540  00000+0  45183-3 0  9995
2 68147  97.2807 282.9436 0001701 106.0474 254.0956 15.33444907 29424

1 68148U 26049G   26263.05220233  .00016394  00000+0  50894-3 0  9995
2 68148  97.2850 283.0329 0000268 140.6296 219.4967 15.33451836 29436

1 68149U 26049H   26263.03588752  .00014086  00000+0  43772-3 0  9990
2 68149  97.2840 283.0564 0002007  90.2301 269.9172 15.33452038 29430

1 68150U 26049J   26262.65250798  .00011069  00000+0  34450-3 0  9996
2 68150  97.2861 282.6599 0001696 348.8811  11.2394 15.33461189 29373

1 68151U 26049K   26262.33167369  .00016716  00000+0  51886-3 0  9999
2 68151  97.2852 282.3284 0001094 101.6833 258.4532 15.33451342 29327

1 68152U 26049L   26262.96519146  .00012491  00000+0  38848-3 0  9992
2 68152  97.2855 283.0012 0000903 145.0429 215.0873 15.33454363 29423

1 68153U 26049M   26262.98966669  .00014038  00000+0  43626-3 0  9990
2 68153  97.2861 282.9656 0001909  88.0907 272.0554 15.33450441 29429

1 68154U 26049N   26263.02231354  .00012306  00000+0  38277-3 0  9995
2 68154  97.2840 282.9209 0001667  97.3556 262.7876 15.33454466 29429

1 68155U 26049P   26263.02501265  .00020369  00000+0  63144-3 0  9996
2 68155  97.2848 282.9201 0001429 105.8881 254.2519 15.33450999 29429

1 68156U 26049Q   26262.04074440  .00013681  00000+0  42528-3 0  9990
2 68156  97.2849 281.9617 0000696  95.6384 264.4938 15.33449475 29278

1 68157U 26049R   26262.97607068  .00017359  00000+0  53861-3 0  9999
2 68157  97.2847 282.9844 0001836  93.1367 267.0085 15.33455064 29421

1 68158U 26049S   26262.82108686  .00009582  00000+0  29871-3 0  9999
2 68158  97.2855 282.7356 0001282  94.9624 265.1765 15.33449232 29397

1 68159U 26049T   26262.01627618  .00014236  00000+0  44244-3 0  9995
2 68159  97.2846 281.9949 0001026  94.2312 265.9048 15.33446031 29273

1 68160U 26049U   26263.00597521  .00016652  00000+0  51706-3 0  9991
2 68160  97.2851 282.9414 0001668  98.4283 261.7148 15.33439467 29421

1 68161U 26049V   26263.07667036  .00009224  00000+0  28762-3 0  9991
2 68161  97.2860 283.0029 0000725  69.9552 290.1769 15.33453673 29432

1 68162U 26049W   26263.13105125  .00005797  00000+0  18174-3 0  9992
2 68162  97.2842 283.0799 0001412  92.3381 267.8023 15.33446488 29442

1 68163U 26049X   26263.09298414  .00017757  00000+0  55087-3 0  9995
2 68163  97.2837 282.9784 0001546 101.9242 258.2174 15.33454751 29432

1 68164U 26049Y   26262.94344117  .00013590  00000+0  42228-3 0  9995
2 68164  97.2843 282.8762 0001475  96.6939 263.4472 15.33461527 29415

1 68165U 26049Z   26263.03860553  .00012372  00000+0  38480-3 0  9996
2 68165  97.2853 283.0517 0001830  91.7541 268.3911 15.33453636 29434

1 68166U 26049AA  26263.02649645  .00015314  00000+0  47597-3 0  9991
2 68166  97.2859 283.8296 0000663  99.1113 261.0205 15.33427590 29484

1 68167U 26050A   26263.00716652  .00017012  00000+0  51340-3 0  9993
2 68167  53.1590  79.9391 0001475  83.6708 276.4463 15.34404165 30491

1 68168U 26050B   26262.93572025  .00018295  00000+0  55118-3 0  9990
2 68168  53.1580  80.2202 0001565  85.4859 274.6322 15.34405052 30483

1 68169U 26050C   26262.90845263  .00015006  00000+0  45427-3 0  9994
2 68169  53.1588  80.7493 0000043 212.4635 147.6365 15.34404906 30475

1 68170U 26050D   26263.05547097  .00016674  00000+0  50354-3 0  9994
2 68170  53.1563  79.5289 0001135  84.6210 275.4922 15.34399433 30501

1 68171U 26050E   26262.95466730  .00011922  00000+0  36328-3 0  9993
2 68171  53.1597  80.3200 0000920  94.8638 265.2470 15.34412250 30485

1 68172U 26050F   26262.84122087  .00024627  00000+0  73748-3 0  9999
2 68172  53.1577  81.0361 0002095  69.7610 290.3617 15.34404910 30460

1 68173U 26050G   26262.91267005  .00015384  00000+0  46537-3 0  9994
2 68173  53.1582  80.7653 0000904 100.2685 259.8420 15.34408322 30471

1 68174U 26050H   26262.90426500  .00024303  00000+0  72850-3 0  9999
2 68174  53.1585  80.7116 0001418  71.8447 288.2709 15.34381926 30475

1 68175U 26050J   26262.02170985  .00011766  00000+0  35875-3 0  9991
2 68175  53.1577  84.4454 0001371  92.5808 267.5352 15.34406481 30346

1 68176U 26050K   26262.90214875  .00021085  00000+0  63288-3 0  9990
2 68176  53.1579  80.6955 0000904  96.8141 263.2965 15.34426877 30479

1 68177U 26050L   26262.93992918  .00009275  00000+0  28534-3 0  9997
2 68177  53.1589  80.2409 0001211  88.2466 271.8676 15.34395939 30487

1 68178U 26050M   26262.88530552  .00020889  00000+0  62729-3 0  9992
2 68178  53.1606  80.5908 0001710  57.8028 302.3140 15.34417393 30479

1 68179U 26050N   26263.00295792  .00020362  00000+0  61197-3 0  9996
2 68179  53.1584  79.9132 0001687  86.0967 274.0228 15.34408136 30494

1 68180U 26050P   26262.88110311  .00015575  00000+0  47106-3 0  9990
2 68180  53.1586  80.5720 0001277  87.7480 272.3669 15.34406081 30477

1 68181U 26050Q   26262.89793303  .00022278  00000+0  66827-3 0  9999
2 68181  53.1595  80.6776 0000786  74.7037 285.4053 15.34412296 30475

1 68182U 26050R   26263.03031133  .00027434  00000+0  81971-3 0  9999
2 68182  53.1594  80.0849 0001113  60.8708 299.2406 15.34415125 30497

1 68183U 26050S   26262.87899741  .00010597  00000+0  32432-3 0  9998
2 68183  53.1617  80.5578 0001416  90.7428 269.3737 15.34401315 30474

1 68184U 26050T   26262.89372845  .00015454  00000+0  46769-3 0  9997
2 68184  53.1590  80.6466 0001004  85.2797 274.8320 15.34392753 30477

1 68185U 26050U   26262.92100264  .00021641  00000+0  65013-3 0  9994
2 68185  53.1567  80.1076 0001490  87.8947 272.2226 15.34382729 30488

1 68186U 26050V   26263.19206308  .00021854  00000+0  65604-3 0  9993
2 68186  53.1578  78.9678 0002810  76.4248 283.7067 15.34399121 30528

1 68187U 26050W   26262.91056068  .00019397  00000+0  58372-3 0  9992
2 68187  53.1591  80.7541 0001062  52.8905 307.2195 15.34400612 30476

1 68189U 26050Y   26262.91687115  .00015087  00000+0  45673-3 0  9999
2 68189  53.1581  80.7895 0001046  94.5023 265.6099 15.34402052 30374

1 68190U 26050Z   26262.91476760  .00014756  00000+0  44690-3 0  9993
2 68190  53.1578  80.7761 0001274  70.5488 289.5652 15.34406111 30477

1 68191U 26050AA  26263.15216209  .00010253  00000+0  31418-3 0  9993
2 68191  53.1581  79.4073 0000456  93.7156 266.3899 15.34397337 30513

1 68192U 26050AB  26262.88320701  .00024456  00000+0  73240-3 0  9995
2 68192  53.1588  80.5753 0001692  89.7572 270.3625 15.34407914 30479

1 68193U 26050AC  26262.89583036  .00022131  00000+0  66398-3 0  9993
2 68193  53.1591  80.6565 0001231  67.1710 292.9423 15.34410484 30471

1 68194U 26050AD  26263.14795381  .00008269  00000+0  25560-3 0  9993
2 68194  53.1611  79.3832 0000638  88.1640 271.9436 15.34396124 30512

1 68195U 26050AE  26263.18994819  .00012692  00000+0  38610-3 0  9990
2 68195  53.1581  78.9336 0000791  54.2593 305.8483 15.34403231 28967

1 68207U 26053A   26261.38230926  .00012477  00000+0  38814-3 0  9996
2 68207  97.2802 135.1094 0003459  85.2810 274.8827 15.33441851 29746

1 68208U 26053B   26261.90162558  .00020614  00000+0  63908-3 0  9994
2 68208  97.2842 135.6290 0001670  98.3355 261.8077 15.33446417 29821

1 68209U 26053C   26262.42095032  .00010844  00000+0  33776-3 0  9999
2 68209  97.2859 136.1469 0001671  86.4224 273.7210 15.33442195 29884

1 68210U 26053D   26261.89618957  .00013644  00000+0  42386-3 0  9996
2 68210  97.2848 135.6340 0001788  34.1713 325.9645 15.33469587 29828

1 68211U 26053E   26261.95872390  .00014579  00000+0  45287-3 0  9998
2 68211  97.2851 135.7035 0002415  95.4941 264.6577 15.33454453 29814

1 68212U 26053F   26262.08651277  .00001844  00000+0  59448-4 0  9999
2 68212  97.2853 135.8368 0002049  89.9428 270.2050 15.33438975 29852

1 68213U 26053G   26261.88803185  .00014908  00000+0  46317-3 0  9999
2 68213  97.2859 135.6479 0001860  95.6345 264.5110 15.33446393 29825

1 68214U 26053H   26262.90220618  .00010374  00000+0  32322-3 0  9992
2 68214  97.2840 136.7110 0000381 132.1231 228.0044 15.33445243 29967

1 68215U 26053J   26263.12244067  .00013918  00000+0  43245-3 0  9995
2 68215  97.2861 136.8735 0001203  99.3960 260.7418 15.33458900 29997

1 68216U 26053K   26263.11972588  .00012906  00000+0  40131-3 0  9998
2 68216  97.2849 136.8812 0002247  96.2653 263.8845 15.33451935 30018

1 68217U 26053L   26262.39919949  .00011220  00000+0  34938-3 0  9996
2 68217  97.2845 136.1770 0002306  90.2496 269.9011 15.33442020 29909

1 68218U 26053M   26263.11429787  .00010153  00000+0  31628-3 0  9991
2 68218  97.2840 136.8869 0004673  86.4473 273.7304 15.33447374 30011

1 68219U 26053N   26263.11156668  .00013759  00000+0  42764-3 0  9995
2 68219  97.2849 136.8928 0001732  83.9123 276.2317 15.33451334 30017

1 68220U 26053P   26262.38831144  .00012126  00000+0  37689-3 0  9991
2 68220  97.2854 136.1891 0001286 100.7942 259.3446 15.33481228 29904

1 68221U 26053Q   26262.91308287  .00018603  00000+0  57695-3 0  9993
2 68221  97.2851 136.7028 0001847  92.6752 267.4702 15.33454335 29983

1 68222U 26053R   26262.90764424  .00008285  00000+0  25866-3 0  9992
2 68222  97.2849 136.7115 0001335  84.0640 276.0755 15.33446984 29986

1 68223U 26053S   26262.38288559  .00016116  00000+0  50052-3 0  9992
2 68223  97.2840 136.1988 0002190  86.6277 273.5216 15.33438607 29903

1 68225U 26053U   26262.89948868  .00011156  00000+0  34737-3 0  9997
2 68225  97.2861 136.7226 0001951  91.2084 268.9382 15.33444467 29960

1 68226U 26053V   26262.89405112  .00019558  00000+0  60650-3 0  9995
2 68226  97.2858 136.7284 0001794  93.3071 266.8377 15.33448189 29961

1 68227U 26053W   26262.89677052  .00010586  00000+0  32978-3 0  9994
2 68227  97.2856 136.7258 0002236  90.6834 269.4665 15.33443881 29952

1 68228U 26053X   26262.95659880  .00004951  00000+0  15567-3 0  9995
2 68228  97.2847 136.7957 0001695  79.3835 280.7599 15.33424671 29972

1 68229U 26053Y   26263.12202163  .00010293  00000+0  32048-3 0  9993
2 68229  97.2840 139.9242 0002590  76.8985 283.2546 15.33466307 30212

1 68230U 26053Z   26262.10554633  .00016725  00000+0  51908-3 0  9996
2 68230  97.2842 135.9640 0001517  95.8692 264.2723 15.33453804 29861

1 68231U 26053AA  26261.90706248  .00018714  00000+0  58055-3 0  9995
2 68231  97.2849 135.7751 0002134  92.6417 267.5070 15.33443692 29838

1 68232U 26054A   26262.85869374  .00016207  00000+0  48980-3 0  9993
2 68232  53.1571 104.7157 0000377 111.1918 248.9125 15.34397765 28864

1 68233U 26054B   26262.90489978  .00013456  00000+0  40863-3 0  9993
2 68233  53.1587 104.3388 0000575  97.7364 262.3704 15.34403516 28874

1 68234U 26054C   26263.07094529  .00017314  00000+0  52229-3 0  9993
2 68234  53.1585 103.9835 0001781  76.1725 283.9475 15.34406417 28896

1 68235U 26054D   26262.95537485  .00015736  00000+0  47574-3 0  9996
2 68235  53.1595 104.6101 0001177  90.3522 269.7616 15.34408967 28873

1 68236U 26054E   26263.07725440  .00011537  00000+0  35199-3 0  9996
2 68236  53.1579 104.0194 0001332  90.1610 269.9545 15.34407465 28898

1 68237U 26054F   26262.95330207  .00046786  00000+0  13870-2 0  9991
2 68237  53.1583 104.5992 0000861  38.5973 321.5091 15.34405752 28875

1 68238U 26054G   26263.04778816  .00017193  00000+0  51873-3 0  9991
2 68238  53.1565 103.7659 0001219  95.4736 264.6406 15.34405560 28890

1 68239U 26054H   26262.92172838  .00011842  00000+0  36104-3 0  9995
2 68239  53.1565 104.3987 0001236  93.7282 266.3862 15.34402748 28876

1 68240U 26054J   26263.00160034  .00017607  00000+0  53085-3 0  9994
2 68240  53.1575 104.2551 0001476  81.1942 278.9228 15.34409623 28880

1 68241U 26054K   26262.96744957  .00011247  00000+0  34343-3 0  9991
2 68241  53.1576 111.8832 0001783  19.5409 340.5662 15.34406995 28777

1 68242U 26054L   26262.95493022  .00022686  00000+0  68131-3 0  9996
2 68242  53.1564 112.5269 0003425  90.0710 270.0685 15.34360782 28765

1 68243U 26054M   26263.04148185  .00016462  00000+0  49723-3 0  9996
2 68243  53.1570 103.7154 0000904 107.3963 252.7138 15.34403729 28892

1 68244U 26054N   26262.86080843  .00010764  00000+0  32920-3 0  9992
2 68244  53.1560 104.7860 0000983  95.1553 264.9562 15.34405282 28862

1 68245U 26054P   26262.95116834  .00018714  00000+0  56286-3 0  9997
2 68245  53.1581 104.6380 0001124  78.1292 281.9837 15.34442309 28877

1 68246U 26054Q   26262.99528000  .00014005  00000+0  42456-3 0  9997
2 68246  53.1569 104.2033 0001326  79.9948 280.1204 15.34422839 28882

1 68247U 26054R   26263.03727729  .00012493  00000+0  38024-3 0  9998
2 68247  53.1582 103.7487 0001080  87.5304 272.5823 15.34402344 28895

1 68248U 26054S   26262.32240073  .00026138  00000+0  78203-3 0  9996
2 68248  53.1582 114.9714 0000810  88.1356 271.9740 15.34399798 28672

1 68249U 26054T   26262.96582867  .00010206  00000+0  31270-3 0  9999
2 68249  53.1590 104.0186 0001455 115.3057 244.8096 15.34409927 28884

1 68250U 26054U   26262.99949384  .00016287  00000+0  49190-3 0  9990
2 68250  53.1577 104.2395 0000878  57.6222 302.4865 15.34413872 28884

1 68251U 26054V   26262.88346444  .00014234  00000+0  43147-3 0  9993
2 68251  53.1574 112.7746 0001320  86.3388 273.7766 15.34410043 28754

1 68252U 26054W   26262.94277330  .00019548  00000+0  58797-3 0  9998
2 68252  53.1573 104.5774 0001586  76.8449 283.2731 15.34411489 28876

1 68253U 26054X   26262.93858448  .00016150  00000+0  48796-3 0  9997
2 68253  53.1584 104.5615 0001308  92.1241 267.9911 15.34407361 28879

1 68254U 26054Y   26262.29772734  .00013240  00000+0  40231-3 0  9993
2 68254  53.1591 107.6661 0001170  85.7228 274.3909 15.34398614 28771

1 68255U 26054Z   26262.99739274  .00016394  00000+0  49493-3 0  9995
2 68255  53.1565 104.2145 0001251  97.9844 262.1301 15.34422430 28889

1 68256U 26054AA  26262.94228860  .00011990  00000+0  36547-3 0  9998
2 68256  53.1563 112.4235 0001243  91.2434 268.8710 15.34396339 28764

1 68257U 26054AB  26262.94486080  .00018512  00000+0  55750-3 0  9993
2 68257  53.1590 104.5369 0001638 212.1896 147.9007 15.34409641 28878

1 68258U 26054AC  26262.96122079  .00017825  00000+0  53792-3 0  9991
2 68258  53.1570 112.5349 0001504  81.1773 278.9400 15.34370457 28766

1 68259U 26054AD  26263.12345258  .00010769  00000+0  32930-3 0  9998
2 68259  53.1565 103.5820 0001227  91.1342 268.9801 15.34410393 28892

1 68260U 26054AE  26262.96372330  .00015708  00000+0  47503-3 0  9992
2 68260  53.1585 103.9934 0001104 103.7118 256.4008 15.34401093 28888

1 68262U 26055A   26262.93981159  .00014803  00000+0  44825-3 0  9996
2 68262  53.1569 132.5863 0001137 101.7606 258.3524 15.34408682 29737

1 68263U 26055B   26263.07687391  .00014144  00000+0  42882-3 0  9993
2 68263  53.1562 133.4479 0001031  88.3995 271.7126 15.34409497 29730

1 68264U 26055C   26263.18351105  .00010132  00000+0  31077-3 0  9994
2 68264  53.1573 131.2660 0001190  79.7909 280.3227 15.34381486 29775

1 68265U 26055D   26262.95291493  .00012357  00000+0  37617-3 0  9999
2 68265  53.1569 134.0908 0000811 100.2746 259.8348 15.34406938 29714

1 68266U 26055E   26262.94821976  .00019281  00000+0  58030-3 0  9999
2 68266  53.1582 132.6401 0001317  88.3902 271.7251 15.34400599 29739

1 68267U 26055F   26262.36822609  .00016629  00000+0  50274-3 0  9995
2 68267  53.1597 134.7111 0000311  79.4419 280.6619 15.34366384 29655

1 68268U 26055G   26263.02377068  .00013849  00000+0  41993-3 0  9993
2 68268  53.1601 131.6574 0001161 104.9750 255.1381 15.34423764 29757

1 68269U 26055H   26263.03219882  .00022082  00000+0  66260-3 0  9997
2 68269  53.1605 131.7229 0000894  58.1469 301.9620 15.34407636 29755

1 68270U 26055J   26262.94029275  .00015262  00000+0  46176-3 0  9999
2 68270  53.1558 134.0140 0001705  95.6744 264.4453 15.34410283 29711

1 68271U 26055K   26263.04482722  .00025046  00000+0  74975-3 0  9991
2 68271  53.1578 131.8225 0000976  74.9658 285.1453 15.34407371 29754

1 68272U 26055L   26262.99922757  .00016166  00000+0  48891-3 0  9993
2 68272  53.1580 134.4067 0002631  24.4934 335.6194 15.34375729 29718

1 68273U 26055M   26262.92508373  .00017100  00000+0  51600-3 0  9992
2 68273  53.1569 132.4943 0000909  88.7558 271.3548 15.34404633 29736

1 68274U 26055N   26262.94401146  .00010810  00000+0  33054-3 0  9999
2 68274  53.1570 132.6128 0001120  63.7213 296.3905 15.34406620 29735

1 68275U 26055P   26262.93769936  .00010708  00000+0  32731-3 0  9990
2 68275  53.1569 132.5703 0001213 162.4250 197.6794 15.34427178 29733

1 68276U 26055Q   26263.06586898  .00015378  00000+0  46523-3 0  9992
2 68276  53.1570 131.9473 0001348  90.6961 269.4196 15.34406916 29756

1 68277U 26055R   26262.92718059  .00019205  00000+0  57815-3 0  9992
2 68277  53.1570 132.4874 0001773  39.3357 320.7774 15.34395964 29730

1 68278U 26055S   26262.92928448  .00024075  00000+0  72140-3 0  9997
2 68278  53.1569 132.5261 0001335  92.8109 267.3047 15.34398656 29733

1 68279U 26055T   26262.93348779  .00018065  00000+0  54429-3 0  9994
2 68279  53.1569 132.5472 0001668  80.3813 279.7378 15.34412518 29739

1 68280U 26055U   26263.09312495  .00021275  00000+0  63871-3 0  9998
2 68280  53.1591 131.3846 0000679  88.8107 271.2973 15.34414409 29760

1 68281U 26055V   26263.02434465  .00010279  00000+0  31481-3 0  9998
2 68281  53.1572 133.8225 0001589 206.1411 153.9512 15.34413602 29727

1 68282U 26055W   26263.04693167  .00018031  00000+0  54353-3 0  9994
2 68282  53.1579 131.8108 0001800  60.4722 299.6459 15.34399244 29751

1 68283U 26055X   26263.16094481  .00017733  00000+0  53460-3 0  9998
2 68283  53.1576 133.2496 0001203 102.4695 257.6442 15.34406575 29749

1 68284U 26055Y   26263.18830425  .00014030  00000+0  42548-3 0  9999
2 68284  53.1585 133.4484 0001291  63.6954 296.4181 15.34407799 29742

1 68285U 26055Z   26262.19021523  .00017633  00000+0  53152-3 0  9996
2 68285  53.1574 137.8592 0001254  80.3784 279.7361 15.34416309 29599

1 68286U 26055AA  26263.04061704  .00017903  00000+0  53978-3 0  9993
2 68286  53.1588 131.7706 0001055  80.0674 280.0448 15.34398224 29764

1 68287U 26055AB  26262.96916801  .00023693  00000+0  70995-3 0  9992
2 68287  53.1592 132.0358 0001363  89.3058 270.8101 15.34408904 29745

1 68288U 26055AC  26263.07638795  .00021057  00000+0  63245-3 0  9991
2 68288  53.1570 132.0210 0001260  75.5246 284.5896 15.34407215 29759

1 68289U 26055AD  26263.13731095  .00015105  00000+0  45719-3 0  9999
2 68289  53.1550 131.6673 0001226  89.7128 270.4015 15.34406556 29769

1 68290U 26055AE  26263.06165968  .00021160  00000+0  63546-3 0  9999
2 68290  53.1558 131.9255 0001145  62.4957 297.6162 15.34408439 29751

1 68294U 26057A   26263.09841287  .00007395  00000+0  23114-3 0  9994
2 68294  97.2846  28.5257 0001612  86.6538 273.4889 15.33447875 28459

1 68295U 26057B   26263.10113117  .00030803  00000+0  95101-3 0  9996
2 68295  97.2846  28.5218 0000791  82.3797 277.7536 15.33496764 28451

1 68296U 26057C   26263.15278929  .00024320  00000+0  75283-3 0  9991
2 68296  97.2852  28.6060 0000975  75.7272 284.4079 15.33461789 28460

1 68297U 26057D   26262.28271984  .00020335  00000+0  63048-3 0  9997
2 68297  97.2847  27.6476 0001136  92.1323 268.0050 15.33446256 28329

1 68298U 26057E   26263.19357097  .00016299  00000+0  50596-3 0  9997
2 68298  97.2880  28.5486 0000357 131.5023 228.6250 15.33454863 28469

1 68299U 26057F   26263.13375924  .00028464  00000+0  87959-3 0  9991
2 68299  97.2852  28.4782 0001031  79.2474 280.8885 15.33484632 28455

1 68300U 26057G   26262.92710572  .00024895  00000+0  76999-3 0  9998
2 68300  97.2822  28.3035 0002021  96.4207 263.7266 15.33481850 28429

1 68301U 26057H   26262.60355827  .00020537  00000+0  63663-3 0  9995
2 68301  97.2837  27.9768 0001467  97.4283 262.7126 15.33450405 28372

1 68302U 26057J   26262.65523872  .00017906  00000+0  55647-3 0  9997
2 68302  97.2867  28.0591 0002616  89.0002 271.1540 15.33396097 28386

1 68303U 26057K   26262.65250078  .00022361  00000+0  69340-3 0  9999
2 68303  97.2852  28.0654 0001142  80.5548 279.5824 15.33423018 28386

1 68304U 26057L   26263.07122120  .00022058  00000+0  68337-3 0  9991
2 68304  97.2847  28.4111 0000499 108.8250 251.3047 15.33455487 28448

1 68305U 26057M   26263.07789323  .00017934  00000+0  55620-3 0  9994
2 68305  97.2828  27.4862 0000868 255.9386 104.1761 15.33464015 28382

1 68306U 26057N   26262.65793630  .00014755  00000+0  45845-3 0  9990
2 68306  97.2836  28.0561 0001211 125.9801 234.1554 15.33446904 28387

1 68307U 26057P   26263.09297205  .00015748  00000+0  48897-3 0  9990
2 68307  97.2842  28.5363 0000735  94.6488 265.4838 15.33453742 28451

1 68308U 26057Q   26262.56821394  .00028135  00000+0  87026-3 0  9995
2 68308  97.2882  28.0158 0001152  64.9003 295.2359 15.33456221 28375

1 68309U 26057R   26262.31262789  .00021951  00000+0  68020-3 0  9998
2 68309  97.2880  27.7619 0000228 328.9827  31.1402 15.33449818 28338

1 68310U 26057S   26262.29903475  .00022397  00000+0  69339-3 0  9990
2 68310  97.2832  27.7769 0002110  91.8368 268.3116 15.33471947 28335

1 68311U 26057T   26262.59812126  .00014410  00000+0  44775-3 0  9990
2 68311  97.2845  27.9846 0001080 274.4694  85.6425 15.33450456 28373

1 68312U 26057U   26262.32078624  .00021462  00000+0  66504-3 0  9998
2 68312  97.2844  27.7497 0001045  92.9985 267.1377 15.33453607 28330

1 68313U 26057V   26263.07937514  .00017136  00000+0  53176-3 0  9998
2 68313  97.2847  28.5532 0000252 122.8354 237.2913 15.33453749 28459

1 68314U 26057W   26262.32350337  .00019727  00000+0  61177-3 0  9996
2 68314  97.2851  27.7467 0000477  83.1995 276.9303 15.33446372 28336

1 68315U 26057X   26262.10598572  .00020869  00000+0  64679-3 0  9997
2 68315  97.2851  27.5785 0000129 103.3511 256.7746 15.33453949 28303

1 68316U 26057Y   26262.61715041  .00016563  00000+0  51412-3 0  9993
2 68316  97.2853  27.9555 0001639  99.8477 260.2951 15.33451949 28375

1 68317U 26057Z   26262.85642178  .00017032  00000+0  52864-3 0  9994
2 68317  97.2894  28.2457 0000747 114.6537 245.4784 15.33448273 28418

1 68318U 26057AA  26262.61989324  .00020104  00000+0  62359-3 0  9990
2 68318  97.2848  27.9536 0001240  90.7139 269.4246 15.33434670 28373

1 68321U 26059A   26263.15010316  .00015527  00000+0  46953-3 0  9997
2 68321  53.1597 163.2218 0001220  86.8223 273.2919 15.34412408 27979

1 68322U 26059B   26262.22664432  .00014911  00000+0  45156-3 0  9999
2 68322  53.1576 161.7215 0000973  95.7466 264.3648 15.34401086 27913

1 68323U 26059C   26263.19316116  .00019266  00000+0  57973-3 0  9998
2 68323  53.1565 157.0934 0001226  63.9596 296.1533 15.34407304 28052

1 68324U 26059D   26263.20682465  .00024158  00000+0  72346-3 0  9991
2 68324  53.1576 162.8741 0000913  77.5050 282.6054 15.34416170 29110

1 68325U 26059E   26262.31703025  .00004217  00000+0  13592-3 0  9991
2 68325  53.1604 161.5708 0001416  75.0913 285.0247 15.34385939 27928

1 68326U 26059F   26263.01772889  .00016154  00000+0  48816-3 0  9994
2 68326  53.1597 163.8212 0001088  79.3144 280.7981 15.34402074 27953

1 68327U 26059G   26262.99668102  .00015405  00000+0  46575-3 0  9991
2 68327  53.1601 163.7065 0001377  90.2852 269.8308 15.34426430 27957

1 68328U 26059H   26263.01352139  .00021304  00000+0  63991-3 0  9992
2 68328  53.1573 163.7956 0001170  81.8436 278.2699 15.34397542 27958

1 68329U 26059J   26262.20349801  .00018340  00000+0  55229-3 0  9996
2 68329  53.1573 161.5820 0000951 100.1771 259.9339 15.34417763 27919

1 68330U 26059K   26262.23399612  .00014705  00000+0  44539-3 0  9999
2 68330  53.1563 167.4851 0001199  81.5059 278.6079 15.34406937 27836

1 68331U 26059L   26263.01248154  .00011937  00000+0  36383-3 0  9993
2 68331  53.1560 158.0923 0001009  78.9642 281.1474 15.34403653 28031

1 68332U 26059M   26262.93365513  .00025842  00000+0  77318-3 0  9996
2 68332  53.1574 164.0171 0000395 141.7722 218.3309 15.34406251 27949

1 68333U 26059N   26262.95156205  .00027425  00000+0  81987-3 0  9991
2 68333  53.1584 158.4447 0001979  84.7181 275.4047 15.34399149 28028

1 68334U 26059P   26263.20261375  .00022245  00000+0  66788-3 0  9993
2 68334  53.1573 162.8493 0001362  95.4472 264.6686 15.34384670 27981

1 68335U 26059Q   26263.17794475  .00013413  00000+0  40731-3 0  9999
2 68335  53.1577 155.5687 0001165  81.8923 278.2212 15.34407345 28084

1 68336U 26059R   26263.20472235  .00025624  00000+0  76652-3 0  9999
2 68336  53.1556 162.8555 0001487  48.2407 311.8722 15.34415979 27988

1 68337U 26059S   26263.11961007  .00018558  00000+0  55896-3 0  9995
2 68337  53.1577 157.3349 0001096  82.4585 277.6542 15.34403655 28051

1 68338U 26059T   26262.97461041  .00021014  00000+0  63116-3 0  9997
2 68338  53.1582 157.8494 0003518  98.0304 262.1098 15.34406117 28036

1 68339U 26059U   26263.00510442  .00008710  00000+0  26862-3 0  9998
2 68339  53.1587 163.7321 0001210  98.3629 261.7511 15.34399469 27953

1 68340U 26059V   26263.19736639  .00011205  00000+0  34218-3 0  9995
2 68340  53.1555 157.1111 0001398  95.0703 265.0460 15.34407688 28064

1 68341U 26059W   26263.01458744  .00014270  00000+0  43260-3 0  9997
2 68341  53.1574 158.0998 0001378  32.9771 327.1317 15.34404493 28031

1 68342U 26059X   26263.19104534  .00016804  00000+0  50688-3 0  9999
2 68342  53.1581 157.0917 0001048  83.6674 276.4448 15.34429171 28063

1 68343U 26059Y   26262.97049186  .00013268  00000+0  40324-3 0  9993
2 68343  53.1595 158.5430 0000428  80.1132 279.9919 15.34390283 28025

1 68344U 26059Z   26263.18215336  .00011307  00000+0  34531-3 0  9995
2 68344  53.1593 164.8449 0000951  88.2251 271.8860 15.34395438 27950

1 68345U 26059AA  26262.97250556  .00014273  00000+0  43271-3 0  9991
2 68345  53.1584 157.8403 0001747  87.6659 272.4544 15.34404657 28032

1 68346U 26059AB  26262.11530864  .00025064  00000+0  74998-3 0  9991
2 68346  53.1588 162.4484 0000757  92.0902 268.0187 15.34419904 27897

1 68347U 26059AC  26263.19630216  .00014279  00000+0  43290-3 0  9990
2 68347  53.1596 162.7927 0001261  92.1925 267.9222 15.34403548 27984

1 68348U 26059AD  26263.01038155  .00012909  00000+0  39252-3 0  9997
2 68348  53.1572 158.0734 0001431  66.1352 293.9801 15.34399703 28033

1 68349U 26059AE  26263.19840816  .00019558  00000+0  58839-3 0  9991
2 68349  53.1603 162.8109 0000993  74.7164 285.3948 15.34403239 27986

1 68380U 26063A   26262.39256226  .00016016  00000+0  49797-3 0  9997
2 68380  97.2876  46.2430 0000400 188.1931 171.9305 15.33407383 27776

1 68381U 26063B   26262.37665439  .00011768  00000+0  36623-3 0  9999
2 68381  97.2849  43.2123 0001379  90.4793 269.6608 15.33448021 27573

1 68382U 26063C   26262.92588544  .00015506  00000+0  48160-3 0  9995
2 68382  97.2856  43.8406 0000752 119.9625 240.1692 15.33447529 27666

1 68383U 26063D   26262.64311422  .00020899  00000+0  64784-3 0  9995
2 68383  97.2873  43.4630 0002325  94.1097 266.0412 15.33446029 27612

1 68384U 26063E   26263.11892565  .00019714  00000+0  61085-3 0  9996
2 68384  97.2847  44.0359 0001165 269.4873  90.6236 15.33471994 27691

1 68385U 26063F   26262.36034204  .00025991  00000+0  80447-3 0  9998
2 68385  97.2851  43.2314 0000347  69.9454 290.1826 15.33452055 27574

1 68386U 26063G   26262.90957133  .00014498  00000+0  45049-3 0  9993
2 68386  97.2806  43.8609 0000512  94.0169 266.1132 15.33447701 27669

1 68387U 26063H   26261.63981339  .00016891  00000+0  52440-3 0  9990
2 68387  97.2864  42.5279 0000854  83.5869 276.5471 15.33441707 27461

1 68388U 26063J   26263.12435831  .00006369  00000+0  19950-3 0  9996
2 68388  97.2832  44.0304 0001133 104.5176 255.6193 15.33435064 27692

1 68389U 26063K   26262.65670659  .00010696  00000+0  33311-3 0  9998
2 68389  97.2861  43.5955 0001426  96.9346 263.2060 15.33451739 27627

1 68390U 26063L   26263.19192043  .00006698  00000+0  20962-3 0  9991
2 68390  97.2856  46.9951 0000931  87.7617 272.3733 15.33441814 27895

1 68391U 26063M   26262.69478770  .00016335  00000+0  50729-3 0  9993
2 68391  97.2851  43.5381 0002936  98.1727 261.9849 15.33437874 27620

1 68392U 26063N   26263.14611359  .00014340  00000+0  44532-3 0  9996
2 68392  97.2850  44.0018 0001896 274.4422  85.6604 15.33468757 27699

1 68393U 26063P   26262.34674995  .00015203  00000+0  47228-3 0  9997
2 68393  97.2854  43.2509 0000400  63.6421 296.4863 15.33445841 27572

1 68394U 26063Q   26263.17330683  .00015543  00000+0  48251-3 0  9997
2 68394  97.2829  44.1188 0001922 186.5054 173.6164 15.33461704 27706

1 68395U 26063R   26262.37937626  .00020938  00000+0  64893-3 0  9993
2 68395  97.2852  43.2102 0000797 328.8725  31.2470 15.33453131 27573

1 68396U 26063S   26263.11622727  .00014528  00000+0  45119-3 0  9998
2 68396  97.2848  44.0426 0001577  85.6107 274.5316 15.33463805 27699

1 68397U 26063T   26263.13796146  .00016319  00000+0  50653-3 0  9997
2 68397  97.2839  44.0106 0000565 247.9588 112.1595 15.33457828 27691

1 68398U 26063U   26263.14883639  .00015379  00000+0  47748-3 0  9999
2 68398  97.2865  43.9989 0000983 284.9416  75.1717 15.33461678 27695

1 68399U 26063V   26262.64583238  .00019667  00000+0  60977-3 0  9999
2 68399  97.2873  43.6110 0001431  96.9838 263.1568 15.33453216 27621

1 68400U 26063W   26262.34946580  .00015802  00000+0  49068-3 0  9997
2 68400  97.2869  43.2486 0002688  91.1147 269.0404 15.33447881 27575

1 68401U 26063X   26262.70021224  .00027847  00000+0  86165-3 0  9998
2 68401  97.2832  43.5332 0000600 100.2158 259.9152 15.33447650 27623

1 68402U 26063Y   26261.63440069  .00023520  00000+0  72922-3 0  9992
2 68402  97.2834  42.5375 0001019  87.3824 272.7536 15.33418457 27466

1 68403U 26063Z   26263.14297501  .00017124  00000+0  53129-3 0  9993
2 68403  97.2857  47.0505 0000253 227.0216 133.1006 15.33459879 27896

1 68404U 26063AA  26262.32773026  .00021844  00000+0  67749-3 0  9991
2 68404  97.2859  43.2803 0001100  82.9066 277.2302 15.33420742 27572

1 68508U 26068A   26262.57858500  .00020229  00000+0  60822-3 0  9990
2 68508  53.1591 298.3654 0001622  82.7056 277.4131 15.34400326 26774

1 68509U 26068B   26262.66572476  .00018298  00000+0  55093-3 0  9993
2 68509  53.1599 303.2906 0001229  92.5677 267.5467 15.34425267 26717

1 68510U 26068C   26263.10857355  .00013985  00000+0  42414-3 0  9998
2 68510  53.1593 299.6114 0000857 344.4407  15.6570 15.34408524 26802

1 68511U 26068D   26263.06811054  .00020068  00000+0  60324-3 0  9990
2 68511  53.1594 295.7360 0001584  89.4233 270.6951 15.34412782 26857

1 68512U 26068E   26262.39991570  .00018703  00000+0  56374-3 0  9991
2 68512  53.1583 298.6819 0001022  87.9711 272.1409 15.34375303 26759

1 68513U 26068F   26262.60480773  .00017223  00000+0  51964-3 0  9990
2 68513  53.1580 303.6247 0001126  90.4721 269.6411 15.34403521 26707

1 68514U 26068G   26262.84650685  .00013905  00000+0  42182-3 0  9993
2 68514  53.1606 303.0176 0000943  79.4789 280.6319 15.34406744 26732

1 68515U 26068H   26262.84018926  .00009424  00000+0  28961-3 0  9990
2 68515  53.1611 302.9604 0000726  79.3486 280.7598 15.34409713 26734

1 68516U 26068J   26263.13220830  .00009410  00000+0  28932-3 0  9996
2 68516  53.1543 301.2152 0002053  91.0482 269.0755 15.34398130 26781

1 68517U 26068K   26262.83388264  .00013783  00000+0  41826-3 0  9994
2 68517  53.1615 302.9392 0000964  77.6625 282.4485 15.34404300 26735

1 68518U 26068L   26263.13851966  .00021656  00000+0  65031-3 0  9995
2 68518  53.1584 301.2680 0001234  95.2883 264.8261 15.34396093 26786

1 68519U 26068M   26262.81915029  .00014884  00000+0  45070-3 0  9997
2 68519  53.1622 302.8281 0000507  84.6326 275.4734 15.34403963 26733

1 68520U 26068N   26263.13430446  .00012541  00000+0  38146-3 0  9994
2 68520  53.1582 301.2407 0001166  90.1438 269.9698 15.34417047 26781

1 68521U 26068P   26262.76719862  .00010018  00000+0  30720-3 0  9992
2 68521  53.1607 305.3464 0000332 103.1403 256.9636 15.34400953 26695

1 68522U 26068Q   26262.75612334  .00017526  00000+0  52885-3 0  9995
2 68522  53.1592 303.1433 0001943  40.6854 319.4294 15.34386184 26723

1 68523U 26068R   26262.60270200  .00011617  00000+0  35438-3 0  9992
2 68523  53.1584 303.6025 0001318  91.3317 268.7836 15.34403475 26709

1 68524U 26068S   26262.76243761  .00009684  00000+0  29744-3 0  9996
2 68524  53.1591 303.1883 0001289  82.4623 277.6526 15.34394305 26721

1 68525U 26068T   26262.82546674  .00011856  00000+0  36150-3 0  9996
2 68525  53.1587 302.8705 0001560  85.4002 274.7179 15.34398543 26733

1 68526U 26068U   26262.11212595  .00022208  00000+0  66639-3 0  9999
2 68526  53.1577 300.5367 0001711  88.8755 271.2444 15.34403823 26692

1 68527U 26068V   26262.75764716  .00019349  00000+0  58202-3 0  9996
2 68527  53.1604 300.9630 0000972  80.1645 279.9468 15.34415911 26751

1 68528U 26068W   26263.13908293  .00011584  00000+0  35344-3 0  9995
2 68528  53.1663 303.4010 0000640  56.1462 303.9602 15.34401566 26758

1 68529U 26068X   26262.83808753  .00015965  00000+0  48253-3 0  9992
2 68529  53.1612 302.9504 0000327  66.1334 293.9703 15.34406719 26739

1 68530U 26068Y   26263.14536936  .00037796  00000+0  11218-2 0  9996
2 68530  53.1580 303.4341 0001290  85.4718 274.6431 15.34465807 26759

1 68531U 26068Z   26263.15170608  .00011925  00000+0  36358-3 0  9997
2 68531  53.1592 303.4786 0001268  92.3159 267.7988 15.34392189 26759

1 68532U 26068AA  26262.83598826  .00013112  00000+0  39852-3 0  9990
2 68532  53.1587 302.9355 0001761  83.5714 276.5489 15.34400621 26730

1 68533U 26068AB  26262.82967167  .00017843  00000+0  53818-3 0  9991
2 68533  53.1601 302.8886 0001096  85.8502 274.2626 15.34387049 26733

1 68534U 26068AC  26262.83177496  .00012934  00000+0  39321-3 0  9990
2 68534  53.1609 302.9038 0000752  73.5115 286.5971 15.34404063 26739

1 68535U 26068AD  26262.83071882  .00012598  00000+0  38324-3 0  9991
2 68535  53.1601 297.1969 0000686  32.9523 327.1522 15.34410262 26819

1 68536U 26068AE  26262.82441011  .00011072  00000+0  33842-3 0  9992
2 68536  53.1569 297.1594 0001214  82.1625 277.9515 15.34393502 26816

1 68542U 26070A   26263.11087182  .00003498  00000+0  11472-3 0  9998
2 68542  53.1580 175.8230 0000650  15.9658 344.1365 15.34368660 26376

1 68543U 26070B   26262.97849367  .00018636  00000+0  56137-3 0  9990
2 68543  53.1575 176.4210 0000505 149.4625 210.6407 15.34396736 26359

1 68544U 26070C   26263.16969438  .00014923  00000+0  45189-3 0  9995
2 68544  53.1586 175.4858 0000921  62.9832 297.1265 15.34402376 26383

1 68545U 26070D   26262.25989477  .00026967  00000+0  80558-3 0  9990
2 68545  53.1575 179.7597 0001462 102.2781 257.8385 15.34432339 26244

1 68546U 26070E   26263.03730243  .00022377  00000+0  67062-3 0  9999
2 68546  53.1587 176.0652 0000521  91.4624 268.6439 15.34438195 26369

1 68547U 26070F   26262.24937434  .00030061  00000+0  89667-3 0  9997
2 68547  53.1578 179.6880 0001324  87.1814 272.9340 15.34421397 26249

1 68548U 26070G   26263.16550336 -.00308699  00000+0 -95635-2 0  9990
2 68548  53.1559 175.4506 0005817  93.3104 266.8564 15.34177668 26384

1 68549U 26070H   26263.15917257  .00017137  00000+0  51709-3 0  9996
2 68549  53.1596 175.4163 0000672  93.7626 266.3453 15.34404330 26383

1 68550U 26070J   26263.15496601  .00018686  00000+0  56247-3 0  9995
2 68550  53.1590 175.3867 0000846  83.7452 276.3647 15.34418089 26380

1 68551U 26070K   26263.02259220  .00013169  00000+0  40004-3 0  9991
2 68551  53.1589 175.9791 0001854  99.5424 260.5788 15.34413767 26362

1 68552U 26070L   26263.15706840  .00022697  00000+0  68066-3 0  9995
2 68552  53.1596 175.4031 0000537 106.3372 253.7690 15.34408669 26382

1 68553U 26070M   26262.23464760  .00021718  00000+0  65178-3 0  9990
2 68553  53.1590 179.5910 0001605  98.6789 261.4395 15.34412517 26240

1 68554U 26070N   26262.94904088  .00017206  00000+0  51926-3 0  9994
2 68554  53.1597 176.2341 0001620  81.9255 278.1931 15.34396937 26350

1 68555U 26070P   26262.49729665  .00012030  00000+0  36659-3 0  9997
2 68555  53.1587 178.3837 0000898  76.6926 283.4177 15.34401374 26280

1 68556U 26070Q   26262.87969471  .00019796  00000+0  59543-3 0  9994
2 68556  53.1581 176.4945 0001814  90.9386 269.1824 15.34402043 26343

1 68557U 26070R   26262.94693640  .00007227  00000+0  22486-3 0  9997
2 68557  53.1582 176.2139 0001482  42.1200 317.9916 15.34396137 26354

1 68558U 26070S   26262.29136760  .00012325  00000+0  37525-3 0  9996
2 68558  53.1583 179.2376 0001562  80.3575 279.7604 15.34404555 26252

1 68559U 26070T   26262.28926100  .00014277  00000+0  43269-3 0  9991
2 68559  53.1578 179.2203 0001231 102.3958 257.7183 15.34412432 26250

1 68560U 26070U   26262.28715775  .00013662  00000+0  41458-3 0  9992
2 68560  53.1577 179.2088 0001110  96.6490 263.4638 15.34411345 26255

1 68561U 26070V   26262.93641704  .00010200  00000+0  31251-3 0  9990
2 68561  53.1580 176.1512 0001707   5.6754 354.4268 15.34410229 26354

1 68562U 26070W   26263.19274743  .00022344  00000+0  67012-3 0  9991
2 68562  53.1570 174.8820 0001485  87.5613 272.5560 15.34416154 26399

1 68563U 26070X   26263.19485259  .00020432  00000+0  61427-3 0  9998
2 68563  53.1573 174.9160 0001676  96.3856 263.7338 15.34395870 26396

1 68564U 26070Y   26263.19064021  .00014656  00000+0  44396-3 0  9996
2 68564  53.1569 174.8713 0001739  90.5987 269.5215 15.34405852 26396

1 68565U 26070Z   26263.18852858  .00014491  00000+0  43899-3 0  9993
2 68565  53.1574 174.8557 0000547 117.2035 242.9024 15.34413697 26395

1 68566U 26070AA  26262.46994185  .00013105  00000+0  39823-3 0  9997
2 68566  53.1580 178.2061 0001278  80.4613 279.6534 15.34406290 26288

1 68567U 26070AB  26263.05405676  .00011242  00000+0  34329-3 0  9992
2 68567  53.1567 175.4386 0000491  88.5609 271.5450 15.34404038 26379

1 68568U 26070AC  26263.04994404  .00019465  00000+0  58563-3 0  9995
2 68568  53.1578 176.1519 0001424  91.2771 268.8395 15.34404671 26365

1 68569U 26070AD  26263.11709120  .00025985  00000+0  77753-3 0  9999
2 68569  53.1573 175.1559 0000940  73.3727 286.7379 15.34399770 26384

1 68570U 26070AE  26263.04784073  .00023306  00000+0  69850-3 0  9997
2 68570  53.1583 176.1481 0001945  94.9078 265.2147 15.34411996 26364

1 68602U 26073A   26263.00543905  .00007434  00000+0  23238-3 0  9993
2 68602  97.2846 101.0068 0000895  93.1010 267.0335 15.33444558 25669

1 68603U 26073B   26262.95380718  .00012144  00000+0  37840-3 0  9996
2 68603  97.2856 100.9260 0000863 131.7179 228.4138 15.33401651 25651

1 68604U 26073C   26263.02448095  .00015087  00000+0  46842-3 0  9990
2 68604  97.2832 100.9892 0000597  33.5202 326.6078 15.33464092 25660

1 68605U 26073D   26263.02720731  .00012037  00000+0  37451-3 0  9999
2 68605  97.2847 100.9781 0002184  99.2716 260.8774 15.33448416 25661

1 68606U 26073E   26262.97826190  .00011668  00000+0  36312-3 0  9993
2 68606  97.2868 101.0471 0001679  95.4018 264.7417 15.33448964 25669

1 68607U 26073F   26261.08041699  .00010446  00000+0  32545-3 0  9995
2 68607  97.2856  99.1822 0001183 116.6841 243.4523 15.33445270 25371

1 68608U 26073G   26262.79337163  .00011939  00000+0  37147-3 0  9990
2 68608  97.2850 100.8428 0001954  89.9742 270.1724 15.33451147 25635

1 68609U 26073H   26262.83415872  .00014651  00000+0  45514-3 0  9991
2 68609  97.2853 100.7845 0002617  93.7394 266.4148 15.33450290 25630

1 68610U 26073J   26262.98370019  .00013110  00000+0  40764-3 0  9993
2 68610  97.2867 101.0381 0001735  89.2142 270.9300 15.33449340 25664

1 68611U 26073K   26262.80153158  .00012386  00000+0  38534-3 0  9994
2 68611  97.2853 100.8315 0001765  88.1112 272.0333 15.33444726 25631

1 68612U 26073L   26263.01358834  .00007271  00000+0  22717-3 0  9990
2 68612  97.2855 101.0009 0001486  94.4070 265.7342 15.33466481 25664

1 68613U 26073M   26262.83687359  .00013001  00000+0  40422-3 0  9998
2 68613  97.2866 100.9322 0000514  69.0974 291.0324 15.33456000 25641

1 68614U 26073N   26262.99457646  .00012077  00000+0  37577-3 0  9999
2 68614  97.2848 101.0250 0001366  98.3242 261.8156 15.33449564 25660

1 68615U 26073P   26262.77978198  .00011985  00000+0  37272-3 0  9995
2 68615  97.2868 100.8613 0002551 112.2396 247.9118 15.33463682 25633

1 68616U 26073Q   26262.99185458  .00008453  00000+0  26381-3 0  9994
2 68616  97.2861 101.0264 0001644  96.0964 264.0466 15.33452742 25668

1 68617U 26073R   26263.02176531  .00011954  00000+0  37188-3 0  9999
2 68617  97.2857 100.9914 0001123 102.4873 257.6495 15.33457554 25663

1 68618U 26073S   26262.79064676  .00014071  00000+0  43715-3 0  9995
2 68618  97.2851 100.8429 0001573  87.3853 272.7570 15.33460893 25635

1 68619U 26073T   26262.02390859  .00012192  00000+0  37933-3 0  9994
2 68619  97.2849 100.0495 0002607  92.2234 267.9307 15.33445348 25514

1 68620U 26073U   26262.77433799  .00018719  00000+0  58029-3 0  9999
2 68620  97.2887 100.8675 0001758  92.5546 267.5898 15.33467602 25632

1 68621U 26073V   26263.00817705  .00019178  00000+0  59483-3 0  9995
2 68621  97.2842 101.0044 0001332  87.2851 272.8544 15.33445972 25661

1 68622U 26073W   26263.01091223  .00031689  00000+0  97959-3 0  9997
2 68622  97.2848 101.0032 0001773  85.1768 274.9678 15.33450567 25665

1 68623U 26073X   26262.95107933  .00008888  00000+0  27717-3 0  9996
2 68623  97.2856 100.9348 0001349  70.9369 289.2020 15.33462167 25659

1 68624U 26073Y   26263.00001501  .00012121  00000+0  37714-3 0  9991
2 68624  97.2846 101.0182 0001735  97.8677 262.2763 15.33447532 25661

1 68625U 26073Z   26262.98098429  .00013990  00000+0  43482-3 0  9997
2 68625  97.2856 101.0442 0002113  78.3212 281.8268 15.33445909 25665

1 68626U 26073AA  26263.15919441  .00008620  00000+0  26900-3 0  9994
2 68626  97.2849 102.0207 0001822  91.1754 268.9698 15.33448836 25742

1 68662U 26077A   26262.88211994  .00011167  00000+0  34767-3 0  9995
2 68662  97.2849 132.7142 0001890  91.1155 269.0304 15.33447919 24915

1 68663U 26077B   26262.41989830  .00018732  00000+0  58094-3 0  9990
2 68663  97.2849 132.2721 0001792  92.5325 267.6123 15.33453342 24841

1 68664U 26077C   26262.42261671  .00020974  00000+0  64994-3 0  9995
2 68664  97.2844 132.2688 0001614 100.1085 260.0340 15.33456799 24848

1 68665U 26077D   26263.06973352  .00010166  00000+0  31679-3 0  9999
2 68665  97.2869 132.9150 0002312  88.1308 272.0199 15.33445072 24944

1 68666U 26077E   26262.41445985  .00012013  00000+0  37384-3 0  9996
2 68666  97.2858 132.2795 0001906  81.4937 278.6522 15.33443002 24845

1 68667U 26077F   26261.36765888  .00009494  00000+0  29602-3 0  9990
2 68667  97.2829 131.2527 0003291  86.4824 273.6795 15.33443951 24687

1 68668U 26077G   26263.10780750  .00022185  00000+0  68715-3 0  9990
2 68668  97.2852 133.0198 0000980 189.4881 170.6343 15.33461706 24950

1 68669U 26077H   26262.08002231  .00015794  00000+0  49029-3 0  9993
2 68669  97.2888 131.9678 0000975 111.7166 248.4181 15.33459877 24790

1 68670U 26077J   26262.40901966  .00010730  00000+0  33418-3 0  9994
2 68670  97.2879 132.2859 0001153 119.7382 240.3976 15.33447645 24843

1 68671U 26077K   26262.07730343  .00014848  00000+0  46113-3 0  9997
2 68671  97.2856 131.9710 0001132  97.5862 262.5509 15.33458786 24794

1 68672U 26077L   26262.92290333  .00015007  00000+0  46601-3 0  9992
2 68672  97.2841 132.8101 0002355  92.0823 268.0689 15.33460402 24921

1 68673U 26077M   26263.11595157  .00010607  00000+0  33025-3 0  9994
2 68673  97.2855 133.0110 0001718  95.1237 265.0201 15.33461110 24952

1 68674U 26077N   26263.11323278  .00009562  00000+0  29812-3 0  9995
2 68674  97.2863 133.0127 0001925  99.6708 260.4753 15.33445939 24954

1 68675U 26077P   26263.11050968  .00012577  00000+0  39108-3 0  9998
2 68675  97.2866 133.0182 0000991  87.9071 272.2285 15.33457809 24954

1 68676U 26077Q   26262.37910923  .00012294  00000+0  38251-3 0  9996
2 68676  97.2837 132.3298 0001895  89.9457 270.2003 15.33443709 24845

1 68677U 26077R   26263.10508108  .00016721  00000+0  51868-3 0  9995
2 68677  97.2837 133.0223 0002243  83.2352 276.9146 15.33469913 24959

1 68678U 26077S   26262.90658993  .00011261  00000+0  35056-3 0  9996
2 68678  97.2846 132.8352 0002046  94.5471 265.6005 15.33450005 24926

1 68679U 26077T   26261.14198271  .00006606  00000+0  20677-3 0  9990
2 68679  97.2868 131.0992 0002175  67.1515 292.9957 15.33445165 24650

1 68680U 26077U   26262.89571722  .00017226  00000+0  53441-3 0  9996
2 68680  97.2849 132.8499 0002827  94.5463 265.6103 15.33457856 24922

1 68681U 26077V   26262.89843487  .00010494  00000+0  32687-3 0  9996
2 68681  97.2878 132.8474 0001230  84.9537 275.1846 15.33449647 24929

1 68682U 26077W   26262.88479848  .00037181  00000+0  11437-2 0  9993
2 68682  97.2863 132.8657 0002580 108.3486 251.8037 15.33572642 24925

1 68683U 26077X   26262.88756049  .00010287  00000+0  32054-3 0  9992
2 68683  97.2848 132.8611 0001748  89.7919 270.3524 15.33443813 24921

1 68684U 26077Y   26263.08603984  .00016794  00000+0  52129-3 0  9999
2 68684  97.2880 133.0497 0001228  99.4744 260.6638 15.33450380 24958

1 68685U 26077Z   26263.12096464  .00021697  00000+0  67219-3 0  9998
2 68685  97.2832 136.0513 0001329  88.3420 271.7975 15.33457996 25158

1 68686U 26077AA  26262.10993206  .00018894  00000+0  58584-3 0  9996
2 68686  97.2844 132.0801 0002609  79.0916 281.0620 15.33456766 24803

1 68699U 26081A   26263.10900337  .00015143  00000+0  45879-3 0  9996
2 68699  53.1586 207.8914 0001158 112.4941 247.6185 15.34372879 24554

1 68700U 26081B   26263.17204461  .00012042  00000+0  36693-3 0  9990
2 68700  53.1595 207.5734 0001505  88.7035 271.4140 15.34403765 24565

1 68701U 26081C   26262.58371393  .00014610  00000+0  44298-3 0  9997
2 68701  53.1590 210.2989 0000766  96.8073 263.3017 15.34379352 24471

1 68702U 26081D   26262.45134446  .00015875  00000+0  47998-3 0  9994
2 68702  53.1586 210.9097 0002337  48.7841 311.3363 15.34400205 24457

1 68703U 26081E   26262.57951067  .00021131  00000+0  63487-3 0  9997
2 68703  53.1587 210.2734 0001941  89.3904 270.7321 15.34394593 24477

1 68704U 26081F   26263.16363398  .00016867  00000+0  50938-3 0  9995
2 68704  53.1569 207.5226 0003476  45.6497 314.4790 15.34388437 24566

1 68705U 26081G   26261.14230705  .00009557  00000+0  29365-3 0  9995
2 68705  53.1587 216.9496 0001220  84.3101 275.8040 15.34396894 24257

1 68706U 26081H   26262.56898446  .00022537  00000+0  67616-3 0  9999
2 68706  53.1585 210.2257 0000392 134.2081 225.8954 15.34399610 24471

1 68707U 26081J   26262.50806013  .00026409  00000+0  79004-3 0  9999
2 68707  53.1589 210.5501 0001169  98.4271 261.6865 15.34398396 24464

1 68708U 26081K   26263.09217925  .00007940  00000+0  24585-3 0  9996
2 68708  53.1574 207.7864 0001753  86.0355 274.0848 15.34403445 24555

1 68709U 26081L   26262.56688354  .00011659  00000+0  35567-3 0  9990
2 68709  53.1575 210.1955 0001304  85.1147 275.0004 15.34398134 24471

1 68710U 26081M   26263.15100126  .00011420  00000+0  34852-3 0  9996
2 68710  53.1583 207.4428 0001336  85.8128 274.3027 15.34408305 24566

1 68711U 26081N   26262.56268374  .00010085  00000+0  30918-3 0  9996
2 68711  53.1557 210.1683 0003733  77.3899 282.7521 15.34401716 24477

1 68712U 26081P   26262.95139088  .00019891  00000+0  59814-3 0  9999
2 68712  53.1577 208.3315 0002385  72.8120 287.3144 15.34406333 24539

1 68713U 26081Q   26263.14469074  .00016046  00000+0  48488-3 0  9997
2 68713  53.1570 207.3970 0001904  89.5855 270.5365 15.34409304 24568

1 68714U 26081R   26263.14258749  .00014808  00000+0  44853-3 0  9999
2 68714  53.1598 207.3937 0001259  91.1384 268.9763 15.34400414 24567

1 68715U 26081S   26262.48912472  .00017089  00000+0  51569-3 0  9992
2 68715  53.1560 210.4130 0001859  86.0254 274.0962 15.34403678 24465

1 68716U 26081T   26263.13838087  .00015777  00000+0  47705-3 0  9994
2 68716  53.1590 207.3766 0001078  89.0350 271.0776 15.34401692 24567

1 68717U 26081U   26263.13627426  .00013091  00000+0  39787-3 0  9996
2 68717  53.1588 207.3423 0001624  83.3576 276.7611 15.34403697 24566

1 68718U 26081V   26261.24522182  .00029140  00000+0  87005-3 0  9998
2 68718  53.1565 216.1584 0001090 149.0445 211.0622 15.34406840 24275

1 68719U 26081W   26262.47858636  .00020663  00000+0  62089-3 0  9997
2 68719  53.1571 210.3482 0001185  84.3888 275.7250 15.34405218 24466

1 68720U 26081X   26262.47228769  .00016319  00000+0  49296-3 0  9995
2 68720  53.1584 210.3118 0000687  86.5744 273.5337 15.34405791 24467

1 68721U 26081Y   26263.12786088  .00020625  00000+0  61978-3 0  9998
2 68721  53.1572 207.2881 0001591  97.0439 263.0744 15.34405411 24566

1 68722U 26081Z   26262.47439200  .00016471  00000+0  49734-3 0  9997
2 68722  53.1561 210.3148 0002141 101.3860 258.7383 15.34412018 24465

1 68723U 26081AA  26262.48070706  .00022816  00000+0  68414-3 0  9997
2 68723  53.1581 210.3706 0000569  83.7861 276.3206 15.34409901 24461

1 68724U 26081AB  26263.12154272  .00011822  00000+0  36041-3 0  9997
2 68724  53.1574 207.2466 0001272  87.1829 272.9319 15.34404095 24563

1 68725U 26081AC  26263.11733807  .00013477  00000+0  40932-3 0  9996
2 68725  53.1597 207.2389 0001151 104.3924 255.7206 15.34398121 24563

1 68726U 26081AD  26262.46808179  .00029084  00000+0  86846-3 0  9994
2 68726  53.1580 210.2765 0001505  88.7473 271.3702 15.34403780 24467

1 68727U 26081AE  26262.46387819  .00023211  00000+0  69550-3 0  9997
2 68727  53.1588 210.2661 0002753  73.8421 286.2884 15.34419957 24464

1 68728U 26082A   26261.99091342  .00018916  00000+0  58651-3 0  9995
2 68728  97.2868 124.1532 0001897  71.1215 289.0234 15.33458955 24072

1 68729U 26082B   26262.85826598  .00015420  00000+0  47888-3 0  9998
2 68729  97.2856 124.9648 0002369  91.2060 268.9455 15.33450095 24205

1 68730U 26082C   26261.13171870  .00011254  00000+0  35039-3 0  9992
2 68730  97.2845 123.3371 0002172 100.4977 259.6511 15.33443808 23947

1 68731U 26082D   26262.92624516  .00019604  00000+0  60769-3 0  9996
2 68731  97.2847 125.0240 0002466  84.4390 275.7134 15.33459449 24219

1 68732U 26082E   26262.86370411  .00013305  00000+0  41371-3 0  9992
2 68732  97.2848 124.9570 0002081  89.9787 270.1695 15.33444848 24205

1 68733U 26082F   26263.06218362  .00010352  00000+0  32248-3 0  9994
2 68733  97.2849 125.3007 0001742  89.3491 270.7951 15.33451427 24242

1 68734U 26082G   26262.42324261  .00003684  00000+0  11636-3 0  9998
2 68734  97.2845 124.6392 0004762  57.7060 302.4643 15.33447329 24140

1 68735U 26082H   26262.87729813  .00011320  00000+0  35227-3 0  9998
2 68735  97.2840 125.0888 0003219  98.4181 261.7427 15.33458061 24213

1 68736U 26082J   26262.39603875  .00010542  00000+0  32839-3 0  9996
2 68736  97.2883 124.5215 0001066  94.6753 265.4611 15.33446642 24139

1 68737U 26082K   26263.04043084  .00021045  00000+0  65192-3 0  9998
2 68737  97.2878 125.1762 0000252  75.8760 284.2511 15.33467598 24235

1 68738U 26082L   26263.04317259  .00023368  00000+0  72323-3 0  9991
2 68738  97.2864 125.1715 0001615  89.9133 270.2295 15.33474068 24237

1 68739U 26082M   26263.03771947  .00014038  00000+0  43614-3 0  9994
2 68739  97.2844 125.1785 0002650  89.2292 270.9255 15.33457532 24232

1 68740U 26082N   26262.89904796  .00018043  00000+0  55961-3 0  9997
2 68740  97.2865 125.0618 0002185  93.0714 267.0778 15.33458621 24211

1 68741U 26082P   26262.92080098  .00013562  00000+0  42159-3 0  9998
2 68741  97.2859 125.0340 0002030  89.1704 270.9771 15.33449934 24214

1 68742U 26082Q   26262.90176728  .00010705  00000+0  33338-3 0  9998
2 68742  97.2856 125.0600 0001979  86.3286 273.8183 15.33451092 24213

1 68743U 26082R   26263.13288211  .00007130  00000+0  22299-3 0  9998
2 68743  97.2851 125.3579 0001741  90.9143 269.2299 15.33441835 24252

1 68744U 26082S   26263.08667936  .00017718  00000+0  55001-3 0  9998
2 68744  97.2839 125.2685 0001725  81.3592 278.7846 15.33435627 24244

1 68745U 26082T   26263.06493233  .00014180  00000+0  44072-3 0  9990
2 68745  97.2867 125.2936 0002451  86.0058 274.1465 15.33443951 24247

1 68746U 26082U   26262.04801239  .00011777  00000+0  36657-3 0  9996
2 68746  97.2841 124.2293 0001816  91.5769 268.5682 15.33443542 24085

1 68747U 26082V   26262.87457992  .00015284  00000+0  47481-3 0  9995
2 68747  97.2855 125.0946 0002021  92.6661 267.4813 15.33442934 24210

1 68748U 26082W   26261.87128998  .00010960  00000+0  34128-3 0  9996
2 68748  97.2847 124.0104 0002156  92.6741 267.4748 15.33447381 24055

1 68749U 26082X   26262.88273594  .00012726  00000+0  39575-3 0  9995
2 68749  97.2862 125.0866 0002234  92.2139 267.9359 15.33450779 24219

1 68750U 26082Y   26263.06071069  .00009857  00000+0  30723-3 0  9998
2 68750  97.2861 124.2308 0002211  94.6997 265.4498 15.33445075 24170

1 68751U 26082Z   26262.43138982  .00023520  00000+0  72818-3 0  9991
2 68751  97.2842 124.6282 0002387 102.6478 257.5031 15.33461679 24143

1 68752U 26082AA  26263.14648365  .00009332  00000+0  29098-3 0  9999
2 68752  97.2848 125.3385 0002134  88.1316 272.0171 15.33449807 24259

1 68766U 26086A   26262.34676075  .00015542  00000+0  48258-3 0  9997
2 68766  97.2819 297.8707 0001850  90.5184 269.6271 15.33455361 23512

1 68767U 26086B   26262.34404576  .00010349  00000+0  32251-3 0  9999
2 68767  97.2865 297.7249 0000787 102.2675 257.8656 15.33439008 23503

1 68768U 26086C   26262.86064267  .00011348  00000+0  35320-3 0  9996
2 68768  97.2855 298.2470 0000302  92.7699 267.3578 15.33454491 23587

1 68769U 26086D   26263.05912895  .00014907  00000+0  46301-3 0  9993
2 68769  97.2846 298.4329 0001339 110.2798 249.8589 15.33454899 23613

1 68770U 26086E   26263.05097102  .00011142  00000+0  34684-3 0  9999
2 68770  97.2849 298.4470 0001076 107.7622 252.3738 15.33453937 23617

1 68771U 26086F   26263.05369041  .00011033  00000+0  34351-3 0  9994
2 68771  97.2859 298.4431 0001109 100.9507 259.1861 15.33451347 23615

1 68772U 26086G   26261.35161695  .00010077  00000+0  31407-3 0  9997
2 68772  97.2842 296.7769 0003006  98.9519 261.2065 15.33440482 23359

1 68773U 26086H   26263.17602881 -.00001662  00000+0 -49152-4 0  9996
2 68773  97.2849 298.5813 0000964  97.1609 262.9743 15.33447479 23633

1 68774U 26086J   26262.32500765  .00017834  00000+0  55336-3 0  9997
2 68774  97.2810 297.7495 0000683 113.8493 246.2822 15.33448643 23507

1 68775U 26086K   26262.90958757  .00017275  00000+0  53648-3 0  9993
2 68775  97.2854 298.3335 0001093  92.5434 267.5933 15.33428456 23598

1 68776U 26086L   26261.86006786  .00011820  00000+0  36791-3 0  9994
2 68776  97.2846 297.3130 0001334  92.0665 268.0730 15.33443124 23434

1 68777U 26086M   26262.05039320  .00015841  00000+0  49181-3 0  9991
2 68777  97.2844 297.5112 0001681 108.0243 252.1183 15.33455568 23464

1 68778U 26086N   26263.03738814  .00011144  00000+0  34677-3 0  9991
2 68778  97.2852 298.4655 0001400 100.3420 259.7981 15.33465122 23610

1 68779U 26086P   26262.83617581  .00018222  00000+0  56500-3 0  9999
2 68779  97.2863 298.2808 0001303 103.7693 256.3695 15.33467553 23583

1 68780U 26086Q   26262.37397022  .00012953  00000+0  40268-3 0  9994
2 68780  97.2853 297.8370 0002975  93.5103 266.6480 15.33456227 23516

1 68781U 26086R   26262.37122942  .00018273  00000+0  56688-3 0  9996
2 68781  97.2866 297.8398 0000704  96.1844 263.9479 15.33450202 23515

1 68782U 26086S   26263.08631829  .00007455  00000+0  23299-3 0  9997
2 68782  97.2855 298.5508 0001182  95.8441 264.2936 15.33448276 23627

1 68783U 26086T   26262.81985227  .00010052  00000+0  31306-3 0  9997
2 68783  97.2823 298.2993 0001197 266.8551  93.2554 15.33466210 23585

1 68784U 26086U   26262.03953649  .00012111  00000+0  37699-3 0  9994
2 68784  97.2849 297.5254 0001285  88.0752 272.0638 15.33434897 23464

1 68785U 26086V   26262.09117501  .00015537  00000+0  48243-3 0  9992
2 68785  97.2853 297.6089 0001091  96.5014 263.6353 15.33455486 23475

1 68786U 26086W   26262.94492875  .00011857  00000+0  36889-3 0  9991
2 68786  97.2852 298.4387 0001083 116.1202 244.0152 15.33457336 23605

1 68787U 26086X   26263.06728638  .00011259  00000+0  35051-3 0  9991
2 68787  97.2857 298.5769 0000494  75.0189 285.1108 15.33449075 23628

1 68788U 26086Y   26262.94220997  .00010776  00000+0  33552-3 0  9990
2 68788  97.2851 298.4433 0001136 102.7374 257.3996 15.33456867 23609

1 68789U 26086Z   26261.38152692  .00022536  00000+0  69816-3 0  9993
2 68789  97.2847 296.8903 0001536  92.5610 267.5808 15.33451273 23366

1 68790U 26086AA  26262.34551935  .00020203  00000+0  62611-3 0  9990
2 68790  97.2804 298.6386 0001933  91.7028 268.4436 15.33461109 23569

1 68802U 26089A   26263.04289919  .00013408  00000+0  41707-3 0  9997
2 68802  97.2873 108.7289 0001432  74.7416 285.3985 15.33431160 23187

1 68803U 26089B   26262.38763043  .00007521  00000+0  23503-3 0  9992
2 68803  97.2854 108.0895 0001725  91.7301 268.4139 15.33447119 23083

1 68804U 26089C   26262.31965661  .00010556  00000+0  32883-3 0  9999
2 68804  97.2857 108.0293 0001396  91.5937 268.5465 15.33445233 23073

1 68805U 26089D   26262.37947320  .00012268  00000+0  38163-3 0  9997
2 68805  97.2853 108.1041 0001122 110.4149 249.7214 15.33451987 23082

1 68806U 26089E   26263.03474156  .00011419  00000+0  35534-3 0  9990
2 68806  97.2871 108.7419 0000858  96.0493 264.0847 15.33459819 23189

1 68807U 26089F   26263.02930453  .00006129  00000+0  19199-3 0  9998
2 68807  97.2894 108.7481 0001017  63.6646 296.4701 15.33451046 23184

1 68808U 26089G   26263.02659610  .00013358  00000+0  41532-3 0  9990
2 68808  97.2847 108.7490 0003098  76.8784 283.2804 15.33445196 23180

1 68809U 26089H   26261.84927785  .00010814  00000+0  33677-3 0  9995
2 68809  97.2852 107.5961 0002275  93.6457 266.5046 15.33446106 23002

1 68810U 26089J   26262.82538979  .00013802  00000+0  42901-3 0  9999
2 68810  97.2852 108.5682 0002520  83.3210 276.8319 15.33447555 23153

1 68811U 26089K   26262.81994972  .00014797  00000+0  45969-3 0  9999
2 68811  97.2861 108.5756 0002036  90.9983 269.1493 15.33448348 23158

1 68812U 26089L   26262.82267855  .00013843  00000+0  43026-3 0  9997
2 68812  97.2855 108.5704 0001918  77.8784 282.2674 15.33448470 23159

1 68813U 26089M   26262.36044453  .00012805  00000+0  39844-3 0  9994
2 68813  97.2839 108.1294 0002965  74.6533 285.5037 15.33429818 23088

1 68814U 26089N   26263.01029491  .00022995  00000+0  71206-3 0  9992
2 68814  97.2863 108.7749 0001400  82.5113 277.6289 15.33461304 23180

1 68815U 26089P   26263.07009715  .00012148  00000+0  37796-3 0  9991
2 68815  97.2867 108.8493 0001991  89.6423 270.5048 15.33446821 23192

1 68816U 26089Q   26263.00755448  .00020086  00000+0  62263-3 0  9993
2 68816  97.2807 108.7771 0000966  75.8976 284.2374 15.33456344 23180

1 68817U 26089R   26263.00212376  .00021637  00000+0  67045-3 0  9998
2 68817  97.2835 108.7854 0002606  84.4774 275.6765 15.33449845 23185

1 68818U 26089S   26262.99940118  .00014300  00000+0  44432-3 0  9992
2 68818  97.2863 108.7888 0001959  85.1918 274.9548 15.33452771 23185

1 68819U 26089T   26262.34411812  .00011088  00000+0  34511-3 0  9993
2 68819  97.2869 108.1493 0001415  94.3378 265.8027 15.33461040 23086

1 68820U 26089U   26262.85803135  .00017953  00000+0  55731-3 0  9998
2 68820  97.2858 108.6754 0003018  84.2468 275.9119 15.33430491 23169

1 68821U 26089V   26262.99396715  .00012697  00000+0  39478-3 0  9995
2 68821  97.2852 108.7972 0001920  88.2294 271.9169 15.33456893 23185

1 68822U 26089W   26262.99124731  .00017669  00000+0  54816-3 0  9990
2 68822  97.2861 108.8021 0002287  94.2914 265.8590 15.33453744 23187

1 68823U 26089X   26262.00697575  .00016805  00000+0  52157-3 0  9991
2 68823  97.2846 107.8432 0001603  99.2923 260.8501 15.33451953 23033

1 68824U 26089Y   26262.00425575  .00018228  00000+0  56550-3 0  9993
2 68824  97.2855 107.8495 0001242 118.4880 241.6488 15.33449416 23030

1 68825U 26089Z   26263.04562520  .00011988  00000+0  37303-3 0  9992
2 68825  97.2842 108.8824 0002360  87.3554 272.7959 15.33446395 23196

1 68839U 26094A   26262.98088120  .00022308  00000+0  69063-3 0  9990
2 68839  97.2843 276.0432 0000389  89.7698 270.3589 15.33476077 22573

1 68840U 26094B   26262.97816120  .00011555  00000+0  35961-3 0  9992
2 68840  97.2838 276.0483 0001714  94.0075 266.1364 15.33452352 22570

1 68841U 26094C   26262.97545196  .00015325  00000+0  47585-3 0  9999
2 68841  97.2844 276.0514 0002087  88.9955 271.1526 15.33458361 22578

1 68842U 26094D   26262.97272317  .00021170  00000+0  65592-3 0  9995
2 68842  97.2846 276.0549 0001266  78.0902 282.0482 15.33459943 22578

1 68843U 26094E   26263.02397250  .00016939  00000+0  52542-3 0  9995
2 68843  97.2832 279.1941 0001733  95.5911 264.5530 15.33469994 22786

1 68844U 26094F   26262.97000455  .00019511  00000+0  60479-3 0  9994
2 68844  97.2851 276.0582 0000724  71.0994 289.0327 15.33462360 22577

1 68845U 26094G   26263.02982416  .00004434  00000+0  13958-3 0  9996
2 68845  97.2845 276.1287 0001614  92.7608 267.3819 15.33443986 22584

1 68846U 26094H   26263.03255958  .00013030  00000+0  40509-3 0  9996
2 68846  97.2853 276.1261 0001064  81.8399 278.2964 15.33456525 22586

1 68847U 26094J   26263.02710727  .00025958  00000+0  80350-3 0  9996
2 68847  97.2858 276.1319 0002236  88.3112 271.8386 15.33448212 22584

1 68848U 26094K   26262.30657550  .00014302  00000+0  44446-3 0  9998
2 68848  97.2859 275.4297 0001106  94.8732 265.2637 15.33447111 22479

1 68849U 26094L   26263.02166375  .00018656  00000+0  57837-3 0  9993
2 68849  97.2840 276.1392 0002029  87.7757 272.3718 15.33466691 22582

1 68850U 26094M   26263.01622980  .00012093  00000+0  37617-3 0  9996
2 68850  97.2846 276.1447 0002005  83.5826 276.5645 15.33454347 22586

1 68851U 26094N   26262.82318917  .00011276  00000+0  35084-3 0  9995
2 68851  97.2847 275.9502 0001485  92.7390 267.4023 15.33465486 22558

1 68852U 26094P   26263.01079206  .00015584  00000+0  48399-3 0  9992
2 68852  97.2833 276.1597 0000985 125.3834 234.7501 15.33449344 22587

1 68853U 26094Q   26262.29570028  .00015115  00000+0  46955-3 0  9996
2 68853  97.2816 275.4473 0001321  95.5584 264.5809 15.33446844 22471

1 68854U 26094R   26262.29026179  .00016760  00000+0  52021-3 0  9998
2 68854  97.2818 275.4512 0001299  96.8159 263.3232 15.33450890 22477

1 68855U 26094S   26263.00535256  .00010341  00000+0  32214-3 0  9991
2 68855  97.2861 276.1653 0001712  98.3961 261.7476 15.33449876 22584

1 68856U 26094T   26262.28482484  .00017731  00000+0  55026-3 0  9991
2 68856  97.2867 275.4589 0001045  99.4541 260.6820 15.33445367 22476

1 68857U 26094U   26262.99991534  .00019558  00000+0  60649-3 0  9997
2 68857  97.2844 276.1714 0001271  88.4789 271.6599 15.33448413 22585

1 68858U 26094V   26262.47515208  .00012702  00000+0  39511-3 0  9999
2 68858  97.2842 275.6593 0001054 101.6142 258.5219 15.33445208 22507

1 68859U 26094W   26262.47242196  .00004285  00000+0  13496-3 0  9994
2 68859  97.2841 275.6634 0001010  57.6323 302.5017 15.33449848 22506

1 68860U 26094X   26263.18480292  .00017343  00000+0  53806-3 0  9994
2 68860  97.2837 276.3758 0002143  90.5058 269.6430 15.33456620 22617

1 68861U 26094Y   26262.98360038  .00013935  00000+0  43302-3 0  9990
2 68861  97.2842 276.1922 0001446  90.5714 269.5695 15.33454647 22584

1 68862U 26094Z   26263.18752560  .00026187  00000+0  80952-3 0  9994
2 68862  97.2832 276.3732 0001477  89.5539 270.5873 15.33489080 22615

1 68863U 26094AA  26262.98631721  .00013444  00000+0  41776-3 0  9990
2 68863  97.2851 276.1901 0001330  51.8047 308.3315 15.33463563 22582

1 68895U 26097A   26263.00003471  .00060747  00000+0  18714-2 0  9990
2 68895  97.2855  97.0764 0003122  91.8492 154.1413 15.33400021  5898

1 68896U 26097B   26262.79232601  .00012161  00000+0  37847-3 0  9991
2 68896  97.2834  96.9502 0002296  87.5921 272.5585 15.33437672 21989

1 68897U 26097C   26262.77600586  .00017824  00000+0  55296-3 0  9990
2 68897  97.2866  96.9697 0001927  88.2433 271.9031 15.33453345 21980

1 68898U 26097D   26263.00439619  .00010617  00000+0  33071-3 0  9995
2 68898  97.2901  97.1177 0000652  67.4471 292.6841 15.33446783 22014

1 68899U 26097E   26263.01255578  .00007935  00000+0  24782-3 0  9995
2 68899  97.2889  97.1078 0001206  66.3136 293.8233 15.33451559 22017

1 68900U 26097F   26262.99623911  .00008309  00000+0  25941-3 0  9998
2 68900  97.2857  97.1300 0001423  99.2729 260.8675 15.33446245 22017

1 68901U 26097G   26262.96361712  .00014042  00000+0  43640-3 0  9991
2 68901  97.2878  97.1727 0001449  63.7894 296.3497 15.33449423 22018

1 68902U 26097H   26262.97995611  .00020799  00000+0  64521-3 0  9991
2 68902  97.2869  97.1505 0002882  73.2158 286.9400 15.33422700 22012

1 68903U 26097J   26263.19744676  .00014447  00000+0  44910-3 0  9993
2 68903  97.2841  97.3174 0001855  99.3886 260.7566 15.33434643 22048

1 68904U 26097K   26262.97720579  .00012170  00000+0  37855-3 0  9996
2 68904  97.2847  97.1566 0000085 192.9538 167.1703 15.33455310 22010

1 68905U 26097L   26262.99352613  .00022366  00000+0  69236-3 0  9995
2 68905  97.2843  97.1341 0001551  83.8914 276.2505 15.33476804 22016

1 68906U 26097M   26263.01798756  .00011960  00000+0  37200-3 0  9996
2 68906  97.2846  97.1015 0001716  97.5789 262.5649 15.33461277 22018

1 68907U 26097N   26262.29747120  .00018980  00000+0  58895-3 0  9997
2 68907  97.2843  96.3962 0001612 100.8318 259.3106 15.33433240 21907

1 68908U 26097P   26262.35727304  .00012386  00000+0  38505-3 0  9997
2 68908  97.2819  96.4672 0003196 115.8589 244.2984 15.33466751 21916

1 68909U 26097Q   26263.20288593  .00018822  00000+0  58359-3 0  9995
2 68909  97.2818  97.3118 0002129  95.6013 264.5472 15.33460075 22048

1 68910U 26097R   26262.99896207  .00011631  00000+0  36202-3 0  9993
2 68910  97.2848  97.1263 0001318  87.2612 272.8782 15.33447714 22011

1 68911U 26097S   26262.98536691  .00008318  00000+0  25970-3 0  9999
2 68911  97.2865  97.1472 0001304  92.8310 267.3081 15.33445040 22016

1 68912U 26097T   26262.97448884  .00010832  00000+0  33731-3 0  9993
2 68912  97.2857  97.1600 0001391 119.1237 241.0146 15.33449181 22019

1 68913U 26097U   26262.33825352  .00012305  00000+0  38290-3 0  9995
2 68913  97.2853  96.4946 0001995  85.6335 274.5135 15.33440094 21918

1 68914U 26097V   26262.78689407  .00045631  00000+0  14067-2 0  9997
2 68914  97.2860  96.9571 0001055  84.6946 275.4417 15.33457714 21987

1 68915U 26097W   26262.96090190  .00013290  00000+0  41304-3 0  9994
2 68915  97.2845  97.1807 0003123  87.2726 272.8874 15.33457325 22010

1 68916U 26097X   26262.31650264  .00015365  00000+0  47713-3 0  9993
2 68916  97.2848  96.5274 0001689  84.1982 275.9453 15.33456038 21915

1 68917U 26097Y   26261.79173894  .00021173  00000+0  65601-3 0  9994
2 68917  97.2847  96.0134 0002869  95.5490 264.6080 15.33457671 21832

1 68918U 26097Z   26262.76241185  .00016229  00000+0  50378-3 0  9993
2 68918  97.2851  96.9863 0002240  98.5172 261.6324 15.33453548 21982

1 68951U 26099A   26263.19367847  .00013720  00000+0  41636-3 0  9994
2 68951  53.1597  77.4870 0001408  82.9617 277.1546 15.34408186 21858

1 68952U 26099B   26263.19157314  .00006206  00000+0  19471-3 0  9994
2 68952  53.1578  77.4924 0001207  89.8913 270.2228 15.34391475 21853

1 68953U 26099C   26263.18947149  .00011437  00000+0  34910-3 0  9994
2 68953  53.1571  77.4816 0001068 101.0545 259.0578 15.34399766 21854

1 68954U 26099D   26263.05498627  .00026609  00000+0  79667-3 0  9998
2 68954  53.1573  78.0587 0002174  43.0706 317.0466 15.34367841 21830

1 68955U 26099E   26262.92681012  .00017882  00000+0  53857-3 0  9992
2 68955  53.1593  78.6625 0001148  84.3294 275.7840 15.34431062 21813

1 68956U 26099F   26263.05288355  .00015985  00000+0  48304-3 0  9994
2 68956  53.1565  78.0276 0001045  74.2367 285.8751 15.34411969 21833

1 68957U 26099G   26263.11593602  .00014835  00000+0  44954-3 0  9996
2 68957  53.1576  77.7277 0001679 108.6618 251.4567 15.34385028 21848

1 68958U 26099H   26263.17894691  .00020209  00000+0  60734-3 0  9991
2 68958  53.1573  77.3927 0001226  83.6893 276.4249 15.34414927 21855

1 68959U 26099J   26262.98143508  .00020872  00000+0  62778-3 0  9990
2 68959  53.1554  78.3111 0000746  44.8841 315.2222 15.34367994 21820

1 68960U 26099K   26262.84906412  .00014837  00000+0  44933-3 0  9995
2 68960  53.1589  78.9105 0001422 103.0882 257.0280 15.34404773 21806

1 68961U 26099L   26263.10750575  .00018323  00000+0  55229-3 0  9997
2 68961  53.1580  77.6760 0001727  49.7167 310.3987 15.34389185 21841

1 68962U 26099M   26262.90998837  .00017671  00000+0  53269-3 0  9997
2 68962  53.1587  78.5564 0000935  79.8717 280.2391 15.34412247 21813

1 68963U 26099N   26262.90788264  .00019734  00000+0  59369-3 0  9998
2 68963  53.1578  78.5438 0001165  85.4615 274.6521 15.34397744 21816

1 68964U 26099P   26262.97091519  .00013776  00000+0  41803-3 0  9990
2 68964  53.1585  78.2214 0000819 119.4037 240.7047 15.34404918 21825

1 68965U 26099Q   26263.03396692  .00018444  00000+0  55589-3 0  9992
2 68965  53.1582  77.9025 0000832 114.9423 245.1666 15.34386900 21830

1 68966U 26099R   26263.03184595  .00015380  00000+0  46535-3 0  9997
2 68966  53.1590  77.9007 0000946  78.7183 281.3926 15.34401548 21833

1 68967U 26099S   26262.83433352  .00026148  00000+0  78215-3 0  9997
2 68967  53.1589  78.7851 0001010  71.0245 289.0867 15.34406367 21806

1 68968U 26099T   26263.09277138  .00016000  00000+0  48365-3 0  9994
2 68968  53.1589  77.5602 0000599 108.7047 251.4020 15.34400269 21840

1 68969U 26099U   26262.89525867  .00016832  00000+0  50810-3 0  9998
2 68969  53.1592  78.4527 0000917  73.8863 286.2241 15.34405078 21814

1 68970U 26099V   26262.95829227  .00008710  00000+0  26864-3 0  9992
2 68970  53.1594  78.1470 0001086  85.5630 274.5496 15.34397535 21823

1 68971U 26099W   26262.95618853  .00010586  00000+0  32401-3 0  9992
2 68971  53.1615  78.1396 0001060  73.4775 286.6344 15.34398567 21825

1 68972U 26099X   26262.82382002  .00022745  00000+0  68219-3 0  9999
2 68972  53.1596  78.7385 0000505 102.0956 258.0103 15.34402762 21808

1 68973U 26099Y   26262.80490234  .00017060  00000+0  51514-3 0  9999
2 68973  53.1538  78.6282 0001998  77.3351 282.7874 15.34385154 21804

1 68974U 26099Z   26262.82173094  .00017398  00000+0  52483-3 0  9994
2 68974  53.1586  78.7208 0001302 111.0408 249.0734 15.34400883 21803

1 68975U 26099AA  26262.81960782  .00026293  00000+0  78662-3 0  9993
2 68975  53.1597  78.7017 0001033  65.8619 294.2492 15.34399146 21807

1 68976U 26099AB  26263.01290591  .00013502  00000+0  40998-3 0  9991
2 68976  53.1590  77.7704 0001150 100.8267 259.2865 15.34403179 21832

1 68977U 26099AC  26262.88053102  .00014345  00000+0  43492-3 0  9999
2 68977  53.1586  78.3590 0001312  94.7946 265.3206 15.34398018 21813

1 68978U 26099AD  26262.87842694  .00023702  00000+0  70999-3 0  9990
2 68978  53.1598  78.3516 0001321  80.8662 279.2490 15.34418649 21818

1 68979U 26099AE  26262.87632514  .00014214  00000+0  43109-3 0  9990
2 68979  53.1587  78.3447 0001523  99.1565 260.9610 15.34395701 21813

1 69025U 26101A   26263.03415221  .00010665  00000+0  33242-3 0  9993
2 69025  97.2837 116.4678 0001787  89.6798 270.4650 15.33424674 21100

1 69026U 26101B   26263.06675979  .00009441  00000+0  29436-3 0  9995
2 69026  97.2839 116.5751 0001594  97.1714 262.9710 15.33449382 21111

1 69027U 26101C   26262.03898899  .00015833  00000+0  49151-3 0  9998
2 69027  97.2871 115.5204 0001160  84.8250 275.3125 15.33458929 20953

1 69028U 26101D   26262.39789357  .00007845  00000+0  24510-3 0  9992
2 69028  97.2849 115.9557 0001571  95.9805 264.1617 15.33442089 21019

1 69029U 26101E   26263.02597786  .00018367  00000+0  56964-3 0  9996
2 69029  97.2846 116.4794 0001701  83.7401 276.4035 15.33457049 21100

1 69030U 26101F   26262.87915404  .00020793  00000+0  64435-3 0  9999
2 69030  97.2864 116.3727 0002693  87.8736 272.2815 15.33456680 21081

1 69031U 26101G   26262.01452770  .00011447  00000+0  35615-3 0  9992
2 69031  97.2857 115.5581 0001321  68.2009 291.9374 15.33464440 20952

1 69032U 26101H   26263.04229078  .00012686  00000+0  39462-3 0  9990
2 69032  97.2839 116.6077 0001684  96.1315 264.0120 15.33444973 21115

1 69033U 26101J   26262.03629023  .00022290  00000+0  69073-3 0  9996
2 69033  97.2852 115.5266 0001552 111.4330 248.7079 15.33443839 20954

1 69034U 26101K   26263.02326000  .00010619  00000+0  33077-3 0  9993
2 69034  97.2843 116.4826 0001857  86.9884 273.1571 15.33444540 21102

1 69035U 26101L   26262.06890616  .00011759  00000+0  36604-3 0  9991
2 69035  97.2851 115.6355 0002139 100.4659 259.6825 15.33438486 20962

1 69036U 26101M   26263.06404492  .00011820  00000+0  36783-3 0  9993
2 69036  97.2828 116.5803 0002802  82.8635 277.2926 15.33447808 21113

1 69037U 26101N   26262.33807895  .00013978  00000+0  43455-3 0  9997
2 69037  97.2851 115.8834 0001903  93.5111 266.6349 15.33441164 21003

1 69038U 26101P   26263.03685469  .00012896  00000+0  40110-3 0  9990
2 69038  97.2823 116.6135 0001645  88.4608 271.6823 15.33444180 21119

1 69039U 26101Q   26263.02869674  .00012916  00000+0  40164-3 0  9994
2 69039  97.2856 116.4737 0002256  96.0661 264.0838 15.33449335 21103

1 69040U 26101R   26263.03141794  .00014375  00000+0  44665-3 0  9994
2 69040  97.2845 116.4718 0002366  84.5393 275.6120 15.33450008 21109

1 69041U 26101S   26262.04171672  .00011153  00000+0  34722-3 0  9997
2 69041  97.2825 115.5214 0003673  82.0304 278.1356 15.33445053 20951

1 69042U 26101T   26262.35440273  .00010150  00000+0  31639-3 0  9998
2 69042  97.2853 115.8600 0002136  88.2608 271.8879 15.33434889 21005

1 69043U 26101U   26262.03355283  .00011952  00000+0  37185-3 0  9993
2 69043  97.2841 115.5318 0001792  89.3747 270.7701 15.33452395 20956

1 69044U 26101V   26263.06948005  .00015879  00000+0  49296-3 0  9996
2 69044  97.2846 116.5704 0001893  89.4788 270.6672 15.33455663 21116

1 69045U 26101W   26263.06130187  .00028644  00000+0  88474-3 0  9996
2 69045  97.2874 116.5846 0001717 116.9320 243.2099 15.33497140 21113

1 69046U 26101X   26263.04503080  .00015658  00000+0  48671-3 0  9997
2 69046  97.2847 116.6076 0001634  90.3262 269.8168 15.33419631 21118

1 69047U 26101Y   26263.03956719  .00018843  00000+0  58419-3 0  9998
2 69047  97.2833 116.6152 0000598  81.8182 278.3129 15.33463760 21117

1 69048U 26101Z   26261.16076294  .00005455  00000+0  17122-3 0  9993
2 69048  97.2844 114.7287 0001983  88.6769 271.4701 15.33437893 20828

1 69124U 26110A   26262.99227931  .00019216  00000+0  59585-3 0  9995
2 69124  97.2851  98.1334 0000808 122.0480 238.0841 15.33455073 20146

1 69125U 26110B   26262.98140588  .00021707  00000+0  67216-3 0  9995
2 69125  97.2856  97.9993 0000693 119.9549 240.1763 15.33473923 20133

1 69126U 26110C   26262.98956297  .00013248  00000+0  41194-3 0  9996
2 69126  97.2863  97.9929 0001078  75.8934 284.2428 15.33448154 20132

1 69127U 26110D   26262.79107922  .00014916  00000+0  46317-3 0  9994
2 69127  97.2852  97.8008 0002613  91.4089 268.7453 15.33461793 20105

1 69128U 26110E   26262.33157234  .00014882  00000+0  46243-3 0  9996
2 69128  97.2858  97.3579 0001142  89.1531 270.9843 15.33443063 20032

1 69129U 26110F   26262.97871056  .00024751  00000+0  76605-3 0  9993
2 69129  97.2850  98.0009 0001360  68.7937 291.3451 15.33462315 20130

1 69130U 26110G   26260.95305159  .00016365  00000+0  50807-3 0  9995
2 69130  97.2872  96.0157 0001015  92.7674 267.3685 15.33448902 19822

1 69131U 26110H   26261.99442284  .00012245  00000+0  38092-3 0  9997
2 69131  97.2850  97.0488 0002467 103.9380 256.2138 15.33448527 19988

1 69132U 26110J   26261.79593661  .00013692  00000+0  42559-3 0  9992
2 69132  97.2870  96.8582 0002421  95.8271 264.3248 15.33448043 19953

1 69133U 26110K   26261.79321602  .00017888  00000+0  55481-3 0  9996
2 69133  97.2820  96.8609 0002704  98.0946 262.0603 15.33458161 19959

1 69134U 26110L   26262.76932600  .00015285  00000+0  47469-3 0  9997
2 69134  97.2861  97.8303 0001828  90.5859 269.5593 15.33453878 20102

1 69135U 26110M   26262.96237508  .00016802  00000+0  52139-3 0  9991
2 69135  97.2854  98.0249 0001883  31.4086 328.7269 15.33458050 20132

1 69136U 26110N   26262.76388876  .00014918  00000+0  46335-3 0  9992
2 69136  97.2852  97.8357 0001327  47.1740 312.9614 15.33454931 20102

1 69137U 26110P   26262.63065957  .00020766  00000+0  64350-3 0  9996
2 69137  97.2871  97.7144 0000719  35.8832 324.2459 15.33459783 20087

1 69138U 26110Q   26263.01947093  .00022997  00000+0  71214-3 0  9995
2 69138  97.2839  98.0996 0001065  73.3662 286.7698 15.33460482 20146

1 69139U 26110R   26262.29893892  .00014004  00000+0  43505-3 0  9994
2 69139  97.2879  97.3947 0000654 108.8618 251.2696 15.33463603 20038

1 69140U 26110S   26261.96994585  .00013428  00000+0  41735-3 0  9992
2 69140  97.2868  97.0811 0003835 120.2946 239.8676 15.33452283 19985

1 69141U 26110T   26262.61976821  .00011113  00000+0  34569-3 0  9995
2 69141  97.2877  97.7321 0003293 117.4160 242.7418 15.33472660 20084

1 69142U 26110U   26261.11619123  .00007894  00000+0  24661-3 0  9992
2 69142  97.2853  96.2522 0001426 104.4483 255.6918 15.33440618 19855

1 69143U 26110V   26263.00587678  .00014049  00000+0  43647-3 0  9997
2 69143  97.2827  98.1257 0000979 103.3537 256.7815 15.33460352 20142

1 69144U 26110W   26261.11075446  .00008552  00000+0  26697-3 0  9991
2 69144  97.2853  96.2614 0001704  94.0881 266.0556 15.33440707 19857

1 69145U 26110X   26263.00044116  .00017078  00000+0  52998-3 0  9998
2 69145  97.2840  98.1284 0001655  90.9629 269.1803 15.33453314 20149

1 69146U 26110Y   26262.99770128  .00012773  00000+0  39697-3 0  9993
2 69146  97.2827  98.1368 0000910 129.3833 230.7490 15.33472302 20149

1 69147U 26110Z   26262.99499946  .00006433  00000+0  20139-3 0  9997
2 69147  97.2870  98.1338 0001681  90.8951 269.2485 15.33449848 20144

1 69148U 26111A   26262.78167064  .00025077  00000+0  75055-3 0  9991
2 69148  53.1598  68.7095 0001509  86.9258 273.1917 15.34411924 18798

1 69149U 26111B   26262.77965194  .00018577  00000+0  55956-3 0  9996
2 69149  53.1600  69.4281 0000757 207.0196 153.0767 15.34401499 18783

1 69150U 26111C   26263.16836662  .00004569  00000+0  14629-3 0  9997
2 69150  53.1589  67.5925 0000847  83.4737 276.6362 15.34397493 18840

1 69151U 26111D   26263.03598097  .00012012  00000+0  36652-3 0  9993
2 69151  53.1579  68.1800 0003999  18.2565 341.8581 15.34359487 18822

1 69152U 26111E   26262.90361324  .00012707  00000+0  38647-3 0  9997
2 69152  53.1588  68.7603 0001125  89.2509 270.8622 15.34408976 18808

1 69153U 26111F   26263.03180106  .00020649  00000+0  62028-3 0  9994
2 69153  53.1520  68.1673 0002358 163.0379 197.0703 15.34414060 18824

1 69154U 26111G   26263.15784992  .00014733  00000+0  44625-3 0  9991
2 69154  53.1583  67.5348 0001237  75.9048 284.2092 15.34405213 18847

1 69155U 26111H   26263.15994890  .00005550  00000+0  17518-3 0  9990
2 69155  53.1579  67.5153 0000239 132.8669 227.2353 15.34412021 18842

1 69156U 26111J   26262.83005981  .00014278  00000+0  43281-3 0  9992
2 69156  53.1603  69.0086 0001014 100.5490 259.5627 15.34407441 18795

1 69157U 26111K   26263.15363961  .00013800  00000+0  41879-3 0  9995
2 69157  53.1575  67.4710 0001176  78.4514 281.6621 15.34401184 18843

1 69158U 26111L   26262.95614207  .00003391  00000+0  11157-3 0  9995
2 69158  53.1570  68.3704 0001481 338.3678  21.7262 15.34370687 18814

1 69159U 26111M   26263.01916190  .00010653  00000+0  32577-3 0  9998
2 69159  53.1580  68.0832 0000926  81.2556 278.8551 15.34418868 18828

1 69160U 26111N   26263.01706729  .00022767  00000+0  68336-3 0  9996
2 69160  53.1570  68.0392 0000917  90.3940 269.7168 15.34379087 18820

1 69161U 26111P   26262.94981508  .00019511  00000+0  58726-3 0  9993
2 69161  53.1558  68.3337 0000763  75.4702 284.6385 15.34390549 18810

1 69162U 26111Q   26262.81744515  .00015418  00000+0  46643-3 0  9992
2 69162  53.1579  68.9402 0002798  17.8001 342.3099 15.34403531 18792

1 69163U 26111R   26263.01074002  .00021705  00000+0  65184-3 0  9990
2 69163  53.1578  68.0028 0000857  84.6178 275.4923 15.34391028 18821

1 69164U 26111S   26262.81324472  .00030396  00000+0  90727-3 0  9994
2 69164  53.1585  68.9128 0001026  83.4238 276.6881 15.34393914 18791

1 69165U 26111T   26263.00653521  .00022019  00000+0  66086-3 0  9991
2 69165  53.1583  67.9862 0000870  96.2846 263.8256 15.34402473 18826

1 69166U 26111U   26262.93929111  .00022189  00000+0  66572-3 0  9992
2 69166  53.1586  68.2725 0001146  87.9433 272.1701 15.34408850 18810

1 69167U 26111V   26263.00232623  .00013350  00000+0  40552-3 0  9997
2 69167  53.1593  67.9480 0000941  79.2455 280.8653 15.34400903 18827

1 69168U 26111W   26262.80481958  .00020505  00000+0  61637-3 0  9999
2 69168  53.1590  68.8829 0001156  81.5281 278.5853 15.34399241 18798

1 69169U 26111X   26263.12838602  .00009810  00000+0  30085-3 0  9997
2 69169  53.1588  67.3201 0000737 205.1801 154.9166 15.34424060 18848

1 69170U 26111Y   26262.80060523  .00024117  00000+0  72237-3 0  9994
2 69170  53.1592  68.8222 0001106  95.5766 264.5363 15.34410265 18799

1 69171U 26111Z   26262.98549134  .00014696  00000+0  44517-3 0  9995
2 69171  53.1580  67.8430 0001175 101.3531 258.7603 15.34405388 18825

1 69172U 26111AA  26263.17879529  .00014906  00000+0  45140-3 0  9999
2 69172  53.1593  66.9249 0000797  85.9085 274.2008 15.34400492 18854

1 69173U 26111AB  26263.05905681  .00016452  00000+0  49702-3 0  9992
2 69173  53.1590  67.6195 0001493 123.2683 236.8463 15.34398139 18835

1 69174U 26111AC  26262.99180531  .00015387  00000+0  46552-3 0  9990
2 69174  53.1591  67.8899 0001430  94.0134 266.1032 15.34405253 18820

1 69175U 26111AD  26263.18512286  .00021076  00000+0  63338-3 0  9992
2 69175  53.1592  66.9818 0000955 235.9156 124.1756 15.34388276 18858

1 69176U 26111AE  26263.18299392  .00010057  00000+0  30832-3 0  9993
2 69176  53.1596  66.9423 0001181 243.1212 116.9670 15.34405018 18859

1 69182U 26114A   26262.99327818  .00019650  00000+0  59105-3 0  9998
2 69182  53.1578 116.4338 0001708  98.0177 262.1019 15.34406940 19367

1 69183U 26114B   26262.92603970  .00015604  00000+0  47210-3 0  9997
2 69183  53.1590 116.7302 0001850  68.3632 291.7567 15.34392658 19355

1 69184U 26114C   26262.92393442  .00011486  00000+0  35052-3 0  9993
2 69184  53.1576 116.7225 0000950  78.8387 281.2722 15.34401623 19357

1 69185U 26114D   26262.85669436  .00020330  00000+0  61097-3 0  9991
2 69185  53.1594 117.0132 0002505  73.3468 286.7809 15.34411539 19349

1 69186U 26114E   26262.98486184  .00015750  00000+0  47629-3 0  9998
2 69186  53.1588 116.3895 0001269  90.3542 269.7606 15.34399427 19368

1 69187U 26114F   26262.98275603  .00009691  00000+0  29759-3 0  9992
2 69187  53.1580 116.3742 0000755 152.7623 207.3419 15.34397559 19368

1 69188U 26114G   26262.98065461  .00016106  00000+0  48677-3 0  9991
2 69188  53.1561 116.3553 0001550  85.5504 274.5676 15.34401436 19364

1 69189U 26114H   26262.97856590  .00013748  00000+0  41718-3 0  9990
2 69189  53.1581 116.3382 0001282  88.6958 271.4191 15.34407792 19365

1 69190U 26114J   26262.97434029  .00009201  00000+0  28307-3 0  9999
2 69190  53.1574 116.3103 0001375  85.2422 274.8737 15.34404360 19363

1 69191U 26114K   26262.97644554  .00023160  00000+0  69432-3 0  9990
2 69191  53.1562 116.3192 0001441  63.7930 296.3221 15.34406906 19363

1 69192U 26114L   26263.03738328  .00025020  00000+0  74853-3 0  9992
2 69192  53.1573 115.9926 0002389  39.8075 320.3103 15.34426339 19372

1 69193U 26114M   26263.03526905  .00015288  00000+0  46259-3 0  9993
2 69193  53.1572 115.9797 0001520  86.1570 273.9607 15.34406529 19370

1 69194U 26114N   26263.03316469  .00015675  00000+0  47369-3 0  9999
2 69194  53.1561 115.9633 0001069  82.9313 277.1811 15.34426704 19375

1 69195U 26114P   26263.02895062  .00013439  00000+0  40798-3 0  9995
2 69195  53.1564 115.9372 0001048  83.8861 276.2261 15.34413306 19377

1 69196U 26114Q   26263.03105787  .00011265  00000+0  34391-3 0  9992
2 69196  53.1570 115.9459 0001146  84.0369 276.0764 15.34410372 19372

1 69197U 26114R   26263.02684931  .00012772  00000+0  38865-3 0  9999
2 69197  53.1564 115.9182 0001117  83.3757 276.7372 15.34388461 19375

1 69198U 26114S   26263.02474816  .00008844  00000+0  27257-3 0  9997
2 69198  53.1573 115.9048 0001423  93.3550 266.7616 15.34400496 19372

1 69199U 26114T   26262.30615630  .00012205  00000+0  37175-3 0  9995
2 69199  53.1572 119.2578 0001131  91.5931 268.5201 15.34401027 19265

1 69200U 26114U   26263.02054170  .00005778  00000+0  18203-3 0  9992
2 69200  53.1582 115.8941 0001213  78.8763 281.2376 15.34398015 19376

1 69201U 26114V   26262.88816514  .00024196  00000+0  72468-3 0  9992
2 69201  53.1570 116.4877 0001127  94.9138 265.1993 15.34410451 19351

1 69202U 26114W   26262.95119072  .00011441  00000+0  34918-3 0  9993
2 69202  53.1569 116.1468 0001031  90.1995 269.9125 15.34404255 19361

1 69203U 26114X   26262.88397095  .00020921  00000+0  62881-3 0  9992
2 69203  53.1577 116.4452 0002614  90.3107 269.8195 15.34388583 19352

1 69204U 26114Y   26262.10022258  .00014622  00000+0  44301-3 0  9992
2 69204  53.1552 120.1010 0001387  93.9610 266.1551 15.34403247 19230

1 69205U 26114Z   26263.00581252  .00017425  00000+0  52560-3 0  9997
2 69205  53.1585 115.7873 0001420  46.1204 313.9916 15.34403630 19378

1 69206U 26114AA  26262.94277594  .00013139  00000+0  39923-3 0  9997
2 69206  53.1571 116.0970 0000526 112.2098 247.8960 15.34405004 19368

1 69207U 26114AB  26262.94489046  .00015033  00000+0  45508-3 0  9996
2 69207  53.1581 116.1226 0003915  15.3248 344.7872 15.34402795 19363

1 69208U 26114AC  26263.19912171  .00017159  00000+0  51840-3 0  9992
2 69208  53.1587 114.8607 0001332  85.3703 274.7452 15.34364618 19415

1 69209U 26114AD  26263.00160075  .00017379  00000+0  52428-3 0  9998
2 69209  53.1575 115.7487 0000846 114.6255 245.4836 15.34400189 19376

1 69210U 26114AE  26262.99951093  .00014098  00000+0  42740-3 0  9996
2 69210  53.1583 115.7346 0000979  97.5340 262.5774 15.34415038 19372

1 69211U 26115A   26263.03211547  .00017488  00000+0  54253-3 0  9995
2 69211  97.2834 279.2029 0002021  89.2217 270.9257 15.33457779 19226

1 69212U 26115B   26263.02668515  .00023170  00000+0  71792-3 0  9998
2 69212  97.2840 279.0604 0001980  84.9718 275.1750 15.33439336 19215

1 69213U 26115C   26263.02939904  .00009860  00000+0  30733-3 0  9992
2 69213  97.2850 279.0605 0000653  86.3040 273.8278 15.33445944 19210

1 69214U 26115D   26263.08649486  .00013928  00000+0  43281-3 0  9994
2 69214  97.2818 279.1304 0001955  90.9089 269.2377 15.33454026 19223

1 69215U 26115E   26263.08377600  .00005617  00000+0  17617-3 0  9991
2 69215  97.2835 279.1320 0001336  97.3745 262.7649 15.33445382 19229

1 69216U 26115F   26263.01579950  .00002457  00000+0  78419-4 0  9994
2 69216  97.2836 279.0781 0001785  97.8626 262.2819 15.33433890 19216

1 69217U 26115G   26262.49103932  .00014858  00000+0  46154-3 0  9997
2 69217  97.2817 278.5644 0001048  99.7284 260.4078 15.33451949 19134

1 69218U 26115H   26263.01036399  .00014644  00000+0  45485-3 0  9998
2 69218  97.2810 279.0848 0002193  96.7288 263.4204 15.33457929 19210

1 69219U 26115J   26263.00492572  .00017192  00000+0  53352-3 0  9990
2 69219  97.2839 279.0934 0001583  93.8946 266.2477 15.33451146 19217

1 69220U 26115K   26263.00764464  .00017321  00000+0  53751-3 0  9991
2 69220  97.2835 279.0899 0001592  98.8926 261.2497 15.33450538 19219

1 69221U 26115L   26262.93695279  .00007354  00000+0  22987-3 0  9992
2 69221  97.2840 279.0324 0001718 105.7212 254.4220 15.33446693 19209

1 69222U 26115M   26262.99949597  .00011950  00000+0  37184-3 0  9996
2 69222  97.2829 279.0999 0001715  95.7833 264.3606 15.33448496 19211

1 69223U 26115N   26262.27895890  .00016998  00000+0  52743-3 0  9999
2 69223  97.2802 278.3949 0002429 142.0331 218.1084 15.33457847 19107

1 69224U 26115P   26262.79827971  .00013582  00000+0  42202-3 0  9997
2 69224  97.2854 278.9138 0000965  86.3591 273.7762 15.33464638 19197

1 69225U 26115Q   26262.46928895  .00012830  00000+0  39893-3 0  9996
2 69225  97.2816 278.5948 0001396 110.3313 249.8080 15.33454283 19136

1 69226U 26115R   26262.98860632  .00022230  00000+0  68839-3 0  9995
2 69226  97.2839 279.1161 0002256  91.5568 268.5933 15.33466082 19218

1 69227U 26115S   26263.11368796  .00018886  00000+0  58565-3 0  9993
2 69227  97.2838 279.2511 0001241  58.5232 301.6132 15.33456488 19233

1 69228U 26115T   26262.98045524  .00017048  00000+0  52905-3 0  9990
2 69228  97.2840 279.1253 0000387 109.0268 251.1017 15.33454142 19214

1 69229U 26115U   26262.98590097  .00023610  00000+0  73077-3 0  9996
2 69229  97.2843 279.1168 0000268 346.8132  13.3104 15.33471530 19217

1 69230U 26115V   26262.97773867  .00018906  00000+0  58625-3 0  9999
2 69230  97.2842 279.1299 0000955  73.6225 286.5123 15.33456541 19214

1 69231U 26115W   26263.03754187  .00036904  00000+0  11372-2 0  9997
2 69231  97.2832 279.1989 0001760  81.7759 278.3683 15.33519691 19224

1 69232U 26115X   26262.96957944  .00014914  00000+0  46326-3 0  9990
2 69232  97.2848 279.1438 0000996 105.1537 254.9815 15.33453878 19216

1 69233U 26115Y   26262.97501684  .00017381  00000+0  53925-3 0  9992
2 69233  97.2847 279.1338 0001074 103.6162 256.5200 15.33457201 19210

1 69234U 26115Z   26263.03087520  .00010872  00000+0  33851-3 0  9993
2 69234  97.2845 279.9688 0001764  85.4897 274.6547 15.33451874 19274

1 69238U 26117A   26262.44671514  .00007661  00000+0  23769-3 0  9994
2 69238  53.1573 158.7956 0000916  67.1458 292.9641 15.34393285 17501

1 69239U 26117B   26262.44250709  .00011006  00000+0  33636-3 0  9996
2 69239  53.1601 158.7589 0000765 118.1924 241.9156 15.34402059 17508

1 69240U 26117C   26262.44040380  .00011779  00000+0  35914-3 0  9998
2 69240  53.1580 158.7488 0000888  93.9546 266.1558 15.34403705 17504

1 69241U 26117D   26262.95939110  .00014334  00000+0  43456-3 0  9993
2 69241  53.1588 156.2980 0001593  80.7396 279.3787 15.34399145 17584

1 69242U 26117E   26263.08755750  .00018023  00000+0  54319-3 0  9994
2 69242  53.1575 155.6748 0001344  88.5965 271.5192 15.34405311 17608

1 69243U 26117F   26263.08547360  .00013744  00000+0  41774-3 0  9997
2 69243  53.1573 155.6680 0001141 104.7203 255.3926 15.34356571 17601

1 69244U 26117G   26262.95307833  .00018658  00000+0  56191-3 0  9990
2 69244  53.1574 156.2581 0001441  85.7389 274.3778 15.34403145 17589

1 69245U 26117H   26262.95097625  .00008623  00000+0  26604-3 0  9993
2 69245  53.1582 156.2459 0001786  53.6141 306.5026 15.34403083 17580

1 69246U 26117J   26262.16724057  .00027038  00000+0  80822-3 0  9996
2 69246  53.1579 159.8848 0001207  89.3554 270.7587 15.34410114 17464

1 69247U 26117K   26262.94676661  .00008991  00000+0  27689-3 0  9999
2 69247  53.1579 156.2247 0001456  71.3403 288.7757 15.34404257 17581

1 69248U 26117L   26262.94465727  .00021330  00000+0  64085-3 0  9992
2 69248  53.1563 156.2007 0001636  99.8175 260.3012 15.34388542 17588

1 69249U 26117M   26263.07282935  .00019848  00000+0  59678-3 0  9999
2 69249  53.1547 155.5886 0001593  97.6284 262.4899 15.34411260 17600

1 69250U 26117N   26263.00558838  .00023570  00000+0  70631-3 0  9991
2 69250  53.1555 155.8719 0001262  76.6790 283.4354 15.34410188 17596

1 69251U 26117P   26263.00348316  .00012847  00000+0  39068-3 0  9994
2 69251  53.1588 155.8618 0000898  82.4924 277.6180 15.34402234 17594

1 69252U 26117Q   26263.00138135  .00016342  00000+0  49365-3 0  9996
2 69252  53.1596 155.8561 0001626  81.7264 278.3923 15.34406595 17597

1 69253U 26117R   26262.21764255  .00017507  00000+0  52789-3 0  9995
2 69253  53.1563 159.4729 0001197  87.5817 272.5322 15.34410270 17470

1 69254U 26117S   26262.99717252  .00023574  00000+0  70631-3 0  9993
2 69254  53.1556 155.8068 0001277  91.4696 268.6452 15.34414434 17596

1 69255U 26117T   26262.99506198  .00021701  00000+0  65110-3 0  9995
2 69255  53.1574 155.7926 0002419  97.7202 262.4075 15.34421069 17595

1 69256U 26117U   26263.18837302  .00015953  00000+0  48236-3 0  9994
2 69256  53.1568 154.8639 0000910  83.8433 276.2673 15.34395633 17624

1 69257U 26117V   26262.14408949  .00016019  00000+0  48408-3 0  9996
2 69257  53.1565 159.7272 0001107  97.0466 263.0663 15.34409346 17463

1 69258U 26117W   26262.98674367  .00016546  00000+0  49977-3 0  9995
2 69258  53.1572 156.4681 0000941  62.4232 297.6866 15.34398325 17587

1 69259U 26117X   26263.11490832  .00017418  00000+0  52530-3 0  9993
2 69259  53.1579 155.8465 0001045  62.7086 297.4023 15.34408546 17607

1 69260U 26117Y   26262.19879513  .00017929  00000+0  54023-3 0  9995
2 69260  53.1566 160.0920 0001143  98.9833 261.1299 15.34415453 17461

1 69261U 26117Z   26262.97622145  .00019816  00000+0  59606-3 0  9998
2 69261  53.1581 156.4020 0001139  87.2581 272.8552 15.34400059 17574

1 69262U 26117AA  26262.97409674  .00018664  00000+0  56138-3 0  9996
2 69262  53.1581 156.3829 0001677  89.3809 270.7385 15.34442178 17584

1 69263U 26117AB  26262.19038406  .00015499  00000+0  46893-3 0  9992
2 69263  53.1570 160.0267 0001476  87.4984 272.6187 15.34397524 17463

1 69264U 26117AC  26262.96990839  .00019921  00000+0  59912-3 0  9995
2 69264  53.1586 156.3537 0000354  75.3690 284.7352 15.34401887 17582

1 69265U 26117AD  26262.96571056  .00016836  00000+0  50823-3 0  9996
2 69265  53.1583 156.3185 0001022  82.6261 277.4858 15.34403396 17584

1 69266U 26117AE  26263.11902498  .00028646  00000+0  85544-3 0  9993
2 69266  53.1561 155.1375 0000886  86.9468 273.1636 15.34409533 17612

1 69296U 26119A   26263.00578890  .00011685  00000+0  36362-3 0  9990
2 69296  97.2839 287.6870 0001200  89.5546 270.5834 15.33453543 18587

1 69297U 26119B   26263.00850769  .00016535  00000+0  51317-3 0  9995
2 69297  97.2832 287.8352 0001186  92.5094 267.6285 15.33457343 18593

1 69298U 26119C   26262.80458429  .00019651  00000+0  60892-3 0  9990
2 69298  97.2832 287.5049 0000372 214.0431 146.0787 15.33472200 18558

1 69299U 26119D   26262.93780545  .00013887  00000+0  43190-3 0  9999
2 69299  97.2832 287.6256 0000987  85.6039 274.5316 15.33429451 18575

1 69300U 26119E   26262.80186378  .00019807  00000+0  61400-3 0  9994
2 69300  97.2835 287.5064 0000584 129.7376 230.3919 15.33458679 18555

1 69301U 26119F   26263.06017963  .00019142  00000+0  59361-3 0  9992
2 69301  97.2830 287.7650 0000255 126.4070 233.7196 15.33452896 18597

1 69302U 26119G   26263.05744801  .00007183  00000+0  22459-3 0  9990
2 69302  97.2833 287.7683 0001176 110.8187 249.3182 15.33449260 18595

1 69303U 26119H   26263.05474442  .00011675  00000+0  36340-3 0  9997
2 69303  97.2843 287.7717 0001216  91.3960 268.7422 15.33444127 18591

1 69304U 26119J   26263.05201044  .00009572  00000+0  29839-3 0  9992
2 69304  97.2849 287.7764 0000681 115.7950 244.3363 15.33450035 18594

1 69305U 26119K   26261.87470343  .00011136  00000+0  34686-3 0  9996
2 69305  97.2837 286.6256 0001123  86.9495 273.1876 15.33435396 18414

1 69306U 26119L   26263.04657370  .00011786  00000+0  36665-3 0  9995
2 69306  97.2860 287.7847 0001846 111.5947 248.5493 15.33460632 18599

1 69307U 26119M   26263.04385735  .00021881  00000+0  67834-3 0  9998
2 69307  97.2841 287.7878 0000537  99.8301 260.3003 15.33435395 18598

1 69308U 26119N   26262.51909253  .00011011  00000+0  34280-3 0  9990
2 69308  97.2844 287.2767 0000466  46.4177 313.7105 15.33455268 18513

1 69309U 26119P   26262.51635384  .00017208  00000+0  53370-3 0  9997
2 69309  97.2838 287.2801 0000937 206.6998 153.4197 15.33471609 18517

1 69310U 26119Q   26261.86110406  .00016355  00000+0  50766-3 0  9997
2 69310  97.2846 286.6403 0002366  61.3537 298.7944 15.33453067 18412

1 69311U 26119R   26262.51093685  .00016836  00000+0  52258-3 0  9992
2 69311  97.2809 287.2859 0000915 101.7418 258.3927 15.33450333 18516

1 69312U 26119S   26263.03025919  .00006742  00000+0  21093-3 0  9994
2 69312  97.2834 287.8066 0001245 101.6344 258.5038 15.33449123 18593

1 69313U 26119T   26263.02754066  .00010782  00000+0  33576-3 0  9994
2 69313  97.2848 287.8077 0001491 109.2466 250.8938 15.33451958 18596

1 69314U 26119U   26262.50277792  .00012454  00000+0  38732-3 0  9990
2 69314  97.2850 287.2997 0000188  97.8801 262.2463 15.33455938 18516

1 69315U 26119V   26263.02210470  .00011299  00000+0  35160-3 0  9997
2 69315  97.2835 287.8202 0001485  96.0310 264.1102 15.33461510 18594

1 69316U 26119W   26263.01938450  .00014359  00000+0  44617-3 0  9999
2 69316  97.2836 287.8205 0001443  94.5388 265.6020 15.33451262 18599

1 69317U 26119X   26263.01666481  .00008696  00000+0  27130-3 0  9990
2 69317  97.2838 287.8239 0001286  93.4728 266.6662 15.33453099 17345

1 69318U 26119Y   26262.29612384  .00019067  00000+0  59081-3 0  9997
2 69318  97.2844 287.1218 0001608  93.5455 266.5972 15.33479007 18485

1 69319U 26119Z   26262.94596514  .00009954  00000+0  31008-3 0  9999
2 69319  97.2831 287.7687 0000752 103.7752 256.3574 15.33460475 17338

1 69329U 26122A   26262.51740655  .00002966  00000+0  94126-4 0  9991
2 69329  97.2830 291.0743 0001607 164.3658 195.7635 15.33458068 16649

1 69330U 26122B   26262.97151626  .00011693  00000+0  36415-3 0  9990
2 69330  97.2790 291.5261 0001451 100.1659 259.9748 15.33428852 16716

1 69331U 26122C   26262.51199099  .00013314  00000+0  41396-3 0  9993
2 69331  97.2839 291.0792 0001343  94.2939 265.8458 15.33448214 16649

1 69332U 26122D   26263.03131148  .00010989  00000+0  34210-3 0  9995
2 69332  97.2846 291.5992 0001089 109.2299 250.9061 15.33454654 16727

1 69333U 26122E   26263.02859185  .00012694  00000+0  39468-3 0  9998
2 69333  97.2838 291.6015 0003362 114.7155 245.4438 15.33454124 16723

1 69334U 26122F   26263.02587850 -.00008373  00000+0 -25766-3 0  9993
2 69334  97.2840 291.6058 0001962  54.5540 305.5886 15.33401743 16721

1 69335U 26122G   26263.02315618  .00016727  00000+0  51910-3 0  9995
2 69335  97.2839 291.6086 0001156  72.1400 287.9969 15.33456782 16725

1 69336U 26122H   26263.02045285  .00013931  00000+0  43281-3 0  9992
2 69336  97.2821 291.6119 0003275 109.7523 250.4073 15.33457899 16722

1 69337U 26122J   26263.01773031  .00013230  00000+0  41111-3 0  9991
2 69337  97.2840 291.6147 0001008  85.4416 274.6942 15.33466901 16725

1 69338U 26122K   26263.01501139  .00010993  00000+0  34234-3 0  9991
2 69338  97.2838 291.6183 0001164  96.8497 263.2878 15.33444824 16723

1 69339U 26122L   26263.01228067  .00011917  00000+0  37077-3 0  9993
2 69339  97.2836 291.6243 0001029  91.8559 268.2802 15.33453875 16721

1 69340U 26122M   26262.03073283  .00017611  00000+0  54644-3 0  9990
2 69340  97.2838 290.6622 0001519 101.3998 258.7416 15.33451461 16570

1 69341U 26122N   26262.94158385  .00011168  00000+0  34765-3 0  9991
2 69341  97.2848 291.5647 0001095  87.7243 272.4125 15.33453952 16711

1 69342U 26122P   26262.02529429  .00013757  00000+0  42761-3 0  9993
2 69342  97.2841 290.6718 0000758 112.1747 247.9576 15.33449543 16573

1 69343U 26122Q   26263.06667891  .00019130  00000+0  59343-3 0  9990
2 69343  97.2839 291.7056 0000597 142.8066 217.3218 15.33442787 16738

1 69344U 26122R   26263.06394196  .00019077  00000+0  59130-3 0  9990
2 69344  97.2821 291.7054 0002579  86.8048 273.3490 15.33466131 16730

1 69345U 26122S   26261.82137227  .00011360  00000+0  35366-3 0  9995
2 69345  97.2836 290.4898 0001260  96.3358 263.8029 15.33445238 16541

1 69346U 26122T   26263.05850227  .00011920  00000+0  37081-3 0  9993
2 69346  97.2855 291.7161 0000203 219.5851 140.5377 15.33459007 16730

1 69347U 26122U   26263.05578264  .00016500  00000+0  51213-3 0  9994
2 69347  97.2841 291.7166 0000102 217.1278 142.9958 15.33455214 16733

1 69348U 26122V   26262.07424379  .00014561  00000+0  45253-3 0  9995
2 69348  97.2807 290.7579 0001585 111.3179 248.8233 15.33441052 16584

1 69349U 26122W   26262.33253780  .00016118  00000+0  50053-3 0  9995
2 69349  97.2848 291.0181 0000683 106.0276 254.1042 15.33443974 16628

1 69350U 26122X   26262.32981903  .00010617  00000+0  33064-3 0  9992
2 69350  97.2806 291.0226 0001683  97.8317 262.3117 15.33453233 16621

1 69351U 26122Y   26262.52286588  .00009350  00000+0  29155-3 0  9990
2 69351  97.2820 291.2163 0001144  96.4651 263.6722 15.33447272 16653

1 69352U 26122Z   26262.32438107  .00019235  00000+0  59658-3 0  9999
2 69352  97.2848 291.0282 0001107  87.8902 272.2467 15.33446718 16629

1 69353U 26123A   26263.04964352  .00009905  00000+0  30383-3 0  9994
2 69353  53.1592 143.6354 0001267  89.2964 270.8184 15.34406548 16808

1 69354U 26123B   26262.95448807  .00009781  00000+0  29085-3 0  9995
2 69354  53.1566 145.1837 0000560  81.6165 278.4901 15.35406961 16774

1 69355U 26123C   26263.14844294  .00012560  00000+0  38213-3 0  9990
2 69355  53.1588 143.5471 0001191  83.8950 276.2188 15.34408340 16812

1 69356U 26123D   26263.11688463  .00008331  00000+0  25746-3 0  9990
2 69356  53.1588 143.3498 0001186  96.2661 263.8477 15.34396577 16812

1 69357U 26123E   26263.10425913  .00019025  00000+0  57266-3 0  9993
2 69357  53.1574 143.2578 0001122  80.5778 279.5351 15.34405989 16814

1 69358U 26123F   26262.96145714  .00015634  00000+0  47278-3 0  9999
2 69358  53.1603 144.5237 0001129  63.4140 296.6978 15.34407151 16788

1 69359U 26123G   26263.15265500  .00013692  00000+0  41555-3 0  9992
2 69359  53.1582 143.5828 0001119  83.7889 276.3240 15.34406685 16816

1 69360U 26123H   26263.06226477  .00014173  00000+0  42972-3 0  9993
2 69360  53.1588 143.7083 0001149  99.2429 260.8703 15.34406087 16801

1 69361U 26123J   26263.11267647  .00020517  00000+0  61652-3 0  9999
2 69361  53.1576 143.3203 0001357  90.5343 269.5815 15.34409207 16817

1 69362U 26123K   26262.96355767  .00013569  00000+0  41205-3 0  9994
2 69362  53.1562 144.5074 0001171  92.4959 267.6178 15.34395822 16784

1 69363U 26123L   26262.94462128  .00016812  00000+0  50781-3 0  9996
2 69363  53.1593 144.4140 0001321  84.2544 275.8609 15.34385423 16784

1 69364U 26123M   26262.24916238  .00027406  00000+0  81885-3 0  9996
2 69364  53.1555 147.8803 0000840  99.8587 260.2510 15.34416282 16675

1 69365U 26123N   26262.92357891  .00008545  00000+0  26372-3 0  9999
2 69365  53.1608 144.2563 0001522  78.5921 281.5253 15.34402361 16788

1 69366U 26123P   26263.00765185  .00024328  00000+0  72869-3 0  9998
2 69366  53.1594 144.0679 0001572  68.9547 291.1623 15.34405313 16790

1 69367U 26123Q   26262.95934597  .00013407  00000+0  40719-3 0  9992
2 69367  53.1600 144.4934 0000542 148.8385 211.2650 15.34402091 16783

1 69368U 26123R   26262.99502475  .00025326  00000+0  75769-3 0  9999
2 69368  53.1587 143.9812 0000762  51.3922 308.7149 15.34419889 16795

1 69369U 26123S   26263.06647500  .00023880  00000+0  71559-3 0  9994
2 69369  53.1591 143.7258 0001293  98.3294 261.7855 15.34401692 16803

1 69370U 26123T   26263.19464319  .00015873  00000+0  47980-3 0  9999
2 69370  53.1594 143.1175 0001212  86.2491 273.8651 15.34407996 16829

1 69371U 26123U   26263.07910075  .00016762  00000+0  50582-3 0  9992
2 69371  53.1580 143.8046 0001058  96.6425 263.4698 15.34418426 16803

1 69372U 26123V   26262.92568294  .00020314  00000+0  61059-3 0  9997
2 69372  53.1598 144.2644 0001372  77.8811 282.2345 15.34406618 16786

1 69373U 26123W   26263.10634360  .00025903  00000+0  77417-3 0  9991
2 69373  53.1588 143.2269 0001564 112.8726 247.2441 15.34438522 16817

1 69374U 26123X   26262.95092934  .00020656  00000+0  62090-3 0  9990
2 69374  53.1570 144.3973 0001282  82.8458 277.2691 15.34394945 16784

1 69375U 26123Y   26263.16527363  .00014049  00000+0  42606-3 0  9994
2 69375  53.1576 143.6304 0001420  92.1754 267.9411 15.34407403 16812

1 69376U 26123Z   26262.94040801  .00014650  00000+0  44390-3 0  9997
2 69376  53.1593 144.3590 0000886 128.6525 231.4557 15.34397558 16785

1 69377U 26123AA  26262.94726678  .00021235  00000+0  61764-3 0  9992
2 69377  53.1588 144.3960 0000998  88.1696 271.9421 15.35415042 16783

1 69378U 26123AB  26262.18612870  .00039368  00000+0  11703-2 0  9990
2 69378  53.1554 148.1961 0000678 185.2233 174.8763 15.34395951 16663

1 69379U 26123AC  26262.23022705  .00018053  00000+0  54401-3 0  9990
2 69379  53.1565 147.7421 0001064 102.3791 257.7331 15.34407455 16677

1 69380U 26123AD  26262.95513802  .00016895  00000+0  50993-3 0  9998
2 69380  53.1575 144.4377 0000472  68.4206 291.6847 15.34406113 16780

1 69381U 26123AE  26263.13371208  .00017896  00000+0  53935-3 0  9993
2 69381  53.1578 143.4131 0001468  80.2102 279.9066 15.34410987 16814

1 69420U 26126A   26262.37281167  .00012049  00000+0  37494-3 0  9996
2 69420  97.2861 123.6526 0002416  91.6232 268.5287 15.33443408 17356

1 69421U 26126B   26262.07916066  .00011780  00000+0  36660-3 0  9992
2 69421  97.2848 123.2882 0001722  88.6620 271.4820 15.33447236 17303

1 69422U 26126C   26261.12208314  .00010038  00000+0  31286-3 0  9992
2 69422  97.2847 122.4473 0001607  95.9771 264.1655 15.33442213 17169

1 69423U 26126D   26262.41631337  .00009357  00000+0  29182-3 0  9995
2 69423  97.2847 123.5976 0001955  87.8942 272.2525 15.33440833 17359

1 69424U 26126E   26262.37008233  .00013474  00000+0  41867-3 0  9993
2 69424  97.2844 123.6582 0001599  96.1403 264.0022 15.33464377 17350

1 69425U 26126F   26263.18306389  .00014297  00000+0  44427-3 0  9996
2 69425  97.2850 124.3925 0001552 101.9084 258.2333 15.33449611 17473

1 69426U 26126G   26263.04441972  .00013047  00000+0  40603-3 0  9994
2 69426  97.2849 124.2686 0002146  56.2674 303.8773 15.33421170 17501

1 69427U 26126H   26263.03351547  .00008366  00000+0  26114-3 0  9991
2 69427  97.2834 124.2845 0001431  94.1971 265.9436 15.33451433 17453

1 69428U 26126J   26262.91932191  .00017630  00000+0  54678-3 0  9998
2 69428  97.2887 124.1391 0001498  85.8762 274.2652 15.33466335 17433

1 69429U 26126K   26261.92146424  .00017885  00000+0  55478-3 0  9996
2 69429  97.2863 123.1968 0002317  61.7818 298.3658 15.33456309 17289

1 69430U 26126L   26263.08517216  .00013648  00000+0  42406-3 0  9998
2 69430  97.2849 124.3713 0001712  92.6485 267.4953 15.33462483 17518

1 69431U 26126M   26262.89757044  .00019966  00000+0  61882-3 0  9990
2 69431  97.2848 124.1639 0002342  89.5329 270.6182 15.33459846 17480

1 69432U 26126N   26262.42447983  .00012616  00000+0  39245-3 0  9991
2 69432  97.2831 123.7395 0002304  96.9121 263.2384 15.33444142 17369

1 69433U 26126P   26261.87251977  .00016731  00000+0  51941-3 0  9995
2 69433  97.2840 123.1106 0002063  91.7706 268.3773 15.33444619 17275

1 69434U 26126Q   26263.12868294  .00005889  00000+0  18463-3 0  9996
2 69434  97.2850 124.3100 0001668  94.1109 266.0325 15.33440845 17464

1 69435U 26126R   26263.03896760  .00010068  00000+0  31359-3 0  9990
2 69435  97.2848 124.2792 0001693  97.9262 262.2173 15.33461901 17507

1 69436U 26126S   26262.38912441  .00014785  00000+0  45941-3 0  9995
2 69436  97.2844 123.6330 0001996  90.2966 269.8506 15.33442357 17358

1 69437U 26126T   26262.41359528  .00011592  00000+0  36089-3 0  9997
2 69437  97.2849 123.6009 0002118  85.5658 274.5827 15.33440065 17408

1 69438U 26126U   26262.38368883  .00015752  00000+0  48926-3 0  9993
2 69438  97.2845 123.6406 0002499  87.7233 272.4295 15.33441100 17408

1 69439U 26126V   26262.92478370  .00020379  00000+0  63157-3 0  9991
2 69439  97.2847 124.1260 0002474  94.9375 265.2150 15.33458124 17432

1 69440U 26126W   26262.42990734  .00017955  00000+0  55702-3 0  9994
2 69440  97.2843 123.7310 0002033  86.7854 273.3621 15.33451770 17368

1 69443U 26127A   26263.12181103  .00014166  00000+0  42965-3 0  9996
2 69443  53.1574 167.5163 0001386  93.0046 267.1116 15.34396824 16132

1 69444U 26127B   26263.11970678  .00012982  00000+0  39447-3 0  9994
2 69444  53.1567 167.5096 0000887 123.9996 236.1091 15.34416847 16138

1 69445U 26127C   26263.16590735  .00019167  00000+0  57654-3 0  9994
2 69445  53.1567 167.0780 0001020  72.9281 287.1833 15.34422624 16145

1 69446U 26127D   26263.11760359  .00008037  00000+0  24876-3 0  9995
2 69446  53.1598 167.4903 0001636  88.4642 271.6548 15.34398689 16130

1 69447U 26127E   26263.15126801  .00013391  00000+0  40673-3 0  9990
2 69447  53.1580 167.6994 0001058  90.7931 269.3192 15.34401184 16133

1 69448U 26127F   26263.11129062  .00015159  00000+0  45886-3 0  9994
2 69448  53.1586 167.4465 0001099 102.0613 258.0512 15.34401630 16137

1 69449U 26127G   26263.11549949  .00015404  00000+0  46603-3 0  9996
2 69449  53.1567 167.4808 0000863  73.3788 286.7310 15.34405391 16131

1 69450U 26127H   26263.11339610  .00018284  00000+0  55092-3 0  9991
2 69450  53.1565 167.4607 0001396  85.4923 274.6239 15.34401543 16136

1 69451U 26127J   26263.03142693  .00019426  00000+0  58453-3 0  9999
2 69451  53.1570 167.6614 0000587  64.4331 295.6732 15.34402580 16126

1 69452U 26127K   26263.14706132  .00012308  00000+0  37480-3 0  9995
2 69452  53.1582 167.6785 0001214  69.7600 290.3533 15.34399532 16138

1 69453U 26127L   26263.02932185  .00016764  00000+0  50617-3 0  9999
2 69453  53.1585 167.6423 0000804  89.4710 270.6384 15.34400291 16125

1 69454U 26127M   26263.01468727  .00025362  00000+0  75926-3 0  9999
2 69454  53.1590 168.2759 0001135  69.2064 290.9060 15.34397661 16118

1 69455U 26127N   26263.03353132  .00021064  00000+0  63229-3 0  9993
2 69455  53.1566 167.6677 0001474  88.3815 271.7356 15.34425127 16121

1 69456U 26127P   26263.03983023 -.00000198  00000+0  52708-5 0  9990
2 69456  53.1572 167.6946 0001422  74.4803 285.6357 15.34384915 16128

1 69457U 26127Q   26262.23725830  .00019141  00000+0  57591-3 0  9992
2 69457  53.1576 171.9523 0001075  96.9321 263.1804 15.34415865 15991

1 69458U 26127R   26263.20377663  .00019823  00000+0  59601-3 0  9999
2 69458  53.1585 167.3072 0001331  95.1419 264.9735 15.34413440 16141

1 69459U 26127S   26263.02721340  .00025937  00000+0  77532-3 0  9991
2 69459  53.1575 167.6256 0001418 193.0718 167.0248 15.34432603 16126

1 69460U 26127T   26263.20798447  .00015438  00000+0  46700-3 0  9993
2 69460  53.1576 167.3293 0001107  77.7178 282.3949 15.34406283 16146

1 69461U 26127U   26263.14074698  .00018204  00000+0  54822-3 0  9990
2 69461  53.1570 167.6300 0001091  99.2209 260.8917 15.34420912 16139

1 69462U 26127V   26262.22252933  .00024732  00000+0  74033-3 0  9998
2 69462  53.1600 171.8437 0001103 101.0050 259.1077 15.34415302 15990

1 69463U 26127W   26263.13232943  .00018015  00000+0  54283-3 0  9991
2 69463  53.1586 167.5740 0001299  99.5290 260.5859 15.34411441 16137

1 69464U 26127X   26263.00626782  .00018430  00000+0  55519-3 0  9990
2 69464  53.1582 168.2135 0001041  86.1467 273.9655 15.34402941 16118

1 69465U 26127Y   26262.99995470  .00006924  00000+0  21587-3 0  9994
2 69465  53.1582 168.1672 0001044  84.1225 275.9896 15.34400787 16112

1 69466U 26127Z   26262.19097989  .00015558  00000+0  47093-3 0  9998
2 69466  53.1586 171.6354 0004147  74.1878 285.9582 15.34376727 15997

1 69467U 26127AA  26263.12813529  .00021447  00000+0  64429-3 0  9995
2 69467  53.1592 167.5404 0001595  91.6308 268.4878 15.34389910 16130

1 69468U 26127AB  26263.11865447  .00025019  00000+0  72528-3 0  9999
2 69468  53.1588 167.4777 0001066  87.6567 272.4558 15.35420153 16139

1 69469U 26127AC  26263.12601581  .00012378  00000+0  37679-3 0  9990
2 69469  53.1585 167.5308 0001309 101.9754 258.1396 15.34405913 16133

1 69470U 26127AD  26263.12391463  .00010663  00000+0  32625-3 0  9998
2 69470  53.1589 167.5159 0001671  86.9468 273.1726 15.34403054 16137

1 69471U 26127AE  26262.24347657  .00020378  00000+0  61234-3 0  9999
2 69471  53.1561 171.2374 0001481  93.2422 266.8750 15.34413086 16007

1 69478U 26131A   26263.04824025  .00013460  00000+0  41846-3 0  9990
2 69478  97.2844 284.0018 0000940  95.5675 264.5675 15.33448490 16837

1 69479U 26131B   26263.04554182  .00010925  00000+0  34061-3 0  9999
2 69479  97.2814 283.8540 0001001  83.1164 277.0193 15.33409931 16827

1 69480U 26131C   26261.01989087  .00016557  00000+0  51403-3 0  9998
2 69480  97.2827 281.8631 0002414  84.9346 275.2172 15.33445355 16515

1 69481U 26131D   26262.97484130  .00011623  00000+0  36195-3 0  9994
2 69481  97.2841 283.7937 0001786  99.5182 260.6263 15.33432142 16815

1 69482U 26131E   26263.03734454  .00014534  00000+0  45113-3 0  9994
2 69482  97.2857 283.8666 0001678  94.9713 265.1722 15.33481245 16821

1 69483U 26131F   26263.03463838  .00028400  00000+0  87853-3 0  9994
2 69483  97.2841 283.8711 0000873  71.1154 289.0183 15.33451911 16821

1 69484U 26131G   26263.03192666  .00015541  00000+0  48251-3 0  9994
2 69484  97.2843 283.8733 0002357 107.3316 252.8184 15.33456863 16829

1 69485U 26131H   26263.02920619  .00012135  00000+0  37747-3 0  9995
2 69485  97.2836 283.8754 0001364 105.5630 254.5763 15.33455671 16829

1 69486U 26131J   26262.95851331  .00011470  00000+0  35700-3 0  9999
2 69486  97.2839 283.8144 0001859 110.7631 249.3811 15.33450361 16810

1 69487U 26131K   26263.02105123  .00010006  00000+0  31179-3 0  9990
2 69487  97.2846 283.8858 0001635  84.8417 275.3012 15.33451531 16829

1 69488U 26131L   26263.01833311  .00004487  00000+0  14116-3 0  9995
2 69488  97.2844 283.8889 0001580  93.0988 267.0435 15.33458694 16820

1 69489U 26131M   26263.01561257  .00009556  00000+0  29783-3 0  9991
2 69489  97.2844 283.8927 0001751 103.7914 256.3524 15.33455402 16826

1 69490U 26131N   26262.81712858  .00010890  00000+0  33908-3 0  9992
2 69490  97.2843 283.7050 0001318  93.1469 266.9925 15.33451539 16794

1 69491U 26131P   26263.01017366  .00009927  00000+0  30931-3 0  9990
2 69491  97.2842 283.8995 0001208  99.4714 260.6665 15.33453903 16826

1 69492U 26131Q   26261.83286249  .00011293  00000+0  35161-3 0  9996
2 69492  97.2848 282.7466 0000781  87.2802 272.8530 15.33443781 16641

1 69493U 26131R   26263.00473625  .00021273  00000+0  65918-3 0  9996
2 69493  97.2841 283.9108 0000964  79.2180 280.9171 15.33455932 16826

1 69494U 26131S   26263.00201926  .00016130  00000+0  50079-3 0  9998
2 69494  97.2845 283.9108 0000810  49.8534 310.2780 15.33452345 16825

1 69495U 26131T   26262.99931257  .00011464  00000+0  35689-3 0  9998
2 69495  97.2842 283.9144 0001550  89.9697 270.1723 15.33443797 15562

1 69496U 26131U   26262.34129757  .00013343  00000+0  41456-3 0  9999
2 69496  97.2828 283.2790 0001819  93.3987 266.7464 15.33468597 15463

1 69497U 26131V   26262.27877462  .00014590  00000+0  45329-3 0  9993
2 69497  97.2845 283.2098 0001595 108.8542 251.2874 15.33450375 15452

1 69498U 26131W   26263.05870656  .00013359  00000+0  41561-3 0  9995
2 69498  97.2871 286.8861 0000425 126.9415 233.1866 15.33429522 15764

1 69499U 26131X   26262.33315071  .00015834  00000+0  49166-3 0  9990
2 69499  97.2846 283.2921 0001168  96.4470 263.6906 15.33452120 15462

1 69500U 26131Y   26263.05639638  .00010523  00000+0  32772-3 0  9996
2 69500  97.2836 283.9905 0001656  92.8048 267.3384 15.33455315 15578

1 69501U 26131Z   26262.33588657  .00040380  00000+0  12456-2 0  9991
2 69501  97.2874 283.2895 0000488 214.6592 145.4619 15.33466449 15467

1 69508U 26133A   26262.93950661  .00001723  00000+0  62113-4 0  9999
2 69508  53.1555 232.6645 0001189  94.8854 265.2284 15.34397363 15402

1 69509U 26133B   26262.47935696  .00017323  00000+0  52267-3 0  9991
2 69509  53.1559 234.7696 0001434  88.0150 272.1017 15.34398022 15340

1 69510U 26133C   26263.19164101  .00017122  00000+0  51669-3 0  9990
2 69510  53.1574 231.3783 0001155  85.1427 274.9708 15.34401930 15456

1 69511U 26133D   26263.18743067  .00021163  00000+0  63565-3 0  9992
2 69511  53.1570 231.3446 0001413  94.4672 265.6492 15.34402795 16718

1 69512U 26133E   26262.92899286  .00022479  00000+0  67443-3 0  9999
2 69512  53.1568 232.5778 0002462  60.0786 300.0461 15.34399289 15416

1 69513U 26133F   26262.53397088  .00027911  00000+0  83412-3 0  9990
2 69513  53.1563 234.3958 0001574  83.4356 276.6826 15.34400458 16614

1 69514U 26133G   26262.46673002  .00020104  00000+0  60437-3 0  9995
2 69514  53.1572 234.6682 0001998  73.5749 286.5474 15.34408077 16599

1 69515U 26133H   26262.46462347  .00012953  00000+0  39376-3 0  9995
2 69515  53.1564 234.6674 0001456  95.6882 264.4286 15.34404893 15333

1 69516U 26133J   26263.17901321  .00015231  00000+0  46096-3 0  9994
2 69516  53.1563 231.2855 0001846  96.2346 263.8867 15.34401666 16707

1 69517U 26133K   26262.91636962  .00014086  00000+0  42716-3 0  9994
2 69517  53.1571 232.5151 0001438  80.2385 279.8780 15.34404988 16669

1 69518U 26133L   26263.17480813  .00024568  00000+0  73589-3 0  9994
2 69518  53.1581 231.2671 0001562 101.3057 258.8121 15.34399201 16716

1 69519U 26133M   26262.64531111  .00017058  00000+0  51494-3 0  9991
2 69519  53.1554 233.6607 0002694  85.1709 274.9601 15.34392360 16634

1 69520U 26133N   26263.17270810  .00013852  00000+0  42054-3 0  9998
2 69520  53.1568 231.2635 0001266  85.1313 274.9834 15.34386181 16712

1 69521U 26133P   26262.90164208  .00015235  00000+0  46118-3 0  9994
2 69521  53.1579 232.3950 0001093  52.9686 307.1416 15.34395926 16677

1 69522U 26133Q   26262.44358719  .00014885  00000+0  45048-3 0  9997
2 69522  53.1566 234.5229 0001901  99.3891 260.7326 15.34422510 16605

1 69523U 26133R   26262.63688844  .00011017  00000+0  33692-3 0  9990
2 69523  53.1577 233.6051 0001325  84.0801 276.0353 15.34379529 16637

1 69524U 26133S   26262.56964635  .00013723  00000+0  41651-3 0  9998
2 69524  53.1571 233.8870 0001360  92.3136 267.8022 15.34402986 16629

1 69525U 26133T   26262.50030816  .00022669  00000+0  68011-3 0  9996
2 69525  53.1568 234.1549 0002210  75.7680 284.3568 15.34395273 16615

1 69526U 26133U   26262.50241119  .00016011  00000+0  48401-3 0  9992
2 69526  53.1571 234.1811 0001835  91.7843 268.3369 15.34399355 16619

1 69527U 26133V   26262.49819728  .00026673  00000+0  79786-3 0  9993
2 69527  53.1563 234.1397 0001336  94.1291 265.9864 15.34395947 15356

1 69528U 26133W   26262.95204590  .00013328  00000+0  40475-3 0  9996
2 69528  53.1569 232.0038 0002353 109.1625 250.9633 15.34410900 16682

1 69529U 26133X   26262.94994236  .00020119  00000+0  60502-3 0  9998
2 69529  53.1552 231.9899 0001540  89.8272 270.2907 15.34398387 16680

1 69530U 26133Y   26263.20838244  .00014982  00000+0  45371-3 0  9994
2 69530  53.1557 230.7607 0001359  93.2901 266.8257 15.34396007 16728

1 69531U 26133Z   26263.20627589  .00009101  00000+0  28017-3 0  9998
2 69531  53.1537 230.7322 0001375  94.7959 265.3201 15.34399915 16722

1 69532U 26133AA  26262.61803767  .00017534  00000+0  52888-3 0  9999
2 69532  53.1567 234.1813 0000781 104.4391 255.6699 15.34399452 16626

1 69533U 26133AB  26262.94161345  .00011525  00000+0  35173-3 0  9997
2 69533  53.1523 232.6396 0002049  97.9591 262.1644 15.34397046 16670

1 69534U 26133AC  26262.54658916  .00014489  00000+0  43911-3 0  9990
2 69534  53.1551 234.4343 0001097  79.4997 280.6129 15.34400874 16601

1 69535U 26133AD  26263.19373648  .00014381  00000+0  43616-3 0  9992
2 69535  53.1582 231.3641 0001092  90.7601 269.3527 15.34384352 16705

1 69536U 26133AE  26262.51293045  .00018982  00000+0  57133-3 0  9990
2 69536  53.1574 234.2572 0002257  87.1116 273.0145 15.34409807 16618

1 69546U 26135A   26263.02983462  .00012956  00000+0  40280-3 0  9999
2 69546  97.2834 290.8041 0001563  93.4698 266.6723 15.33455704 14939

1 69547U 26135B   26263.02713632  .00009589  00000+0  29916-3 0  9991
2 69547  97.2853 290.6567 0000910  95.7585 264.3761 15.33425284 14923

1 69548U 26135C   26263.02439635  .00012113  00000+0  37673-3 0  9996
2 69548  97.2831 290.6621 0001404  97.6280 262.5123 15.33460491 14924

1 69549U 26135D   26263.02169679  .00014322  00000+0  44491-3 0  9995
2 69549  97.2841 290.6630 0001311 104.6209 255.5179 15.33459290 14921

1 69550U 26135E   26263.01895789  .00011770  00000+0  36619-3 0  9991
2 69550  97.2852 290.6674 0002007 104.6245 255.5220 15.33456270 14928

1 69551U 26135F   26263.01623937  .00020168  00000+0  62484-3 0  9996
2 69551  97.2853 290.6723 0000564 126.6632 233.4662 15.33472747 14927

1 69552U 26135G   26262.94826539  .00011682  00000+0  36351-3 0  9996
2 69552  97.2849 290.6111 0001127  92.3262 267.8110 15.33453848 14917

1 69553U 26135H   26263.01080235  .00011132  00000+0  34651-3 0  9992
2 69553  97.2838 290.6796 0002711 299.7274  60.3699 15.33453331 14927

1 69554U 26135J   26262.02925559  .00013678  00000+0  42508-3 0  9997
2 69554  97.2845 289.7204 0001787  85.0868 275.0578 15.33454847 14773

1 69555U 26135K   26263.00536385  .00004226  00000+0  13316-3 0  9996
2 69555  97.2845 290.6876 0001360  97.0950 263.0447 15.33444756 14929

1 69556U 26135L   26262.80687053  .00016702  00000+0  51815-3 0  9991
2 69556  97.2843 290.4961 0001162 243.0267 117.0857 15.33468242 14890

1 69557U 26135M   26262.80415881  .00019566  00000+0  60661-3 0  9990
2 69557  97.2850 290.5018 0000880 115.4930 244.6404 15.33455350 14899

1 69558U 26135N   26262.93194779  .00011013  00000+0  34285-3 0  9997
2 69558  97.2851 290.6315 0000530  87.3339 272.7964 15.33456052 14910

1 69559U 26135P   26262.79872246  .00021993  00000+0  68131-3 0  9999
2 69559  97.2839 290.5124 0001294 107.8117 252.3267 15.33457578 14895

1 69560U 26135Q   26263.05702392  .00014041  00000+0  43636-3 0  9994
2 69560  97.2860 290.7716 0000552 156.6849 203.4419 15.33450368 14931

1 69561U 26135R   26263.05430514  .00011701  00000+0  36413-3 0  9994
2 69561  97.2848 290.7746 0001439  96.6043 263.5363 15.33451699 14938

1 69562U 26135S   26261.87699052  .00016209  00000+0  50323-3 0  9991
2 69562  97.2862 289.6203 0000419 144.3376 215.7895 15.33451465 14757

1 69563U 26135T   26262.52682490  .00014582  00000+0  45308-3 0  9992
2 69563  97.2826 290.2657 0000655 104.2704 255.8611 15.33449563 14859

1 69564U 26135U   26262.32834127  .00018212  00000+0  56505-3 0  9992
2 69564  97.2855 290.0780 0000803 101.5424 258.5909 15.33446730 14821

1 69565U 26135V   26262.06460206  .00006305  00000+0  19747-3 0  9994
2 69565  97.2830 289.8238 0001703  95.2824 264.8613 15.33444522 14786

1 69566U 26135W   26263.03526294  .00016113  00000+0  50063-3 0  9997
2 69566  97.2822 290.8005 0001426 106.5076 253.6323 15.33427484 14938

1 69567U 26135X   26263.17122160  .00008066  00000+0  25184-3 0  9991
2 69567  97.2846 290.9205 0001346 106.3725 253.7666 15.33451754 14969

1 69568U 26135Y   26262.51595104  .00015040  00000+0  46722-3 0  9992
2 69568  97.2820 290.2780 0001103  71.5115 288.6248 15.33447576 14858

1 69569U 26135Z   26262.83678896  .00012468  00000+0  38775-3 0  9998
2 69569  97.2846 290.6100 0001782 117.8242 242.3181 15.33454569 14904

1 69649U 26143A   26263.02316919  .00013806  00000+0  42912-3 0  9998
2 69649  97.2839 306.2811 0001052  92.5131 267.6232 15.33450935 15141

1 69650U 26143B   26263.05579840  .00018132  00000+0  56242-3 0  9995
2 69650  97.2846 306.2397 0001182 113.8169 246.3197 15.33455740 15145

1 69651U 26143C   26262.90897396  .00013343  00000+0  41485-3 0  9990
2 69651  97.2847 306.1311 0001217  87.7512 272.3870 15.33447604 15127

1 69652U 26143D   26262.35430277  .00010915  00000+0  33985-3 0  9999
2 69652  97.2831 305.5078 0001374 100.8450 259.2948 15.33451704 15032

1 69653U 26143E   26262.35603925  .00007179  00000+0  27845-3 0  9998
2 69653  97.2842 305.6751 0000997  97.3607 262.7746 15.26415466 15041

1 69654U 26143F   26262.96605698  .00001337  00000+0  43742-4 0  9990
2 69654  97.2846 306.2077 0000764  97.9110 262.2220 15.33440039 15135

1 69655U 26143G   26262.36245882  .00018472  00000+0  57307-3 0  9999
2 69655  97.2844 305.4974 0000968  82.3951 277.7401 15.33446673 15039

1 69656U 26143H   26263.11289429  .00015263  00000+0  47408-3 0  9995
2 69656  97.2839 306.3140 0000398 254.0640 106.0559 15.33449693 15087

1 69657U 26143J   26263.09115196  .00010211  00000+0  31835-3 0  9997
2 69657  97.2853 306.3408 0001598  94.3634 265.7791 15.33426199 15089

1 69658U 26143K   26262.84098851  .00011203  00000+0  34863-3 0  9994
2 69658  97.2850 306.0713 0000581  97.0135 263.1174 15.33464301 15040

1 69659U 26143L   26262.87906344  .00011670  00000+0  36318-3 0  9998
2 69659  97.2861 306.0218 0000662  86.4878 273.6440 15.33450691 15059

1 69660U 26143M   26262.36519197  .00010842  00000+0  33784-3 0  9994
2 69660  97.2816 305.4947 0001242  76.5475 283.5906 15.33428090 14976

1 69661U 26143N   26263.06939156  .00014109  00000+0  43823-3 0  9999
2 69661  97.2833 306.2206 0001838 110.1630 249.9811 15.33466744 15073

1 69662U 26143P   26263.06122596  .00020012  00000+0  62092-3 0  9991
2 69662  97.2842 306.2298 0001511 103.8740 256.2671 15.33426547 15076

1 69663U 26143Q   26262.87090472  .00010979  00000+0  34181-3 0  9996
2 69663  97.2843 306.0324 0000591 124.7618 235.3680 15.33455062 15059

1 69664U 26143R   26261.38091122  .00011202  00000+0  34882-3 0  9993
2 69664  97.2834 304.5370 0000187  93.7546 266.3718 15.33443281 14819

1 69665U 26143S   26262.56366092  .00011023  00000+0  34318-3 0  9991
2 69665  97.2842 305.6837 0000413  89.0733 271.0557 15.33453861 14995

1 69666U 26143T   26263.05851471  .00014677  00000+0  45594-3 0  9993
2 69666  97.2853 306.2347 0001115  97.4339 262.7030 15.33453185 15078

1 69667U 26143U   26262.85731463  .00017642  00000+0  54704-3 0  9997
2 69667  97.2828 306.0490 0000292 153.8431 206.2827 15.33473078 15040

1 69668U 26143V   26262.91985358  .00013099  00000+0  40751-3 0  9998
2 69668  97.2849 306.1168 0000825  95.7308 264.4029 15.33433120 15051

1 69669U 26143W   26262.91441150  .00017840  00000+0  55350-3 0  9995
2 69669  97.2856 306.1244 0001399  87.4998 272.6404 15.33451454 15053

1 69670U 26143X   26262.06337160  .00013115  00000+0  40777-3 0  9996
2 69670  97.2846 305.2922 0001052 112.2408 247.8947 15.33451985 14926

1 69671U 26143Y   26261.92470600  .00014577  00000+0  45290-3 0  9996
2 69671  97.2852 305.1759 0001040  74.0610 286.0747 15.33449957 14905

1 69672U 26143Z   26263.09386153  .00011873  00000+0  36943-3 0  9997
2 69672  97.2851 306.3391 0000939 118.8134 241.3203 15.33451669 15088

1 69677U 26145A   26262.81329392  .00023747  00000+0  73535-3 0  9996
2 69677  97.2885 109.4240 0002047  79.5952 280.5521 15.33454482 13439

1 69678U 26145B   26263.00631892  .00014341  00000+0  44561-3 0  9997
2 69678  97.2849 109.6172 0001956  73.6978 286.4480 15.33449030 13462

1 69679U 26145C   26262.34016759  .00011317  00000+0  35228-3 0  9993
2 69679  97.2851 108.9957 0001952  88.2197 271.9269 15.33450412 13369

1 69680U 26145D   26263.00359877  .00011289  00000+0  35149-3 0  9990
2 69680  97.2866 109.6216 0001601  95.8442 264.2984 15.33443756 13464

1 69681U 26145E   26263.00088275  .00018014  00000+0  55878-3 0  9996
2 69681  97.2858 109.6242 0002644  85.6327 274.5217 15.33453457 13464

1 69682U 26145F   26262.99544420  .00011435  00000+0  35597-3 0  9999
2 69682  97.2823 109.6341 0002369  83.7902 276.3611 15.33444861 14715

1 69683U 26145G   26263.12867172  .00005379  00000+0  16884-3 0  9996
2 69683  97.2853 109.7583 0001927  86.9557 273.1907 15.33441464 13480

1 69684U 26145H   26262.36789899  .00153747  00000+0  10111-2 0  9990
2 69684  97.2835 112.4684 0002501  66.3629 293.7898 15.75235344 13598

1 69685U 26145J   26262.85677163  .00019767  00000+0  61268-3 0  9998
2 69685  97.2853 109.5141 0002552  87.4627 272.6908 15.33460768 13448

1 69686U 26145K   26262.00573940  .00012184  00000+0  37909-3 0  9995
2 69686  97.2825 108.6840 0002625  83.1479 277.0062 15.33443933 13314

1 69687U 26145L   26262.45982185  .00018694  00000+0  58006-3 0  9993
2 69687  97.2853 109.1372 0001499  66.6617 293.4783 15.33437427 13380

1 69688U 26145M   26263.04440704  .00021826  00000+0  67667-3 0  9990
2 69688  97.2806 109.7232 0003196  74.1620 285.9975 15.33429741 13473

1 69689U 26145N   26263.04166950  .00013436  00000+0  41771-3 0  9995
2 69689  97.2840 109.7231 0003132  67.9527 292.2048 15.33446779 13479

1 69690U 26145P   26263.03894314  .00013802  00000+0  42903-3 0  9993
2 69690  97.2842 109.7297 0001400  93.0271 267.1132 15.33447432 13479

1 69691U 26145Q   26263.03622270  .00016888  00000+0  52409-3 0  9993
2 69691  97.2847 109.7318 0001250  97.3323 262.8062 15.33455332 13479

1 69692U 26145R   26263.02806544  .00009870  00000+0  30764-3 0  9994
2 69692  97.2841 109.7424 0001458  93.9379 266.2031 15.33446615 13473

1 69693U 26145S   26262.82686533  .00011360  00000+0  35367-3 0  9997
2 69693  97.2852 109.5589 0001825  91.8938 268.2514 15.33444743 13447

1 69694U 26145T   26262.38095418  .00004595  00000+0  14460-3 0  9998
2 69694  97.2852 109.0924 0001754  90.2064 269.9380 15.33438210 13373

1 69695U 26145U   26262.05195738  .00015264  00000+0  47410-3 0  9995
2 69695  97.2842 108.7751 0001443  91.9316 268.2092 15.33449836 13323

1 69696U 26145V   26262.37279725  .00008452  00000+0  26379-3 0  9992
2 69696  97.2860 109.1037 0002101  76.0517 284.0960 15.33447289 13370

1 69697U 26145W   26263.01991198  .00010301  00000+0  32104-3 0  9999
2 69697  97.2851 109.7551 0001674  86.1052 274.0382 15.33437384 13471

1 69698U 26145X   26262.82142602  .00010580  00000+0  32945-3 0  9998
2 69698  97.2845 109.5676 0002140  94.1860 265.9628 15.33455597 13441

1 69699U 26145Y   26262.36194377  .00011876  00000+0  36957-3 0  9990
2 69699  97.2848 109.1182 0001898  90.0193 270.1268 15.33448575 13374

1 69700U 26145Z   26262.81599104  .00011296  00000+0  35155-3 0  9995
2 69700  97.2869 109.5743 0002855  91.6989 268.4581 15.33454744 13442

1 69704U 26147A   26262.68538874  .00009919  00000+0  30914-3 0  9990
2 69704  97.2847 298.9768 0000977 118.9463 241.1878 15.33448875 14104

1 69705U 26147B   26262.35639312  .00013983  00000+0  43450-3 0  9999
2 69705  97.2820 298.6563 0001466 103.7856 256.3550 15.33456005 14051

1 69706U 26147C   26261.89688723  .00015873  00000+0  49290-3 0  9996
2 69706  97.2869 298.2107 0000373  71.0992 289.0291 15.33450444 13986

1 69707U 26147D   26262.35095846  .00011622  00000+0  36168-3 0  9995
2 69707  97.2821 298.6672 0002210 102.3358 257.8132 15.33451859 14059

1 69708U 26147E   26263.13131392  .00014809  00000+0  45990-3 0  9993
2 69708  97.2798 299.4429 0000481  25.6057 334.5210 15.33460669 14175

1 69709U 26147F   26263.06060751  .00015571  00000+0  48355-3 0  9991
2 69709  97.2837 299.3827 0000694  89.9105 270.2217 15.33450871 14160

1 69710U 26147G   26263.18839883  .00005679  00000+0  17811-3 0  9997
2 69710  97.2843 299.5145 0001380  91.9885 268.1516 15.33446057 14186

1 69711U 26147H   26263.05517647  .00017268  00000+0  53606-3 0  9994
2 69711  97.2838 299.3897 0000624  87.5330 272.5984 15.33441679 14160

1 69712U 26147J   26262.33464056  .00013909  00000+0  43223-3 0  9992
2 69712  97.2853 298.6888 0000882  89.1306 271.0037 15.33455428 14055

1 69713U 26147K   26263.04973053  .00011906  00000+0  37035-3 0  9993
2 69713  97.2841 299.3958 0001383 103.9550 256.1846 15.33459449 14163

1 69714U 26147L   26262.06818417  .00011955  00000+0  37208-3 0  9993
2 69714  97.2837 298.4351 0000362 229.6472 130.4739 15.33443030 14019

1 69715U 26147M   26263.04429368  .00012863  00000+0  39998-3 0  9993
2 69715  97.2842 299.4047 0001417  93.5039 266.6366 15.33452403 14166

1 69716U 26147N   26262.06274785  .00012350  00000+0  38424-3 0  9990
2 69716  97.2848 298.4458 0000895 122.0620 238.0710 15.33446514 14017

1 69717U 26147P   26263.03885541  .00012820  00000+0  39857-3 0  9990
2 69717  97.2847 299.4132 0001528  94.3667 265.7751 15.33459378 14163

1 69718U 26147Q   26263.03613419  .00018184  00000+0  56371-3 0  9993
2 69718  97.2861 299.4147 0001611 121.6436 238.4964 15.33473041 14163

1 69719U 26147R   26262.83765128  .00011891  00000+0  36993-3 0  9992
2 69719  97.2847 299.2298 0000682 123.3226 236.8082 15.33458302 14139

1 69720U 26147S   26262.83492718  .00017063  00000+0  52933-3 0  9995
2 69720  97.2853 299.2313 0000692 243.0211 117.0961 15.33465672 14135

1 69721U 26147T   26262.83221540  .00020541  00000+0  63660-3 0  9993
2 69721  97.2846 299.2355 0001354  92.0246 268.1152 15.33457147 14138

1 69722U 26147U   26262.82948473  .00017176  00000+0  53274-3 0  9994
2 69722  97.2837 299.2401 0001100 242.8071 117.3059 15.33470019 14135

1 69723U 26147V   26262.82677100  .00011472  00000+0  35699-3 0  9995
2 69723  97.2825 299.2418 0000251 272.0382  88.0832 15.33457206 14133

1 69724U 26147W   26263.08508311  .00017887  00000+0  55463-3 0  9999
2 69724  97.2851 299.5061 0001137 102.7751 257.3619 15.33470232 14175

1 69725U 26147X   26263.14761481  .00011451  00000+0  35637-3 0  9998
2 69725  97.2850 299.5701 0001647  86.7063 273.4368 15.33455121 14180

1 69726U 26147Y   26262.65762135  .00088601  00000+0  58828-3 0  9999
2 69726  97.2848 302.3707 0000932  94.3758 265.7614 15.75208879 14325

1 69727U 26147Z   26263.16670139 -.00124801  00000+0 -84655-3 0  9991
2 69727  97.2845 302.8306 0001418  86.6683 102.3405 15.75232112  5998

1 69739U 26150A   26262.98517944  .00015919  00000+0  49425-3 0  9994
2 69739  97.2832 101.8703 0002200  87.7129 272.4366 15.33452062 13651

1 69740U 26150B   26262.78125654  .00019347  00000+0  59939-3 0  9997
2 69740  97.2895 101.6913 0002041 117.4586 242.6864 15.33479477 13622

1 69741U 26150C   26263.00693944  .00012023  00000+0  37417-3 0  9997
2 69741  97.2828 101.9923 0002413  82.2463 277.9054 15.33441707 13660

1 69742U 26150D   26262.82204796  .00021450  00000+0  66468-3 0  9992
2 69742  97.2884 101.7828 0002497  91.3933 268.7596 15.33451152 13631

1 69743U 26150E   26262.35709574  .00011845  00000+0  36855-3 0  9999
2 69743  97.2846 101.3441 0001901  92.2166 267.9294 15.33454235 13567

1 69744U 26150F   26262.99062036  .00013743  00000+0  42722-3 0  9994
2 69744  97.2837 101.8611 0001776  87.0780 273.0666 15.33446260 13656

1 69745U 26150G   26261.97100036  .00022959  00000+0  71092-3 0  9996
2 69745  97.2834 100.9522 0001179  90.3217 269.8161 15.33463228 13504

1 69746U 26150H   26262.80300570  .00013967  00000+0  43406-3 0  9992
2 69746  97.2854 101.8104 0002137  95.5387 264.6099 15.33451360 13634

1 69747U 26150J   26262.83835587  .00012903  00000+0  40098-3 0  9990
2 69747  97.2849 101.7589 0001315  93.1270 267.0123 15.33470571 13637

1 69748U 26150K   26263.03139825  .00012840  00000+0  39929-3 0  9997
2 69748  97.2826 101.9563 0001036 101.4512 258.6847 15.33451979 13662

1 69749U 26150L   26262.82749285  .00023496  00000+0  72717-3 0  9992
2 69749  97.2842 101.7760 0002319  92.7508 267.4001 15.33473522 13635

1 69750U 26150M   26262.99333453  .00013359  00000+0  41531-3 0  9995
2 69750  97.2830 101.8569 0001023  86.1231 274.0128 15.33451479 13656

1 69751U 26150N   26261.79698816  .00012126  00000+0  37727-3 0  9993
2 69751  97.2867 100.7309 0002355  93.0706 267.0806 15.33448556 13477

1 69752U 26150P   26263.00421211  .00011308  00000+0  35207-3 0  9995
2 69752  97.2865 101.9954 0001435  85.8702 274.2705 15.33445497 13668

1 69753U 26150Q   26263.01237373  .00017806  00000+0  55210-3 0  9996
2 69753  97.2868 101.9873 0002654  81.4714 278.6829 15.33469076 13665

1 69754U 26150R   26263.02052259  .00015010  00000+0  46642-3 0  9990
2 69754  97.2834 101.9752 0001360  83.7242 276.4156 15.33440008 13662

1 69755U 26150S   26263.00149469  .00006580  00000+0  20600-3 0  9997
2 69755  97.2847 102.0014 0001688  88.1295 272.0141 15.33439829 13665

1 69756U 26150T   26262.99605110  .00011481  00000+0  35734-3 0  9995
2 69756  97.2824 102.0061 0000625 102.4429 257.6884 15.33452385 13667

1 69757U 26150U   26262.27009051  .00013351  00000+0  41517-3 0  9993
2 69757  97.2849 101.1590 0001496  87.2237 272.9177 15.33443141 13548

1 69758U 26150V   26262.78671570  .00011959  00000+0  37224-3 0  9993
2 69758  97.2849 101.6800 0001408  90.7654 269.3750 15.33437459 13624

1 69759U 26150W   26263.17006892  .00005430  00000+0  17043-3 0  9991
2 69759  97.2849 102.0788 0001746  82.5348 277.6093 15.33441809 13681

1 69760U 26150X   26263.02596954  .00020772  00000+0  64375-3 0  9996
2 69760  97.2834 101.9683 0002907  67.6556 292.4995 15.33452730 13663

1 69761U 26150Y   26262.97976074  .00016166  00000+0  50189-3 0  9995
2 69761  97.2891 101.8825 0002317  90.4139 269.7369 15.33450290 13650

1 69762U 26150Z   26263.16670139 -.00038394  00000+0 -70704-3 0  9995
2 69762  97.2852 104.7371 0001489  91.0035  52.7962 15.49215939  5945

1 69819U 26154A   26262.89504897  .00012434  00000+0  37853-3 0  9991
2 69819  53.1550 334.6584 0001339  79.5837 280.5316 15.34399955 13149

1 69820U 26154B   26262.93283510  .00014945  00000+0  45236-3 0  9997
2 69820  53.1612 334.1937 0001237  86.1568 273.9576 15.34414124 13150

1 69821U 26154C   26262.91809397  .00013619  00000+0  41340-3 0  9992
2 69821  53.1589 334.0876 0001491 251.5635 108.5205 15.34405877 13157

1 69822U 26154D   26263.20600131  .00006523  00000+0  20398-3 0  9997
2 69822  53.1615 333.0563 0000963  74.9270 285.1839 15.34404844 13197

1 69823U 26154E   26263.17663487  .00015529  00000+0  46989-3 0  9997
2 69823  53.1586 333.5761 0001173  94.4788 265.6348 15.34392057 13184

1 69824U 26154F   26262.71647402  .00012954  00000+0  39377-3 0  9998
2 69824  53.1595 335.6787 0001031  81.1917 278.9202 15.34407825 13115

1 69825U 26154G   26262.19328730  .00019993  00000+0  60094-3 0  9991
2 69825  53.1597 338.1134 0002345  82.1001 278.0268 15.34417095 13030

1 69826U 26154H   26262.77529505  .00007117  00000+0  22169-3 0  9995
2 69826  53.1587 335.3450 0001305  93.4392 266.6760 15.34384278 13129

1 69827U 26154J   26262.77109356  .00009358  00000+0  28782-3 0  9990
2 69827  53.1551 335.3293 0001120  70.5617 289.5507 15.34390961 13126

1 69828U 26154K   26262.83202346  .00003443  00000+0  11305-3 0  9993
2 69828  53.1576 335.0118 0003076  19.8436 340.2686 15.34388355 13132

1 69829U 26154L   26263.21862876  .00007524  00000+0  23365-3 0  9990
2 69829  53.1569 333.1382 0001391  83.0681 277.0479 15.34390557 13190

1 69830U 26154M   26262.69332699  .00014616  00000+0  44266-3 0  9991
2 69830  53.1580 335.5485 0001179  91.7684 268.3454 15.34414261 13115

1 69831U 26154N   26262.82149295 -.00002697  00000+0 -68730-4 0  9996
2 69831  53.1581 334.9279 0000978 111.7733 248.3373 15.34394254 13134

1 69832U 26154P   26263.20810735  .00013350  00000+0  40557-3 0  9996
2 69832  53.1607 333.0663 0000690  68.5562 291.5514 15.34397790 13192

1 69833U 26154Q   26263.20179641  .00012528  00000+0  38123-3 0  9993
2 69833  53.1566 333.0300 0002292 104.4599 255.6658 15.34405763 13195

1 69834U 26154R   26262.93914661  .00018298  00000+0  55124-3 0  9992
2 69834  53.1604 334.2342 0000946 301.0425  59.0485 15.34406446 13154

1 69835U 26154S   26262.67439379  .00013998  00000+0  42466-3 0  9999
2 69835  53.1597 335.4245 0001110  89.6414 270.4716 15.34399268 13117

1 69836U 26154T   26263.19127455  .00003804  00000+0  12368-3 0  9990
2 69836  53.1602 332.9598 0001138  96.5052 263.6080 15.34393282 13199

1 69837U 26154U   26263.18706653 -.00000428  00000+0 -15398-5 0  9992
2 69837  53.1563 332.9313 0000649  78.1175 281.9900 15.34390682 13194

1 69838U 26154V   26263.18496124  .00020113  00000+0  60462-3 0  9993
2 69838  53.1584 332.9216 0001194  76.3668 283.7467 15.34410547 13194

1 69839U 26154W   26263.18075431  .00021587  00000+0  64832-3 0  9999
2 69839  53.1590 332.8939 0001589  62.9380 297.1785 15.34393555 13194

1 69840U 26154X   26263.18917352  .00015831  00000+0  47869-3 0  9994
2 69840  53.1530 332.9115 0001752  75.6391 284.4806 15.34399637 13192

1 69841U 26154Y   26263.17453078  .00014810  00000+0  44835-3 0  9990
2 69841  53.1592 333.5463 0003313  85.8347 274.3034 15.34416535 13180

1 69842U 26154Z   26263.20389772  .00020281  00000+0  60966-3 0  9996
2 69842  53.1549 333.0139 0001720  85.6670 274.4529 15.34405024 13197

1 69843U 26154AA  26262.71226332  .00022689  00000+0  68037-3 0  9995
2 69843  53.1583 335.6358 0001317 100.2738 259.8413 15.34411605 13111

1 69844U 26154AB  26263.21020830  .00022024  00000+0  66101-3 0  9990
2 69844  53.1572 333.0498 0001781  90.5782 269.5424 15.34402491 13193

1 69845U 26154AC  26263.19756543  .00012456  00000+0  37863-3 0  9996
2 69845  53.1598 332.9718 0001227 132.0927 228.0180 15.34445305 13193

1 69846U 26154AD  26263.18285230 -.00003099  00000+0 -80678-4 0  9994
2 69846  53.1621 332.8745 0001018  76.0698 284.0418 15.34380705 13198

1 69847U 26154AE  26262.77319100  .00007837  00000+0  24283-3 0  9994
2 69847  53.1577 335.3145 0000522  84.1683 275.9379 15.34397200 13120

1 69943U 26157A   26263.21491293  .00014971  00000+0  45315-3 0  9994
2 69943  53.1543 334.7241 0002579  98.2790 261.8505 15.34411798 11334

1 69944U 26157B   26262.12443904  .00017125  00000+0  51705-3 0  9994
2 69944  53.1580 340.0175 0001165  90.9760 269.1377 15.34384990 11160

1 69945U 26157C   26263.20028649  .00009769  00000+0  29992-3 0  9998
2 69945  53.1603 335.3699 0001563  92.0039 268.1142 15.34396526 11324

1 69946U 26157D   26262.93131596  .00021250  00000+0  63846-3 0  9999
2 69946  53.1601 336.5188 0000917  85.3487 274.7621 15.34390832 11287

1 69947U 26157E   26263.17502411  .00000661  00000+0  30683-4 0  9992
2 69947  53.1608 335.1907 0001455 100.8128 259.3038 15.34408119 11326

1 69948U 26157F   26262.70224401  .00020914  00000+0  62833-3 0  9995
2 69948  53.1583 337.2212 0001052  85.3327 274.7795 15.34402142 11255

1 69949U 26157G   26263.20661300  .00027177  00000+0  81216-3 0  9999
2 69949  53.1587 335.4077 0001404  76.4201 283.6958 15.34415884 11327

1 69950U 26157H   26263.18592154  .00015038  00000+0  44116-3 0  9999
2 69950  53.1593 335.2716 0001123  95.3856 264.7275 15.35397763 11326

1 69951U 26157J   26262.93552448  .00015629  00000+0  47258-3 0  9990
2 69951  53.1612 336.5553 0000742  83.6984 276.4103 15.34409629 11289

1 69952U 26157K   26262.73169613  .00017163  00000+0  51780-3 0  9997
2 69952  53.1605 337.4059 0001400  56.2109 303.9027 15.34407779 11252

1 69953U 26157L   26261.87652145  .00025677  00000+0  76775-3 0  9999
2 69953  53.1593 341.3117 0001714  51.5677 308.5479 15.34429382 11126

1 69954U 26157M   26261.93323647 -.00003367  00000+0 -88568-4 0  9997
2 69954  53.1599 340.9580 0001304  95.3086 264.8065 15.34393355 11133

1 69955U 26157N   26262.70645186  .00022570  00000+0  67663-3 0  9996
2 69955  53.1580 337.2335 0001568  60.6150 299.5009 15.34422189 11254

1 69956U 26157P   26262.69803711  .00011950  00000+0  36428-3 0  9990
2 69956  53.1581 337.1897 0001576  80.5431 279.5749 15.34396526 11254

1 69957U 26157Q   26263.20448744  .00001548  00000+0  56948-4 0  9992
2 69957  53.1596 335.3867 0001188  75.2901 284.8233 15.34403564 11326

1 69958U 26157R   26262.49220301  .00020284  00000+0  61014-3 0  9997
2 69958  53.1586 338.7679 0001088  97.5604 262.5522 15.34383650 11215

1 69959U 26157S   26263.20237986  .00010272  00000+0  31475-3 0  9999
2 69959  53.1588 335.3638 0001363  86.2613 273.8546 15.34399130 11320

1 69960U 26157T   26262.48169838  .00023642  00000+0  70939-3 0  9993
2 69960  53.1599 338.6810 0000836  90.7296 269.3803 15.34366951 11212

1 69961U 26157U   26262.93342051  .00012633  00000+0  38439-3 0  9991
2 69961  53.1599 336.5378 0000974  89.3998 270.7116 15.34399958 11288

1 69962U 26157V   26263.18975523  .00020734  00000+0  62264-3 0  9990
2 69962  53.1553 335.2783 0002500  80.2662 279.8623 15.34421526 11325

1 69963U 26157W   26262.92499950 -.00000046  00000+0  97631-5 0  9990
2 69963  53.1596 336.4659 0001259  87.6941 272.4206 15.34389046 11280

1 69964U 26157X   26263.17713287  .00012569  00000+0  38238-3 0  9999
2 69964  53.1565 335.2124 0001393  95.0148 265.1013 15.34410079 11323

1 69965U 26157Y   26262.71697128  .00019343  00000+0  58191-3 0  9991
2 69965  53.1577 337.3185 0001288  86.1374 273.9776 15.34412568 11252

1 69966U 26157Z   26263.21279696  .00015100  00000+0  45671-3 0  9990
2 69966  53.1584 334.7192 0001584 314.4601  45.6271 15.34429390 11333

1 69967U 26157AA  26262.77789559  .00017605  00000+0  53077-3 0  9996
2 69967  53.1582 336.9732 0001102 104.4089 255.7036 15.34411229 11266

1 69968U 26157AB  26262.70855503  .00011834  00000+0  36069-3 0  9993
2 69968  53.1588 337.2482 0001207 100.3524 259.7614 15.34412844 11253

1 69969U 26157AC  26262.83461802  .00020663  00000+0  62083-3 0  9998
2 69969  53.1568 336.6112 0000994  55.2338 304.8758 15.34408024 11276

1 69970U 26157AD  26262.70013682  .00012475  00000+0  37961-3 0  9994
2 69970  53.1608 337.1970 0001367  89.8995 270.2165 15.34410946 11250

1 69971U 26157AE  26263.21702007  .00024650  00000+0  73796-3 0  9992
2 69971  53.1590 334.7332 0001590  91.4106 268.7078 15.34413619 11331

1 69975U 26159A   26262.36919182  .00031430  00000+0  57686-3 0  9991
2 69975  97.2848 104.1992 0001769  92.0519 268.0935 15.49207568 12273

1 69976U 26159B   26262.00002315  .00097315  00000+0  17712-2 0  9993
2 69976  97.2856 103.7622 0001437 105.0752 204.0263 15.49152874  6012

1 69977U 26159C   26262.99762520  .00042140  00000+0  77137-3 0  9997
2 69977  97.2806 104.7202 0004119  72.2320 287.9381 15.49217057 12360

1 69978U 26159D   26262.84307922  .00030103  00000+0  55245-3 0  9995
2 69978  97.2846 104.6265 0002226  90.2144 269.9362 15.49218466 12346

1 69979U 26159E   26263.00003471 -.00131188  00000+0 -24461-2 0  9999
2 69979  97.2854 104.8301 0001534 103.3901 158.1364 15.49242713  5960

1 69980U 26159F   26263.16670139 -.02809629  00000+0 -77643-1 0  9992
2 69980  97.2864 105.1188 0001801  66.4977 305.8315 15.40617218  5996

1 69981U 26159G   26263.16670139 -.00949233  00000+0 -28161-1 0  9998
2 69981  97.2848 104.9849 0001651 118.6178 310.8284 15.37586946  5783

1 69982U 26159H   26263.03078499  .00044204  00000+0  80848-3 0  9990
2 69982  97.2868 104.8299 0003042  85.7549 274.4050 15.49234733 12372

1 69983U 26159J   26263.16670139 -.02804555  00000+0 -81946-1 0  9999
2 69983  97.2855 105.1124 0001486  77.5840 271.8516 15.38927480  5942

1 69984U 26159K   26262.79210862  .00040744  00000+0  74604-3 0  9994
2 69984  97.2856 104.5429 0001489  92.6303 267.5118 15.49223401 12335

1 69985U 26159L   26262.99655587  .00043382  00000+0  79367-3 0  9996
2 69985  97.2843 104.7231 0001217 104.3310 255.8076 15.49234378 12364

1 69986U 26159M   26262.99056685  .00030144  00000+0  55331-3 0  9998
2 69986  97.2828 104.7312 0001582  73.3496 286.7929 15.49213951 12367

1 69987U 26159N   26262.71926517  .00047544  00000+0  86966-3 0  9999
2 69987  97.2857 104.4886 0001487 106.2824 253.8591 15.49218557 12321

1 69988U 26159P   26263.00003471  .00096178  00000+0  17510-2 0  9993
2 69988  97.2846 104.8251 0001504  96.1742 153.2675 15.49148527  6021

1 69989U 26159Q   26263.16670139 -.00049369  00000+0 -13728-2 0  9991
2 69989  97.2843 104.9783 0001841 102.4823 310.0870 15.36990238  5990

1 69990U 26159R   26263.00003471 -.01915721  00000+0 -38535-1 0  9992
2 69990  97.2856 104.8339 0001843 106.6796 163.9419 15.49679387  5963

1 69991U 26159S   26262.83431824  .00018657  00000+0  34404-3 0  9992
2 69991  97.2857 104.6384 0000489 161.7813 198.3456 15.49177691 12344

1 69992U 26159T   26263.01447562  .00036241  00000+0  66442-3 0  9996
2 69992  97.2875 104.8528 0000787 118.8937 241.2393 15.49212404 12371

1 69993U 26159U   26263.16670139 -.02887052  00000+0 -79201-1 0  9994
2 69993  97.2852 104.9862 0002617  64.4752 348.0645 15.40930877  5992

1 69994U 26159V   26262.82815902  .00030587  00000+0  56128-3 0  9990
2 69994  97.2835 104.6493 0000649 102.9759 257.1565 15.49219683 12341

1 69995U 26159W   26263.16988095  .00031161  00000+0  57215-3 0  9990
2 69995  97.2854 104.9473 0001669  90.0208 270.1234 15.49198158 12399

1 69996U 26159X   26262.79144710  .00036263  00000+0  66462-3 0  9999
2 69996  97.2855 104.5438 0001880 100.9880 259.1583 15.49219428 12332

1 69997U 26159Y   26263.16670139 -.02725083  00000+0 -71075-1 0  9994
2 69997  97.2855 105.0906 0001331 101.5930 205.8306 15.42873550  5993

1 69998U 26159Z   26263.03380155  .00226432  00000+0  14719-2 0  9990
2 69998  97.2841 105.1346 0003187  65.5958 294.5640 15.75299077 12398
